{"type":"FeatureCollection","name":"LFBO AVISO","bbox":[0.738376389,42.565268611,2.500173889,44.269723056],"metadata":{"schema":"vSMR AVISO","schema_version":2,"airport":"LFBO","coordinate_reference_system":"WGS84","coordinate_order":"longitude, latitude","default_color_palette":"night","color_palettes":["night","day"],"feature_count":723,"style_count":24,"layer_counts":{"Airfield surfaces":120,"Buildings and structures":158,"Guidance lines":50,"Labels":195,"Operational restrictions":20,"Surface markings":164,"Terrain":16},"category_counts":{"Blue taxiway guidance lines":2,"Blue taxiway markings":2,"Buildings":158,"Closed taxiways":5,"Coastline":1,"Gate and stand labels":101,"Grass":15,"Grass runways":1,"Green taxiway guidance lines":2,"Hard surfaces — type 2":7,"Hard surfaces — type 3":43,"Hard surfaces — type 4":29,"Orange taxiway guidance lines":8,"Orange taxiway markings":8,"Prohibited areas":20,"Purple taxiway guidance lines":2,"Purple taxiway markings":1,"Runways":4,"Stand areas":31,"Stand entry lines":19,"Surface marking lines":3,"Surface markings":153,"Taxiway centerlines":14,"Taxiway labels":94}},"styles":{"label.gates_stands":{"name":"Gate and stand labels","layer":"Labels","object_type":"Label","paint":{"text-anchor":"center","text-color":"#CCCCCC","text-font":"Arial","text-halo-color":"#000000","text-halo-width":1,"text-size":12,"zoomLevel":9},"feature_count":101},"label.taxiways":{"name":"Taxiway labels","layer":"Labels","object_type":"Label","paint":{"text-anchor":"center","text-color":"#CCCCCC","text-font":"Arial","text-halo-color":"#000000","text-halo-width":1,"text-size":12,"zoomLevel":7},"feature_count":94},"line.stand_entry":{"name":"Stand entry lines","layer":"Guidance lines","object_type":"Line","paint":{"stroke":"#1E5A6E","stroke-opacity":1.0,"stroke-width":1.5},"feature_count":19},"line.surface_markings":{"name":"Surface marking lines","layer":"Guidance lines","object_type":"Line","paint":{"stroke":"#666666","stroke-opacity":1.0,"stroke-width":1.5},"feature_count":3},"line.taxiway_blue":{"name":"Blue taxiway guidance lines","layer":"Guidance lines","object_type":"Line","paint":{"stroke":"#3B5296","stroke-opacity":1.0,"stroke-width":1.5},"feature_count":2},"line.taxiway_centerline":{"name":"Taxiway centerlines","layer":"Guidance lines","object_type":"Line","paint":{"stroke":"#4E5A69","stroke-opacity":1.0,"stroke-width":1.5},"feature_count":14},"line.taxiway_green":{"name":"Green taxiway guidance lines","layer":"Guidance lines","object_type":"Line","paint":{"stroke":"#008000","stroke-opacity":1.0,"stroke-width":1.5},"feature_count":2},"line.taxiway_orange":{"name":"Orange taxiway guidance lines","layer":"Guidance lines","object_type":"Line","paint":{"stroke":"#CC8B00","stroke-opacity":1.0,"stroke-width":1.5},"feature_count":8},"line.taxiway_purple":{"name":"Purple taxiway guidance lines","layer":"Guidance lines","object_type":"Line","paint":{"stroke":"#800080","stroke-opacity":1.0,"stroke-width":1.5},"feature_count":2},"marking.surface":{"name":"Surface markings","layer":"Surface markings","object_type":"Area","paint":{"fill":"#666666","fill-opacity":1.0,"stroke":"#666666","stroke-opacity":1.0,"stroke-width":0.5},"feature_count":153},"marking.taxiway_blue":{"name":"Blue taxiway markings","layer":"Surface markings","object_type":"Area","paint":{"fill":"#3B5296","fill-opacity":1.0,"stroke":"#3B5296","stroke-opacity":1.0,"stroke-width":0.5},"feature_count":2},"marking.taxiway_orange":{"name":"Orange taxiway markings","layer":"Surface markings","object_type":"Area","paint":{"fill":"#CC8B00","fill-opacity":1.0,"stroke":"#CC8B00","stroke-opacity":1.0,"stroke-width":0.5},"feature_count":8},"marking.taxiway_purple":{"name":"Purple taxiway markings","layer":"Surface markings","object_type":"Area","paint":{"fill":"#800080","fill-opacity":1.0,"stroke":"#800080","stroke-opacity":1.0,"stroke-width":0.5},"feature_count":1},"restriction.prohibited_area":{"name":"Prohibited areas","layer":"Operational restrictions","object_type":"Area","paint":{"fill":"#5F272A","fill-opacity":1.0,"stroke":"#5F272A","stroke-opacity":1.0,"stroke-width":0.5},"feature_count":20},"structure.building":{"name":"Buildings","layer":"Buildings and structures","object_type":"Area","paint":{"fill":"#475570","fill-opacity":1.0,"stroke":"#475570","stroke-opacity":1.0,"stroke-width":0.5,"palette-overrides":{"day":{"fill":"#394446","stroke":"#394446"}}},"feature_count":158},"surface.closed_taxiway":{"name":"Closed taxiways","layer":"Airfield surfaces","object_type":"Area","paint":{"fill":"#684E4E","fill-opacity":1.0,"stroke":"#684E4E","stroke-opacity":1.0,"stroke-width":0.5},"feature_count":5},"surface.hard_surface_2":{"name":"Hard surfaces — type 2","layer":"Airfield surfaces","object_type":"Area","paint":{"fill":"#2F3949","fill-opacity":1.0,"stroke":"#2F3949","stroke-opacity":1.0,"stroke-width":0.5,"palette-overrides":{"day":{"fill":"#595E5B","stroke":"#595E5B"}}},"feature_count":7},"surface.hard_surface_3":{"name":"Hard surfaces — type 3","layer":"Airfield surfaces","object_type":"Area","paint":{"fill":"#222D3C","fill-opacity":1.0,"stroke":"#222D3C","stroke-opacity":1.0,"stroke-width":0.5,"palette-overrides":{"day":{"fill":"#8A807F","stroke":"#8A807F"}}},"feature_count":43},"surface.hard_surface_4":{"name":"Hard surfaces — type 4","layer":"Airfield surfaces","object_type":"Area","paint":{"fill":"#152841","fill-opacity":1.0,"stroke":"#152841","stroke-opacity":1.0,"stroke-width":0.5,"palette-overrides":{"day":{"fill":"#969393","stroke":"#969393"}}},"feature_count":29},"surface.runway":{"name":"Runways","layer":"Airfield surfaces","object_type":"Area","paint":{"fill":"#111318","fill-opacity":1.0,"stroke":"#111318","stroke-opacity":1.0,"stroke-width":0.5},"feature_count":4},"surface.runway_grass":{"name":"Grass runways","layer":"Airfield surfaces","object_type":"Area","paint":{"fill":"#859A77","fill-opacity":1.0,"stroke":"#859A77","stroke-opacity":1.0,"stroke-width":0.5},"feature_count":1},"surface.stand_area":{"name":"Stand areas","layer":"Airfield surfaces","object_type":"Area","paint":{"fill":"#1E5A6E","fill-opacity":1.0,"stroke":"#1E5A6E","stroke-opacity":1.0,"stroke-width":0.5},"feature_count":31},"terrain.coastline":{"name":"Coastline","layer":"Terrain","object_type":"Area","paint":{"fill":"#000311","fill-opacity":1.0,"stroke":"#000311","stroke-opacity":1.0,"stroke-width":0.5},"feature_count":1},"terrain.grass":{"name":"Grass","layer":"Terrain","object_type":"Area","paint":{"fill":"#010D19","fill-opacity":1.0,"stroke":"#010D19","stroke-opacity":1.0,"stroke-width":0.5,"palette-overrides":{"day":{"fill":"#00512F","stroke":"#00512F"}}},"feature_count":15}},"features":[{"type":"Feature","id":"terrain.coastline.001","properties":{"name":"Coastline area","layer":"Terrain","category":"Coastline","object_type":"Area","style_id":"terrain.coastline","airport":"LFBO","geometry_role":"filled_region","vsmr_group_ids":[[]]},"geometry":{"type":"Polygon","coordinates":[[[1.504443889,43.612759167],[1.374733611,43.746041111],[1.227911667,43.664232222],[1.354732778,43.535408333],[1.504443889,43.612759167]]]}},{"type":"Feature","id":"terrain.grass.001","properties":{"name":"Grass area 001","layer":"Terrain","category":"Grass","object_type":"Area","style_id":"terrain.grass","airport":"LFBO","geometry_role":"filled_region","vsmr_group_ids":[[]]},"geometry":{"type":"Polygon","coordinates":[[[1.339508056,43.650431944],[1.339341389,43.650315278],[1.338970278,43.649881389],[1.337924444,43.648631667],[1.339092778,43.647376667],[1.339650833,43.646778056],[1.340138056,43.646258056],[1.340090556,43.646230556],[1.339501944,43.64594],[1.338343889,43.645445833],[1.338603611,43.645115556],[1.3376875,43.644710556],[1.337749444,43.644605278],[1.337809722,43.644541111],[1.337879167,43.644469167],[1.337951389,43.644405556],[1.338054444,43.644326667],[1.338153611,43.6442475],[1.338278333,43.6441575],[1.338395,43.644093889],[1.338468333,43.644061389],[1.338815833,43.643895278],[1.3395175,43.643551667],[1.341025278,43.644336667],[1.341767222,43.6436025],[1.341976389,43.643714444],[1.342063333,43.6435975],[1.342157222,43.643454722],[1.342256111,43.643322222],[1.342359167,43.643192222],[1.342448889,43.643086667],[1.342611389,43.642929167],[1.343692778,43.641894722],[1.344524444,43.641094444],[1.3449,43.640734167],[1.345546944,43.640111389],[1.345927778,43.639744167],[1.346274722,43.639411667],[1.346669444,43.639036667],[1.34698,43.638735],[1.347154722,43.638568056],[1.347349167,43.638382222],[1.347869167,43.637883056],[1.347831667,43.637845556],[1.347900278,43.637765556],[1.347756389,43.637618056],[1.34755,43.637401389],[1.347215,43.637056944],[1.34687,43.636695556],[1.346675278,43.636492222],[1.346506111,43.636310278],[1.346236944,43.636163611],[1.346235,43.635688056],[1.346657222,43.635656111],[1.346400556,43.634651944],[1.346294722,43.634665833],[1.346266667,43.634607222],[1.346230556,43.634551111],[1.346181667,43.634495833],[1.346125556,43.634464444],[1.346053889,43.634432778],[1.345949722,43.634395833],[1.3458575,43.6343875],[1.345770833,43.634383611],[1.345677222,43.6344],[1.345580278,43.634433056],[1.345467222,43.634490556],[1.345336944,43.634563056],[1.345222222,43.634620556],[1.345159167,43.634648056],[1.3450875,43.6346675],[1.344998889,43.634686111],[1.344892778,43.634701111],[1.344797778,43.634706111],[1.34471,43.634692222],[1.344619167,43.634641111],[1.344549444,43.634558056],[1.344463611,43.634409167],[1.344362222,43.634233056],[1.3443375,43.634181389],[1.344237222,43.633976667],[1.344174167,43.633835833],[1.344115833,43.633703333],[1.344087222,43.633625556],[1.344063333,43.633550833],[1.344035833,43.633456944],[1.344011389,43.633345556],[1.343994722,43.633264444],[1.343979167,43.633066944],[1.34457,43.633081111],[1.344743889,43.6329275],[1.344683889,43.632871111],[1.344866111,43.632688056],[1.3449975,43.632713889],[1.345076111,43.632700556],[1.345154167,43.632603611],[1.345225556,43.632491667],[1.346177778,43.6325225],[1.346175278,43.632581944],[1.346831111,43.632939722],[1.346887778,43.632948056],[1.347971667,43.632769722],[1.347988333,43.632826111],[1.348269444,43.632983056],[1.348847778,43.632431944],[1.348545833,43.632268056],[1.349029167,43.631798611],[1.349050278,43.6315925],[1.349059167,43.631536944],[1.3490775,43.631473611],[1.349096389,43.63145],[1.350023056,43.630555],[1.350226667,43.630354167],[1.350691667,43.6299075],[1.3509225,43.629686667],[1.350948333,43.629050833],[1.350939444,43.629036389],[1.350919444,43.629029444],[1.350051389,43.62901],[1.350083611,43.628371389],[1.346659444,43.628269722],[1.346764722,43.626275556],[1.346799444,43.626253611],[1.347326111,43.626268611],[1.347324444,43.626156944],[1.347499722,43.626160833],[1.347575556,43.626090556],[1.349165,43.626136944],[1.349170556,43.626096389],[1.349739722,43.626110556],[1.349785833,43.625406111],[1.347968611,43.625352778],[1.347840278,43.625399722],[1.347371667,43.625386944],[1.347391111,43.624832778],[1.347287778,43.624830833],[1.347287778,43.624782222],[1.346945833,43.624774722],[1.346954722,43.6246275],[1.346861667,43.624625],[1.346891667,43.624029167],[1.347002222,43.623915833],[1.347032222,43.623932778],[1.347088611,43.623876389],[1.347053611,43.623856944],[1.3480875,43.622815556],[1.347077778,43.622287778],[1.3467,43.621934722],[1.347256389,43.621354167],[1.347180278,43.620908056],[1.347310833,43.620817222],[1.3474175,43.620851944],[1.347483889,43.620857778],[1.348126944,43.620819167],[1.348761944,43.621096944],[1.348947222,43.621050278],[1.349313889,43.620608611],[1.350303333,43.620939722],[1.34994,43.620204722],[1.349895556,43.620081111],[1.349835833,43.620019167],[1.350399167,43.619690833],[1.350277222,43.619275278],[1.350197778,43.619025556],[1.349941667,43.6181425],[1.349788611,43.617605278],[1.350411667,43.61751],[1.351511111,43.617337222],[1.351341111,43.616709167],[1.351525278,43.616676111],[1.351238889,43.615749444],[1.351316667,43.615731667],[1.351269167,43.615573056],[1.353027778,43.615293333],[1.352834444,43.614581667],[1.354693889,43.614310556],[1.354636667,43.613720556],[1.354521667,43.613340556],[1.354531944,43.613315833],[1.354775278,43.613220833],[1.354934167,43.613162222],[1.355090278,43.613107778],[1.355282222,43.613050556],[1.355573889,43.612974444],[1.355930556,43.612887222],[1.356023056,43.612853611],[1.356051389,43.612833333],[1.356121944,43.612815833],[1.356149444,43.612745833],[1.356138333,43.612688333],[1.355785,43.612169444],[1.355370278,43.611555278],[1.3552825,43.611211667],[1.355234167,43.611023889],[1.355010833,43.610163333],[1.3549375,43.609650833],[1.355291944,43.609460278],[1.355723333,43.609421944],[1.362545,43.609151667],[1.364693889,43.609038889],[1.367118889,43.609008611],[1.368095,43.609006389],[1.368525556,43.609021944],[1.368929722,43.609062222],[1.369337778,43.609137778],[1.369736944,43.609245278],[1.370115278,43.609382778],[1.370736944,43.609655556],[1.37141,43.609943889],[1.371606389,43.6100275],[1.371730833,43.610060556],[1.371928611,43.610119444],[1.371930278,43.610121389],[1.372071111,43.6101825],[1.372137778,43.610243056],[1.372196944,43.610324722],[1.372282778,43.610623889],[1.372385,43.611096944],[1.372141944,43.611108611],[1.372166111,43.611334167],[1.371908611,43.611351667],[1.372055833,43.612841667],[1.373464722,43.612524722],[1.373730278,43.612451111],[1.378013056,43.612553333],[1.378653889,43.612445833],[1.378788889,43.6123825],[1.379063611,43.612488889],[1.379663333,43.612605556],[1.381006389,43.612866667],[1.381741944,43.613009167],[1.382067222,43.612890556],[1.382446944,43.612744167],[1.382786667,43.612625],[1.383059444,43.612542222],[1.383326944,43.612469722],[1.383596944,43.612416389],[1.383898889,43.612451111],[1.384173056,43.612555],[1.384492778,43.612723611],[1.384811111,43.612895278],[1.385131944,43.613085556],[1.385456667,43.613301111],[1.385947778,43.6136525],[1.386293333,43.613903056],[1.386543056,43.614129167],[1.386652778,43.614230556],[1.387080833,43.614820556],[1.387224722,43.6150225],[1.3872675,43.615153889],[1.387360833,43.615453056],[1.3874375,43.615680833],[1.387593611,43.616041944],[1.387774167,43.616408056],[1.387915556,43.616693611],[1.388076389,43.617022222],[1.388049722,43.617028056],[1.388139444,43.617196389],[1.388208889,43.617337778],[1.388341111,43.6175875],[1.388326667,43.617606667],[1.388668611,43.618210833],[1.388821389,43.618453333],[1.388897222,43.618611111],[1.388950556,43.618723611],[1.388972778,43.618733333],[1.389070833,43.619032222],[1.38914,43.619286667],[1.389204722,43.619624167],[1.388914444,43.620282222],[1.388850833,43.620627222],[1.388653889,43.620695],[1.388696111,43.620753056],[1.387784167,43.621053333],[1.386761667,43.621407778],[1.385935833,43.621688611],[1.384613333,43.622171389],[1.382955833,43.622738333],[1.381401667,43.623262778],[1.381097778,43.623360833],[1.380979444,43.623398056],[1.380836667,43.623426111],[1.380653333,43.623455833],[1.380493889,43.623466667],[1.380402222,43.623483333],[1.380331667,43.623504167],[1.380215833,43.623553333],[1.380069167,43.623637222],[1.378357222,43.6252775],[1.379263333,43.625776389],[1.379435556,43.626001389],[1.379468333,43.626083333],[1.379499167,43.626222222],[1.379651389,43.627070556],[1.3796525,43.627173889],[1.379630833,43.627277778],[1.37956,43.627450833],[1.379003333,43.628396944],[1.378823889,43.628663333],[1.378073333,43.629543611],[1.377801389,43.629884167],[1.377545556,43.6301425],[1.376834167,43.630691111],[1.376627222,43.630873333],[1.375734167,43.631745],[1.371372222,43.635726389],[1.365415833,43.641361944],[1.364706667,43.641387222],[1.364912222,43.642959722],[1.365323889,43.6441975],[1.366369167,43.644735278],[1.366765833,43.645993611],[1.366824722,43.646558056],[1.365234167,43.6499075],[1.365031667,43.650473611],[1.364893611,43.651034722],[1.364802222,43.651508333],[1.364730833,43.652174722],[1.364674722,43.652613333],[1.364528333,43.653088611],[1.3643475,43.653755556],[1.364274444,43.6541925],[1.364248333,43.654614167],[1.364129167,43.655593889],[1.363984167,43.656183056],[1.363936944,43.656478611],[1.363791111,43.65681],[1.363619722,43.657091389],[1.361713889,43.65972],[1.360215,43.661865278],[1.358958611,43.661388889],[1.357826667,43.661088889],[1.357542778,43.661181944],[1.357307222,43.6612825],[1.357096667,43.661378611],[1.356783611,43.661355],[1.356095833,43.661005556],[1.355997222,43.660929722],[1.355786667,43.660876389],[1.355738333,43.660939444],[1.355275278,43.660795278],[1.3546625,43.660646111],[1.3544075,43.660593333],[1.354066111,43.660540556],[1.353408889,43.660464444],[1.352141111,43.660362778],[1.351023889,43.660265],[1.351059167,43.660025556],[1.350907778,43.66001],[1.350934722,43.659833889],[1.348479167,43.659672222],[1.3484325,43.6599975],[1.348202222,43.659982778],[1.348116111,43.659898611],[1.348078611,43.6598425],[1.348052222,43.659776389],[1.348061389,43.659708611],[1.348162222,43.659118056],[1.348204167,43.659055],[1.348418889,43.658918611],[1.348440833,43.65877],[1.348369167,43.658581944],[1.348393889,43.658406667],[1.348326944,43.658403333],[1.348281111,43.658387222],[1.348224722,43.658332222],[1.348208611,43.658302778],[1.348395,43.656952222],[1.348155278,43.656933889],[1.348364444,43.656488611],[1.34839,43.656407222],[1.348392222,43.656338056],[1.348391389,43.656246389],[1.348302778,43.655894444],[1.348334444,43.655773333],[1.348179444,43.655723333],[1.348748056,43.65152],[1.348219444,43.651482222],[1.348391944,43.650273889],[1.349262222,43.649954444],[1.349258333,43.6497925],[1.349580833,43.649688889],[1.349592222,43.649648889],[1.349595,43.649604167],[1.349584722,43.649543056],[1.349542778,43.649380556],[1.349413056,43.649009167],[1.349028056,43.648341667],[1.349758333,43.648093611],[1.349649167,43.647789444],[1.349281389,43.647089722],[1.349074722,43.6469525],[1.3487725,43.646665278],[1.348474722,43.646486944],[1.348202222,43.646350556],[1.347106667,43.646932778],[1.346923611,43.647041667],[1.346751111,43.647159444],[1.346349722,43.647427778],[1.346197222,43.647527778],[1.346056389,43.647601667],[1.345858611,43.647678611],[1.345585556,43.647783056],[1.345201111,43.647949167],[1.344820278,43.648127778],[1.344595278,43.648245],[1.344353889,43.648378611],[1.344169167,43.6484875],[1.343962222,43.648613889],[1.343778889,43.648733889],[1.343643333,43.648836667],[1.343530556,43.648915833],[1.343415,43.648994167],[1.343256667,43.6490825],[1.343116944,43.649163889],[1.342339444,43.649618056],[1.341585556,43.650052222],[1.341393611,43.650159167],[1.341260556,43.65023],[1.341116667,43.650310833],[1.34094,43.650393889],[1.340241389,43.650704167],[1.339721944,43.6506325],[1.339508056,43.650431944]]]}},{"type":"Feature","id":"surface.hard_surface_4.001","properties":{"name":"Hard surface type 4 001","layer":"Airfield surfaces","category":"Hard surfaces — type 4","object_type":"Area","style_id":"surface.hard_surface_4","airport":"LFBO","geometry_role":"filled_region","vsmr_group_ids":[[]]},"geometry":{"type":"Polygon","coordinates":[[[1.375874167,43.624899444],[1.376353889,43.624340278],[1.377455,43.6249775],[1.377263056,43.625176667],[1.376647222,43.624870278],[1.376416389,43.624746667],[1.376174167,43.624970833],[1.376150833,43.625018333],[1.375026389,43.626064722],[1.374869167,43.62598],[1.375874167,43.624899444]]]}},{"type":"Feature","id":"surface.hard_surface_4.002","properties":{"name":"Hard surface type 4 002","layer":"Airfield surfaces","category":"Hard surfaces — type 4","object_type":"Area","style_id":"surface.hard_surface_4","airport":"LFBO","geometry_role":"filled_region","vsmr_group_ids":[[]]},"geometry":{"type":"Polygon","coordinates":[[[1.376611111,43.626184444],[1.376680556,43.626176389],[1.376704444,43.626175278],[1.376750833,43.626176667],[1.376791111,43.626180278],[1.376837778,43.626186111],[1.376876111,43.626195833],[1.376924444,43.626211944],[1.376993333,43.626239167],[1.377041667,43.6262725],[1.377084444,43.626311111],[1.377143611,43.626393333],[1.377516111,43.626956111],[1.377872778,43.627488056],[1.377891667,43.627524167],[1.377905278,43.627570556],[1.377914722,43.627614167],[1.377915278,43.627655],[1.377913333,43.627694444],[1.3779075,43.627722778],[1.377892778,43.627748333],[1.377867222,43.627778333],[1.376334722,43.629230278],[1.375808889,43.629709167],[1.3749325,43.629550556],[1.373503889,43.630182222],[1.370450278,43.633237222],[1.370164722,43.633069167],[1.369792778,43.632931944],[1.3697675,43.632367778],[1.37013,43.631803056],[1.37083,43.631596389],[1.371469444,43.631629167],[1.373441389,43.629787778],[1.374008333,43.629358611],[1.374267778,43.629030278],[1.374992222,43.629078056],[1.375333333,43.629287778],[1.375858056,43.629081111],[1.377548611,43.627411944],[1.377301389,43.627015278],[1.376909444,43.626524722],[1.376735556,43.626344167],[1.376175833,43.626383889],[1.376068056,43.626259722],[1.376611111,43.626184444]]]}},{"type":"Feature","id":"surface.hard_surface_4.003","properties":{"name":"Hard surface type 4 003","layer":"Airfield surfaces","category":"Hard surfaces — type 4","object_type":"Area","style_id":"surface.hard_surface_4","airport":"LFBO","geometry_role":"filled_region","vsmr_group_ids":[[]]},"geometry":{"type":"Polygon","coordinates":[[[1.354550833,43.65317],[1.354545556,43.653239444],[1.355052778,43.653282778],[1.355085833,43.653113889],[1.355473889,43.653148056],[1.355524722,43.652793611],[1.355132778,43.652734167],[1.355202222,43.652259167],[1.355595,43.652275],[1.355655,43.651910556],[1.355251111,43.651872778],[1.355320556,43.651405833],[1.355697778,43.651424722],[1.355746111,43.651091667],[1.355363889,43.651030556],[1.355424444,43.650525278],[1.3558275,43.650545278],[1.355873333,43.650203889],[1.355482778,43.650170278],[1.355550833,43.6496875],[1.355928889,43.649717778],[1.356000278,43.649358611],[1.356068611,43.648853333],[1.356000278,43.648848333],[1.356075556,43.648247778],[1.356571389,43.648285],[1.356514444,43.648863889],[1.356841667,43.64889],[1.356763889,43.649413611],[1.356428333,43.649414444],[1.3563725,43.649856389],[1.356681667,43.649876111],[1.356631944,43.6502575],[1.3562425,43.650227778],[1.356199444,43.650575556],[1.356588056,43.650613056],[1.356503333,43.651101944],[1.356120278,43.651108889],[1.356066944,43.651465556],[1.356448611,43.651496389],[1.356381944,43.651961944],[1.355995556,43.651938333],[1.355938889,43.652288333],[1.356350833,43.652336944],[1.356269167,43.652816111],[1.355914722,43.652818056],[1.355866389,43.653171111],[1.356214722,43.653190833],[1.356187778,43.653363333],[1.356698056,43.653396944],[1.356721667,43.653324167],[1.356803611,43.653334444],[1.356783889,43.653479722],[1.354451111,43.653309444],[1.354472222,43.653164167],[1.354550833,43.65317]]]}},{"type":"Feature","id":"surface.hard_surface_4.004","properties":{"name":"Hard surface type 4 004","layer":"Airfield surfaces","category":"Hard surfaces — type 4","object_type":"Area","style_id":"surface.hard_surface_4","airport":"LFBO","geometry_role":"filled_region","vsmr_group_ids":[[]]},"geometry":{"type":"Polygon","coordinates":[[[1.354776111,43.651474167],[1.354625,43.652604722],[1.354552222,43.652599444],[1.354706111,43.651453056],[1.354776111,43.651474167]]]}},{"type":"Feature","id":"surface.hard_surface_4.005","properties":{"name":"Hard surface type 4 005","layer":"Airfield surfaces","category":"Hard surfaces — type 4","object_type":"Area","style_id":"surface.hard_surface_4","airport":"LFBO","geometry_role":"filled_region","vsmr_group_ids":[[]]},"geometry":{"type":"Polygon","coordinates":[[[1.381634444,43.613617778],[1.379814722,43.615375],[1.379782222,43.615333889],[1.379820556,43.615325833],[1.381615278,43.613603889],[1.381634444,43.613617778]]]}},{"type":"Feature","id":"surface.hard_surface_4.006","properties":{"name":"Hard surface type 4 006","layer":"Airfield surfaces","category":"Hard surfaces — type 4","object_type":"Area","style_id":"surface.hard_surface_4","airport":"LFBO","geometry_role":"filled_region","vsmr_group_ids":[[]]},"geometry":{"type":"Polygon","coordinates":[[[1.356809444,43.652758333],[1.356963611,43.651618889],[1.357038056,43.651623611],[1.356879444,43.652763056],[1.356809444,43.652758333]]]}},{"type":"Feature","id":"surface.hard_surface_4.007","properties":{"name":"Hard surface type 4 007","layer":"Airfield surfaces","category":"Hard surfaces — type 4","object_type":"Area","style_id":"surface.hard_surface_4","airport":"LFBO","geometry_role":"filled_region","vsmr_group_ids":[[]]},"geometry":{"type":"Polygon","coordinates":[[[1.348328056,43.634086389],[1.348934167,43.633918889],[1.348958333,43.633533333],[1.349663611,43.632816944],[1.349989167,43.632724167],[1.350005556,43.632487778],[1.35028,43.632435278],[1.350264444,43.632199444],[1.350821111,43.632054444],[1.350898611,43.631595],[1.351414722,43.631485],[1.351443889,43.631075],[1.351941667,43.630940556],[1.351978056,43.630629167],[1.352096944,43.630520833],[1.3526025,43.630464722],[1.352540556,43.630096667],[1.352590833,43.630042222],[1.352400833,43.6299475],[1.352219444,43.630076389],[1.351991667,43.629989722],[1.351885278,43.629934167],[1.351846667,43.629855],[1.351875278,43.629738889],[1.351954167,43.629658333],[1.352091111,43.629621667],[1.353999722,43.629641389],[1.354243889,43.629660556],[1.354486389,43.629735556],[1.354639444,43.629851667],[1.354747778,43.630052222],[1.354709444,43.630312778],[1.354603333,43.630440556],[1.354318889,43.630460278],[1.353778611,43.630178889],[1.353398611,43.630581944],[1.353008333,43.630691667],[1.35302,43.631112222],[1.3525575,43.631288333],[1.352481389,43.631576944],[1.352383889,43.6316675],[1.351988889,43.631793056],[1.351920556,43.632182222],[1.351563889,43.632239167],[1.35128,43.632535556],[1.351268056,43.632760278],[1.350958611,43.6328075],[1.350748889,43.633008333],[1.3506975,43.633274167],[1.350556667,43.633398333],[1.350450833,43.633353889],[1.349978056,43.6333425],[1.349806389,43.633557222],[1.349863056,43.633855278],[1.349947778,43.633978333],[1.349888056,43.634048333],[1.349530833,43.634118056],[1.349366389,43.634304444],[1.349362222,43.634549167],[1.349200278,43.634696389],[1.348843056,43.634770278],[1.348696111,43.634945278],[1.348664167,43.635320833],[1.347623333,43.6347525],[1.348183333,43.634523333],[1.348328056,43.634086389]]]}},{"type":"Feature","id":"surface.hard_surface_4.008","properties":{"name":"Hard surface type 4 008","layer":"Airfield surfaces","category":"Hard surfaces — type 4","object_type":"Area","style_id":"surface.hard_surface_4","airport":"LFBO","geometry_role":"filled_region","vsmr_group_ids":[[]]},"geometry":{"type":"Polygon","coordinates":[[[1.348898611,43.633383056],[1.348485278,43.633141389],[1.348415556,43.633101944],[1.349054167,43.632486389],[1.349666944,43.632826389],[1.348961944,43.633535833],[1.348898611,43.633383056]]]}},{"type":"Feature","id":"surface.hard_surface_4.009","properties":{"name":"Hard surface type 4 009","layer":"Airfield surfaces","category":"Hard surfaces — type 4","object_type":"Area","style_id":"surface.hard_surface_4","airport":"LFBO","geometry_role":"filled_region","vsmr_group_ids":[[]]},"geometry":{"type":"Polygon","coordinates":[[[1.356430833,43.6262025],[1.356238889,43.626096667],[1.356230833,43.626027778],[1.356319444,43.62591],[1.356448611,43.625695556],[1.356480833,43.625662778],[1.358464722,43.626742778],[1.357991667,43.627171111],[1.357731944,43.627172222],[1.357348333,43.626995278],[1.357360278,43.626981667],[1.357339444,43.626967778],[1.357182778,43.626691944],[1.356826389,43.626680556],[1.356649167,43.626444444],[1.356247778,43.62639],[1.356430833,43.6262025]]]}},{"type":"Feature","id":"surface.hard_surface_4.010","properties":{"name":"Hard surface type 4 010","layer":"Airfield surfaces","category":"Hard surfaces — type 4","object_type":"Area","style_id":"surface.hard_surface_4","airport":"LFBO","geometry_role":"filled_region","vsmr_group_ids":[[]]},"geometry":{"type":"Polygon","coordinates":[[[1.359074444,43.626241944],[1.358968611,43.626294722],[1.358912778,43.626333611],[1.358463611,43.626743889],[1.357989167,43.626485278],[1.356478056,43.625665278],[1.3565275,43.624688611],[1.356100278,43.624681111],[1.356100833,43.624616944],[1.356046111,43.62461],[1.356014444,43.624610278],[1.355977778,43.624611944],[1.355969722,43.624676111],[1.355826389,43.624678889],[1.355829722,43.62454],[1.355825556,43.624535],[1.355815833,43.624531111],[1.3558,43.624529444],[1.355634167,43.624527222],[1.355678889,43.624116944],[1.355731944,43.624166111],[1.355776389,43.624204722],[1.355806667,43.624233611],[1.355835278,43.624256111],[1.355864167,43.624271944],[1.355898333,43.624282778],[1.355938333,43.624285833],[1.355972222,43.624281389],[1.356003333,43.624269167],[1.356031111,43.624247778],[1.356046389,43.624226111],[1.356061111,43.624191944],[1.356084444,43.62415],[1.356103056,43.624116944],[1.35612,43.624089444],[1.35612,43.624088333],[1.356122778,43.624053611],[1.356123611,43.624031667],[1.3561175,43.624016944],[1.356210556,43.623975],[1.356898889,43.624349444],[1.356581389,43.624643611],[1.356745556,43.624915],[1.357248889,43.624943056],[1.357395,43.62528],[1.357911111,43.625275],[1.358095,43.625618611],[1.358597778,43.625651111],[1.358760833,43.626012222],[1.359293889,43.626036389],[1.359074444,43.626241944]]]}},{"type":"Feature","id":"surface.hard_surface_4.011","properties":{"name":"Hard surface type 4 011","layer":"Airfield surfaces","category":"Hard surfaces — type 4","object_type":"Area","style_id":"surface.hard_surface_4","airport":"LFBO","geometry_role":"filled_region","vsmr_group_ids":[[]]},"geometry":{"type":"Polygon","coordinates":[[[1.348532222,43.622941944],[1.348535556,43.622921111],[1.348548889,43.622905],[1.348950278,43.622525833],[1.351299444,43.622601944],[1.351735833,43.622614722],[1.352075278,43.622624722],[1.352254444,43.622627778],[1.352490833,43.622640278],[1.352584167,43.622645],[1.352629444,43.622647222],[1.352673333,43.622646111],[1.352724722,43.622636944],[1.352724722,43.622636389],[1.352780833,43.622624167],[1.352823056,43.622616667],[1.352880278,43.622618333],[1.352934444,43.622621389],[1.353011389,43.622625833],[1.353056667,43.622631944],[1.353101944,43.622645556],[1.353429167,43.622742778],[1.353455556,43.622749167],[1.353466389,43.622763889],[1.353467778,43.622781111],[1.3534625,43.622802222],[1.353448889,43.622833611],[1.353445278,43.622859722],[1.353438333,43.622998056],[1.353428056,43.62316],[1.353410556,43.623389167],[1.353285556,43.623386944],[1.353291944,43.623108889],[1.352934444,43.622775],[1.352582222,43.623085278],[1.3525675,43.623399444],[1.352405833,43.623389444],[1.3524175,43.623123056],[1.352417222,43.623114167],[1.352414167,43.623108056],[1.3524075,43.623103056],[1.352398333,43.623099722],[1.352378333,43.623098333],[1.352334722,43.623097778],[1.351955833,43.622709167],[1.351584444,43.623038611],[1.351535556,43.623363056],[1.35138,43.623358333],[1.351304444,43.623038889],[1.350968056,43.622680278],[1.350591944,43.623013889],[1.350543889,43.623338611],[1.350315833,43.623330833],[1.350306944,43.623013611],[1.349972778,43.6226825],[1.349585278,43.6229975],[1.349554444,43.623309722],[1.349321667,43.623306111],[1.349330556,43.622981389],[1.348973611,43.622659722],[1.348621389,43.622971944],[1.348573056,43.623276667],[1.348507778,43.623268056],[1.348532222,43.622941944]]]}},{"type":"Feature","id":"surface.hard_surface_4.012","properties":{"name":"Hard surface type 4 012","layer":"Airfield surfaces","category":"Hard surfaces — type 4","object_type":"Area","style_id":"surface.hard_surface_4","airport":"LFBO","geometry_role":"filled_region","vsmr_group_ids":[[]]},"geometry":{"type":"Polygon","coordinates":[[[1.360046667,43.625076944],[1.360220278,43.625173056],[1.360150833,43.625234167],[1.360083889,43.625286944],[1.3568175,43.623491389],[1.357554444,43.622772222],[1.357729722,43.622863889],[1.357721111,43.622876111],[1.357189722,43.623388611],[1.3601225,43.624986111],[1.360126389,43.625003611],[1.360046667,43.625076944]]]}},{"type":"Feature","id":"surface.hard_surface_4.013","properties":{"name":"Hard surface type 4 013","layer":"Airfield surfaces","category":"Hard surfaces — type 4","object_type":"Area","style_id":"surface.hard_surface_4","airport":"LFBO","geometry_role":"filled_region","vsmr_group_ids":[[]]},"geometry":{"type":"Polygon","coordinates":[[[1.359080278,43.622345278],[1.361150556,43.623486944],[1.360950278,43.623679444],[1.358878056,43.622541111],[1.359080278,43.622345278]]]}},{"type":"Feature","id":"surface.hard_surface_4.014","properties":{"name":"Hard surface type 4 014","layer":"Airfield surfaces","category":"Hard surfaces — type 4","object_type":"Area","style_id":"surface.hard_surface_4","airport":"LFBO","geometry_role":"filled_region","vsmr_group_ids":[[]]},"geometry":{"type":"Polygon","coordinates":[[[1.360345278,43.620643889],[1.3606325,43.620306111],[1.360307778,43.620009167],[1.360563889,43.619672222],[1.360263611,43.61935],[1.360538889,43.619020278],[1.360217778,43.618696389],[1.360546944,43.618499444],[1.360271944,43.618333056],[1.360374722,43.618181389],[1.360282778,43.618050278],[1.360537778,43.617855556],[1.360537778,43.617858056],[1.360409167,43.617704167],[1.360542778,43.617548333],[1.360393333,43.61738],[1.359689444,43.617399722],[1.359684722,43.617299722],[1.361885833,43.617216667],[1.361886667,43.617320278],[1.361201389,43.617351111],[1.361144167,43.617530278],[1.361233333,43.617679722],[1.361177222,43.617841389],[1.361436389,43.618013056],[1.361388889,43.618141389],[1.361491667,43.618272222],[1.361315833,43.618468056],[1.361559444,43.618648611],[1.361251111,43.618993889],[1.3615725,43.619305],[1.361338333,43.61964],[1.361633889,43.619953333],[1.361332778,43.62029],[1.361599444,43.620541389],[1.3612375,43.620946389],[1.361623056,43.621318333],[1.361444167,43.621325],[1.361191111,43.621067222],[1.360808333,43.621082222],[1.360608056,43.621356389],[1.360410833,43.621364722],[1.360705556,43.620965556],[1.360345278,43.620643889]]]}},{"type":"Feature","id":"surface.hard_surface_4.015","properties":{"name":"Hard surface type 4 015","layer":"Airfield surfaces","category":"Hard surfaces — type 4","object_type":"Area","style_id":"surface.hard_surface_4","airport":"LFBO","geometry_role":"filled_region","vsmr_group_ids":[[]]},"geometry":{"type":"Polygon","coordinates":[[[1.363799722,43.6205225],[1.363539444,43.620426944],[1.363825556,43.620104444],[1.363456667,43.619795833],[1.363807222,43.619453056],[1.363409444,43.619140833],[1.363751389,43.618792778],[1.363364722,43.618486111],[1.363712778,43.618147778],[1.363305556,43.617843333],[1.363671111,43.617511389],[1.363250556,43.617177222],[1.362963056,43.617188889],[1.362966389,43.617114167],[1.3633675,43.617093889],[1.363522222,43.616866944],[1.363360833,43.616683333],[1.3634775,43.616481667],[1.363336667,43.616296111],[1.363445278,43.616088333],[1.363301667,43.6159125],[1.363462222,43.615701944],[1.363248889,43.615477222],[1.363288889,43.615145833],[1.362791111,43.615182778],[1.362493611,43.614956111],[1.361932222,43.614976667],[1.361645278,43.615084722],[1.360647778,43.615149444],[1.360370556,43.615011111],[1.360125833,43.6151675],[1.359710278,43.614992778],[1.359547778,43.6153875],[1.359468889,43.615391389],[1.359454444,43.61523],[1.359390556,43.615244722],[1.359371111,43.614936389],[1.359384722,43.614924444],[1.359383056,43.614886389],[1.359283333,43.613313889],[1.359890556,43.613286944],[1.35989,43.613244444],[1.360243333,43.613232778],[1.360385278,43.614626944],[1.361567778,43.614588611],[1.361984167,43.614630833],[1.361996111,43.614206111],[1.3621925,43.614018611],[1.36216,43.613590278],[1.362300556,43.613510278],[1.362385278,43.613551667],[1.362843611,43.613456389],[1.362991389,43.613528333],[1.3633275,43.613431944],[1.363351111,43.613179167],[1.364337222,43.613144167],[1.364361389,43.613281389],[1.363764444,43.613324167],[1.363459722,43.613723333],[1.363791111,43.614099167],[1.363478333,43.614514722],[1.363863611,43.6148675],[1.364586389,43.614870556],[1.3642575,43.615271111],[1.364670833,43.615654167],[1.364308611,43.616047222],[1.364750556,43.616430556],[1.364348056,43.616829722],[1.364723889,43.617151111],[1.364306389,43.617551389],[1.364656667,43.617851944],[1.364377222,43.618173889],[1.364722222,43.618476389],[1.364388889,43.618816944],[1.364764167,43.619118056],[1.364406667,43.619450278],[1.364818056,43.619754722],[1.364430278,43.620088333],[1.364790833,43.620377778],[1.364551667,43.620479167],[1.364351111,43.620407778],[1.364260278,43.620517778],[1.364117778,43.620520833],[1.363981944,43.620456111],[1.363799722,43.6205225]]]}},{"type":"Feature","id":"surface.hard_surface_4.016","properties":{"name":"Hard surface type 4 016","layer":"Airfield surfaces","category":"Hard surfaces — type 4","object_type":"Area","style_id":"surface.hard_surface_4","airport":"LFBO","geometry_role":"filled_region","vsmr_group_ids":[[]]},"geometry":{"type":"Polygon","coordinates":[[[1.379725278,43.6202575],[1.379706944,43.620224444],[1.37969,43.620192778],[1.379683333,43.620164167],[1.379683889,43.620135556],[1.379688889,43.620101667],[1.379702222,43.6200725],[1.379719444,43.620041667],[1.379750833,43.620011389],[1.379793611,43.619983611],[1.379843333,43.619959444],[1.380049722,43.619887778],[1.380185556,43.619840278],[1.380273889,43.619801667],[1.380353889,43.6197625],[1.380550278,43.619660833],[1.380401111,43.61979],[1.380319167,43.619930833],[1.380290833,43.620083056],[1.380316667,43.620233056],[1.3804,43.620366944],[1.38044,43.620443333],[1.380434167,43.620529722],[1.380401111,43.620595556],[1.38033,43.620646944],[1.380335,43.620632778],[1.380335556,43.6206275],[1.380331389,43.620623611],[1.380323333,43.620621944],[1.3803125,43.620622778],[1.380013333,43.620716667],[1.379725278,43.6202575]]]}},{"type":"Feature","id":"surface.hard_surface_4.017","properties":{"name":"Hard surface type 4 017","layer":"Airfield surfaces","category":"Hard surfaces — type 4","object_type":"Area","style_id":"surface.hard_surface_4","airport":"LFBO","geometry_role":"filled_region","vsmr_group_ids":[[]]},"geometry":{"type":"Polygon","coordinates":[[[1.380726944,43.619835],[1.380706667,43.619873889],[1.380693333,43.619919167],[1.380683056,43.619979722],[1.380696111,43.6200375],[1.380712222,43.620095],[1.380735556,43.620145],[1.380776389,43.620208333],[1.380818611,43.620271389],[1.380872222,43.6203525],[1.380925,43.620433889],[1.380974722,43.620513333],[1.381002778,43.620552778],[1.38104,43.620582222],[1.381082222,43.620606389],[1.381129722,43.620623889],[1.3811725,43.620631389],[1.381210278,43.620630278],[1.381251944,43.620623333],[1.381171389,43.620650833],[1.381082222,43.620658889],[1.381003889,43.620650833],[1.380931389,43.620630833],[1.380878889,43.620605278],[1.380820833,43.620568056],[1.380771944,43.620494167],[1.380567778,43.62019],[1.380546111,43.620126944],[1.380535278,43.620037222],[1.380569722,43.6199475],[1.380651111,43.619850556],[1.380769167,43.619790556],[1.380726944,43.619835]]]}},{"type":"Feature","id":"surface.hard_surface_4.018","properties":{"name":"Hard surface type 4 018","layer":"Airfield surfaces","category":"Hard surfaces — type 4","object_type":"Area","style_id":"surface.hard_surface_4","airport":"LFBO","geometry_role":"filled_region","vsmr_group_ids":[[]]},"geometry":{"type":"Polygon","coordinates":[[[1.372324444,43.6184375],[1.372771389,43.618681389],[1.372330278,43.619108889],[1.371884444,43.618861667],[1.372324444,43.6184375]]]}},{"type":"Feature","id":"surface.hard_surface_4.019","properties":{"name":"Hard surface type 4 019","layer":"Airfield surfaces","category":"Hard surfaces — type 4","object_type":"Area","style_id":"surface.hard_surface_4","airport":"LFBO","geometry_role":"filled_region","vsmr_group_ids":[[]]},"geometry":{"type":"Polygon","coordinates":[[[1.343920556,43.646393611],[1.343481667,43.646146667],[1.345719722,43.643997222],[1.346164167,43.644240556],[1.343920556,43.646393611]]]}},{"type":"Feature","id":"surface.hard_surface_4.020","properties":{"name":"Hard surface type 4 020","layer":"Airfield surfaces","category":"Hard surfaces — type 4","object_type":"Area","style_id":"surface.hard_surface_4","airport":"LFBO","geometry_role":"filled_region","vsmr_group_ids":[[]]},"geometry":{"type":"Polygon","coordinates":[[[1.357410833,43.657644444],[1.357795278,43.658001944],[1.357811389,43.658048889],[1.357844444,43.658085278],[1.357890278,43.658122222],[1.358232778,43.658208056],[1.358304167,43.6582175],[1.358354444,43.658278333],[1.358295278,43.658749444],[1.3580225,43.658733611],[1.357569167,43.658222778],[1.357392778,43.658273611],[1.357292778,43.658314167],[1.357116667,43.658348056],[1.356996944,43.658360833],[1.356593889,43.658322222],[1.356671111,43.657576111],[1.357410833,43.657644444]]]}},{"type":"Feature","id":"surface.hard_surface_4.021","properties":{"name":"Hard surface type 4 021","layer":"Airfield surfaces","category":"Hard surfaces — type 4","object_type":"Area","style_id":"surface.hard_surface_4","airport":"LFBO","geometry_role":"filled_region","vsmr_group_ids":[[]]},"geometry":{"type":"Polygon","coordinates":[[[1.368065,43.634322222],[1.368336944,43.634067222],[1.368565,43.634214722],[1.368223056,43.634471111],[1.366576667,43.633578611],[1.366469722,43.633674167],[1.366444722,43.633650278],[1.366484167,43.633602222],[1.366486389,43.633568333],[1.366486111,43.633531111],[1.366154722,43.633338333],[1.366086111,43.633320556],[1.366015556,43.633336111],[1.365948889,43.6333825],[1.365543333,43.633784722],[1.360903889,43.638225833],[1.3606875,43.638416111],[1.360368889,43.638620556],[1.360132778,43.638757778],[1.360078333,43.638785833],[1.360046667,43.638856111],[1.3601225,43.638943333],[1.360145278,43.639001389],[1.360144722,43.639074167],[1.360187222,43.6390975],[1.360318889,43.639123889],[1.360566111,43.63912],[1.360790278,43.639144444],[1.363512222,43.640637222],[1.363475,43.640666667],[1.360893889,43.639255278],[1.360733056,43.639197778],[1.360586111,43.639171944],[1.360353889,43.63916],[1.359848333,43.639196667],[1.359761944,43.639318333],[1.359875556,43.639415],[1.359836944,43.639467222],[1.359683333,43.639408889],[1.359604722,43.639567778],[1.359568889,43.639742778],[1.359569722,43.639776944],[1.3597025,43.639723333],[1.359882778,43.639685556],[1.360028056,43.639693889],[1.360142778,43.639740278],[1.360208611,43.639863611],[1.360176944,43.64008],[1.360015,43.640350833],[1.359843056,43.640525556],[1.359558056,43.640741389],[1.359282222,43.640863333],[1.359104167,43.640903889],[1.358972222,43.640891389],[1.358871667,43.640843056],[1.35882,43.640772222],[1.358801111,43.640626944],[1.358852778,43.640446667],[1.358976944,43.6402425],[1.3591325,43.640085278],[1.359335833,43.639918056],[1.359484444,43.639811667],[1.359522222,43.639677778],[1.359508056,43.639588611],[1.359469167,43.639558056],[1.359506944,43.639521944],[1.359555278,43.639543333],[1.359624167,43.639413611],[1.359754444,43.639241389],[1.359773889,43.639198611],[1.359681389,43.639214722],[1.359482778,43.639411944],[1.359490278,43.639493611],[1.35952,43.639537222],[1.359491389,43.639568889],[1.359406667,43.639541667],[1.35934,43.639552222],[1.358238889,43.640605],[1.358235556,43.640641667],[1.358279167,43.640673889],[1.359131944,43.641151111],[1.359235833,43.641181389],[1.3597025,43.640773889],[1.359761944,43.640798333],[1.359360833,43.641160833],[1.359251944,43.641207778],[1.359158056,43.6411975],[1.359076111,43.641166944],[1.358178333,43.640682222],[1.358144444,43.640690278],[1.358108611,43.64071],[1.355444167,43.643298056],[1.354048889,43.644598056],[1.353963333,43.644663056],[1.3538575,43.644696389],[1.353810833,43.644703889],[1.351739722,43.645216667],[1.3508175,43.645440833],[1.349594444,43.645818611],[1.348400556,43.646221111],[1.348160556,43.646320556],[1.346897778,43.646990556],[1.346510278,43.647263333],[1.346172778,43.647466389],[1.344896389,43.648040556],[1.344113611,43.648466111],[1.343355833,43.648956667],[1.342846944,43.649261389],[1.341113056,43.650243056],[1.340621944,43.650479167],[1.340317222,43.650601944],[1.340063056,43.650614167],[1.339805556,43.6505675],[1.339586111,43.650463056],[1.339264722,43.650162222],[1.338618611,43.649371667],[1.338329722,43.6490075],[1.3382575,43.648790278],[1.338284444,43.648528056],[1.338367778,43.648336667],[1.339539444,43.647000833],[1.340058889,43.646399444],[1.341001389,43.645118611],[1.3423675,43.643217222],[1.342493889,43.643048333],[1.342785278,43.642761389],[1.344706389,43.640933611],[1.347624167,43.638114722],[1.347866944,43.637872778],[1.346465,43.636399167],[1.346533889,43.636346944],[1.347529444,43.637368056],[1.347931667,43.637306667],[1.347978333,43.637457222],[1.347994167,43.637514167],[1.348036389,43.637579722],[1.348147222,43.637588889],[1.34836,43.637459167],[1.348502778,43.63732],[1.348548889,43.637431111],[1.348457222,43.637563611],[1.348404444,43.637647778],[1.3485425,43.637560556],[1.349132222,43.637001389],[1.3494225,43.636723889],[1.350924167,43.635269444],[1.3536925,43.632620833],[1.353895,43.632379167],[1.354022778,43.632177222],[1.354078056,43.6320375],[1.354105833,43.631930278],[1.354211389,43.631821111],[1.354221944,43.631891667],[1.354177778,43.632040278],[1.354136667,43.632111667],[1.354145556,43.632127778],[1.354496111,43.631804444],[1.356286667,43.630074444],[1.356786389,43.629593889],[1.357981667,43.628430278],[1.360031111,43.626483056],[1.360436944,43.626082222],[1.36074,43.625781389],[1.361136111,43.625433889],[1.361786389,43.6247925],[1.362168611,43.6244125],[1.362635833,43.623978889],[1.364113056,43.622563889],[1.364785278,43.6219025],[1.364620556,43.621896111],[1.364591944,43.6219425],[1.364525,43.621933056],[1.3647525,43.621485556],[1.364929444,43.621477222],[1.364963889,43.621479167],[1.364990556,43.621445833],[1.365140833,43.621418333],[1.365271389,43.6213775],[1.365326944,43.621347222],[1.366401111,43.620298611],[1.366459167,43.620277778],[1.367975,43.618793333],[1.369069444,43.617758889],[1.370013889,43.616853333],[1.370251944,43.6166225],[1.370355556,43.616474167],[1.370386111,43.616334167],[1.370403611,43.616130556],[1.370428333,43.615779722],[1.370467778,43.615428611],[1.370457778,43.615383889],[1.370442222,43.615343889],[1.370633611,43.615303611],[1.370573056,43.615345],[1.370523056,43.615396389],[1.370515833,43.615478333],[1.370461667,43.616110278],[1.370439444,43.616290833],[1.370411111,43.616455556],[1.370357778,43.616570556],[1.370224722,43.616701667],[1.370094444,43.616837222],[1.37152,43.617596667],[1.371557778,43.617698333],[1.371539444,43.617798889],[1.371383889,43.617943611],[1.371034722,43.6182925],[1.370019722,43.619238611],[1.368681944,43.6205475],[1.369297222,43.620896944],[1.369317222,43.620881389],[1.369359167,43.620906944],[1.369313611,43.620948889],[1.369273333,43.620923333],[1.369280278,43.620913333],[1.3686575,43.620574167],[1.363795,43.625244722],[1.358648889,43.6301875],[1.353814444,43.634833056],[1.352841389,43.635769167],[1.351690833,43.636878056],[1.349967222,43.638522222],[1.348738333,43.639708889],[1.347668333,43.640724444],[1.346276389,43.642065556],[1.345138056,43.643150278],[1.344038889,43.644227778],[1.342493889,43.645426944],[1.342462778,43.645453889],[1.342408056,43.645448611],[1.342455,43.6454075],[1.342842778,43.645053333],[1.344014444,43.644195],[1.344699167,43.643516111],[1.345114444,43.643123611],[1.346576389,43.641736944],[1.347995,43.640371111],[1.349866944,43.63857],[1.350631667,43.637835278],[1.351338056,43.637173056],[1.3524375,43.636113889],[1.353279722,43.6352925],[1.355663056,43.632999722],[1.357779444,43.630964722],[1.359609444,43.629218611],[1.361377222,43.627511111],[1.363320833,43.625629722],[1.364793333,43.6242325],[1.366246111,43.622834722],[1.367573611,43.621563333],[1.368912778,43.620283333],[1.369545,43.619662778],[1.370596389,43.618646944],[1.371455556,43.617835833],[1.371510278,43.617775],[1.3715175,43.617686667],[1.371469722,43.617631111],[1.370071667,43.616861389],[1.369481667,43.617431111],[1.368472778,43.61841],[1.367976944,43.618878611],[1.365363056,43.6214775],[1.364816111,43.621921111],[1.364191111,43.622536667],[1.363284167,43.623422778],[1.362233333,43.6244475],[1.361510556,43.625130556],[1.360836111,43.625784444],[1.360365556,43.6262075],[1.358265278,43.628243611],[1.357313056,43.629160556],[1.356945,43.629510833],[1.356435556,43.630077778],[1.355355278,43.631138056],[1.354103056,43.632350556],[1.3538375,43.632653333],[1.352584722,43.633849444],[1.350101944,43.636252778],[1.348667222,43.637628056],[1.348431667,43.637789722],[1.348080833,43.637992222],[1.34778,43.638190278],[1.347758056,43.638294444],[1.347369444,43.638665278],[1.347215556,43.6386875],[1.344588611,43.641231389],[1.343133333,43.642662222],[1.343138333,43.642744722],[1.342768889,43.643103889],[1.342639167,43.643112778],[1.342323333,43.643494722],[1.342150278,43.643768056],[1.341470278,43.644681667],[1.340799167,43.645630556],[1.340840278,43.645726667],[1.340535556,43.646128611],[1.340411111,43.646158611],[1.340120833,43.646523333],[1.339601944,43.647117222],[1.338554167,43.648303889],[1.338454722,43.648476389],[1.338399167,43.648681389],[1.3384175,43.648883611],[1.338505278,43.649020556],[1.338540278,43.649075833],[1.338689167,43.649099167],[1.339023889,43.6495],[1.338992222,43.649599722],[1.339571667,43.65028],[1.339805,43.65044],[1.340116111,43.650511389],[1.340385,43.650459167],[1.34109,43.650133611],[1.342527222,43.6493125],[1.342554722,43.649211389],[1.343031667,43.648924444],[1.343178611,43.648936944],[1.344173056,43.648276389],[1.344987222,43.647852222],[1.346083611,43.647380833],[1.34673,43.646955278],[1.347301667,43.646629722],[1.347464444,43.646562778],[1.347478333,43.646462222],[1.348055278,43.64617],[1.348157778,43.646184722],[1.348551389,43.646010278],[1.349058333,43.645853333],[1.350533056,43.645407778],[1.350850278,43.645323333],[1.352616389,43.644875556],[1.353826944,43.644661667],[1.353974167,43.644599444],[1.3545525,43.644058611],[1.354877222,43.643774167],[1.356416111,43.6422825],[1.3592625,43.639524444],[1.359295833,43.639461667],[1.358960278,43.639282778],[1.358990556,43.639240833],[1.359309722,43.639424444],[1.359350556,43.639424722],[1.359409167,43.639398889],[1.359731944,43.639073056],[1.359758889,43.638948889],[1.359971944,43.638760833],[1.36016,43.638665],[1.360492222,43.638468333],[1.360818889,43.638210833],[1.361232778,43.637806944],[1.360864444,43.63761],[1.360823611,43.637607222],[1.360796667,43.637608056],[1.360892778,43.637518611],[1.360910833,43.637549444],[1.361294722,43.637759167],[1.365383333,43.633814722],[1.365907222,43.633313056],[1.365910556,43.633240278],[1.365869444,43.633190833],[1.365618056,43.633050278],[1.365669167,43.632988333],[1.365691389,43.633021389],[1.365961944,43.633168056],[1.366033889,43.633160278],[1.366098889,43.633132778],[1.3664325,43.632817778],[1.366588611,43.632877222],[1.3665125,43.6328775],[1.366445556,43.632907778],[1.366209722,43.633133056],[1.3662975,43.633187778],[1.366390278,43.633245833],[1.366567222,43.633081111],[1.366741944,43.633176667],[1.366880833,43.633045],[1.366942778,43.633060833],[1.366798333,43.633204722],[1.366926389,43.633276667],[1.366918333,43.633344167],[1.366859167,43.633401111],[1.366768611,43.633427222],[1.3666525,43.633543056],[1.367528333,43.634033889],[1.368065,43.634322222]]]}},{"type":"Feature","id":"surface.hard_surface_4.022","properties":{"name":"Hard surface type 4 022","layer":"Airfield surfaces","category":"Hard surfaces — type 4","object_type":"Area","style_id":"surface.hard_surface_4","airport":"LFBO","geometry_role":"filled_region","vsmr_group_ids":[[]]},"geometry":{"type":"Polygon","coordinates":[[[1.341341667,43.645366944],[1.341735278,43.6453675],[1.342056111,43.645375833],[1.342445,43.645423333],[1.342839722,43.645494722],[1.343343889,43.645633611],[1.343780278,43.645818333],[1.344283333,43.646098889],[1.344609444,43.646331944],[1.344936111,43.646623889],[1.34521,43.646973889],[1.345255278,43.647058056],[1.34617,43.646160833],[1.347350556,43.645493056],[1.347580556,43.645327222],[1.347774722,43.645141667],[1.348984444,43.643981111],[1.350446111,43.642576389],[1.350249722,43.642431111],[1.350157778,43.642411944],[1.350006389,43.642419167],[1.349802778,43.6424225],[1.349801389,43.642460833],[1.349873056,43.642488611],[1.349876389,43.642531944],[1.349799444,43.642599167],[1.34969,43.642535833],[1.349693056,43.642514444],[1.349582778,43.642463056],[1.349593333,43.642418056],[1.349628611,43.6423875],[1.349693611,43.6423775],[1.349768333,43.642396389],[1.350145833,43.642378889],[1.350226389,43.642383333],[1.350315,43.642424167],[1.350390278,43.6424825],[1.350458056,43.642541667],[1.350637778,43.642391389],[1.350704167,43.642284167],[1.350723889,43.642208056],[1.350634722,43.642008889],[1.350388333,43.641568333],[1.350346667,43.641470833],[1.350341111,43.641395278],[1.350358333,43.641346111],[1.350495278,43.641208333],[1.35085,43.640868889],[1.352778611,43.639024444],[1.354834167,43.637054167],[1.355493889,43.636399722],[1.355509722,43.636354722],[1.355510556,43.636313611],[1.355901667,43.635973611],[1.355943611,43.635968056],[1.357095278,43.634876944],[1.358035,43.633967222],[1.358126389,43.633878611],[1.358232222,43.633839167],[1.358325,43.633836111],[1.358650833,43.633877778],[1.359164444,43.6339325],[1.359299722,43.633929167],[1.359411389,43.633891111],[1.359492778,43.633845],[1.362613889,43.630836667],[1.362631111,43.630775278],[1.362580833,43.630714167],[1.362442778,43.630621389],[1.362433056,43.630571389],[1.361295,43.629928889],[1.361330278,43.629898333],[1.362656389,43.630645278],[1.362724722,43.630661944],[1.362795278,43.630653056],[1.362844722,43.630628889],[1.365396667,43.628179444],[1.368668056,43.625043889],[1.368870278,43.624833889],[1.36956,43.624190278],[1.370644167,43.623138611],[1.371610556,43.622203333],[1.371366667,43.622061389],[1.371450833,43.621978889],[1.371377778,43.621934444],[1.371473611,43.621851111],[1.371579444,43.621906944],[1.371448333,43.622048611],[1.371458056,43.622080278],[1.371560556,43.622157778],[1.371635556,43.622172222],[1.37169,43.622146389],[1.372771944,43.621089722],[1.373312222,43.620576389],[1.373700833,43.620205556],[1.374177222,43.619744167],[1.375446389,43.6185375],[1.376468889,43.61754],[1.376444167,43.617512222],[1.376358611,43.617503889],[1.375778333,43.617465278],[1.375305833,43.617373889],[1.374742778,43.617203611],[1.374250278,43.616975],[1.3738925,43.616760833],[1.373636389,43.6165525],[1.373439167,43.616370278],[1.373204167,43.616084444],[1.373053889,43.615886389],[1.372898889,43.615631111],[1.372806389,43.615336111],[1.37279,43.615076944],[1.372799444,43.614847222],[1.372754722,43.614689167],[1.372790833,43.614530833],[1.372928056,43.614030278],[1.37306,43.613758889],[1.373157222,43.613587778],[1.373216389,43.613545556],[1.373462222,43.613466667],[1.373804722,43.613365],[1.373936944,43.613306944],[1.374105833,43.6131875],[1.374169444,43.613101944],[1.374232778,43.613086667],[1.374188056,43.613170833],[1.374056111,43.613286389],[1.373860278,43.613380833],[1.3734975,43.613485278],[1.373283889,43.613573056],[1.373183889,43.613650833],[1.373089167,43.613816389],[1.372961389,43.6140875],[1.3728425,43.614473611],[1.372817222,43.614655278],[1.372872778,43.614818889],[1.372830556,43.6150875],[1.372840278,43.615346389],[1.372913611,43.615565833],[1.373051111,43.615827222],[1.373191944,43.616011667],[1.373289167,43.616154444],[1.373505833,43.616385833],[1.373711389,43.616576389],[1.3740275,43.616810278],[1.374419722,43.617025833],[1.3748275,43.617197222],[1.375183611,43.617316944],[1.375471944,43.617378333],[1.375828333,43.6174425],[1.376148889,43.617472222],[1.376526389,43.617472222],[1.376613056,43.617369722],[1.37662,43.617241944],[1.376533056,43.617146389],[1.376279722,43.6170025],[1.376123056,43.616920833],[1.376015278,43.616818333],[1.375988333,43.616743611],[1.376002778,43.616660278],[1.376052778,43.616598611],[1.378380278,43.614299167],[1.378411667,43.614240833],[1.378477222,43.614291389],[1.378385556,43.614340556],[1.378077222,43.614645833],[1.377003611,43.615709444],[1.376078056,43.616625556],[1.376050556,43.616723333],[1.376084444,43.616804167],[1.376153056,43.616885556],[1.376275556,43.616968056],[1.376527222,43.617095],[1.376643889,43.617165],[1.376684722,43.617242222],[1.376673333,43.617304167],[1.376652222,43.617380556],[1.376833333,43.617186944],[1.376603333,43.617044444],[1.376616389,43.617023889],[1.376554444,43.616992222],[1.37665,43.616896667],[1.376775833,43.616977222],[1.376822778,43.616951667],[1.376871389,43.616986111],[1.376762778,43.617086667],[1.3768725,43.617161389],[1.379112222,43.615011389],[1.3791275,43.614976667],[1.379186111,43.615002222],[1.379119167,43.615053889],[1.377904167,43.616218056],[1.374954444,43.6190725],[1.3734575,43.620501389],[1.371422222,43.622445833],[1.368790278,43.624981389],[1.367046389,43.626672222],[1.363722778,43.629847778],[1.362858889,43.630683056],[1.362877222,43.630760833],[1.362920833,43.630816667],[1.363608056,43.631186111],[1.364666389,43.631770278],[1.364861389,43.631806111],[1.364870833,43.6318825],[1.365003056,43.631950833],[1.366509167,43.630528889],[1.3669925,43.630148889],[1.367094722,43.630024444],[1.367141111,43.629925833],[1.369058056,43.628083611],[1.371870833,43.625368056],[1.372502778,43.624769167],[1.375331944,43.622053333],[1.375956667,43.621453611],[1.377792778,43.6196875],[1.3797825,43.617785556],[1.381078889,43.616521111],[1.381478889,43.616189167],[1.381659167,43.61602],[1.381757222,43.615958611],[1.381873611,43.615952778],[1.382049722,43.615955278],[1.383064722,43.616028333],[1.383415556,43.616050833],[1.3835675,43.614885],[1.383613333,43.614565278],[1.383606111,43.614393611],[1.383534444,43.614269444],[1.3833325,43.614125],[1.381929722,43.613372222],[1.381885833,43.613401667],[1.381737778,43.61354],[1.382331667,43.6138825],[1.382169444,43.614014722],[1.381859444,43.613834722],[1.382000833,43.613738333],[1.381696667,43.613571667],[1.38162,43.613624722],[1.381527222,43.613553889],[1.381496944,43.613580278],[1.381409444,43.6135275],[1.381489722,43.613457778],[1.381581667,43.6134975],[1.381541944,43.613536667],[1.381615278,43.613588611],[1.3818675,43.613368611],[1.3818425,43.613323333],[1.381735833,43.613273333],[1.381609444,43.6132225],[1.3813675,43.6131875],[1.381038889,43.6132175],[1.380346111,43.613469444],[1.379317778,43.613853056],[1.3789775,43.613873611],[1.378723889,43.613831944],[1.37832,43.613707222],[1.378213611,43.613661944],[1.3781825,43.61368],[1.378066389,43.613580556],[1.378088889,43.613560833],[1.378595,43.613761667],[1.378880556,43.613833611],[1.379098611,43.613839444],[1.379374167,43.613790833],[1.379415,43.613781944],[1.378835278,43.613043889],[1.37889,43.613026111],[1.379426389,43.613707778],[1.379531667,43.613726944],[1.379664444,43.613699722],[1.380861667,43.613233611],[1.381349444,43.613057778],[1.381539167,43.6130975],[1.381630556,43.613160278],[1.383272778,43.614044722],[1.383376389,43.61407],[1.383569167,43.614141667],[1.383579444,43.614203333],[1.383626111,43.614286389],[1.383681944,43.6143975],[1.383665,43.614568056],[1.383638889,43.614848056],[1.384286944,43.614905556],[1.384351667,43.614911389],[1.384373611,43.6148875],[1.384466944,43.614903333],[1.384459167,43.614950278],[1.384350556,43.6149475],[1.3843375,43.6149325],[1.383629722,43.614883056],[1.383474444,43.616053056],[1.383215833,43.618094167],[1.383822778,43.618215],[1.383946667,43.618200833],[1.384092222,43.618140278],[1.384096944,43.618087778],[1.384032222,43.617996944],[1.384034722,43.6179025],[1.384078056,43.617913611],[1.384071944,43.617954444],[1.384097222,43.618002778],[1.384145278,43.618028056],[1.384203889,43.61803],[1.384240278,43.618011111],[1.386827778,43.615626667],[1.386856667,43.615558056],[1.386813611,43.615502222],[1.386730278,43.615455],[1.386771111,43.615428056],[1.386856667,43.615486944],[1.386893611,43.615535278],[1.386902778,43.615589167],[1.386849722,43.615669722],[1.386018056,43.616413333],[1.385521944,43.616898056],[1.385814722,43.6170525],[1.385853611,43.617049722],[1.38593,43.617084722],[1.385883333,43.617137778],[1.385506944,43.616933333],[1.3854625,43.616936389],[1.384617222,43.617717778],[1.384235556,43.618067222],[1.384101111,43.618175],[1.383974444,43.618232222],[1.383859167,43.618248056],[1.383493611,43.618183611],[1.38321,43.618128056],[1.383111944,43.618855556],[1.383049167,43.618865833],[1.383139444,43.618295833],[1.383404167,43.616257222],[1.383398333,43.616101944],[1.382218056,43.615998611],[1.381852778,43.615982222],[1.381742778,43.61602],[1.381655556,43.6160825],[1.381575833,43.616156667],[1.381537778,43.616189444],[1.382199722,43.616228333],[1.382261944,43.616169444],[1.382322778,43.616139167],[1.382393611,43.616148611],[1.382461944,43.616178333],[1.382493611,43.616230833],[1.382465,43.616291389],[1.382391944,43.616332778],[1.382328056,43.616335],[1.38226,43.616305278],[1.382215833,43.616267778],[1.381665,43.616239722],[1.381511667,43.616248333],[1.381061389,43.616596111],[1.380749167,43.616892222],[1.3792825,43.6183],[1.378163056,43.6193775],[1.376805278,43.620684722],[1.375649444,43.621800278],[1.373870556,43.623499722],[1.372599444,43.624721944],[1.371376111,43.625890556],[1.369971667,43.627243056],[1.368605556,43.628546111],[1.367320833,43.629785556],[1.367205278,43.629920278],[1.367113333,43.630064444],[1.367007222,43.630182778],[1.366901667,43.630251944],[1.366512778,43.630586111],[1.366178056,43.630892778],[1.365051111,43.631981389],[1.3657,43.632332778],[1.365651111,43.632371944],[1.365029444,43.632019444],[1.364876944,43.631940833],[1.364909167,43.632024722],[1.364936667,43.632020556],[1.364984444,43.631979167],[1.365032222,43.632005],[1.364951944,43.632078889],[1.365233056,43.632659444],[1.365294722,43.632708333],[1.365229167,43.632753889],[1.3651625,43.63269],[1.365041944,43.632463889],[1.364998889,43.632450833],[1.364957222,43.63237],[1.36499,43.6323375],[1.364881111,43.632152222],[1.36408,43.632904722],[1.359881667,43.636944722],[1.3594825,43.637330556],[1.35869,43.638101111],[1.358607222,43.638153611],[1.358318611,43.638435556],[1.357640278,43.639087222],[1.357556111,43.639160556],[1.357389444,43.639611667],[1.357374444,43.639673889],[1.3572625,43.639725556],[1.357455,43.639218056],[1.357509722,43.639117222],[1.358644722,43.638053889],[1.358363889,43.637855278],[1.357568056,43.638002778],[1.355819722,43.639686111],[1.353258889,43.642114167],[1.3521625,43.643185278],[1.3501975,43.645053611],[1.350149722,43.645056389],[1.351973333,43.643314444],[1.351975556,43.643241944],[1.352170278,43.643005833],[1.352241111,43.64296],[1.352363889,43.642920278],[1.352833333,43.642476667],[1.353231944,43.642094444],[1.353556944,43.641792222],[1.355725278,43.639712778],[1.355680278,43.6397],[1.355601111,43.639765],[1.355501667,43.639695278],[1.355578333,43.639600278],[1.355111944,43.63934],[1.355159722,43.639294167],[1.355736667,43.639599167],[1.355728889,43.639645833],[1.355756111,43.639678056],[1.355873333,43.63958],[1.357555833,43.637977778],[1.357648056,43.637945278],[1.3583775,43.637824167],[1.35762,43.637420833],[1.357339167,43.637689722],[1.3573125,43.637720833],[1.357353056,43.637750833],[1.357490833,43.637841111],[1.357333889,43.637998056],[1.357171667,43.637916389],[1.357084722,43.637963611],[1.356906389,43.637868056],[1.356947222,43.637828333],[1.356943056,43.637790833],[1.35688,43.637745556],[1.357049167,43.63759],[1.357195556,43.637670278],[1.357277222,43.637641111],[1.3573425,43.637600833],[1.357581111,43.637376944],[1.358976389,43.637743056],[1.359642222,43.637118056],[1.360786111,43.636027222],[1.362470278,43.634407778],[1.364866944,43.632109167],[1.364792222,43.632005556],[1.364726667,43.631991389],[1.364669722,43.631941944],[1.364704167,43.631856111],[1.3645075,43.631726667],[1.364167778,43.631540556],[1.362862778,43.630822778],[1.362774444,43.6308125],[1.362696944,43.630838056],[1.362516667,43.631010556],[1.362261389,43.631256944],[1.360891944,43.632576389],[1.359443611,43.633943333],[1.358708611,43.634647778],[1.358697778,43.634701944],[1.358639722,43.634785278],[1.358558889,43.634847778],[1.358543611,43.634828333],[1.358646667,43.634721667],[1.358662778,43.6346875],[1.358474444,43.634585556],[1.358413056,43.634609444],[1.358256389,43.634510278],[1.358356111,43.634423611],[1.35854,43.634519722],[1.358503056,43.634568889],[1.358635,43.634632778],[1.358672222,43.634625278],[1.3593025,43.634028611],[1.359329722,43.633980278],[1.359046389,43.633963611],[1.358732222,43.633919167],[1.3585025,43.633891944],[1.358335278,43.633894722],[1.358182778,43.633918333],[1.358053056,43.634009722],[1.357843611,43.634209167],[1.3559725,43.636011944],[1.355606389,43.636356389],[1.355331111,43.636618056],[1.353906111,43.637985556],[1.3527675,43.639081667],[1.350886667,43.64089],[1.350443333,43.641326389],[1.350395,43.641406667],[1.350417778,43.641508889],[1.350547778,43.6417325],[1.350748056,43.642094444],[1.3507925,43.6422125],[1.350773889,43.642296944],[1.350688333,43.642391111],[1.350527222,43.642559167],[1.3494825,43.643559167],[1.348126111,43.644853056],[1.347686944,43.645294167],[1.347451944,43.645471389],[1.347405833,43.645519167],[1.347403889,43.645749167],[1.347453056,43.645842778],[1.347604722,43.645940833],[1.347985556,43.646123611],[1.348176944,43.646186944],[1.348000556,43.646202778],[1.347732222,43.646057222],[1.347402778,43.64587],[1.347363056,43.645820556],[1.347346111,43.645751389],[1.347336389,43.645647222],[1.347335,43.645534167],[1.346944444,43.645766944],[1.346221111,43.646165278],[1.346051111,43.646316944],[1.345278333,43.647093889],[1.345403889,43.647304444],[1.345482778,43.647491944],[1.345514444,43.647635833],[1.345471389,43.647649722],[1.345458333,43.6474975],[1.345339167,43.647265556],[1.345293889,43.647192778],[1.345243611,43.647184167],[1.345176111,43.647198611],[1.344985278,43.647396111],[1.344866944,43.647448333],[1.344575833,43.647521389],[1.344276944,43.647571667],[1.344080278,43.647619167],[1.343418056,43.648014167],[1.342809167,43.648369444],[1.342453611,43.648519167],[1.341868333,43.648736667],[1.341156944,43.648995278],[1.340824167,43.649150833],[1.339728333,43.650184167],[1.339697222,43.6502475],[1.339675556,43.650290278],[1.339736389,43.650329722],[1.339688889,43.650383333],[1.339565833,43.650288889],[1.339658056,43.650200833],[1.340589722,43.649318333],[1.340855556,43.649046389],[1.340984167,43.648935],[1.341105556,43.648853611],[1.341294444,43.648770833],[1.341486389,43.648665],[1.341026667,43.648408333],[1.340741667,43.648253056],[1.340628056,43.648186667],[1.340601111,43.648126389],[1.340587222,43.648054444],[1.340602222,43.647999167],[1.340627222,43.647923611],[1.341085556,43.647351111],[1.341476944,43.646788611],[1.341814167,43.646188333],[1.341911111,43.645992222],[1.342018889,43.645843611],[1.342159722,43.645681389],[1.342351667,43.645506944],[1.3424,43.645457222],[1.342453333,43.645450278],[1.342218889,43.6456775],[1.342093333,43.645806111],[1.341973889,43.645961111],[1.341922778,43.646064444],[1.341784722,43.646313611],[1.341490833,43.646841944],[1.341317778,43.647108333],[1.341086944,43.647423889],[1.340800278,43.647760278],[1.340671944,43.647950556],[1.340637222,43.648020278],[1.340641389,43.648079167],[1.340670278,43.648144167],[1.340741389,43.648210556],[1.3415,43.648631667],[1.341530556,43.648641944],[1.3416425,43.648592222],[1.341706389,43.648529444],[1.341217222,43.648242222],[1.341243056,43.648231389],[1.341750833,43.648501944],[1.342575556,43.647655556],[1.343013611,43.647227778],[1.343379722,43.646853611],[1.343821944,43.646425],[1.343891667,43.646353611],[1.343932778,43.646380833],[1.343740833,43.646550833],[1.343472222,43.646817778],[1.342542222,43.647738889],[1.341778889,43.64854],[1.3418525,43.648589444],[1.3417475,43.648678056],[1.341673889,43.648643333],[1.341588333,43.648667778],[1.341331944,43.648791111],[1.341025278,43.648953611],[1.340866111,43.649095556],[1.341080833,43.649001667],[1.341418611,43.648868889],[1.341644444,43.648790833],[1.341735278,43.648753333],[1.341636667,43.648751667],[1.341584167,43.648728611],[1.341573611,43.648722778],[1.341518333,43.648682778],[1.341558333,43.648666944],[1.34162,43.648701667],[1.341677778,43.6487275],[1.341735278,43.648734444],[1.341803333,43.648712778],[1.341871944,43.648695],[1.341901667,43.648680278],[1.3425225,43.648443889],[1.342861389,43.648305],[1.343308889,43.648040833],[1.343908611,43.647684167],[1.344105,43.647578056],[1.344308889,43.647528611],[1.344595,43.647483333],[1.344875278,43.647410833],[1.344963056,43.647376389],[1.345145,43.647195278],[1.345221389,43.647102222],[1.345175833,43.647008889],[1.345023333,43.646803333],[1.344827222,43.646577222],[1.344514167,43.646306667],[1.344151111,43.646069167],[1.343678056,43.645813889],[1.343310556,43.645671111],[1.343002222,43.645564444],[1.3426575,43.645490278],[1.3423225,43.645438056],[1.341992778,43.645406111],[1.341524722,43.645397778],[1.341211944,43.645403056],[1.341031111,43.645431667],[1.340903056,43.645462222],[1.34095,43.645413611],[1.341341667,43.645366944]]]}},{"type":"Feature","id":"surface.hard_surface_4.023","properties":{"name":"Hard surface type 4 023","layer":"Airfield surfaces","category":"Hard surfaces — type 4","object_type":"Area","style_id":"surface.hard_surface_4","airport":"LFBO","geometry_role":"filled_region","vsmr_group_ids":[[]]},"geometry":{"type":"Polygon","coordinates":[[[1.379242222,43.613883056],[1.379042222,43.613995833],[1.378673333,43.614192222],[1.3785725,43.614148889],[1.378630556,43.6141025],[1.378734722,43.614053056],[1.378941389,43.613995278],[1.379236111,43.613855],[1.379340833,43.613844167],[1.379242222,43.613883056]]]}},{"type":"Feature","id":"surface.hard_surface_4.024","properties":{"name":"Hard surface type 4 024","layer":"Airfield surfaces","category":"Hard surfaces — type 4","object_type":"Area","style_id":"surface.hard_surface_4","airport":"LFBO","geometry_role":"filled_region","vsmr_group_ids":[[]]},"geometry":{"type":"Polygon","coordinates":[[[1.377423056,43.612845556],[1.377475833,43.612806111],[1.377603333,43.612790833],[1.378698611,43.612699722],[1.378803889,43.612886667],[1.378746944,43.6129175],[1.378523056,43.612878056],[1.378038333,43.612908056],[1.377774722,43.612918611],[1.377683056,43.612932778],[1.377836389,43.612935556],[1.377900833,43.613008611],[1.3779425,43.613034167],[1.378008611,43.613033611],[1.378114444,43.612963056],[1.378208611,43.612935833],[1.378480833,43.612934167],[1.378658056,43.612946944],[1.378792222,43.61292],[1.378860556,43.612887222],[1.378845,43.612805833],[1.378838333,43.612754722],[1.378855,43.612716389],[1.378910556,43.612686389],[1.379291667,43.612700278],[1.379632778,43.612725833],[1.380279444,43.612846389],[1.380563333,43.612905556],[1.380875556,43.612953333],[1.381356944,43.613053333],[1.381646389,43.613111111],[1.381780278,43.613115],[1.382721667,43.612786944],[1.382958889,43.61271],[1.383342778,43.612596944],[1.383585833,43.612554722],[1.383747222,43.612559722],[1.383920278,43.612594444],[1.384059444,43.6126475],[1.384651111,43.612979167],[1.384940833,43.613173333],[1.385657222,43.613656667],[1.386181944,43.614017222],[1.386359444,43.614181667],[1.386607222,43.614456667],[1.3867925,43.614709167],[1.387060833,43.615169167],[1.387150833,43.615413333],[1.387347222,43.616018889],[1.387489444,43.6163575],[1.387594722,43.616640278],[1.387744444,43.617012222],[1.387831389,43.617228333],[1.3878225,43.617302778],[1.387673333,43.617395833],[1.386941944,43.617588611],[1.386589444,43.617706111],[1.386318333,43.617731944],[1.386443333,43.617677778],[1.387430556,43.617393611],[1.387683056,43.617315],[1.387766111,43.617288333],[1.387769167,43.617201111],[1.387686111,43.616952778],[1.387458056,43.616384167],[1.387331111,43.616105],[1.387261389,43.615894167],[1.387173611,43.61561],[1.387098611,43.615394722],[1.387038056,43.615206944],[1.386911944,43.614961667],[1.386674444,43.614612222],[1.386441944,43.614326667],[1.3861875,43.614066944],[1.385906389,43.613858056],[1.384955278,43.613215556],[1.384536667,43.612956389],[1.3841575,43.612739722],[1.383860278,43.612614167],[1.383708611,43.612588889],[1.383524167,43.612585833],[1.383316944,43.612627778],[1.382976389,43.612734722],[1.382212222,43.613000833],[1.381822222,43.613139444],[1.381748611,43.613149167],[1.381646667,43.613135],[1.381545278,43.613116389],[1.381139722,43.613039722],[1.380769167,43.612973333],[1.379841944,43.6127925],[1.379641667,43.612759167],[1.379254167,43.612721944],[1.379016944,43.612716111],[1.378903889,43.612733056],[1.378883889,43.612762778],[1.378871944,43.612794444],[1.378892778,43.612843889],[1.378896667,43.612894722],[1.378857222,43.612926667],[1.378824444,43.612947222],[1.378900833,43.613039444],[1.378855278,43.613055278],[1.378778056,43.61296],[1.378676111,43.612966667],[1.378558611,43.612958889],[1.378389167,43.61295],[1.378235278,43.612962778],[1.378161667,43.612982222],[1.378050278,43.613043889],[1.377989722,43.613061111],[1.37791,43.613059722],[1.377841667,43.613027222],[1.377767222,43.613054444],[1.377553611,43.612922222],[1.377296944,43.6128625],[1.377260833,43.612855556],[1.377423056,43.612845556]]]}},{"type":"Feature","id":"surface.hard_surface_4.025","properties":{"name":"Hard surface type 4 025","layer":"Airfield surfaces","category":"Hard surfaces — type 4","object_type":"Area","style_id":"surface.hard_surface_4","airport":"LFBO","geometry_role":"filled_region","vsmr_group_ids":[[]]},"geometry":{"type":"Polygon","coordinates":[[[1.386298889,43.619160556],[1.386568333,43.619394167],[1.386251667,43.619503333],[1.385655833,43.618575],[1.385515556,43.618555833],[1.385519444,43.618604167],[1.384593611,43.618929444],[1.384507222,43.618815556],[1.3830925,43.619275556],[1.382284444,43.619525],[1.382182778,43.619540278],[1.382201389,43.619493056],[1.382223056,43.61946],[1.382966111,43.619199722],[1.382936111,43.619105556],[1.384440278,43.618569722],[1.385266111,43.618316944],[1.385589444,43.618369722],[1.385783056,43.618443611],[1.386008889,43.618764444],[1.38616,43.618964167],[1.386400278,43.619122222],[1.386298889,43.619160556]]]}},{"type":"Feature","id":"surface.hard_surface_4.026","properties":{"name":"Hard surface type 4 026","layer":"Airfield surfaces","category":"Hard surfaces — type 4","object_type":"Area","style_id":"surface.hard_surface_4","airport":"LFBO","geometry_role":"filled_region","vsmr_group_ids":[[]]},"geometry":{"type":"Polygon","coordinates":[[[1.368434444,43.622040556],[1.368349167,43.622133889],[1.368015,43.621936111],[1.368094167,43.621862778],[1.368434444,43.622040556]]]}},{"type":"Feature","id":"surface.hard_surface_4.027","properties":{"name":"Hard surface type 4 027","layer":"Airfield surfaces","category":"Hard surfaces — type 4","object_type":"Area","style_id":"surface.hard_surface_4","airport":"LFBO","geometry_role":"filled_region","vsmr_group_ids":[[]]},"geometry":{"type":"Polygon","coordinates":[[[1.376924444,43.614401389],[1.376845556,43.614459722],[1.376649722,43.614651111],[1.376658056,43.614683889],[1.376608333,43.614730278],[1.376859167,43.614866944],[1.376809167,43.614913611],[1.376535556,43.614754722],[1.376514167,43.614767778],[1.376771389,43.614915556],[1.376750833,43.614930556],[1.376202778,43.614634444],[1.376222778,43.614614444],[1.376487222,43.614755278],[1.376501389,43.614744167],[1.376213889,43.614583056],[1.376265,43.614541667],[1.376468611,43.614651111],[1.376521667,43.614609722],[1.3766025,43.614648056],[1.376702222,43.614553056],[1.376783889,43.614470833],[1.376886944,43.614399167],[1.376038333,43.614516389],[1.375979722,43.614560556],[1.375916667,43.614525278],[1.375978611,43.614476944],[1.375995,43.614479722],[1.376175278,43.6144625],[1.376962778,43.614356111],[1.378108056,43.6139175],[1.378139444,43.613944167],[1.376924444,43.614401389]]]}},{"type":"Feature","id":"surface.hard_surface_4.028","properties":{"name":"Hard surface type 4 028","layer":"Airfield surfaces","category":"Hard surfaces — type 4","object_type":"Area","style_id":"surface.hard_surface_4","airport":"LFBO","geometry_role":"filled_region","vsmr_group_ids":[[]]},"geometry":{"type":"Polygon","coordinates":[[[1.3767025,43.62501],[1.377157778,43.625225],[1.377526389,43.624883056],[1.377747222,43.624701389],[1.377829444,43.624698056],[1.377962778,43.624766667],[1.378321667,43.624410556],[1.378275833,43.624377222],[1.378185833,43.624338056],[1.378123611,43.624335556],[1.378256111,43.624215833],[1.3782825,43.62424],[1.378344444,43.624287222],[1.378434722,43.624306111],[1.378701111,43.624029722],[1.378721389,43.623934444],[1.378721944,43.623845],[1.37867,43.623807222],[1.378895,43.623585278],[1.3789275,43.623600278],[1.379011111,43.623595556],[1.379105556,43.623571944],[1.3795975,43.623116667],[1.379606389,43.623088611],[1.379556389,43.62306],[1.379504167,43.623044722],[1.3794375,43.623060556],[1.379541667,43.622960278],[1.379573889,43.622981667],[1.379623889,43.623010278],[1.379681111,43.623012222],[1.379731944,43.622967778],[1.379779722,43.622878889],[1.379771944,43.622833611],[1.37971,43.622780278],[1.379765556,43.6227425],[1.379788889,43.622761111],[1.3798475,43.622767778],[1.379905278,43.622747222],[1.380201667,43.622418056],[1.380407778,43.622195],[1.380803056,43.6218275],[1.380985556,43.621613889],[1.381165556,43.621678611],[1.381034167,43.621721944],[1.380940833,43.621800278],[1.380988056,43.621831667],[1.380946389,43.621875278],[1.381309167,43.622069444],[1.381403056,43.622105],[1.381454722,43.622090833],[1.381441389,43.622143056],[1.381396667,43.622178611],[1.381354167,43.622184722],[1.381351111,43.622169722],[1.381346667,43.622130278],[1.380933611,43.6219075],[1.380869722,43.62189],[1.380794722,43.621935833],[1.3811175,43.6221025],[1.381161389,43.622064722],[1.381299167,43.622137778],[1.381126944,43.622321944],[1.381191389,43.622448333],[1.381253889,43.622554722],[1.381253056,43.622644444],[1.3809325,43.622934722],[1.381111389,43.6227025],[1.381213611,43.622628333],[1.381200556,43.622559167],[1.381136944,43.622463611],[1.381056389,43.622413611],[1.380990833,43.622426944],[1.380898056,43.622550556],[1.380806389,43.622501667],[1.381139722,43.622183889],[1.380773056,43.621963056],[1.380537778,43.622175556],[1.380453611,43.622281111],[1.3811675,43.622680278],[1.380908611,43.622919167],[1.380736944,43.622924167],[1.37932,43.624352222],[1.378862222,43.624104444],[1.378804444,43.624114444],[1.378720833,43.624193889],[1.379153611,43.624493889],[1.378569722,43.625061944],[1.377928056,43.625691944],[1.377420833,43.6254],[1.377218056,43.6255725],[1.377154167,43.625655],[1.377191667,43.625735833],[1.377214167,43.625735833],[1.377339167,43.626021111],[1.377431667,43.626114722],[1.377496667,43.626342778],[1.377366111,43.626390556],[1.3772875,43.626404444],[1.377247222,43.626430278],[1.376674722,43.626185833],[1.376741667,43.626130833],[1.376788611,43.626067222],[1.376781944,43.625997778],[1.376794167,43.625901667],[1.376843611,43.625841944],[1.376876389,43.625759167],[1.376831111,43.625698056],[1.376522778,43.625653333],[1.376241389,43.625497778],[1.376183333,43.625493611],[1.376143056,43.625511111],[1.376114722,43.625539167],[1.3761025,43.625575833],[1.376228056,43.625820833],[1.37641,43.626125],[1.376490278,43.626171667],[1.376573333,43.626185278],[1.37667,43.626171111],[1.376784167,43.626130556],[1.377086944,43.626215556],[1.377253889,43.626429167],[1.377242778,43.626548611],[1.377042778,43.626376667],[1.376648611,43.626202222],[1.376075556,43.626261389],[1.376138611,43.626235556],[1.376183611,43.626185278],[1.376206111,43.626137778],[1.376178056,43.626067222],[1.376008333,43.625915556],[1.375827778,43.625635],[1.3757225,43.625514444],[1.375773056,43.625446111],[1.376194722,43.625060556],[1.376930556,43.625426944],[1.3769625,43.625596389],[1.377078056,43.625613611],[1.37729,43.625398611],[1.376657778,43.625058333],[1.376515,43.625194167],[1.376417222,43.625111389],[1.376661111,43.624865],[1.376790833,43.624931667],[1.3767025,43.62501]]]}},{"type":"Feature","id":"surface.hard_surface_4.029","properties":{"name":"Hard surface type 4 029","layer":"Airfield surfaces","category":"Hard surfaces — type 4","object_type":"Area","style_id":"surface.hard_surface_4","airport":"LFBO","geometry_role":"filled_region","vsmr_group_ids":[[]]},"geometry":{"type":"Polygon","coordinates":[[[1.360842778,43.622338611],[1.361461111,43.622319167],[1.363262778,43.623290833],[1.363145833,43.623396667],[1.361455833,43.623445],[1.3614425,43.623525556],[1.361114722,43.62389],[1.36106,43.623865833],[1.361392222,43.623523889],[1.361386389,43.623445556],[1.361151944,43.623445556],[1.359249444,43.622406111],[1.359444167,43.622393056],[1.3594575,43.6220425],[1.359694167,43.622041111],[1.359690833,43.622388056],[1.360656944,43.622352778],[1.360617222,43.622049167],[1.360858333,43.622041389],[1.360842778,43.622338611]]]}},{"type":"Feature","id":"surface.closed_taxiway.001","properties":{"name":"Closed taxiway area 001","layer":"Airfield surfaces","category":"Closed taxiways","object_type":"Area","style_id":"surface.closed_taxiway","airport":"LFBO","geometry_role":"filled_region","vsmr_group_ids":[[]]},"geometry":{"type":"Polygon","coordinates":[[[1.381986944,43.619241667],[1.382015,43.619228889],[1.382026944,43.619223056],[1.382031667,43.619218056],[1.382030556,43.619213889],[1.382028056,43.619210556],[1.382023333,43.619206111],[1.382418333,43.619218056],[1.382358056,43.619234444],[1.382005,43.6193525],[1.381331111,43.619578889],[1.381119722,43.619653889],[1.381200833,43.619779167],[1.381253333,43.619845278],[1.381085556,43.619903333],[1.380965278,43.619705833],[1.3808175,43.619753056],[1.381111944,43.619531944],[1.381986944,43.619241667]]]}},{"type":"Feature","id":"surface.closed_taxiway.002","properties":{"name":"Closed taxiway area 002","layer":"Airfield surfaces","category":"Closed taxiways","object_type":"Area","style_id":"surface.closed_taxiway","airport":"LFBO","geometry_role":"filled_region","vsmr_group_ids":[[]]},"geometry":{"type":"Polygon","coordinates":[[[1.3491525,43.645570556],[1.349469167,43.645531111],[1.349897778,43.6454225],[1.349786667,43.645461111],[1.349751944,43.645475],[1.349722222,43.645488056],[1.349694167,43.645509167],[1.349657222,43.645548333],[1.349625556,43.645589167],[1.3496025,43.645628889],[1.349590833,43.645661111],[1.349588056,43.645698056],[1.349593056,43.645736944],[1.349608056,43.645771944],[1.34963,43.645810833],[1.349665,43.645845833],[1.349718333,43.645896389],[1.349800833,43.645948889],[1.349890556,43.646016111],[1.349960556,43.6460825],[1.349806944,43.646153056],[1.349758056,43.646118056],[1.349702222,43.646086944],[1.349604167,43.646035278],[1.349514444,43.645986111],[1.349200833,43.645812222],[1.3487325,43.645553611],[1.348940556,43.645571944],[1.3491525,43.645570556]]]}},{"type":"Feature","id":"surface.closed_taxiway.003","properties":{"name":"Closed taxiway area 003","layer":"Airfield surfaces","category":"Closed taxiways","object_type":"Area","style_id":"surface.closed_taxiway","airport":"LFBO","geometry_role":"filled_region","vsmr_group_ids":[[]]},"geometry":{"type":"Polygon","coordinates":[[[1.352753611,43.642045556],[1.352810278,43.642065833],[1.352860833,43.642080833],[1.352923333,43.642095278],[1.352990556,43.642109167],[1.353039167,43.642117222],[1.353115833,43.642124167],[1.353224722,43.642129722],[1.353312222,43.642128056],[1.353424444,43.642119722],[1.353507778,43.6421075],[1.353678333,43.642067778],[1.3537775,43.642030833],[1.353882778,43.641980833],[1.354739167,43.641441667],[1.355769167,43.640753333],[1.357125556,43.639846111],[1.3576075,43.639523056],[1.358190278,43.639133333],[1.358750278,43.638756389],[1.359189722,43.638465833],[1.359192778,43.638583056],[1.359134722,43.638719444],[1.35906,43.638833889],[1.358870833,43.639008611],[1.358548611,43.639305556],[1.3585925,43.639234722],[1.358633889,43.639177778],[1.358668889,43.639122778],[1.358683333,43.639100833],[1.358674722,43.639088611],[1.358543333,43.639177778],[1.358059167,43.639502222],[1.357161667,43.640099167],[1.356105,43.6408025],[1.355301667,43.641339167],[1.354539444,43.641851667],[1.354256667,43.642040278],[1.354146944,43.642109722],[1.354061111,43.642159722],[1.353988889,43.6422],[1.353885278,43.642241389],[1.353802778,43.642270556],[1.353705278,43.642296389],[1.353610556,43.6423225],[1.353536944,43.642334722],[1.353467222,43.642340556],[1.353268889,43.642356111],[1.352701667,43.642024444],[1.352753611,43.642045556]]]}},{"type":"Feature","id":"surface.closed_taxiway.004","properties":{"name":"Closed taxiway area 004","layer":"Airfield surfaces","category":"Closed taxiways","object_type":"Area","style_id":"surface.closed_taxiway","airport":"LFBO","geometry_role":"filled_region","vsmr_group_ids":[[]]},"geometry":{"type":"Polygon","coordinates":[[[1.358777778,43.637385278],[1.358920833,43.637383333],[1.3593025,43.637356944],[1.359604722,43.637330833],[1.360029722,43.637281111],[1.360286667,43.637248056],[1.360473056,43.637220278],[1.360571944,43.637201667],[1.360603611,43.637186389],[1.360769167,43.637034444],[1.360871944,43.636926944],[1.360972778,43.637003333],[1.360294722,43.637666111],[1.359858611,43.637861944],[1.359497222,43.637931667],[1.359270833,43.637921667],[1.358750556,43.637723611],[1.358373611,43.637426111],[1.358777778,43.637385278]]]}},{"type":"Feature","id":"surface.closed_taxiway.005","properties":{"name":"Closed taxiway area 005","layer":"Airfield surfaces","category":"Closed taxiways","object_type":"Area","style_id":"surface.closed_taxiway","airport":"LFBO","geometry_role":"filled_region","vsmr_group_ids":[[]]},"geometry":{"type":"Polygon","coordinates":[[[1.379603889,43.615806667],[1.379590278,43.615781667],[1.379580556,43.615755833],[1.379574722,43.61573],[1.379580556,43.615681944],[1.379588611,43.615628333],[1.37959,43.615563889],[1.379579167,43.615508611],[1.379558889,43.6154525],[1.37953,43.615398889],[1.379484444,43.615343056],[1.379434167,43.615291667],[1.378466944,43.614298889],[1.378017222,43.613835],[1.377969722,43.613803889],[1.3779075,43.613768056],[1.377830833,43.613738889],[1.377748889,43.613724722],[1.377659167,43.613720278],[1.3775725,43.613725556],[1.377485833,43.613738056],[1.374870833,43.614332778],[1.372469722,43.614878333],[1.370443889,43.615348333],[1.370456389,43.615222222],[1.371798889,43.614910278],[1.372755278,43.614690278],[1.374238056,43.614360278],[1.376111667,43.613940278],[1.377370556,43.61365],[1.377453333,43.613630556],[1.377530556,43.613604167],[1.377591111,43.613566111],[1.377646944,43.613518611],[1.377689722,43.613468333],[1.377711111,43.613415833],[1.377725,43.613367778],[1.377706111,43.613309167],[1.377677778,43.613251389],[1.377639444,43.613204167],[1.377587778,43.6131625],[1.377525,43.61312],[1.377444167,43.613081944],[1.377337778,43.613050556],[1.377214722,43.613035278],[1.377099167,43.613039722],[1.3760775,43.613116944],[1.376007778,43.613121667],[1.375942222,43.613123611],[1.375798056,43.613120833],[1.374158056,43.613084167],[1.374243056,43.612910278],[1.375709167,43.612942222],[1.375846667,43.612944167],[1.375950556,43.612942778],[1.376068333,43.612937778],[1.376669722,43.612890833],[1.376933889,43.612873611],[1.377080278,43.612862778],[1.377174444,43.612855833],[1.377254167,43.612859444],[1.377354722,43.612871111],[1.377450278,43.612888611],[1.377521111,43.61291],[1.377590278,43.612941111],[1.377679444,43.612986667],[1.377770833,43.613054167],[1.377841667,43.613138333],[1.377910833,43.613240278],[1.378046944,43.613501111],[1.378077778,43.613568056],[1.378118611,43.613624722],[1.378184444,43.613696944],[1.37866,43.6141825],[1.379268611,43.614803333],[1.3797875,43.615342778],[1.379826667,43.615383889],[1.379850556,43.615412778],[1.379881944,43.615441667],[1.380023611,43.615517222],[1.379667778,43.615866389],[1.379603889,43.615806667]]]}},{"type":"Feature","id":"surface.hard_surface_2.001","properties":{"name":"Hard surface type 2 001","layer":"Airfield surfaces","category":"Hard surfaces — type 2","object_type":"Area","style_id":"surface.hard_surface_2","airport":"LFBO","geometry_role":"filled_region","vsmr_group_ids":[[]]},"geometry":{"type":"Polygon","coordinates":[[[1.347884722,43.645200833],[1.3481975,43.644898056],[1.34863,43.645106944],[1.348797222,43.645175833],[1.348888056,43.645211667],[1.348991944,43.645229444],[1.349124722,43.645235278],[1.349299722,43.645205833],[1.350430278,43.644987222],[1.350625556,43.644939722],[1.350845833,43.644885],[1.352163056,43.644547778],[1.352384444,43.6444875],[1.352775556,43.644361389],[1.353205833,43.644224167],[1.353328611,43.644144722],[1.353521944,43.643983611],[1.353811944,43.6436375],[1.353850556,43.6435875],[1.353874722,43.643546111],[1.3538975,43.643502222],[1.353910556,43.6434575],[1.353922222,43.643404444],[1.353924167,43.643355833],[1.353918056,43.643303611],[1.353901944,43.643254444],[1.353884167,43.643213333],[1.353857222,43.643173889],[1.353824167,43.643129722],[1.35377,43.643073333],[1.353708611,43.6430225],[1.353625556,43.642965833],[1.35332,43.642759444],[1.353314444,43.642755556],[1.353218056,43.642685],[1.353150278,43.642643056],[1.353094167,43.642608611],[1.351563611,43.641758611],[1.350894167,43.64139],[1.350781111,43.641363889],[1.350408611,43.641160556],[1.350728333,43.640856389],[1.352625,43.641906944],[1.352716944,43.641958611],[1.352796944,43.642001111],[1.352853333,43.642030278],[1.35291,43.642057778],[1.352958333,43.642079722],[1.353023056,43.6421125],[1.352903056,43.64209],[1.3528075,43.642064444],[1.352725,43.642034722],[1.353289722,43.642355],[1.353445556,43.642347778],[1.354093889,43.642624444],[1.354179444,43.642658056],[1.354266389,43.642683889],[1.354380833,43.6427025],[1.354466667,43.642707222],[1.354555,43.642705],[1.354645833,43.642692778],[1.354739444,43.642665556],[1.354823889,43.642630278],[1.354901389,43.642579722],[1.354969167,43.642624167],[1.355182778,43.642453333],[1.355376111,43.642305],[1.355528056,43.642195],[1.3555825,43.642155278],[1.355615833,43.642125833],[1.355722778,43.642021667],[1.356413056,43.641356944],[1.357336389,43.640472222],[1.357953611,43.639879722],[1.358494167,43.639339167],[1.358597778,43.639220556],[1.358679444,43.639085278],[1.359007222,43.638854167],[1.358956389,43.638819722],[1.359044444,43.638715278],[1.3589625,43.638681667],[1.3590475,43.63858],[1.359067778,43.638535556],[1.359079167,43.638493056],[1.359080278,43.638458889],[1.359075278,43.638410833],[1.359060556,43.638369444],[1.359028056,43.63832],[1.358993056,43.638277778],[1.358935278,43.638237778],[1.35884,43.638185278],[1.358771944,43.638141667],[1.358661944,43.638059167],[1.358454722,43.637908611],[1.3587675,43.637599722],[1.358873333,43.637664444],[1.359304722,43.637847222],[1.359384722,43.637883889],[1.359453056,43.637899444],[1.359497222,43.637906944],[1.359543889,43.637906389],[1.359604167,43.6378975],[1.359690556,43.637885833],[1.359765,43.637854444],[1.359852222,43.637797222],[1.360288611,43.637504167],[1.361010556,43.636811667],[1.361711389,43.636141944],[1.362607222,43.635281944],[1.364741389,43.633231389],[1.366482778,43.631561111],[1.366610833,43.631413333],[1.366810278,43.631181389],[1.366855278,43.631117778],[1.366880556,43.631069722],[1.366897222,43.631008611],[1.366893333,43.630952222],[1.36688,43.630885],[1.366818056,43.630772222],[1.366743611,43.630706389],[1.366574167,43.630570278],[1.366498611,43.630515],[1.3662975,43.630330833],[1.366827222,43.630127778],[1.366854167,43.630161389],[1.366882778,43.630191944],[1.366914167,43.630215833],[1.366945556,43.630242778],[1.366990278,43.630271389],[1.367035833,43.630295278],[1.367090833,43.630317222],[1.367139722,43.630331667],[1.367185,43.630344167],[1.367233611,43.6303525],[1.367289444,43.630361944],[1.367332222,43.630367778],[1.367371389,43.630367778],[1.367425278,43.630361944],[1.367487222,43.630356667],[1.367540556,43.630341111],[1.367588056,43.630329722],[1.367629722,43.630310556],[1.367673611,43.630288056],[1.36771,43.630266111],[1.368226667,43.629881667],[1.372092222,43.626173611],[1.372404444,43.625801667],[1.372442778,43.625751944],[1.372468333,43.625703889],[1.372484167,43.6256525],[1.372489722,43.6256125],[1.372491111,43.625559722],[1.372481389,43.625510833],[1.372459167,43.625456944],[1.372420833,43.625399444],[1.372381111,43.625348889],[1.372317222,43.625305278],[1.37225,43.625267222],[1.372151389,43.625208333],[1.3720625,43.625161944],[1.372002222,43.625140556],[1.371939444,43.62512],[1.372115278,43.624741111],[1.372715833,43.624975833],[1.372815278,43.624998611],[1.372879167,43.625008889],[1.372953333,43.625013611],[1.373013889,43.625013889],[1.373060833,43.625006667],[1.373101111,43.625001389],[1.373156389,43.624989722],[1.373193611,43.624979722],[1.373244722,43.624961111],[1.373309722,43.624921389],[1.3738,43.624526944],[1.376001944,43.6224],[1.376314167,43.622022222],[1.3763275,43.621983056],[1.376337222,43.62194],[1.376346389,43.621888056],[1.376334444,43.621828056],[1.376323333,43.621773056],[1.376291389,43.621719444],[1.376243056,43.6216575],[1.3760775,43.621541111],[1.375924444,43.621435833],[1.375707778,43.6213275],[1.376033611,43.621013056],[1.376109722,43.621057778],[1.376166111,43.621091389],[1.376228889,43.621124167],[1.376323333,43.621166667],[1.376413889,43.621207222],[1.376491111,43.621239167],[1.376495278,43.621241389],[1.376582222,43.621271111],[1.376679444,43.621298611],[1.376788333,43.621309722],[1.376882222,43.621307778],[1.376965,43.621293056],[1.377067778,43.621257778],[1.377145833,43.621216667],[1.377201667,43.621177778],[1.377346111,43.621072222],[1.377423889,43.621014167],[1.377539167,43.620921667],[1.377624444,43.6208375],[1.377755278,43.620710833],[1.377932222,43.620543333],[1.3786175,43.619883611],[1.379607778,43.618932222],[1.3803275,43.618240833],[1.380896944,43.617695556],[1.380961944,43.617632778],[1.380975833,43.617619722],[1.381004444,43.617585],[1.381065278,43.617527222],[1.381105,43.6174825],[1.381145278,43.617435278],[1.381149167,43.617431667],[1.381191389,43.617380833],[1.381236389,43.617328889],[1.381271389,43.617282778],[1.381301111,43.6172425],[1.381331944,43.617202222],[1.381358333,43.617157222],[1.381379167,43.617127778],[1.381401389,43.617088333],[1.3814275,43.617029167],[1.381446944,43.616973611],[1.381453056,43.616918611],[1.381457222,43.616915278],[1.381457222,43.616911111],[1.381457222,43.616906944],[1.381452778,43.616867778],[1.381433611,43.616821944],[1.381396944,43.616770833],[1.381359722,43.616724444],[1.381287778,43.616660556],[1.381211111,43.616599444],[1.381204167,43.616594444],[1.381110833,43.616526944],[1.381021389,43.616468333],[1.380941667,43.616414167],[1.380828056,43.616405278],[1.380919167,43.61632],[1.381158889,43.616079722],[1.381672222,43.616365],[1.381742778,43.6164075],[1.381771667,43.6164275],[1.381817778,43.616469167],[1.3818575,43.616506944],[1.381891389,43.616545833],[1.381924167,43.616585278],[1.381954444,43.616627222],[1.381979722,43.616676667],[1.381995,43.616708333],[1.382009444,43.616740278],[1.3820225,43.616783333],[1.382029722,43.616832778],[1.382036667,43.616892778],[1.382041944,43.616946667],[1.382035278,43.616999167],[1.382026667,43.617051111],[1.382010833,43.617101111],[1.381993611,43.617146944],[1.38197,43.617193333],[1.381949167,43.617232222],[1.381914444,43.617280278],[1.381883889,43.617316944],[1.381843333,43.617361944],[1.381814722,43.617398333],[1.381770833,43.617438889],[1.381724167,43.617478056],[1.381605,43.617598333],[1.381161944,43.618030556],[1.381137778,43.618056111],[1.381119444,43.618092222],[1.381112222,43.618124167],[1.381106667,43.618170556],[1.381109167,43.618212222],[1.381112778,43.618260278],[1.381122222,43.618301944],[1.381139167,43.618348333],[1.381157778,43.618393611],[1.381183056,43.618441667],[1.381209444,43.618491111],[1.381247778,43.618547778],[1.381274167,43.618582778],[1.381300278,43.618615],[1.381335278,43.618654444],[1.381376389,43.618695833],[1.381431389,43.618743333],[1.381471111,43.618774722],[1.381496944,43.618791667],[1.381335556,43.618931111],[1.381066111,43.618946944],[1.381066389,43.618911944],[1.381059167,43.618859722],[1.381059167,43.618859167],[1.381047778,43.618805556],[1.381027222,43.618736667],[1.381009167,43.618691667],[1.380987778,43.618653611],[1.380962778,43.618625278],[1.380931389,43.618602778],[1.380884722,43.618578056],[1.380838889,43.618558056],[1.380799722,43.6185475],[1.380760278,43.618542778],[1.380710556,43.618540833],[1.380648056,43.6185425],[1.380628333,43.618547778],[1.380159722,43.6189925],[1.378894722,43.620208333],[1.377490556,43.621559722],[1.377801944,43.621735278],[1.377412778,43.622108889],[1.379338056,43.623166111],[1.379003889,43.623491944],[1.377076389,43.622434444],[1.376699167,43.622796667],[1.378640833,43.623861944],[1.378038056,43.624420278],[1.376108611,43.623360278],[1.375561111,43.623888611],[1.375001389,43.624425],[1.375905,43.624923333],[1.375885278,43.625013889],[1.375869722,43.625034722],[1.375839444,43.625066111],[1.3754175,43.625471667],[1.374463056,43.624942778],[1.373983056,43.625404722],[1.374036667,43.625516667],[1.375028333,43.626063611],[1.374843056,43.626256111],[1.374839722,43.626265556],[1.374842778,43.6262725],[1.374855556,43.626283056],[1.374891944,43.626303333],[1.3749475,43.626328611],[1.375012778,43.626358611],[1.375100278,43.626395],[1.375546944,43.626326667],[1.376069722,43.626258889],[1.376226944,43.626375],[1.376122778,43.626583333],[1.377146667,43.627156111],[1.375394167,43.628836389],[1.374885833,43.628614167],[1.3742225,43.628438889],[1.373853889,43.628463333],[1.3713875,43.630757778],[1.371227778,43.630789167],[1.370315278,43.630958056],[1.369560833,43.631301111],[1.369162222,43.631665556],[1.368885,43.632104167],[1.368749444,43.632396667],[1.368361667,43.632774167],[1.369669722,43.633545556],[1.369850278,43.633648889],[1.369669722,43.633728889],[1.369359167,43.633850278],[1.368908889,43.634235278],[1.368636111,43.634030833],[1.368553333,43.633990278],[1.368486389,43.633978056],[1.368414167,43.634007222],[1.368322778,43.634100278],[1.368059167,43.634376111],[1.367494444,43.634065278],[1.367800556,43.633778889],[1.367765833,43.6337375],[1.367778056,43.633541389],[1.367815278,43.633502778],[1.366996944,43.633046111],[1.366929167,43.633074444],[1.366596389,43.632890556],[1.366430278,43.632829444],[1.366476389,43.632783611],[1.3664175,43.632773889],[1.366331389,43.632841667],[1.366222778,43.632813056],[1.366101111,43.632805556],[1.365967778,43.632838333],[1.365855278,43.632884167],[1.365746389,43.63295],[1.365319722,43.63332],[1.3652775,43.633318056],[1.365083333,43.633499722],[1.365104167,43.633533056],[1.365136389,43.633565],[1.365181389,43.633596667],[1.365466389,43.633750833],[1.366144167,43.634125833],[1.366881389,43.634527778],[1.3670475,43.634620556],[1.367094444,43.634643333],[1.3671525,43.634658611],[1.367051111,43.634751944],[1.367023333,43.634724444],[1.366976111,43.634688889],[1.366908611,43.634652222],[1.365460556,43.633856944],[1.365144722,43.633687222],[1.365098889,43.633660833],[1.365058889,43.633643611],[1.365023333,43.633631944],[1.3649875,43.633625278],[1.364947778,43.633629167],[1.364865278,43.633703889],[1.359470556,43.638912778],[1.359383056,43.638880833],[1.358800833,43.6394425],[1.358284444,43.639941111],[1.357618889,43.640574167],[1.356682222,43.641471111],[1.356163611,43.641970833],[1.355973889,43.642152222],[1.355861389,43.642260278],[1.355807222,43.6423225],[1.355682222,43.64248],[1.355527222,43.642668333],[1.355483889,43.642719722],[1.355392778,43.642825],[1.355467778,43.642861389],[1.355440278,43.642894444],[1.355422222,43.642931389],[1.355399722,43.642980556],[1.3553825,43.643031389],[1.355373611,43.64308],[1.355365556,43.643135556],[1.3553775,43.6431875],[1.355392222,43.643234167],[1.35542,43.6432775],[1.355462222,43.6433],[1.3557375,43.643440833],[1.355800833,43.643443056],[1.355866944,43.6434425],[1.355925,43.643438611],[1.356010556,43.64343],[1.356136389,43.643413333],[1.356409444,43.643143889],[1.356558056,43.643002222],[1.357214167,43.643013333],[1.357355833,43.643049722],[1.357398056,43.642988889],[1.357466944,43.642924167],[1.357540556,43.642869167],[1.357605833,43.642828889],[1.357679444,43.642793333],[1.3577525,43.642763056],[1.357834444,43.642738056],[1.357947222,43.6427125],[1.358037778,43.642701111],[1.358121389,43.642698056],[1.358212222,43.642699444],[1.358287222,43.642706667],[1.3583625,43.642718889],[1.358444167,43.642737222],[1.358513889,43.642758611],[1.358574444,43.642781389],[1.358635833,43.642807778],[1.358689722,43.642838056],[1.358740278,43.642869444],[1.358785556,43.642903611],[1.358834444,43.642953056],[1.358883056,43.643013333],[1.358925278,43.643071667],[1.358953333,43.643117222],[1.358971389,43.643148333],[1.358992222,43.643204722],[1.359005,43.643253611],[1.359009722,43.643305556],[1.359009444,43.643357222],[1.359005278,43.643413611],[1.358996667,43.643457778],[1.358983611,43.643500556],[1.358962222,43.643548611],[1.3589375,43.6435975],[1.358908056,43.643641111],[1.358872222,43.643684444],[1.358830833,43.643725],[1.358785556,43.643765833],[1.358740833,43.643799444],[1.358688056,43.643830556],[1.35863,43.643862222],[1.358572222,43.64389],[1.358510278,43.643910278],[1.358444722,43.643929444],[1.3583875,43.643945],[1.358312778,43.643958889],[1.358225278,43.643966389],[1.358145,43.643964167],[1.358104167,43.643966389],[1.357699167,43.644331389],[1.357662778,43.644410278],[1.357686389,43.644446667],[1.357717222,43.644488889],[1.357756111,43.644519722],[1.357811389,43.644555556],[1.357881944,43.644596944],[1.357959444,43.644638333],[1.358438333,43.644896111],[1.358494722,43.644954444],[1.358519722,43.644984444],[1.358469722,43.644998611],[1.358624167,43.645088889],[1.358703611,43.645140278],[1.358806111,43.645207778],[1.358876389,43.645274167],[1.358929167,43.645329722],[1.358973056,43.645382222],[1.359018889,43.645456667],[1.359050833,43.645524444],[1.359095,43.645647222],[1.359121667,43.645743611],[1.359125556,43.645823611],[1.359119444,43.645942778],[1.359111667,43.646066667],[1.359049167,43.646870278],[1.359065278,43.646943333],[1.3591025,43.646986389],[1.359153611,43.647013056],[1.359205833,43.647016111],[1.359256944,43.6470175],[1.359269167,43.647041389],[1.359389167,43.6469275],[1.363904167,43.647246667],[1.363811944,43.647914444],[1.362191111,43.647798333],[1.3621875,43.647825556],[1.360986389,43.647738611],[1.360969167,43.647843333],[1.359460278,43.647804444],[1.359392778,43.647804167],[1.359354722,43.647806111],[1.359300278,43.647810833],[1.359249444,43.647816111],[1.359208056,43.647822222],[1.359165,43.647830556],[1.359121389,43.647840556],[1.359081111,43.6478525],[1.359041667,43.6478675],[1.3590075,43.647882778],[1.358976944,43.647899167],[1.358945833,43.647916944],[1.358918056,43.647935833],[1.358887778,43.647959444],[1.358856389,43.647986111],[1.358825833,43.648016111],[1.358853889,43.648022222],[1.358774167,43.6484625],[1.358783889,43.648494444],[1.358828611,43.648518889],[1.358874444,43.648535556],[1.3589625,43.648558889],[1.359075556,43.648584167],[1.359148611,43.6486],[1.359182778,43.648605833],[1.359235,43.648610556],[1.359296111,43.648616111],[1.359396389,43.648622222],[1.359350556,43.648926944],[1.359175556,43.648916111],[1.359111389,43.648913333],[1.359053889,43.648912778],[1.359008889,43.648914444],[1.358960556,43.648917778],[1.358906944,43.648923333],[1.358858611,43.648932222],[1.358808333,43.648944722],[1.358757778,43.648959444],[1.358724167,43.648973333],[1.358700833,43.648988056],[1.358687778,43.649003056],[1.358681111,43.649018056],[1.358645278,43.649260278],[1.358644722,43.649277778],[1.358650833,43.649295556],[1.358662222,43.649311667],[1.358682222,43.649328889],[1.358705833,43.649344167],[1.358748333,43.6493675],[1.358808056,43.649393889],[1.358855278,43.649410278],[1.358889722,43.649418056],[1.358931389,43.649423333],[1.358984722,43.649428056],[1.359290556,43.649456944],[1.359243611,43.649758333],[1.358880833,43.649762778],[1.358823333,43.649764167],[1.35878,43.6497675],[1.358725,43.649775],[1.358665833,43.649786111],[1.358608611,43.6498025],[1.3585825,43.649815],[1.358471389,43.650726111],[1.358420278,43.651068333],[1.358457778,43.651091667],[1.358509167,43.651115278],[1.358562778,43.651130833],[1.358783611,43.651187222],[1.358852222,43.651202778],[1.358909444,43.651211667],[1.359042778,43.651223333],[1.358993889,43.651673611],[1.358298056,43.651619167],[1.3582675,43.651623611],[1.358166389,43.652325],[1.358173889,43.652345833],[1.358197222,43.652372778],[1.358222222,43.652387222],[1.358261944,43.652403333],[1.358313056,43.652418333],[1.3584025,43.652442222],[1.358563611,43.652484444],[1.358619444,43.652497222],[1.358667222,43.652506111],[1.358713333,43.652511111],[1.3588725,43.652523333],[1.358831667,43.652826111],[1.358653889,43.652816111],[1.358572222,43.652813611],[1.358522222,43.652814444],[1.358476667,43.652818056],[1.358426667,43.6528275],[1.358359444,43.652841944],[1.3583075,43.652855833],[1.358268611,43.652870556],[1.358226389,43.65289],[1.358186389,43.652914167],[1.358151111,43.652937778],[1.358119444,43.652966389],[1.3580875,43.653004722],[1.358011944,43.653096111],[1.357996944,43.653117778],[1.357985556,43.653140833],[1.357974167,43.653180278],[1.357964444,43.653221667],[1.35796,43.653262222],[1.357961389,43.653289722],[1.357967222,43.653323611],[1.357981389,43.6533775],[1.357993611,43.653418333],[1.358020833,43.653506944],[1.358065556,43.653654167],[1.3581025,43.653776389],[1.358220556,43.654153889],[1.358247778,43.65424],[1.358262222,43.654287222],[1.35827,43.654318056],[1.358276111,43.654354167],[1.35828,43.654393889],[1.358282222,43.654451944],[1.358281389,43.654502778],[1.358273611,43.654556944],[1.358266944,43.654607778],[1.358258056,43.654676111],[1.358247222,43.654756111],[1.3580675,43.656070556],[1.357840278,43.657708056],[1.357828611,43.657788333],[1.357816111,43.657857222],[1.35781,43.65789],[1.357803611,43.657924444],[1.357795278,43.657955],[1.357786944,43.657979722],[1.357776389,43.658003611],[1.357759167,43.658032222],[1.357736667,43.658061111],[1.357713611,43.658087778],[1.357685,43.658116111],[1.357652778,43.658143611],[1.357613056,43.658170833],[1.35757,43.658194444],[1.357524722,43.658213056],[1.357482778,43.658227778],[1.357419722,43.658243611],[1.357368611,43.658252222],[1.357299167,43.658258333],[1.3572425,43.658260278],[1.357192778,43.658258333],[1.357133611,43.658253333],[1.357076111,43.658244444],[1.357028333,43.658233611],[1.356997778,43.658226111],[1.356950556,43.658220278],[1.356726944,43.658196111],[1.356688056,43.658195278],[1.356648889,43.658198056],[1.356588333,43.658208333],[1.356632778,43.657870278],[1.356703333,43.657871944],[1.356795278,43.657873611],[1.356885278,43.657871389],[1.356993333,43.657865278],[1.357056389,43.657860278],[1.357140278,43.657850278],[1.357185833,43.657843333],[1.357239722,43.657832222],[1.357283333,43.657817222],[1.357317778,43.657800278],[1.357351667,43.657774444],[1.357381389,43.657745],[1.357398056,43.657721389],[1.357409722,43.657693333],[1.357419722,43.657648611],[1.357424444,43.6576175],[1.357426944,43.657588611],[1.357429167,43.657556667],[1.357428056,43.657527778],[1.357425833,43.657506389],[1.357418611,43.6574825],[1.357408056,43.657455],[1.357392778,43.657428611],[1.357365833,43.657397222],[1.357345556,43.657379722],[1.357320556,43.657363611],[1.357291389,43.657348333],[1.3572575,43.657333889],[1.357210833,43.657315556],[1.357176667,43.657304167],[1.357115,43.657288889],[1.356930556,43.657245556],[1.356876111,43.657233333],[1.356838889,43.657225833],[1.356798889,43.657220556],[1.356754722,43.657216389],[1.356718611,43.657213611],[1.356770556,43.656905556],[1.356823056,43.656910278],[1.3568825,43.656913056],[1.356953056,43.656914722],[1.357021667,43.656912222],[1.357096389,43.656907778],[1.357174444,43.656898611],[1.3572475,43.656888889],[1.357301389,43.6568825],[1.357340833,43.656868889],[1.357395556,43.656848889],[1.357438611,43.656832222],[1.357475,43.656800833],[1.3574975,43.656767778],[1.357523889,43.656715278],[1.357533889,43.65667],[1.357526944,43.656645],[1.357503611,43.656551667],[1.357493056,43.656533611],[1.357488333,43.656519167],[1.357470556,43.656502222],[1.357446111,43.656486944],[1.357418056,43.656472222],[1.357383333,43.656458056],[1.357340556,43.656444444],[1.357276667,43.656427222],[1.357015,43.656369167],[1.356973889,43.656360556],[1.356935,43.656354444],[1.35684,43.656345556],[1.356886667,43.656040833],[1.357021389,43.656042778],[1.357238611,43.656021389],[1.357469444,43.655993611],[1.357581111,43.655948889],[1.357639722,43.655861944],[1.357653056,43.655801389],[1.35764,43.655725],[1.357603056,43.655660278],[1.357496389,43.655599167],[1.357254167,43.6555375],[1.356962222,43.655474722],[1.357000556,43.655173333],[1.357050833,43.655177222],[1.357090278,43.655178056],[1.357143333,43.6551775],[1.357203889,43.655176389],[1.357263056,43.655171944],[1.357312222,43.6551675],[1.357366111,43.655159167],[1.357415833,43.655145556],[1.357455,43.65513],[1.357493056,43.655111667],[1.357522778,43.655094444],[1.357554722,43.655069722],[1.357581389,43.655045278],[1.357605833,43.655016944],[1.35763,43.654983611],[1.357640556,43.654962778],[1.357648333,43.654934722],[1.357679167,43.654706111],[1.357686667,43.6546425],[1.357689444,43.654618056],[1.357688611,43.654588611],[1.3576825,43.654550556],[1.357673611,43.654515278],[1.357665278,43.654492222],[1.357652778,43.654471389],[1.357641111,43.654456111],[1.357625556,43.654441389],[1.357586944,43.654409444],[1.357551944,43.654385278],[1.357529444,43.654370833],[1.357510278,43.654360833],[1.357484167,43.654349167],[1.357447778,43.654335],[1.3574125,43.654324722],[1.3573725,43.654313611],[1.357325833,43.654303889],[1.357275,43.654296389],[1.356022778,43.6541525],[1.355962222,43.654146389],[1.355899167,43.654140833],[1.355836111,43.654136389],[1.35557,43.654118889],[1.355468056,43.654110833],[1.355246111,43.654096667],[1.355070556,43.654084722],[1.354992778,43.654080278],[1.354914444,43.654077222],[1.354820278,43.654073889],[1.354319167,43.654061111],[1.353995833,43.654052778],[1.353920278,43.6540525],[1.353858889,43.654055278],[1.353811111,43.6540625],[1.353765,43.654076667],[1.353720278,43.654094444],[1.353691111,43.654109444],[1.35366,43.654125833],[1.353626111,43.6541525],[1.353570833,43.654206111],[1.353478889,43.654299444],[1.353445556,43.654338611],[1.353407222,43.654398056],[1.353365556,43.654484444],[1.353343056,43.6545325],[1.353324167,43.654581111],[1.353311944,43.654615556],[1.353305278,43.654645278],[1.353304444,43.654678611],[1.353308889,43.65471],[1.353318889,43.654731667],[1.353338611,43.654761111],[1.353366389,43.654788889],[1.353393611,43.654810556],[1.3534325,43.654830556],[1.353476389,43.654846667],[1.353529167,43.654861667],[1.353590278,43.654873611],[1.353642778,43.654879722],[1.353754167,43.654889722],[1.353803056,43.654894444],[1.353758889,43.655195],[1.353653056,43.655186111],[1.35362,43.655184167],[1.353583611,43.655185278],[1.353528889,43.655188333],[1.353228056,43.655219444],[1.353177222,43.655225],[1.35315,43.65523],[1.353123611,43.655237222],[1.353094722,43.655249167],[1.353066111,43.655265556],[1.3530375,43.655286111],[1.353014444,43.655307222],[1.352991667,43.6553325],[1.352976111,43.655354722],[1.352965556,43.655375556],[1.352956667,43.655400833],[1.352950833,43.655429444],[1.352949722,43.655458333],[1.352953056,43.655487778],[1.352960556,43.655512222],[1.352975278,43.655539444],[1.352998611,43.655571111],[1.353029167,43.655601944],[1.353065833,43.655626389],[1.353097222,43.655640278],[1.353140556,43.655656111],[1.353195833,43.655671389],[1.353358611,43.655710556],[1.353507222,43.655746389],[1.353553333,43.655753611],[1.353603333,43.655758333],[1.353676111,43.655763889],[1.353636667,43.656059167],[1.353563889,43.656053889],[1.353513333,43.656053611],[1.353442222,43.656056389],[1.353383333,43.656059722],[1.3531575,43.6560825],[1.353098056,43.656089722],[1.353055278,43.656095278],[1.353022222,43.656102778],[1.352994167,43.656112778],[1.352965,43.6561275],[1.352928889,43.656149167],[1.352902222,43.656170833],[1.352876111,43.656196944],[1.352856389,43.656226944],[1.352841111,43.656261944],[1.352832778,43.656291944],[1.352829722,43.656325],[1.352833611,43.656360833],[1.352849444,43.656400556],[1.352865278,43.656425278],[1.352889444,43.656450833],[1.352920278,43.656477778],[1.352950556,43.6564975],[1.352990556,43.656514167],[1.353039722,43.656531667],[1.353101944,43.656548889],[1.353330278,43.656603889],[1.353394167,43.656617778],[1.35344,43.656624722],[1.353599722,43.656639722],[1.353537222,43.656931111],[1.353414444,43.656924167],[1.353338889,43.656925],[1.353198889,43.656936111],[1.352994444,43.656958056],[1.352936389,43.656965556],[1.352901667,43.656971667],[1.352866667,43.656983889],[1.352833056,43.657000833],[1.352793889,43.657026389],[1.352770278,43.657047222],[1.352746111,43.657072222],[1.352732778,43.657094167],[1.352723611,43.657115],[1.352715278,43.657138611],[1.352706944,43.657170833],[1.352697222,43.657213056],[1.352694444,43.657238333],[1.352689722,43.657286389],[1.3526875,43.657332222],[1.352691389,43.657363056],[1.352699444,43.657388333],[1.352719167,43.6574175],[1.352742778,43.657446667],[1.352771667,43.657473333],[1.352808889,43.6575025],[1.352833333,43.657518056],[1.352871389,43.657529722],[1.352962222,43.6575525],[1.353146389,43.657595833],[1.353267222,43.657623333],[1.3532975,43.657628611],[1.353331667,43.657631944],[1.353416389,43.657639722],[1.353386111,43.6579375],[1.353287778,43.6579325],[1.353246111,43.657931389],[1.353186111,43.657932778],[1.353087222,43.657940278],[1.352893611,43.657959444],[1.352831389,43.657967222],[1.352793333,43.657972778],[1.352754722,43.657981111],[1.352720556,43.657993056],[1.352691111,43.658006667],[1.352666111,43.658023056],[1.352641944,43.658044167],[1.352620556,43.658068611],[1.3525975,43.658105],[1.352585556,43.658138056],[1.352575278,43.658179722],[1.3525,43.658741944],[1.352073611,43.658709167],[1.352316111,43.656863056],[1.3522825,43.656791111],[1.352262778,43.656755],[1.352158333,43.656695833],[1.352101389,43.6566825],[1.351711944,43.656644444],[1.351708333,43.656679444],[1.349161389,43.656503889],[1.349191667,43.656232222],[1.351403611,43.656401944],[1.351485278,43.656408056],[1.351561389,43.656418889],[1.351664167,43.6564325],[1.351733333,43.656440556],[1.351918333,43.656471389],[1.352070556,43.656485],[1.3521325,43.656486111],[1.352228889,43.656462222],[1.352326944,43.656414722],[1.352385556,43.656352778],[1.352421389,43.656176389],[1.352400556,43.656163889],[1.352373611,43.656103056],[1.352315833,43.656048056],[1.352236667,43.6560125],[1.351971944,43.655978889],[1.351969444,43.656039444],[1.351792222,43.656003333],[1.349254167,43.655818889],[1.349286944,43.655554722],[1.351828889,43.655743056],[1.352007778,43.655788889],[1.352220278,43.655813333],[1.352260556,43.655804167],[1.352308611,43.655787222],[1.352373056,43.655758611],[1.352444167,43.655709167],[1.352473611,43.655664444],[1.3524825,43.655632778],[1.352505833,43.65549],[1.35252,43.655320278],[1.352494167,43.655241389],[1.352466389,43.655199722],[1.352433056,43.655172222],[1.352336111,43.655132222],[1.351995,43.655125278],[1.351976944,43.655150556],[1.349353333,43.654954444],[1.349395556,43.654685278],[1.351826944,43.654863056],[1.351880556,43.654871667],[1.3519225,43.654880556],[1.352065833,43.654906111],[1.3524225,43.654927778],[1.352532778,43.654878333],[1.352574722,43.654813333],[1.352610556,43.654781944],[1.3526175,43.654745556],[1.352644722,43.654549444],[1.352681944,43.654284167],[1.352688056,43.654234722],[1.352688056,43.654213333],[1.352684722,43.654187778],[1.352674167,43.654160833],[1.352661944,43.654136389],[1.352643056,43.654106389],[1.352621389,43.654075556],[1.352595,43.654043611],[1.352568056,43.654015556],[1.352545833,43.653996389],[1.352513333,43.653974722],[1.352479167,43.653953333],[1.352438056,43.653930278],[1.352405278,43.653915556],[1.352374167,43.653902222],[1.352339722,43.653891944],[1.352300556,43.653883056],[1.35225,43.6538775],[1.350769444,43.653770278],[1.349432778,43.653685833],[1.349279722,43.653651389],[1.349149167,43.653594722],[1.349050833,43.6535025],[1.348994444,43.653398889],[1.348976944,43.653294167],[1.349046389,43.652811111],[1.349422222,43.652863889],[1.3493675,43.653167778],[1.3494275,43.653296389],[1.349529444,43.653386389],[1.349614167,43.653430278],[1.349739722,43.653455833],[1.349850278,43.653424444],[1.349975833,43.653361667],[1.350056389,43.6532925],[1.350100556,43.653204167],[1.350141667,43.652936667],[1.350505556,43.652965833],[1.350468056,43.6532125],[1.350502222,43.653306111],[1.350562222,43.653406667],[1.350636111,43.653464167],[1.350724444,43.653507778],[1.350806944,43.653533333],[1.350934167,43.653528333],[1.351073611,43.653503056],[1.351158889,43.653463333],[1.351254444,43.653398889],[1.351307222,43.653323611],[1.351341111,43.65324],[1.351376944,43.653013611],[1.35187,43.653056389],[1.351848333,43.653263611],[1.351848333,43.653311944],[1.351850833,43.6533475],[1.351914444,43.653475],[1.35201,43.653559444],[1.352108889,43.653609167],[1.352241389,43.653638333],[1.352363056,43.6536575],[1.352534722,43.653664167],[1.352674167,43.653648333],[1.352807778,43.6536125],[1.352957222,43.65352],[1.353016667,43.653468056],[1.353063611,43.653406111],[1.353159167,43.653239444],[1.353205,43.65318],[1.353260556,43.653086944],[1.353225,43.653075],[1.353271944,43.652991111],[1.353281944,43.652916389],[1.353406667,43.651985278],[1.353564167,43.650800278],[1.353551944,43.650763333],[1.353497222,43.650761389],[1.353413056,43.650573056],[1.353358889,43.6505275],[1.353264444,43.650482778],[1.353131944,43.650429722],[1.352915278,43.650360556],[1.352540278,43.650178611],[1.352448056,43.650190278],[1.352345833,43.650213056],[1.352289444,43.650231944],[1.352222778,43.650266944],[1.352061389,43.650360833],[1.350567778,43.651424444],[1.350516111,43.651455],[1.350403611,43.6515125],[1.350298056,43.651503611],[1.350250278,43.651463889],[1.350191944,43.651398333],[1.350346944,43.651320833],[1.350439444,43.651266389],[1.350796944,43.651018056],[1.351501944,43.650516944],[1.351996389,43.650154444],[1.352051111,43.650110833],[1.352074167,43.650089444],[1.352093333,43.650055833],[1.352105833,43.650009444],[1.352122222,43.649894444],[1.3518725,43.649720278],[1.351826944,43.649712222],[1.351773611,43.6497125],[1.351720278,43.649715278],[1.351693889,43.649719444],[1.351641944,43.649740278],[1.351533056,43.649816944],[1.351457778,43.649877778],[1.351391667,43.649926111],[1.350888056,43.650283889],[1.350343333,43.650673611],[1.349433333,43.651330556],[1.349266667,43.651208056],[1.349951111,43.650716111],[1.350525833,43.650300278],[1.351046667,43.649938889],[1.351336944,43.649725556],[1.351376944,43.649685],[1.351417778,43.64964],[1.351449444,43.649599444],[1.351471389,43.649556667],[1.351480556,43.649505556],[1.351486389,43.649449722],[1.351483333,43.649409167],[1.351477778,43.649371389],[1.3514625,43.649353889],[1.351374722,43.649280833],[1.351296667,43.649278333],[1.351204167,43.649295833],[1.351120833,43.649321111],[1.351047778,43.649355278],[1.349259167,43.650626111],[1.349224444,43.650601667],[1.348540833,43.651087222],[1.348378611,43.650973333],[1.349043333,43.650482778],[1.349011111,43.650458333],[1.350740833,43.649233889],[1.350803889,43.649190556],[1.350834722,43.649166111],[1.350856111,43.649131944],[1.350904722,43.6490525],[1.350951667,43.6489675],[1.350987778,43.648900556],[1.350955278,43.648861389],[1.350926111,43.648815833],[1.350900278,43.648772222],[1.350876667,43.648711944],[1.350860556,43.648653333],[1.350847222,43.648593056],[1.350840556,43.648531111],[1.350850278,43.6484675],[1.350852778,43.648402778],[1.350859722,43.648284722],[1.351013889,43.648274444],[1.351176667,43.647599444],[1.35107,43.647480278],[1.351018333,43.647476944],[1.350889167,43.64766],[1.350785,43.647625278],[1.350943889,43.647379722],[1.350926667,43.647325],[1.350846667,43.647235278],[1.350811111,43.647233889],[1.350779722,43.64724],[1.350764722,43.647253333],[1.350623611,43.647458056],[1.35052,43.647421389],[1.350699167,43.647149444],[1.350707222,43.647122222],[1.350689167,43.647068333],[1.350284444,43.64663],[1.350160833,43.646495],[1.350040278,43.646364444],[1.350003333,43.646319722],[1.349887222,43.64622],[1.349804722,43.646151944],[1.349957778,43.646079167],[1.350061389,43.646183611],[1.350166944,43.646295556],[1.350258333,43.6464025],[1.350376667,43.646532778],[1.350662778,43.646838333],[1.350791667,43.646959167],[1.35089,43.647050556],[1.351179722,43.647301389],[1.351320833,43.647411667],[1.351405,43.647482778],[1.351935278,43.647951111],[1.351398333,43.648245556],[1.351438056,43.648264167],[1.351483333,43.648306111],[1.351504444,43.6484325],[1.351519444,43.648591944],[1.351547778,43.648693056],[1.351568889,43.648759444],[1.351658333,43.648859722],[1.351906667,43.649111667],[1.352138889,43.649141667],[1.352416111,43.649075278],[1.352473611,43.648888889],[1.352288333,43.648733056],[1.352353889,43.64823],[1.353002222,43.647858889],[1.353079167,43.647969444],[1.35313,43.648141667],[1.353119167,43.648174722],[1.352856667,43.648328611],[1.352815556,43.648377778],[1.352894167,43.648455556],[1.352608056,43.648646389],[1.352595,43.648678611],[1.3525975,43.648720556],[1.352751944,43.648850556],[1.353035556,43.648673611],[1.353208333,43.648799722],[1.352923611,43.648999722],[1.352953056,43.649024722],[1.352511111,43.649330833],[1.352483889,43.649381389],[1.352475833,43.649465833],[1.352504167,43.649555833],[1.352517778,43.649616111],[1.352942778,43.649869167],[1.353106111,43.6499375],[1.35325,43.649956389],[1.353364167,43.649944444],[1.353464722,43.649915],[1.353531944,43.649882778],[1.353604722,43.649811944],[1.353662778,43.649738333],[1.353688333,43.649651111],[1.353707222,43.649514167],[1.353793611,43.648258056],[1.353723611,43.6476775],[1.353665,43.647188611],[1.353425833,43.646079444],[1.353349167,43.645937778],[1.354165,43.645847222],[1.3542325,43.646171389],[1.354266944,43.646253889],[1.354325278,43.646325833],[1.354404444,43.646411389],[1.354480278,43.646464444],[1.354587778,43.646491667],[1.356570833,43.646706389],[1.356498333,43.647276667],[1.355014722,43.647216111],[1.354885833,43.647215],[1.354802778,43.647239444],[1.354711944,43.647280556],[1.354638611,43.647333611],[1.354586944,43.647380833],[1.354560833,43.647441667],[1.354545278,43.647503056],[1.354541111,43.647571944],[1.354555833,43.647660278],[1.355862222,43.647707222],[1.355882778,43.647972222],[1.354606111,43.647941111],[1.354711667,43.648333611],[1.354741389,43.648361111],[1.354873333,43.648386111],[1.354824444,43.648771667],[1.354803333,43.648771667],[1.354773056,43.648774444],[1.354709167,43.648786111],[1.35463,43.648803056],[1.354579722,43.648816111],[1.354534167,43.648828056],[1.354500278,43.648839167],[1.354475,43.648850278],[1.354454444,43.648862778],[1.354436667,43.648878889],[1.35442,43.648897778],[1.354403056,43.648925556],[1.354390556,43.648955556],[1.354381667,43.648981667],[1.354377778,43.649011389],[1.354379444,43.649040833],[1.354385833,43.649066111],[1.3544,43.649090833],[1.354418333,43.649118333],[1.354444167,43.649143889],[1.354478333,43.64917],[1.354524444,43.649196389],[1.354571667,43.649216667],[1.354616389,43.649230278],[1.354666111,43.649241389],[1.354721389,43.649249444],[1.354757222,43.649253333],[1.354705278,43.649636944],[1.354613333,43.6496375],[1.354550833,43.649637778],[1.354517778,43.649640278],[1.354492222,43.649642778],[1.3544725,43.649646667],[1.354451944,43.6496525],[1.3544325,43.649658889],[1.354409444,43.649670556],[1.354383611,43.649685],[1.354357778,43.649705],[1.354335278,43.649723889],[1.354312222,43.649748611],[1.354294444,43.649768611],[1.354282778,43.649786667],[1.354273056,43.649807778],[1.354269167,43.649829722],[1.354267778,43.649854167],[1.354268889,43.6498775],[1.354271944,43.649901111],[1.354278333,43.649927778],[1.354288611,43.649953333],[1.354298889,43.649968889],[1.354315,43.649986944],[1.354343333,43.650009444],[1.354378889,43.650033889],[1.354424722,43.650058611],[1.354466944,43.650076667],[1.354511389,43.650090556],[1.354551667,43.650101111],[1.354590833,43.650108333],[1.35464,43.650113611],[1.354589167,43.650485],[1.354541389,43.650485556],[1.354500833,43.650488056],[1.354469167,43.6504925],[1.3544375,43.6505],[1.354408333,43.65051],[1.354386389,43.650519167],[1.354346389,43.650536667],[1.354293889,43.650559722],[1.354256389,43.650576944],[1.3542325,43.650591389],[1.354213333,43.650605],[1.354193611,43.650626389],[1.354176111,43.650649444],[1.354160556,43.650673611],[1.354150833,43.650696389],[1.354145,43.650723333],[1.354148333,43.650756389],[1.354156111,43.650780556],[1.354171667,43.650811944],[1.354193056,43.650845],[1.354234722,43.650878333],[1.354284722,43.650908333],[1.354330556,43.650926389],[1.354393611,43.650942222],[1.354467778,43.650955556],[1.354521667,43.650962222],[1.354471111,43.651346667],[1.35444,43.651346111],[1.354395556,43.651345556],[1.354345278,43.651346389],[1.354301944,43.651348611],[1.354268611,43.651354722],[1.3542375,43.651362222],[1.354206944,43.651372222],[1.354176944,43.651385278],[1.354148889,43.651399167],[1.354123056,43.651413333],[1.354101389,43.651426944],[1.354082778,43.651443056],[1.354065556,43.651463611],[1.35405,43.651486111],[1.354038056,43.651514444],[1.354031667,43.651538889],[1.354028889,43.651568611],[1.354029722,43.651597222],[1.354037222,43.651629722],[1.35405,43.651659722],[1.354064444,43.651684167],[1.354088611,43.651711389],[1.354119722,43.651739167],[1.354155,43.651761111],[1.35419,43.651776389],[1.354233056,43.651788611],[1.354276944,43.651798889],[1.354325833,43.651806389],[1.354406667,43.651815],[1.354352222,43.652206944],[1.354308056,43.652203611],[1.354261389,43.652201944],[1.354218056,43.6522025],[1.354176944,43.652205278],[1.354136389,43.652211389],[1.354105556,43.652220278],[1.354077222,43.652231944],[1.354048889,43.652247222],[1.354024444,43.652263889],[1.353997778,43.652284444],[1.353972778,43.6523075],[1.353949167,43.652332778],[1.35393,43.652361389],[1.353916944,43.652391111],[1.353910278,43.652420556],[1.353911111,43.652448333],[1.353918611,43.652476944],[1.353931944,43.652515556],[1.353945556,43.65254],[1.353966111,43.652563889],[1.353993889,43.652587222],[1.354018056,43.652603889],[1.354047778,43.652620278],[1.354081389,43.652633333],[1.354123333,43.652646667],[1.3541675,43.652655556],[1.354217222,43.652660833],[1.354289167,43.652666944],[1.354236111,43.653063889],[1.354209167,43.653061944],[1.354160833,43.653059167],[1.354117222,43.653058056],[1.354077778,43.65306],[1.354037222,43.653064722],[1.353996111,43.653072778],[1.353951389,43.653083333],[1.353910833,43.653096111],[1.3538825,43.653106944],[1.35386,43.653119444],[1.353839722,43.653134444],[1.35382,43.653153333],[1.353800556,43.653178333],[1.353787222,43.653208333],[1.3537825,43.653238333],[1.353778333,43.653289167],[1.353775833,43.653344167],[1.353778056,43.653367778],[1.353785278,43.653385556],[1.3537975,43.653408333],[1.353813611,43.653436111],[1.353836944,43.653473333],[1.3538625,43.653508611],[1.35389,43.653538333],[1.353913889,43.653561389],[1.353945833,43.653589167],[1.3539875,43.653620833],[1.354035,43.65365],[1.354076389,43.6536725],[1.354125278,43.653695278],[1.354173889,43.6537125],[1.354228889,43.653728611],[1.354273056,43.6537375],[1.354351389,43.653747778],[1.354539722,43.653770833],[1.354879167,43.653812778],[1.355046667,43.653831667],[1.355323889,43.653865556],[1.355447778,43.65388],[1.355521111,43.653886111],[1.355625556,43.653890556],[1.356291389,43.653910556],[1.356624444,43.653920278],[1.356731111,43.653923056],[1.356788611,43.653921944],[1.356858056,43.653918056],[1.356934167,43.653908889],[1.356998889,43.653898056],[1.3570475,43.653887222],[1.357090833,43.653874167],[1.357142222,43.653853889],[1.357186111,43.653833333],[1.357224167,43.653812778],[1.357270833,43.653782222],[1.357318056,43.653746111],[1.357347222,43.65372],[1.3573825,43.653688056],[1.357410278,43.653659167],[1.357433333,43.653628611],[1.357448333,43.653594722],[1.357458333,43.653568056],[1.357461111,43.653534722],[1.357456667,43.653500833],[1.357447778,43.653458611],[1.357438889,43.653424722],[1.3574275,43.653401389],[1.357410278,43.653378611],[1.357386111,43.653353889],[1.357360833,43.653333333],[1.357334722,43.653318889],[1.3573,43.653304722],[1.357255556,43.653291667],[1.357213056,43.653279722],[1.357171667,43.653268611],[1.357115,43.653258889],[1.357064444,43.653250556],[1.357116944,43.652870833],[1.357192222,43.652875833],[1.357235278,43.652878333],[1.357279167,43.652878611],[1.357321667,43.652874167],[1.3573575,43.6528675],[1.357391667,43.652855],[1.357417778,43.652841667],[1.357455278,43.652815556],[1.357489444,43.652789167],[1.357517778,43.652759444],[1.357536944,43.652731667],[1.357546667,43.652706944],[1.357550833,43.652679167],[1.357551944,43.652648333],[1.357550556,43.652604444],[1.357545833,43.652574167],[1.357538056,43.652553889],[1.357523056,43.652536667],[1.357498056,43.652510556],[1.357461667,43.652483889],[1.357424167,43.652460833],[1.357385556,43.652444167],[1.357342778,43.652431944],[1.357294444,43.652424167],[1.357179167,43.652412778],[1.357232778,43.6520225],[1.357293889,43.652007222],[1.357350833,43.651988611],[1.357395278,43.651968611],[1.357434167,43.651946389],[1.357473056,43.651917778],[1.357516667,43.651877778],[1.357531667,43.651856389],[1.357541944,43.65183],[1.357548889,43.651789722],[1.357553056,43.651746667],[1.357551944,43.65173],[1.357542778,43.651710833],[1.357525278,43.651693056],[1.357476111,43.651651667],[1.357442778,43.651625833],[1.357408889,43.651605833],[1.357367222,43.6515875],[1.357326389,43.651573611],[1.357295556,43.651565833],[1.357353333,43.651143056],[1.357445833,43.6511275],[1.35749,43.651115278],[1.357528056,43.651098056],[1.357566389,43.6510775],[1.357600556,43.651054444],[1.357628889,43.651026667],[1.357649722,43.650997778],[1.357656111,43.650976667],[1.357659167,43.650950833],[1.357659167,43.6509225],[1.357650833,43.650893333],[1.357633333,43.650857778],[1.357610278,43.650826667],[1.357585833,43.650799444],[1.357551944,43.650769444],[1.357516667,43.650746111],[1.357479444,43.650726389],[1.357444444,43.650716667],[1.357412778,43.650709167],[1.357470278,43.650293611],[1.357527222,43.650286944],[1.357564444,43.650280278],[1.357593056,43.650271111],[1.357619722,43.650259167],[1.357659167,43.650237222],[1.357699444,43.650209722],[1.3577325,43.650181667],[1.357753889,43.650159444],[1.357769722,43.650130278],[1.3577775,43.650098889],[1.357781667,43.650068056],[1.3577825,43.650039167],[1.357776667,43.650015833],[1.357757778,43.649990278],[1.357720833,43.649954167],[1.357682778,43.649921111],[1.357649722,43.649898333],[1.357615833,43.649880833],[1.357575833,43.649864444],[1.357529722,43.649851111],[1.357585833,43.649448611],[1.357621389,43.649441389],[1.357667778,43.64943],[1.357715278,43.649414722],[1.357758889,43.649398056],[1.357808056,43.649367222],[1.357843889,43.649335833],[1.357867222,43.649307222],[1.357884444,43.649273611],[1.357893056,43.649234722],[1.357894444,43.649205278],[1.357888056,43.649173889],[1.357866111,43.649138611],[1.357836389,43.649103056],[1.357803333,43.649070833],[1.357766389,43.649042222],[1.357717222,43.649017778],[1.357686111,43.649007222],[1.3576475,43.648996667],[1.357702778,43.648594167],[1.357749167,43.648582222],[1.357831944,43.648560833],[1.357908611,43.648531667],[1.358008056,43.648064444],[1.357091667,43.647993056],[1.357116944,43.6478025],[1.357901389,43.647868056],[1.357955833,43.647884722],[1.358038056,43.647893333],[1.358035556,43.647689722],[1.358019167,43.647636389],[1.357996389,43.647576944],[1.357948056,43.64751],[1.357881111,43.647471111],[1.357793611,43.647437778],[1.357717778,43.647418889],[1.356499722,43.6472775],[1.356575556,43.646705],[1.356721111,43.646714722],[1.357728333,43.646741111],[1.357868611,43.646738056],[1.357994444,43.646718333],[1.358016111,43.646706111],[1.35806,43.646634167],[1.358116667,43.646573611],[1.358151389,43.646508056],[1.358118611,43.646482778],[1.358048611,43.646450833],[1.3579975,43.646429722],[1.358051111,43.646038611],[1.358172778,43.6460475],[1.358193611,43.646047778],[1.358213333,43.646044167],[1.358238333,43.646035278],[1.358307222,43.646001944],[1.358316389,43.645778056],[1.358264444,43.645659167],[1.358193333,43.645595833],[1.358120278,43.645545],[1.358037778,43.6454975],[1.357356111,43.645065556],[1.356886944,43.6448025],[1.356324444,43.644496111],[1.355468333,43.644076389],[1.355208889,43.643951667],[1.355082778,43.643902222],[1.354935,43.643862778],[1.354945,43.643786667],[1.354846111,43.643772778],[1.354786111,43.643766111],[1.35472,43.643775556],[1.354657778,43.643781389],[1.354572778,43.643806667],[1.354482222,43.643846944],[1.354397778,43.643893889],[1.354318056,43.643955],[1.3542475,43.6440075],[1.354095556,43.644132222],[1.354013611,43.644208611],[1.353940833,43.644285556],[1.353882778,43.644359167],[1.353847778,43.644405833],[1.353817778,43.644473056],[1.353801111,43.644530556],[1.353798333,43.644595833],[1.353793056,43.644672778],[1.353874444,43.645178333],[1.353974444,43.645160833],[1.354164722,43.645846667],[1.353938889,43.6458725],[1.353353611,43.645938889],[1.353151389,43.645231389],[1.3532575,43.645204167],[1.353232778,43.645150278],[1.3531875,43.645078611],[1.353128611,43.645009167],[1.353061944,43.644961944],[1.353002778,43.644931667],[1.35293,43.644916111],[1.352618056,43.644879722],[1.352474722,43.644894444],[1.352150556,43.644950556],[1.351620833,43.645050833],[1.349901389,43.645486389],[1.349750833,43.645559444],[1.3497075,43.645611389],[1.349682222,43.6456675],[1.349587778,43.6457],[1.349591389,43.645653611],[1.349616944,43.645606667],[1.349646389,43.645563056],[1.349730278,43.645469444],[1.349521667,43.645524444],[1.349435278,43.645545278],[1.349367222,43.645560278],[1.34929,43.645572222],[1.349231111,43.645579444],[1.349173333,43.645583889],[1.349105556,43.645586111],[1.349029444,43.645586667],[1.348939444,43.645586111],[1.348882222,43.645582778],[1.348827222,43.6455775],[1.348756944,43.645564444],[1.349203611,43.645814444],[1.349105556,43.645839722],[1.348829167,43.645694444],[1.348551944,43.645561389],[1.347884722,43.645200833]]]}},{"type":"Feature","id":"surface.hard_surface_2.002","properties":{"name":"Hard surface type 2 002","layer":"Airfield surfaces","category":"Hard surfaces — type 2","object_type":"Area","style_id":"surface.hard_surface_2","airport":"LFBO","geometry_role":"filled_region","vsmr_group_ids":[[]]},"geometry":{"type":"Polygon","coordinates":[[[1.344284444,43.643319444],[1.344181111,43.643301389],[1.344093056,43.643284167],[1.344009167,43.64327],[1.3434475,43.643670833],[1.343261944,43.643815556],[1.342819722,43.64424],[1.342095556,43.644926111],[1.342028333,43.644978889],[1.341958889,43.645019167],[1.3418725,43.645055556],[1.3417875,43.645083333],[1.341684444,43.645103889],[1.341588333,43.645114167],[1.341318333,43.645130833],[1.341084722,43.645143056],[1.340620833,43.645156111],[1.340611944,43.645023333],[1.340770556,43.645016111],[1.340822222,43.645001667],[1.340864722,43.644983333],[1.340905,43.644956111],[1.340923611,43.644933056],[1.340929167,43.644911111],[1.340936111,43.644874444],[1.340933056,43.644836667],[1.340920556,43.644692778],[1.340921111,43.644671944],[1.340925556,43.6446575],[1.340938611,43.644641667],[1.340958611,43.644631389],[1.340987778,43.644626944],[1.341029444,43.644625833],[1.341058889,43.644631111],[1.341082222,43.644638056],[1.341097222,43.644654444],[1.341103056,43.644681667],[1.341119722,43.644881667],[1.341124167,43.644902778],[1.341132778,43.644917222],[1.341154444,43.644938333],[1.341182778,43.644961944],[1.341206944,43.644976389],[1.341224444,43.644984167],[1.3412425,43.644986389],[1.341288333,43.644991667],[1.3413575,43.644994167],[1.341527222,43.644987778],[1.341624444,43.644980833],[1.341694722,43.644939167],[1.341896944,43.644732222],[1.3419225,43.644682778],[1.341931667,43.644625],[1.341915556,43.644573611],[1.341879444,43.644518056],[1.341823056,43.644474167],[1.341277778,43.644098333],[1.341471111,43.643917778],[1.342106111,43.644194722],[1.342181944,43.644218889],[1.342246944,43.644230833],[1.3423225,43.644229444],[1.342389167,43.644221111],[1.342499167,43.644168056],[1.343416944,43.643284167],[1.343925,43.642767222],[1.344815833,43.641904444],[1.3493725,43.637533056],[1.3494375,43.637446389],[1.349498611,43.637355278],[1.349550278,43.637249167],[1.3495825,43.637148889],[1.349606389,43.637013333],[1.349586389,43.6368975],[1.349530278,43.636799444],[1.349443333,43.636714167],[1.348871944,43.636369167],[1.348821111,43.6363575],[1.348757222,43.636360278],[1.348701667,43.636358611],[1.348620556,43.636384722],[1.3485475,43.636439167],[1.347914444,43.636096111],[1.347958333,43.636027222],[1.347969722,43.635986389],[1.347974444,43.635947222],[1.34796,43.635901944],[1.347937778,43.635869444],[1.347904444,43.63584],[1.347866944,43.635829722],[1.347731389,43.635961667],[1.347062222,43.635594167],[1.347202778,43.635439722],[1.347140833,43.635393889],[1.347064444,43.635353889],[1.346985278,43.635300278],[1.346896944,43.635233056],[1.346807222,43.635149722],[1.346724444,43.635060833],[1.3466625,43.634986944],[1.346612778,43.634916389],[1.346540556,43.634813611],[1.34649,43.634703889],[1.3464675,43.634611667],[1.346446944,43.634530833],[1.346425278,43.634450278],[1.346407222,43.634387778],[1.346392778,43.634325556],[1.346347778,43.634302778],[1.346316111,43.634289444],[1.346271944,43.6342775],[1.346219444,43.634266944],[1.346149722,43.634254722],[1.346075,43.634247778],[1.346006667,43.634243611],[1.345965,43.634243889],[1.345925833,43.634248889],[1.345885833,43.634254444],[1.345831944,43.634261944],[1.345763889,43.634266944],[1.345718889,43.634268056],[1.345675833,43.634266111],[1.345626944,43.634261944],[1.345581667,43.634253056],[1.345543889,43.634241389],[1.3455275,43.634236667],[1.345511111,43.634236389],[1.345500278,43.634238056],[1.345488889,43.634241667],[1.345476667,43.634243333],[1.345436111,43.634238333],[1.346424444,43.633288056],[1.348216667,43.633020833],[1.348776667,43.6333],[1.348591111,43.633477778],[1.348331667,43.633335],[1.348001111,43.633660278],[1.347964444,43.633639167],[1.347925278,43.633616944],[1.347860833,43.633598056],[1.347807778,43.633587778],[1.347741389,43.633583056],[1.347690833,43.633576944],[1.347633056,43.6335925],[1.347595278,43.633611667],[1.3475575,43.633634444],[1.347523889,43.633661944],[1.347493333,43.633699167],[1.347477778,43.633723333],[1.347473611,43.633764722],[1.347476111,43.633804167],[1.347491667,43.633858889],[1.347512778,43.6338925],[1.347551667,43.633924167],[1.347594167,43.633952778],[1.347628611,43.633972222],[1.347661944,43.633990556],[1.347323333,43.634306667],[1.347304722,43.634305833],[1.347281111,43.634308333],[1.347256389,43.634314444],[1.347235556,43.634325278],[1.347217778,43.6343425],[1.347184722,43.634385833],[1.347152778,43.6344325],[1.347127778,43.634468889],[1.347113611,43.634495],[1.347105,43.634520556],[1.3470975,43.634555278],[1.347093611,43.634586111],[1.3470925,43.634619722],[1.347093889,43.634655],[1.347099167,43.634698056],[1.3471075,43.6347325],[1.347121944,43.634776944],[1.347146111,43.634830556],[1.347174722,43.634876111],[1.347216389,43.634926944],[1.347252778,43.634961667],[1.347305556,43.635001944],[1.347375,43.635048889],[1.347446667,43.635091667],[1.347736667,43.635251667],[1.348366944,43.635596944],[1.348558889,43.635700833],[1.348653056,43.635750556],[1.348704444,43.635775556],[1.348754167,43.635796389],[1.348814444,43.635819167],[1.348883333,43.635836944],[1.348934444,43.635845556],[1.348991944,43.635850833],[1.349034167,43.635851944],[1.349084167,43.635851389],[1.349133611,43.635847778],[1.3491775,43.635841667],[1.349225278,43.635833333],[1.349271111,43.635822222],[1.349316667,43.635807778],[1.349359444,43.635790833],[1.349416111,43.635758611],[1.349452778,43.635730833],[1.349481389,43.635700833],[1.349505278,43.6356675],[1.3495175,43.635599722],[1.349513333,43.635567778],[1.3495,43.635529167],[1.349473611,43.6354975],[1.349413333,43.635455278],[1.349328889,43.635410278],[1.349666389,43.635083889],[1.349701944,43.635105],[1.349749722,43.6351275],[1.349797778,43.635151111],[1.349855833,43.635168611],[1.349927222,43.635178056],[1.349998056,43.635172222],[1.350029722,43.635155],[1.350071111,43.635133611],[1.350105556,43.635112778],[1.350138611,43.635084444],[1.350168056,43.635055278],[1.350190833,43.635023611],[1.3502,43.634990278],[1.350204444,43.634959167],[1.350205,43.634924722],[1.350203889,43.63491],[1.350187222,43.634888056],[1.350168333,43.634862222],[1.350136111,43.634838611],[1.350066389,43.634798611],[1.349993889,43.634757778],[1.350280833,43.634490556],[1.350334444,43.634439167],[1.350394722,43.634469444],[1.350425556,43.634489722],[1.350468889,43.634510278],[1.350513889,43.634531389],[1.350552778,43.634541944],[1.350598333,43.634538611],[1.350641944,43.6345325],[1.350691667,43.634515],[1.350738889,43.634494722],[1.350775833,43.6344725],[1.350825,43.634423611],[1.350865833,43.634368889],[1.350876667,43.6343275],[1.350875833,43.634299444],[1.350866944,43.634253889],[1.350848333,43.634223333],[1.350819722,43.634198611],[1.350665556,43.634108611],[1.351004722,43.633788611],[1.351078056,43.633830833],[1.351125278,43.633858611],[1.351158611,43.633875278],[1.351198889,43.6338875],[1.351254444,43.633893611],[1.351353611,43.633868333],[1.351415556,43.633817222],[1.351446944,43.633758889],[1.351450833,43.63369],[1.351412222,43.633626944],[1.351354722,43.633586111],[1.351221944,43.633510278],[1.351665556,43.633084722],[1.351722778,43.633120833],[1.351788333,43.633156667],[1.351841389,43.633184722],[1.351877222,43.633198611],[1.351906944,43.633205],[1.3519375,43.633206667],[1.351970833,43.633203611],[1.351996944,43.633195278],[1.352026111,43.633178056],[1.352044167,43.633161111],[1.352057778,43.633138333],[1.352063889,43.633113056],[1.352060833,43.633091667],[1.352047222,43.633067222],[1.352026111,43.633045556],[1.352005833,43.633031111],[1.351823056,43.632933333],[1.352263889,43.632506389],[1.352299167,43.632530556],[1.352342778,43.632554167],[1.3524,43.632578889],[1.352458333,43.632594167],[1.35252,43.632600833],[1.352575556,43.632595833],[1.352616944,43.632586111],[1.352648056,43.632571111],[1.352680556,43.632549167],[1.352705833,43.6325175],[1.352721667,43.63249],[1.352724444,43.632457222],[1.352715833,43.632424167],[1.352699444,43.632388889],[1.352675278,43.632360278],[1.352645833,43.632331111],[1.352606389,43.632303056],[1.352566389,43.632278333],[1.35253,43.632255278],[1.352743611,43.632046667],[1.352768333,43.632063611],[1.352807778,43.632084167],[1.352863333,43.632106667],[1.352913333,43.632120556],[1.352961111,43.632128889],[1.352999722,43.632129444],[1.353044444,43.632125],[1.353085833,43.632116944],[1.353121667,43.632104167],[1.353154167,43.632084722],[1.3531825,43.632063611],[1.353205556,43.632036667],[1.353222222,43.632013056],[1.353234444,43.631984167],[1.353235556,43.631950833],[1.353228333,43.631920833],[1.353216944,43.631893056],[1.3532025,43.631867222],[1.353176389,43.631839722],[1.353135556,43.631805833],[1.353049167,43.631751667],[1.354036389,43.630801667],[1.353852778,43.630700556],[1.354211667,43.630353889],[1.354247778,43.630374722],[1.354293889,43.630395556],[1.354351389,43.630413611],[1.354406667,43.630423056],[1.354471111,43.630425],[1.3545325,43.630415278],[1.354591111,43.630391111],[1.354625278,43.630365556],[1.354649444,43.630337222],[1.35467,43.630298333],[1.354682778,43.630243056],[1.354693611,43.630179167],[1.354697778,43.630122222],[1.354690556,43.630060556],[1.354678056,43.630018333],[1.354666944,43.629983056],[1.354640833,43.629940833],[1.354604167,43.629887778],[1.354561667,43.629843889],[1.354506944,43.629798611],[1.354454444,43.629767778],[1.354396667,43.629737222],[1.354313889,43.629708889],[1.354228333,43.629691111],[1.354163056,43.629681944],[1.35407,43.629676111],[1.352407778,43.629651389],[1.3521325,43.6296475],[1.352089167,43.629649722],[1.352044722,43.629656111],[1.352004167,43.629668056],[1.351973611,43.629682222],[1.351946389,43.629702222],[1.351918056,43.629730556],[1.351899167,43.629758333],[1.351886111,43.629787222],[1.351877778,43.6298275],[1.351881667,43.629861944],[1.351900278,43.629898889],[1.351925833,43.629922222],[1.351957222,43.629938333],[1.351149167,43.630714167],[1.351139167,43.63071],[1.351121389,43.630708889],[1.351093889,43.630708889],[1.351069722,43.630713056],[1.3510475,43.630722222],[1.3510275,43.6307375],[1.351013056,43.630752222],[1.351008611,43.630761944],[1.351009167,43.630781389],[1.351014722,43.630805833],[1.351025833,43.630831389],[1.350616667,43.631226944],[1.350600556,43.631219167],[1.350582222,43.631211667],[1.350564444,43.6312075],[1.350541111,43.631204722],[1.350511944,43.631203889],[1.350446389,43.631205278],[1.350413333,43.631212222],[1.3503825,43.631223333],[1.350355278,43.631238889],[1.35033,43.631259444],[1.350306111,43.631284167],[1.350296667,43.631306944],[1.350294722,43.631348056],[1.350302778,43.631380278],[1.350320278,43.631410833],[1.350346389,43.631440278],[1.350374167,43.631463056],[1.349924722,43.631895278],[1.349905278,43.631882778],[1.349876944,43.631867222],[1.349846111,43.631856389],[1.349812778,43.631850833],[1.349779444,43.631848889],[1.349744444,43.63185],[1.349721667,43.631856667],[1.349699722,43.631868889],[1.349676667,43.631889167],[1.349662222,43.631907778],[1.349658056,43.631920833],[1.349658056,43.631938611],[1.349664167,43.631959444],[1.349677222,43.631979444],[1.349696944,43.632004722],[1.349723333,43.632021667],[1.349915833,43.6321275],[1.349776667,43.632262222],[1.349731111,43.632235278],[1.349680833,43.63221],[1.349618333,43.632187222],[1.349586389,43.632180833],[1.3495625,43.632179722],[1.349533889,43.632183889],[1.349506389,43.632194167],[1.349482222,43.632209167],[1.349458056,43.632231944],[1.349448056,43.6322525],[1.349447222,43.632278889],[1.349456667,43.632308333],[1.349470833,43.632328333],[1.349506667,43.632355278],[1.349618056,43.632414167],[1.349478611,43.632548056],[1.348767778,43.632181111],[1.349646944,43.631335556],[1.349976944,43.631020278],[1.350045556,43.63094],[1.351045278,43.629970833],[1.351236111,43.629800833],[1.351278333,43.6297575],[1.351301944,43.629701111],[1.351011944,43.629695556],[1.351006944,43.629488889],[1.3515175,43.6295],[1.351540556,43.629466944],[1.351631944,43.629451667],[1.351695833,43.629429722],[1.351795278,43.629410278],[1.351895556,43.6293975],[1.351988056,43.629383889],[1.352063056,43.629381111],[1.3521,43.629376944],[1.352122778,43.629373333],[1.352144722,43.629355556],[1.352163611,43.629339167],[1.352173333,43.62932],[1.352199167,43.629258611],[1.35224,43.629129444],[1.352255278,43.629096111],[1.352260833,43.629060833],[1.352268333,43.6289875],[1.352295833,43.628985278],[1.3523,43.628873056],[1.352670278,43.628883889],[1.3526825,43.628938056],[1.352695,43.628956667],[1.352702222,43.628971667],[1.352704167,43.629025278],[1.352704722,43.629075833],[1.352703056,43.629141389],[1.352726944,43.629275833],[1.352737222,43.629335556],[1.352746944,43.62936],[1.352765833,43.629380278],[1.352794167,43.629396111],[1.352823056,43.629404167],[1.352855,43.6294075],[1.352906389,43.629406944],[1.352938611,43.629403611],[1.352968056,43.629396667],[1.352992222,43.6293875],[1.353013056,43.629374167],[1.353026667,43.629357222],[1.353034167,43.629337222],[1.353048056,43.629286944],[1.353084444,43.629168333],[1.353093611,43.629119444],[1.353103056,43.629068889],[1.353105,43.628978889],[1.353136667,43.628979722],[1.353138611,43.628878333],[1.353535,43.628896944],[1.353517778,43.629001667],[1.353551389,43.629003611],[1.353550833,43.629133611],[1.353560556,43.629180833],[1.353582778,43.629301389],[1.353590278,43.6293525],[1.353604722,43.629383333],[1.3536225,43.629400556],[1.353642778,43.629413889],[1.353676944,43.629420833],[1.353708333,43.629423889],[1.353748333,43.629423056],[1.353781944,43.629423611],[1.353816111,43.629413333],[1.353839722,43.629401389],[1.353854444,43.629378889],[1.353861667,43.629351667],[1.353927778,43.629096111],[1.353945833,43.629022778],[1.353970278,43.629005],[1.353983611,43.6289125],[1.3543725,43.628931111],[1.354355278,43.629065278],[1.354400833,43.629074722],[1.354393889,43.629161111],[1.354400278,43.629233611],[1.354420278,43.629314722],[1.354443611,43.6293925],[1.35445,43.629411667],[1.354460833,43.629425556],[1.354480278,43.629438611],[1.354547778,43.629446111],[1.354888889,43.629459722],[1.3549175,43.629458611],[1.354950556,43.629449722],[1.354981667,43.629436944],[1.355008056,43.629419444],[1.355031667,43.629394444],[1.355051111,43.629346944],[1.355066389,43.629278889],[1.355089444,43.628999444],[1.355475278,43.629017778],[1.355495556,43.629209167],[1.355503056,43.629257222],[1.355511944,43.629273333],[1.355528056,43.629283889],[1.355552778,43.629289167],[1.355584167,43.629285556],[1.355628611,43.629264444],[1.355696667,43.629213333],[1.355888611,43.629083611],[1.355898056,43.629010278],[1.355900833,43.629001389],[1.355908333,43.628991389],[1.355955,43.628944167],[1.355899722,43.628917222],[1.35591,43.628713889],[1.356461944,43.628203333],[1.356493611,43.628218611],[1.356610556,43.628106667],[1.3566175,43.628075278],[1.35662,43.628027778],[1.356614722,43.627969167],[1.356605833,43.627921667],[1.356592222,43.627879167],[1.356568056,43.627822222],[1.356546667,43.627777778],[1.356513611,43.627728611],[1.356472778,43.627682778],[1.356426389,43.627636111],[1.356391667,43.627604722],[1.356347222,43.627570278],[1.356286667,43.627532778],[1.356281111,43.627523889],[1.355739444,43.627233889],[1.355635556,43.627186389],[1.355594722,43.627177778],[1.355525278,43.627173889],[1.355460833,43.627180833],[1.355410556,43.627194167],[1.355368889,43.627213333],[1.355316944,43.627246667],[1.355286944,43.627278889],[1.355263889,43.627312222],[1.355253889,43.627346944],[1.355239167,43.627433333],[1.354682778,43.627425278],[1.354693056,43.627266111],[1.354690278,43.627237778],[1.354679722,43.627189722],[1.3546625,43.627173056],[1.3546325,43.627154722],[1.3545975,43.627139722],[1.354546667,43.627130833],[1.354516111,43.627130556],[1.354483333,43.627135556],[1.354445556,43.6271475],[1.354413611,43.627166667],[1.354388889,43.627195],[1.354375833,43.627415278],[1.353804167,43.627401111],[1.3538125,43.6272225],[1.353808056,43.627193889],[1.353794444,43.627151667],[1.353769722,43.627123611],[1.353744444,43.627106944],[1.353721944,43.627095278],[1.353460556,43.627091111],[1.353235556,43.6272175],[1.353221389,43.627227222],[1.353216389,43.627235],[1.353193611,43.627424444],[1.352723611,43.627412778],[1.352754167,43.627165556],[1.352752222,43.627143056],[1.352744722,43.627123333],[1.352729722,43.627101389],[1.352706944,43.627081111],[1.352682222,43.627063611],[1.352643333,43.627050833],[1.352603889,43.627046111],[1.352554444,43.627046111],[1.352514722,43.627054167],[1.352480278,43.627068889],[1.352450556,43.62709],[1.352431944,43.627111111],[1.352423611,43.627136944],[1.352415833,43.627166667],[1.352399444,43.627413056],[1.351865833,43.627405278],[1.351889444,43.626972222],[1.351865556,43.626953056],[1.35183,43.626934444],[1.351793333,43.626923056],[1.351749722,43.626919167],[1.351710278,43.626921389],[1.351665,43.626934167],[1.351629167,43.626953056],[1.351622222,43.626960556],[1.351609167,43.627063889],[1.351581111,43.627384167],[1.351022222,43.627373611],[1.351046111,43.626971389],[1.351045556,43.626951111],[1.351036667,43.626934722],[1.351005833,43.626916111],[1.350971389,43.626900833],[1.350940556,43.626896111],[1.350898333,43.626894167],[1.350860833,43.626898889],[1.350820833,43.626909444],[1.350791667,43.626926111],[1.350780833,43.626938056],[1.350774722,43.626960833],[1.3507675,43.627005],[1.350738333,43.627396944],[1.35018,43.6273725],[1.350202222,43.626988056],[1.350202222,43.626966111],[1.3501875,43.626912778],[1.3501775,43.626898056],[1.350154444,43.626886944],[1.350117222,43.626874722],[1.350082222,43.626868889],[1.349948333,43.626865278],[1.349858611,43.626863333],[1.349691944,43.626858333],[1.349611111,43.626856667],[1.349518056,43.62687],[1.3494625,43.626909722],[1.349443056,43.626936111],[1.349427778,43.626960278],[1.349413611,43.627290556],[1.348668889,43.627299167],[1.348695833,43.626831944],[1.348686667,43.626781389],[1.348653333,43.626735833],[1.348586667,43.626705],[1.348519722,43.626694167],[1.348369722,43.626690833],[1.348299167,43.626700278],[1.348241111,43.626723333],[1.348194722,43.626769722],[1.348181667,43.626817222],[1.348158611,43.627226111],[1.347423333,43.627206667],[1.347434167,43.626773333],[1.347391389,43.626716944],[1.347329167,43.626688611],[1.347265278,43.626684722],[1.347279722,43.626454167],[1.351806111,43.626586944],[1.351940278,43.626589722],[1.352019722,43.62659],[1.352071667,43.626585833],[1.352124167,43.626574444],[1.352165556,43.626555278],[1.352197222,43.626528056],[1.352221667,43.6265],[1.352226667,43.626475],[1.352234167,43.626416667],[1.352268333,43.626415],[1.352275556,43.626269722],[1.35301,43.626287778],[1.353003056,43.626511944],[1.353022778,43.626511667],[1.353046667,43.626535556],[1.353079444,43.626566667],[1.353121944,43.626591667],[1.353173611,43.626613611],[1.353218056,43.626624444],[1.353353889,43.6266325],[1.353382778,43.626632222],[1.353429167,43.6266125],[1.354043333,43.626257778],[1.354107778,43.626211944],[1.354288333,43.626043056],[1.354347778,43.625966944],[1.354355278,43.625951389],[1.354394444,43.625576111],[1.3543875,43.625552222],[1.3543675,43.625536667],[1.354334722,43.625518611],[1.3542975,43.625503611],[1.354250833,43.625495],[1.354183611,43.62549],[1.353973611,43.625490833],[1.354006389,43.625122778],[1.354220833,43.625125],[1.354268333,43.625123333],[1.354318056,43.625115],[1.354366667,43.625100556],[1.354408889,43.625075833],[1.354453889,43.625031667],[1.354483889,43.62498],[1.354492778,43.624937778],[1.354496944,43.624821944],[1.354745556,43.624821667],[1.354719722,43.625248056],[1.354710556,43.625425556],[1.354710556,43.625540833],[1.35471,43.625565556],[1.354705278,43.625605],[1.354721389,43.625605],[1.354738889,43.625642222],[1.354756111,43.625680556],[1.354710556,43.626199722],[1.354706111,43.626252222],[1.3547025,43.626306667],[1.354700278,43.626346944],[1.354703333,43.626381667],[1.354716111,43.626415278],[1.354741944,43.626466389],[1.354772778,43.626503611],[1.354821111,43.626551944],[1.354865556,43.626596389],[1.354918611,43.626645278],[1.355172222,43.626685833],[1.355304444,43.626708889],[1.355429167,43.626733889],[1.35553,43.626759444],[1.355654722,43.626799167],[1.355774167,43.626844722],[1.355818333,43.626823611],[1.35586,43.626794722],[1.355899444,43.626762778],[1.355953889,43.626716111],[1.355925,43.6267],[1.356014167,43.626613889],[1.356137222,43.626671944],[1.356313611,43.626770556],[1.356832778,43.627055833],[1.357126667,43.627217222],[1.357062222,43.627281111],[1.357045,43.627271667],[1.357035556,43.6272875],[1.357023333,43.627322778],[1.357019444,43.627359722],[1.357021667,43.627401389],[1.357032778,43.627430278],[1.357056944,43.627467778],[1.357158889,43.627452222],[1.357316667,43.627422778],[1.3573625,43.627381944],[1.357391944,43.627383056],[1.357639167,43.627144444],[1.358126667,43.627056389],[1.358132778,43.627177222],[1.358143333,43.627188889],[1.358167778,43.627191667],[1.358209444,43.627180278],[1.358439444,43.627095],[1.358536111,43.627046944],[1.358628889,43.626980556],[1.358693056,43.626937222],[1.358791389,43.626847778],[1.359308611,43.626349444],[1.359416667,43.626239167],[1.359518889,43.626118889],[1.359651389,43.625953611],[1.359684444,43.625879722],[1.359691944,43.625819167],[1.359674722,43.625752222],[1.359620278,43.625711944],[1.359500833,43.625829722],[1.357463889,43.624713611],[1.357494722,43.624685278],[1.356211944,43.623981111],[1.356118056,43.624019722],[1.356101111,43.623989722],[1.356083333,43.623968889],[1.356050833,43.623947222],[1.356012222,43.623929444],[1.355973611,43.623914722],[1.355957778,43.623926389],[1.355857222,43.623929722],[1.355817222,43.6239375],[1.355769444,43.623963333],[1.355726111,43.623991667],[1.355702222,43.6240225],[1.355688889,43.62405],[1.355685556,43.624094722],[1.355648056,43.624525833],[1.355684167,43.624571667],[1.355715556,43.624612778],[1.35578,43.624685556],[1.3553875,43.624666389],[1.355417222,43.624147778],[1.355418056,43.624107778],[1.355415833,43.624076389],[1.355394167,43.624041111],[1.355362222,43.624008333],[1.355333611,43.623986944],[1.355305556,43.623973611],[1.355094722,43.623994167],[1.354874444,43.624400833],[1.3548275,43.624490278],[1.354811389,43.624533611],[1.354796111,43.624572778],[1.3547725,43.624602778],[1.354760556,43.624624444],[1.354754167,43.624685278],[1.354745556,43.624821667],[1.354496944,43.624821944],[1.354500556,43.624696111],[1.354504167,43.624608333],[1.3545025,43.624556389],[1.354488333,43.624386111],[1.354476111,43.624198333],[1.354464167,43.624098056],[1.354454167,43.624066667],[1.354436667,43.624030556],[1.35441,43.623998611],[1.354371667,43.623966944],[1.354338056,43.623946389],[1.354284167,43.623925278],[1.354234167,43.623911944],[1.354181111,43.623906944],[1.354146667,43.623905556],[1.354124444,43.623918056],[1.354105,43.623939444],[1.354096667,43.623960556],[1.354093611,43.623978889],[1.354076667,43.624308889],[1.353340278,43.624289444],[1.353359444,43.623957778],[1.353363333,43.623885833],[1.353362778,43.623871944],[1.353358056,43.6238675],[1.353139444,43.623867778],[1.353098889,43.6238875],[1.353066667,43.623910556],[1.3530425,43.6239375],[1.353034722,43.623968333],[1.353003056,43.624378056],[1.352369167,43.624344167],[1.352382778,43.624076389],[1.352381389,43.624050556],[1.352376389,43.62402],[1.352368056,43.623995833],[1.352346944,43.623964167],[1.352316389,43.623941667],[1.352271111,43.623920556],[1.352219722,43.623899444],[1.352153889,43.623896944],[1.352092778,43.623901111],[1.352040833,43.623914722],[1.352004722,43.6239375],[1.351969444,43.623970278],[1.351946667,43.623997778],[1.351938611,43.6240175],[1.351924167,43.62434],[1.351287222,43.624338333],[1.351309722,43.6239975],[1.351308611,43.623975833],[1.351300556,43.623957778],[1.351280556,43.623936389],[1.35126,43.623920833],[1.351221944,43.623897778],[1.351180833,43.623876667],[1.351156111,43.623865833],[1.351017778,43.6238625],[1.350971389,43.623879722],[1.350933333,43.623899444],[1.350899722,43.623925278],[1.350881667,43.623945278],[1.350873056,43.62396],[1.350849722,43.624299444],[1.350225556,43.624295833],[1.350238056,43.623995833],[1.350237222,43.623964722],[1.350233056,43.623940556],[1.350222222,43.623918333],[1.350205556,43.623898611],[1.35018,43.623878611],[1.350139444,43.623859444],[1.350083889,43.623835833],[1.349964444,43.623831944],[1.349901111,43.623864167],[1.349853333,43.623895556],[1.349826944,43.623920833],[1.349810556,43.623950833],[1.349806111,43.623979167],[1.349782778,43.624263889],[1.349174722,43.624248333],[1.349175556,43.623969722],[1.349169444,43.623933056],[1.349156667,43.623900278],[1.349135556,43.62387],[1.349110278,43.623852222],[1.349036111,43.623809444],[1.349013611,43.6238025],[1.348917222,43.623800278],[1.348878611,43.623812222],[1.348829444,43.623831389],[1.348798611,43.623850833],[1.348768889,43.623885833],[1.348749167,43.623919167],[1.348741667,43.6239425],[1.348705556,43.624270833],[1.348095278,43.624260556],[1.348118056,43.623773611],[1.348116389,43.623717222],[1.348120556,43.623653889],[1.348122222,43.623570278],[1.348128056,43.623509444],[1.348133333,43.623451389],[1.3481375,43.623414444],[1.348368889,43.623421389],[1.348394444,43.62342],[1.348412222,43.623411111],[1.348454167,43.623381389],[1.348479444,43.623360278],[1.348496944,43.623333611],[1.348505833,43.6233],[1.348507778,43.623266389],[1.352288333,43.623376667],[1.352284722,43.623438333],[1.352283333,43.623468333],[1.352291389,43.623486667],[1.352311667,43.6235075],[1.352340556,43.623528056],[1.352364167,43.623535833],[1.352390278,43.623535833],[1.352398611,43.623528611],[1.352405833,43.62338],[1.353291111,43.623403889],[1.353288889,43.623458056],[1.353293889,43.623473333],[1.353327222,43.623509444],[1.353363056,43.6235425],[1.353398333,43.623565556],[1.35343,43.623570278],[1.353564444,43.623571667],[1.3535975,43.623568889],[1.353636389,43.623558056],[1.353669722,43.623541667],[1.353684444,43.623521111],[1.353691944,43.623496667],[1.3537075,43.623305833],[1.354226667,43.62332],[1.35419,43.62351],[1.354191389,43.623531944],[1.354203056,43.623554444],[1.354220556,43.623572778],[1.354243333,43.623583333],[1.354268611,43.623588611],[1.354454167,43.623595],[1.3545275,43.623599722],[1.354585556,43.623602222],[1.354633056,43.623598889],[1.354667222,43.6235875],[1.354692778,43.6235675],[1.354702222,43.623546389],[1.3547025,43.623525833],[1.354707222,43.623297778],[1.355243056,43.6233275],[1.355212778,43.623541389],[1.355236667,43.623573889],[1.355268056,43.623605278],[1.355314444,43.623636944],[1.3553675,43.623656944],[1.355412778,43.623663056],[1.355481389,43.6236625],[1.355556667,43.623658333],[1.355625833,43.623651389],[1.355703056,43.623635833],[1.3557575,43.623618056],[1.355806944,43.623595278],[1.355856944,43.623564167],[1.355898889,43.623524167],[1.356106667,43.623321111],[1.356135278,43.623294444],[1.3561525,43.623274167],[1.356160833,43.623236111],[1.356171111,43.623192778],[1.356173611,43.623151667],[1.356166389,43.623108611],[1.356160833,43.623073333],[1.356140556,43.623038889],[1.356121667,43.623007222],[1.356086944,43.6229775],[1.356052778,43.622948333],[1.356416389,43.622548056],[1.356482222,43.622561389],[1.356560556,43.622567778],[1.356641667,43.622565556],[1.3567225,43.622546667],[1.356780833,43.6225075],[1.356876111,43.622380278],[1.357117222,43.622160833],[1.357320556,43.622011944],[1.357391111,43.621991389],[1.3575575,43.62187],[1.357642222,43.621824167],[1.357969722,43.621696667],[1.35851,43.621474444],[1.358434444,43.621405278],[1.358314444,43.621410556],[1.358671389,43.6212925],[1.358671111,43.621374167],[1.358699444,43.621382222],[1.358905278,43.621285556],[1.359030556,43.621225556],[1.359038056,43.621077222],[1.358795278,43.621076389],[1.358777778,43.620823056],[1.358837222,43.620838333],[1.3589075,43.620855278],[1.358978611,43.620869167],[1.359025278,43.620877222],[1.359064444,43.620878333],[1.359017222,43.620718333],[1.359042778,43.620706667],[1.35901,43.6206775],[1.358968333,43.620646111],[1.358914722,43.620613056],[1.358855278,43.620579722],[1.358786667,43.620549722],[1.358716111,43.620525556],[1.3586175,43.620495556],[1.35854,43.620479444],[1.358473611,43.620473889],[1.358395556,43.6204725],[1.357668611,43.6204925],[1.357665278,43.620638611],[1.357663889,43.620713611],[1.357685,43.620771667],[1.357663056,43.620822778],[1.357393889,43.620824722],[1.357373056,43.620730278],[1.357377778,43.620661944],[1.357343611,43.620501389],[1.357088889,43.620509444],[1.356926667,43.620515278],[1.356789167,43.620502778],[1.356634722,43.620478056],[1.356223056,43.620404444],[1.356161667,43.620400833],[1.354497222,43.620465278],[1.354425833,43.620462222],[1.354381667,43.620467778],[1.35434,43.620479722],[1.354310833,43.620493333],[1.354286667,43.620513889],[1.354268889,43.620539167],[1.354261389,43.620563056],[1.354257778,43.620596944],[1.354261111,43.6206325],[1.354265833,43.620650833],[1.354594167,43.621175],[1.354417778,43.621231389],[1.354444167,43.6212775],[1.353902222,43.621446111],[1.353886944,43.621415],[1.353637778,43.621491944],[1.353491111,43.621451389],[1.353448889,43.621513889],[1.353228333,43.621455556],[1.353167778,43.621551389],[1.353016667,43.6215125],[1.352658611,43.621078056],[1.352575833,43.621043333],[1.352543056,43.620978333],[1.351930278,43.619750278],[1.351930833,43.619712778],[1.352299722,43.619695833],[1.352349167,43.619719444],[1.352406944,43.619725],[1.352469444,43.619714167],[1.352506667,43.619695278],[1.3535725,43.619653889],[1.353568611,43.619595278],[1.353666111,43.619592222],[1.353720278,43.619587222],[1.353763889,43.619573056],[1.353791111,43.619553611],[1.353811389,43.619525278],[1.353814167,43.619500833],[1.3538075,43.619395556],[1.353803333,43.619372778],[1.353796389,43.619357222],[1.3537825,43.619340833],[1.353762778,43.619326389],[1.353738889,43.619315833],[1.353710833,43.6193075],[1.353679722,43.619305],[1.353550278,43.619305278],[1.353440833,43.619306667],[1.353426944,43.619064722],[1.353598333,43.619060833],[1.353650556,43.619058611],[1.353680833,43.619055278],[1.353701944,43.619049722],[1.3537225,43.61904],[1.353745278,43.619024722],[1.353761667,43.6190075],[1.35377,43.618993333],[1.353775556,43.618976667],[1.353775556,43.618954167],[1.353756667,43.618681944],[1.353754722,43.618668333],[1.35375,43.618654722],[1.3537375,43.618638333],[1.353721389,43.618624722],[1.353701111,43.618612222],[1.353681944,43.618604167],[1.353656944,43.618596944],[1.353634722,43.618594722],[1.3535,43.618596111],[1.3533875,43.618599167],[1.3533825,43.618389722],[1.353519444,43.618387222],[1.353583889,43.618383611],[1.353628056,43.618380278],[1.353654167,43.618376667],[1.353675278,43.618369722],[1.353691389,43.618359167],[1.353705833,43.618343889],[1.353718333,43.618322222],[1.353726389,43.618298889],[1.3537275,43.618281667],[1.353725556,43.618254722],[1.353705556,43.617966111],[1.353703333,43.617939444],[1.3537,43.617921667],[1.353693611,43.617906667],[1.353682222,43.61789],[1.353663889,43.617873889],[1.353638611,43.617861111],[1.353611111,43.617852778],[1.353580833,43.617848333],[1.353447222,43.617848889],[1.353323056,43.617854444],[1.35332,43.617645],[1.353527778,43.617638333],[1.353565,43.617636944],[1.353598056,43.617633611],[1.353624444,43.617626667],[1.353642778,43.617612778],[1.353659722,43.617593611],[1.353671111,43.617570833],[1.353675278,43.617548333],[1.353673611,43.617515833],[1.353655,43.61726],[1.35365,43.617238611],[1.353638611,43.617213333],[1.353624722,43.617194444],[1.353605833,43.617178611],[1.353576944,43.617165556],[1.353551667,43.617158611],[1.3535175,43.617155278],[1.353398333,43.617158611],[1.353292778,43.617162778],[1.353275833,43.616946944],[1.353430556,43.616945278],[1.353483611,43.616944167],[1.353515556,43.616940833],[1.353542778,43.616934444],[1.353568611,43.616924167],[1.353590278,43.616910556],[1.353607222,43.616893889],[1.3536175,43.616875556],[1.353646944,43.616864722],[1.353694444,43.616851111],[1.353739722,43.616841389],[1.3538375,43.6168225],[1.353938889,43.616807222],[1.353978611,43.616771667],[1.354026667,43.616736667],[1.354073889,43.616703333],[1.354134167,43.6166675],[1.354195278,43.616634722],[1.354239167,43.616611389],[1.354298056,43.616581667],[1.354368056,43.61655],[1.354448889,43.61652],[1.354516111,43.616495278],[1.354604722,43.616469722],[1.354735556,43.616433889],[1.354825556,43.616621944],[1.354656944,43.616669167],[1.354571389,43.616696111],[1.354531111,43.616711111],[1.354450833,43.616751667],[1.354402778,43.616775278],[1.354360556,43.616806667],[1.354325278,43.616841944],[1.354297778,43.6168725],[1.354303333,43.616894722],[1.354489722,43.616865556],[1.35466,43.616839722],[1.354820556,43.616814722],[1.354965556,43.616792778],[1.3550875,43.616773611],[1.3550925,43.616874722],[1.355135278,43.617097222],[1.355199444,43.61954],[1.354815556,43.619556389],[1.354835556,43.6199075],[1.354853611,43.61992],[1.354876389,43.619930278],[1.3549,43.619938056],[1.354920556,43.619940556],[1.355219722,43.619927778],[1.356324167,43.619605833],[1.358488889,43.619560278],[1.358496389,43.619721111],[1.358504444,43.619763889],[1.358524444,43.619795833],[1.358559722,43.619828611],[1.358599167,43.619846944],[1.358657222,43.619866389],[1.3587075,43.619881944],[1.358738611,43.619886389],[1.358776667,43.619885278],[1.358821389,43.619880833],[1.358871944,43.619867778],[1.358917778,43.619851944],[1.358952778,43.619833333],[1.358985278,43.619808333],[1.359014444,43.619774167],[1.3590425,43.619733611],[1.359048056,43.619722778],[1.359040556,43.619638056],[1.359038611,43.619604722],[1.359035,43.619498056],[1.359029722,43.619446111],[1.359023889,43.6193875],[1.358921944,43.618892222],[1.358910278,43.61884],[1.358908056,43.618826111],[1.358896389,43.618806111],[1.358890278,43.618793056],[1.358887778,43.618785833],[1.358889722,43.618769722],[1.358936389,43.618454444],[1.358962778,43.618278889],[1.359001389,43.618034444],[1.359007778,43.618023611],[1.359018889,43.618011389],[1.359034722,43.617997778],[1.359050278,43.617980833],[1.359061667,43.617959722],[1.359070278,43.6179325],[1.359118056,43.617688056],[1.359118611,43.617673889],[1.3590925,43.617292778],[1.359063889,43.616917778],[1.359058889,43.616891944],[1.359048889,43.616862222],[1.359035833,43.6168375],[1.359024444,43.616815556],[1.359006111,43.616798333],[1.358980278,43.6167775],[1.358943333,43.616756111],[1.358918333,43.6167525],[1.358239167,43.616774722],[1.358238056,43.616790278],[1.358186389,43.616811944],[1.358149444,43.616829444],[1.358108056,43.61687],[1.358080556,43.616926389],[1.358091667,43.617102778],[1.357544444,43.617123889],[1.357536667,43.616954167],[1.357528333,43.616924722],[1.357511389,43.6168975],[1.3574875,43.616863611],[1.357458611,43.616835],[1.357388333,43.616800278],[1.357385833,43.616788333],[1.357347222,43.616782222],[1.357302778,43.616786111],[1.357288333,43.616532222],[1.357806389,43.616512778],[1.357923889,43.616459167],[1.357912222,43.616273611],[1.358405,43.616258889],[1.358419167,43.616411667],[1.358465,43.616456111],[1.358841111,43.616439722],[1.358898611,43.616398333],[1.3589325,43.616363611],[1.3590025,43.616265],[1.359005833,43.616251667],[1.358907778,43.614786667],[1.358901389,43.614626667],[1.359146667,43.614621111],[1.359193611,43.615355833],[1.359214167,43.615600833],[1.359256389,43.615636667],[1.359308333,43.615655278],[1.359355,43.615668056],[1.359443889,43.615669722],[1.359467222,43.6156625],[1.359485,43.615653611],[1.359520833,43.615624444],[1.359536944,43.615609167],[1.359544167,43.615589722],[1.361953056,43.6161375],[1.362548889,43.617219722],[1.36273,43.619169167],[1.362923889,43.619176389],[1.36297,43.619769444],[1.362779444,43.619816389],[1.362834444,43.620484444],[1.363093611,43.620479167],[1.363182778,43.620906667],[1.363436944,43.621210833],[1.3630625,43.621395833],[1.3625325,43.621528056],[1.362201111,43.621492222],[1.362263889,43.621429444],[1.362300833,43.621372778],[1.362325556,43.621331944],[1.362328889,43.621295556],[1.362021667,43.621303333],[1.362060278,43.620925833],[1.361969722,43.619451111],[1.3618325,43.617331111],[1.361848611,43.617316111],[1.361881944,43.617306389],[1.361879722,43.617213889],[1.361875556,43.617205],[1.361866944,43.617195278],[1.361833056,43.6171825],[1.361771389,43.617169444],[1.3616675,43.617156111],[1.361462222,43.617145833],[1.361170278,43.617141111],[1.360999167,43.6171375],[1.360975556,43.6171375],[1.360959444,43.617135833],[1.360942222,43.617131944],[1.360937222,43.617128056],[1.360838056,43.617128333],[1.360687778,43.617135556],[1.360673611,43.616893333],[1.361273056,43.616870278],[1.361710556,43.616853611],[1.362013333,43.616843056],[1.362018333,43.616837222],[1.361995278,43.616535],[1.361989444,43.616439444],[1.361714722,43.616447222],[1.361182778,43.616532222],[1.359613056,43.6165875],[1.3595975,43.616351389],[1.359536389,43.616353611],[1.359524444,43.616164722],[1.359585278,43.616161389],[1.359575278,43.61601],[1.359572222,43.615966389],[1.359569167,43.615943333],[1.359541111,43.615888889],[1.359509722,43.615873611],[1.359461667,43.615850278],[1.359396389,43.615856667],[1.359363611,43.615861389],[1.359313056,43.615881667],[1.359274444,43.615898333],[1.359253056,43.615920278],[1.359263889,43.615985278],[1.359281111,43.616041667],[1.359297778,43.616143056],[1.359326389,43.616272222],[1.359371944,43.6165025],[1.359400833,43.616624167],[1.359418889,43.616673889],[1.359440556,43.616714167],[1.359465278,43.616744444],[1.359498333,43.616774722],[1.359540278,43.616805278],[1.359596389,43.616837222],[1.35966,43.616865],[1.359717778,43.616886111],[1.359777778,43.616899444],[1.359852778,43.616906944],[1.359964444,43.616914722],[1.360024444,43.6169175],[1.3600925,43.616916944],[1.360435833,43.616903333],[1.360673611,43.616893333],[1.360687778,43.617135556],[1.360610833,43.617140556],[1.359953056,43.617205833],[1.359866389,43.617215278],[1.359819167,43.617223611],[1.359756667,43.617239444],[1.359696944,43.617260278],[1.359651111,43.617282778],[1.359623889,43.617304722],[1.359602222,43.617336944],[1.359599444,43.617355],[1.359603056,43.617372222],[1.359614722,43.617383889],[1.359631389,43.617392778],[1.359904167,43.617383333],[1.359722778,43.618525833],[1.359861389,43.620379444],[1.359973056,43.6211525],[1.359996111,43.621349722],[1.360011667,43.621381944],[1.3598825,43.621387778],[1.35983,43.621391667],[1.359775278,43.621396944],[1.359735556,43.621403611],[1.359721389,43.621410278],[1.359728333,43.621437778],[1.359745556,43.621471667],[1.359769722,43.621506389],[1.359797222,43.621531111],[1.359835278,43.621562222],[1.359868889,43.621585556],[1.359912222,43.621566111],[1.359986389,43.621617778],[1.3600525,43.621639722],[1.360107778,43.621649444],[1.360159167,43.621653611],[1.360546389,43.621659722],[1.360867222,43.621647222],[1.361458611,43.62163],[1.3618475,43.621600833],[1.361939167,43.621587778],[1.362010556,43.62157],[1.362075278,43.621547778],[1.362165278,43.6215075],[1.362233056,43.621461944],[1.362448056,43.621729444],[1.363098889,43.621373611],[1.363098056,43.621411111],[1.363125556,43.621437778],[1.363171111,43.621461389],[1.363219722,43.621485278],[1.363401389,43.621529722],[1.363510556,43.621543056],[1.363571111,43.621544167],[1.363631389,43.621535556],[1.363696111,43.621516667],[1.363713611,43.621539444],[1.363751944,43.621520833],[1.363805278,43.621489167],[1.363838056,43.621465833],[1.363865556,43.621437778],[1.363893889,43.621403611],[1.363929444,43.621359167],[1.363981389,43.62128],[1.363764167,43.621290278],[1.363761944,43.621261667],[1.364713056,43.621225278],[1.364714722,43.621254167],[1.364495278,43.6212625],[1.36451,43.621297222],[1.364538333,43.621334167],[1.364575833,43.621384444],[1.364611389,43.621423889],[1.364653611,43.6214575],[1.364694444,43.621480278],[1.364742778,43.621498611],[1.364799167,43.621511667],[1.364853056,43.621519444],[1.364935833,43.621525278],[1.365001389,43.621524722],[1.365068889,43.621516111],[1.365149444,43.621503611],[1.365224722,43.621486944],[1.365293889,43.621462778],[1.365366111,43.621426667],[1.36542,43.621394722],[1.365297222,43.621360556],[1.365355556,43.621328889],[1.36539,43.621289444],[1.365136389,43.621195556],[1.365216111,43.621189167],[1.365207222,43.621055833],[1.365334722,43.621050278],[1.365325278,43.620916111],[1.365448889,43.620912222],[1.36543,43.620414167],[1.365706111,43.620403056],[1.365648889,43.619599167],[1.365375556,43.619611389],[1.365336389,43.619114444],[1.365521111,43.619104722],[1.365304444,43.616219444],[1.365401111,43.616220556],[1.365377778,43.616036944],[1.365661389,43.616025],[1.365615,43.615405278],[1.365535,43.615381944],[1.365426111,43.615372778],[1.365414722,43.615255556],[1.365337778,43.615220833],[1.365234722,43.615226389],[1.365157222,43.614895556],[1.364533611,43.614891667],[1.364415278,43.614895278],[1.3643,43.613266944],[1.364217778,43.613270278],[1.364157778,43.613169722],[1.363244444,43.613203889],[1.363191111,43.613195833],[1.361602222,43.613254444],[1.3614325,43.613397778],[1.361493611,43.614266389],[1.360827778,43.614294444],[1.360773611,43.613353333],[1.360561111,43.613256389],[1.360544444,43.613065833],[1.360110833,43.613080833],[1.359488611,43.613141667],[1.359367222,43.613154444],[1.3592975,43.613174444],[1.359248056,43.613194167],[1.359203333,43.613226944],[1.359180278,43.613248889],[1.3591325,43.613328056],[1.359123333,43.613399722],[1.359090556,43.613774167],[1.359120833,43.614226111],[1.359146667,43.614621389],[1.358901389,43.614626389],[1.358848333,43.613838056],[1.358724444,43.613346111],[1.358707778,43.613316944],[1.358688889,43.613290833],[1.358624167,43.613245833],[1.358569722,43.613218889],[1.358502222,43.613201944],[1.358437222,43.613197778],[1.358380833,43.613203056],[1.358316111,43.61322],[1.358248889,43.613255278],[1.358203333,43.613295556],[1.358175556,43.6133325],[1.358155278,43.613394444],[1.358130278,43.613815833],[1.3581125,43.614053333],[1.3581475,43.614585833],[1.358223611,43.614584722],[1.358243333,43.614866944],[1.357894444,43.614885833],[1.357878333,43.614597222],[1.357950833,43.614592778],[1.357915278,43.614041944],[1.357888889,43.614042778],[1.357841111,43.613301944],[1.3578075,43.613254167],[1.357741111,43.613226389],[1.357629167,43.613205556],[1.357600278,43.613207222],[1.357033889,43.613349167],[1.356573611,43.613463333],[1.356505,43.613472222],[1.355826667,43.613496667],[1.355811667,43.613153611],[1.356456667,43.613136667],[1.357523056,43.612870556],[1.357478611,43.612196944],[1.357561111,43.612194167],[1.357581667,43.612193333],[1.357602778,43.612188333],[1.357620278,43.612179444],[1.357630556,43.612167778],[1.357625278,43.612082778],[1.357613611,43.612054444],[1.357592778,43.612030833],[1.357557778,43.612002778],[1.357518333,43.611987222],[1.357492778,43.611980556],[1.357462778,43.611977778],[1.3571475,43.611992222],[1.357146389,43.611880833],[1.357455556,43.611870278],[1.357488333,43.611863056],[1.357522222,43.611851667],[1.357549722,43.611835833],[1.357573333,43.611814722],[1.357589722,43.611788889],[1.3576,43.611763611],[1.357601389,43.611731944],[1.357598333,43.611708889],[1.357586111,43.611687222],[1.357565833,43.611665],[1.357538611,43.611644167],[1.357501944,43.611628333],[1.357468333,43.611618889],[1.357438611,43.611614722],[1.357135,43.611626944],[1.357123611,43.6115175],[1.357430833,43.611506389],[1.3574575,43.611500278],[1.357487778,43.6114925],[1.357512222,43.611480833],[1.357535833,43.611462778],[1.357557222,43.611441944],[1.357571111,43.611415556],[1.357577778,43.61139],[1.357574722,43.6113625],[1.357566667,43.611334167],[1.3575475,43.611308611],[1.357519444,43.611284722],[1.357481944,43.611266667],[1.357446667,43.611255833],[1.357413333,43.611251111],[1.357111111,43.611263056],[1.3571025,43.611153611],[1.357405556,43.611141944],[1.357446389,43.611130278],[1.357482778,43.611116944],[1.357509722,43.611098611],[1.357535833,43.611074167],[1.357546944,43.611047222],[1.3575525,43.611018611],[1.357551389,43.610993611],[1.357543333,43.610971111],[1.357529722,43.6109475],[1.357510833,43.610926389],[1.357479444,43.610905833],[1.357443056,43.610890278],[1.357413056,43.610882778],[1.357386389,43.610878889],[1.357084722,43.610896389],[1.357070833,43.610787778],[1.357380278,43.610773889],[1.357415556,43.610767222],[1.357440833,43.610756944],[1.357469444,43.610742778],[1.357493889,43.610723889],[1.357513056,43.610698611],[1.357524444,43.610671944],[1.357528056,43.610648056],[1.357523611,43.610619444],[1.357511389,43.610592778],[1.357491389,43.610568056],[1.357491389,43.610566667],[1.357466389,43.610548056],[1.357433889,43.610532778],[1.357399444,43.610523056],[1.3573625,43.610517778],[1.357341111,43.610517222],[1.357056389,43.610533056],[1.357052222,43.610424722],[1.357355833,43.610410556],[1.357403056,43.610399167],[1.357448889,43.610375556],[1.357477222,43.610350278],[1.357497778,43.610318611],[1.357502222,43.610301111],[1.3575025,43.610282778],[1.357492778,43.610046667],[1.356828889,43.61007],[1.356826389,43.610005833],[1.357490833,43.609983056],[1.3574875,43.609886389],[1.360151944,43.609791944],[1.360499167,43.609783333],[1.360541111,43.609786944],[1.360555278,43.609791389],[1.36058,43.610143056],[1.358206667,43.610256111],[1.3581975,43.610090833],[1.357931667,43.610123889],[1.357786389,43.610145278],[1.357769722,43.610151944],[1.35776,43.610164167],[1.357751944,43.610183611],[1.357748056,43.610207778],[1.357757222,43.610298333],[1.357801111,43.610981111],[1.357805,43.610999444],[1.357813889,43.611014722],[1.357831944,43.611022778],[1.357851111,43.611026111],[1.358256389,43.611011389],[1.358333889,43.6116525],[1.357931667,43.611659722],[1.357886944,43.611685833],[1.357895,43.611773056],[1.357867778,43.611811944],[1.357893889,43.612128056],[1.357898889,43.612223889],[1.357924444,43.612612778],[1.357933611,43.612714167],[1.3579375,43.612760278],[1.3579575,43.612788333],[1.358003611,43.612827778],[1.358048056,43.612851944],[1.358090278,43.612868056],[1.358141667,43.612873889],[1.358191389,43.612869722],[1.3582375,43.612855],[1.358273889,43.612833889],[1.358305556,43.612809444],[1.358328333,43.612781389],[1.358353333,43.612754444],[1.358363889,43.612726111],[1.358364722,43.612696667],[1.358349167,43.612511111],[1.358984722,43.612470833],[1.359002778,43.612793333],[1.359019444,43.612810556],[1.359042778,43.612823333],[1.359070833,43.6128325],[1.359098333,43.612831944],[1.35929,43.612824722],[1.359314722,43.6128175],[1.359332222,43.612805278],[1.359345556,43.6127875],[1.359347222,43.612774167],[1.359341389,43.612600556],[1.359793333,43.612584167],[1.359796111,43.612679167],[1.359806944,43.612723889],[1.35982,43.6127525],[1.359831667,43.612769167],[1.359852222,43.6127825],[1.359874444,43.612790556],[1.359908889,43.612792778],[1.3599425,43.612786389],[1.359973611,43.612773889],[1.360004167,43.612755833],[1.360040833,43.6127325],[1.360063611,43.612708056],[1.360063611,43.612707778],[1.360073333,43.612687222],[1.360073333,43.612663333],[1.360012222,43.612664444],[1.360007778,43.612618333],[1.360990833,43.612583056],[1.3610725,43.612649722],[1.3611325,43.612690278],[1.361179444,43.612718611],[1.361238056,43.612748056],[1.361288889,43.612761944],[1.361345556,43.612766667],[1.361411111,43.612758889],[1.361457778,43.612741389],[1.361493333,43.612718333],[1.361513611,43.612685833],[1.361513056,43.612685],[1.361516111,43.612649722],[1.3618375,43.612634444],[1.361800556,43.612366944],[1.364189722,43.612261667],[1.364468611,43.612263611],[1.364574167,43.612257222],[1.364623056,43.612263333],[1.364660278,43.612278889],[1.364690556,43.612307222],[1.364707222,43.6123375],[1.364717778,43.612399167],[1.364734167,43.612609444],[1.364838889,43.6126],[1.364842222,43.612728056],[1.364858056,43.6127325],[1.365005,43.612729444],[1.365336111,43.612715833],[1.3654475,43.612714167],[1.365538056,43.612713889],[1.365614444,43.612716667],[1.365681111,43.612725278],[1.365754444,43.612739167],[1.365825,43.612754167],[1.365875556,43.612771111],[1.366208611,43.613571111],[1.3662025,43.613604167],[1.366199167,43.613639444],[1.366206944,43.613668611],[1.3663325,43.613912778],[1.366348333,43.613932778],[1.366369444,43.613951944],[1.366396389,43.613967222],[1.366423333,43.613976667],[1.366448611,43.613983056],[1.366483333,43.613980833],[1.366520833,43.613985278],[1.366561389,43.613995833],[1.366611667,43.614004444],[1.366648333,43.614007222],[1.366702778,43.614002778],[1.366742222,43.613994167],[1.366833333,43.614171944],[1.366775556,43.614193333],[1.366726111,43.614216944],[1.366670556,43.614245556],[1.366628056,43.6142725],[1.3665975,43.614297222],[1.366580556,43.614314444],[1.366571111,43.614329722],[1.366566667,43.614345278],[1.3665675,43.614359167],[1.366575,43.614375278],[1.366593333,43.614394167],[1.366623889,43.614413333],[1.366656111,43.614426389],[1.366690556,43.614432222],[1.366725,43.614428889],[1.3667775,43.614416944],[1.367231944,43.614291944],[1.367556111,43.614877778],[1.367101944,43.615001111],[1.367036667,43.615029167],[1.366998611,43.615052778],[1.366976389,43.615079167],[1.366965,43.615101667],[1.3669625,43.615123889],[1.366967778,43.615144167],[1.366980556,43.615173333],[1.367147778,43.6154975],[1.367314444,43.615551944],[1.367363611,43.6155625],[1.3673925,43.615565556],[1.367438611,43.615566667],[1.367490556,43.61556],[1.367553889,43.615548333],[1.367769722,43.6154875],[1.368001111,43.616014722],[1.367813611,43.61606],[1.367755833,43.616081944],[1.367700833,43.616111667],[1.367652778,43.616145278],[1.367626667,43.616174444],[1.367631389,43.616208056],[1.367677222,43.616291111],[1.367729444,43.616349722],[1.367789444,43.616392222],[1.367904722,43.616438056],[1.368026667,43.616461111],[1.368183333,43.6164675],[1.368259722,43.616456389],[1.368340556,43.616434444],[1.368965278,43.616780278],[1.369143056,43.616881111],[1.368911389,43.616988333],[1.369395556,43.617298889],[1.369347778,43.617366944],[1.3694075,43.617396667],[1.369046944,43.617752222],[1.368472222,43.617393056],[1.368425833,43.617365],[1.368369167,43.617348056],[1.368311944,43.617348333],[1.368268333,43.617351944],[1.368219444,43.617369722],[1.368162222,43.617396389],[1.367729444,43.617817778],[1.367689167,43.617867778],[1.367663611,43.617931389],[1.367670556,43.617978611],[1.36771,43.618046667],[1.367794444,43.618105556],[1.368424722,43.618368333],[1.3679825,43.618797778],[1.367393889,43.618389167],[1.366309444,43.617797222],[1.366261667,43.617886944],[1.366405556,43.620798056],[1.366415556,43.620879444],[1.366416389,43.620915],[1.366440556,43.620926389],[1.366498056,43.620918333],[1.366558333,43.620900556],[1.366631944,43.620858056],[1.365137222,43.622279444],[1.365170833,43.622232778],[1.365190833,43.622195],[1.365205278,43.622156944],[1.365208889,43.622124722],[1.365199722,43.622094444],[1.365186389,43.622065833],[1.36517,43.622029444],[1.3651525,43.622000278],[1.365123889,43.621980278],[1.365076389,43.621950833],[1.364935,43.621890833],[1.364582222,43.621879722],[1.363351667,43.623047222],[1.363169444,43.622941667],[1.364213611,43.621946667],[1.363825833,43.621951111],[1.362944444,43.622779722],[1.362763056,43.622674167],[1.363510833,43.621959722],[1.363003056,43.621975556],[1.362580556,43.622552778],[1.362375556,43.622476667],[1.362726667,43.621988056],[1.362071389,43.622012778],[1.362205833,43.622458611],[1.361985,43.622501389],[1.361824167,43.622016667],[1.3606375,43.622058611],[1.359662222,43.62206],[1.359456389,43.622040278],[1.359171667,43.622047222],[1.359169722,43.622028889],[1.358782778,43.622034722],[1.358666389,43.622041389],[1.358581389,43.622053889],[1.358534167,43.622065833],[1.358470556,43.622089722],[1.358393611,43.622134444],[1.358373889,43.622183889],[1.358350556,43.622248056],[1.358345,43.622288889],[1.358352222,43.622349722],[1.358418889,43.622465556],[1.358521667,43.622536111],[1.358604167,43.622581944],[1.358758056,43.6226575],[1.358878611,43.622540278],[1.360952222,43.623678333],[1.360879444,43.623749722],[1.3612,43.623932222],[1.361408333,43.6240475],[1.361575833,43.624127778],[1.361770833,43.624217222],[1.361903611,43.624277222],[1.362021389,43.624333889],[1.362080556,43.624357778],[1.362128889,43.624396944],[1.361761667,43.624763889],[1.361648889,43.624693056],[1.361582778,43.624655278],[1.361511111,43.624620833],[1.361449444,43.624602778],[1.361391667,43.624596389],[1.361339167,43.624595],[1.361271944,43.624604167],[1.360601667,43.624732222],[1.360530278,43.6247525],[1.360488333,43.624771111],[1.360451944,43.624798611],[1.360383611,43.624870833],[1.360324722,43.6249225],[1.360291111,43.624905556],[1.3602475,43.624948889],[1.360205556,43.624928333],[1.360125556,43.625005],[1.35718,43.623388889],[1.357721667,43.622873611],[1.357748333,43.62289],[1.357900278,43.622739444],[1.357831667,43.622554722],[1.357787778,43.6225275],[1.357732222,43.622508611],[1.357646944,43.622495278],[1.357567222,43.622488611],[1.357479167,43.622494722],[1.357411944,43.622508889],[1.357331389,43.622539444],[1.35728,43.622582778],[1.357005,43.622875278],[1.356650833,43.623251944],[1.356566389,43.623363889],[1.356543611,43.623417778],[1.356535556,43.623465278],[1.356541111,43.623516111],[1.356562222,43.623552222],[1.356600556,43.623581944],[1.359295278,43.625065278],[1.359879167,43.625378056],[1.3599975,43.625370278],[1.360059444,43.625360278],[1.360155,43.625345833],[1.360206667,43.625345833],[1.360288889,43.625383056],[1.360335278,43.625408889],[1.360359722,43.625425833],[1.360374722,43.625443611],[1.360375,43.625443889],[1.360384722,43.625465],[1.360388889,43.625491667],[1.360394167,43.625520556],[1.360403611,43.625546667],[1.360413333,43.625577222],[1.360423889,43.62562],[1.360430833,43.62564],[1.360592778,43.625728333],[1.360659444,43.625738889],[1.360655278,43.625767222],[1.360715556,43.625783889],[1.360418056,43.626075556],[1.360383333,43.626070833],[1.360356389,43.626069167],[1.360305556,43.626069444],[1.360269722,43.626071667],[1.360211111,43.626086667],[1.360145278,43.626105278],[1.3600775,43.626140556],[1.359923333,43.626255],[1.359864444,43.6262975],[1.359791111,43.626361667],[1.359744167,43.626407778],[1.359543611,43.626588333],[1.359076667,43.627042222],[1.3589975,43.627116944],[1.358889722,43.627215278],[1.358835,43.627255556],[1.358787222,43.627291667],[1.358696667,43.627345278],[1.3586,43.627394167],[1.358502222,43.627430278],[1.358435278,43.627451667],[1.358364722,43.627467778],[1.358271944,43.6274875],[1.358186667,43.627502778],[1.358076389,43.627523611],[1.358024444,43.627536667],[1.357958056,43.627551667],[1.357916389,43.6275675],[1.357872222,43.627585],[1.357835278,43.627610833],[1.357865556,43.627639722],[1.357582222,43.627841111],[1.357474722,43.627930833],[1.357012222,43.628380556],[1.356835833,43.628565556],[1.356734722,43.628678056],[1.356689444,43.628733611],[1.356646389,43.628813333],[1.3566425,43.628868889],[1.3566025,43.629491667],[1.356621667,43.629536111],[1.356665833,43.629563056],[1.356711389,43.629586111],[1.356746389,43.629598889],[1.356247778,43.630075833],[1.355803333,43.630035833],[1.3558,43.630067222],[1.355745833,43.630065],[1.355678056,43.630065278],[1.355613611,43.630075833],[1.355556944,43.630093056],[1.355394722,43.630193611],[1.355341389,43.630245833],[1.355269722,43.630320278],[1.355236111,43.630386667],[1.35521,43.630492222],[1.355171944,43.630601111],[1.355151667,43.630686944],[1.355109444,43.630785556],[1.355055278,43.6308975],[1.355001389,43.6309925],[1.354942778,43.631076667],[1.354861944,43.631170833],[1.354321944,43.631707222],[1.354220278,43.6318275],[1.354108333,43.631933056],[1.354069444,43.631920278],[1.353961389,43.632054722],[1.349988611,43.635878333],[1.349968611,43.635898889],[1.349926389,43.635942778],[1.349909722,43.635983333],[1.349900278,43.636026389],[1.349898611,43.636069722],[1.349906111,43.63612],[1.349923056,43.636160556],[1.349953056,43.636205],[1.349987222,43.6362275],[1.350085556,43.636271944],[1.350176667,43.636307778],[1.350215278,43.636313889],[1.350336944,43.636315278],[1.3502375,43.6364275],[1.350815833,43.636733333],[1.348980833,43.638487778],[1.348534444,43.6390325],[1.348469722,43.639116111],[1.348433889,43.639194167],[1.348418056,43.639273889],[1.348428611,43.639365556],[1.348459444,43.639426667],[1.347969167,43.6398925],[1.347896944,43.639958889],[1.347816944,43.639957778],[1.347726944,43.639972222],[1.347597222,43.6400025],[1.347478333,43.640051111],[1.346846111,43.640528056],[1.345415833,43.641910833],[1.345305,43.642041667],[1.345186944,43.642174444],[1.344871667,43.6425725],[1.344826667,43.642645278],[1.3448175,43.642700556],[1.344816389,43.642701667],[1.344812222,43.642759722],[1.344818056,43.642814167],[1.344822222,43.642878333],[1.344844722,43.642925833],[1.344388333,43.643362222],[1.344284444,43.643319444]]]}},{"type":"Feature","id":"surface.hard_surface_2.003","properties":{"name":"Hard surface type 2 003","layer":"Airfield surfaces","category":"Hard surfaces — type 2","object_type":"Area","style_id":"surface.hard_surface_2","airport":"LFBO","geometry_role":"filled_region","vsmr_group_ids":[[]]},"geometry":{"type":"Polygon","coordinates":[[[1.356621944,43.629513889],[1.356832222,43.629623611],[1.356958056,43.629498333],[1.357014722,43.629510556],[1.357110556,43.629508611],[1.3572175,43.629513056],[1.3573375,43.629507222],[1.357420833,43.62949],[1.357488611,43.629474722],[1.357562778,43.629436944],[1.357782778,43.629289722],[1.358032778,43.629111111],[1.3583925,43.628854444],[1.360077222,43.627242778],[1.360119167,43.627191389],[1.360540556,43.626663611],[1.360577778,43.626606667],[1.360600278,43.626540556],[1.360614167,43.626492778],[1.360615,43.626440833],[1.360607222,43.626389167],[1.3605875,43.626329444],[1.360564167,43.626290278],[1.360515556,43.626236944],[1.360446667,43.626184444],[1.360485278,43.626119444],[1.360413056,43.626073611],[1.360714444,43.625787222],[1.360826944,43.625804722],[1.360888333,43.625755],[1.360955278,43.625774444],[1.361021944,43.625783889],[1.361086389,43.625789722],[1.361188056,43.625790278],[1.3613075,43.625776111],[1.361406389,43.625738333],[1.361473611,43.625699722],[1.361563056,43.625636389],[1.361737778,43.625511111],[1.361828333,43.625411667],[1.361909444,43.625295833],[1.361932778,43.6252475],[1.361949444,43.625194444],[1.361960556,43.625137778],[1.361954167,43.625083333],[1.3619325,43.625008611],[1.3618875,43.624922222],[1.361845278,43.624875833],[1.361758611,43.624759722],[1.362127778,43.624396667],[1.362226111,43.624440278],[1.36233,43.624405833],[1.362384722,43.624427222],[1.362454167,43.624438611],[1.362531667,43.624437778],[1.362595556,43.624440833],[1.362683333,43.624430833],[1.362762222,43.624409444],[1.362828611,43.62439],[1.362881111,43.624367778],[1.362991389,43.624290278],[1.363565,43.623863889],[1.363661389,43.623793611],[1.363826944,43.6236225],[1.364734444,43.622770278],[1.365153056,43.622259444],[1.366565,43.620903611],[1.366700278,43.620804167],[1.367169722,43.620426389],[1.3672275,43.6203675],[1.367592778,43.620026111],[1.367688333,43.619910278],[1.368146389,43.619316667],[1.368213333,43.619208611],[1.36821,43.619137778],[1.368189444,43.619037222],[1.368104722,43.618906667],[1.368017222,43.618828611],[1.367958333,43.618786667],[1.368393056,43.618356111],[1.368470833,43.618388889],[1.368554444,43.618417778],[1.368675833,43.618440556],[1.368765556,43.61845],[1.368853056,43.618451389],[1.368966944,43.618433889],[1.369075278,43.618400833],[1.369152222,43.618361944],[1.369232778,43.618301111],[1.369274444,43.618226111],[1.369293889,43.618115556],[1.369280833,43.618024167],[1.369237778,43.6179325],[1.369140278,43.617820833],[1.369037778,43.617749167],[1.369383333,43.617384167],[1.370690278,43.618097222],[1.3702475,43.618523889],[1.370209444,43.618520556],[1.370171111,43.618524722],[1.370126944,43.6185325],[1.370089167,43.618539722],[1.370041667,43.61855],[1.36999,43.618561944],[1.369939167,43.618578333],[1.369895833,43.618600833],[1.369854722,43.618630833],[1.369825,43.618658056],[1.369802778,43.618682778],[1.369778333,43.618711667],[1.369754444,43.618749444],[1.369740556,43.618788056],[1.3697375,43.618821944],[1.369738889,43.6188475],[1.369738333,43.6188825],[1.369742222,43.618917222],[1.3697475,43.618947222],[1.369754444,43.618969167],[1.369766111,43.618983056],[1.369176944,43.619548056],[1.369133333,43.619549722],[1.369090556,43.619553611],[1.369047778,43.619561667],[1.369001944,43.619570833],[1.368968056,43.619579722],[1.368924167,43.619590833],[1.368885833,43.619601111],[1.368835556,43.619615833],[1.368779167,43.619648889],[1.368709722,43.619700833],[1.368155278,43.620115556],[1.368093889,43.6201525],[1.368032222,43.620188889],[1.367884167,43.620332222],[1.364100833,43.623970278],[1.364059444,43.6240175],[1.364023889,43.624058056],[1.3639675,43.6241375],[1.363519722,43.624701944],[1.3635,43.62474],[1.363488889,43.624775],[1.363486944,43.624819444],[1.363487778,43.624868611],[1.363489444,43.624921111],[1.363497222,43.624955],[1.363511389,43.625003889],[1.362955556,43.625540833],[1.362901667,43.625541944],[1.362827222,43.625555556],[1.362763056,43.625571111],[1.362696111,43.625586111],[1.362618889,43.625612222],[1.362564722,43.625641667],[1.362498333,43.625682778],[1.361928333,43.626098889],[1.361815556,43.626169444],[1.361760556,43.626214167],[1.361581389,43.626391667],[1.359736944,43.62816],[1.358825278,43.629036111],[1.358759444,43.629119444],[1.358671667,43.629230556],[1.358369722,43.629601389],[1.358319167,43.629679167],[1.358299167,43.629730833],[1.358293889,43.629775556],[1.358295278,43.629826944],[1.358306667,43.629862222],[1.358325556,43.629901667],[1.358350556,43.629959444],[1.357792778,43.630500278],[1.357683056,43.630488889],[1.357626944,43.630487778],[1.357573056,43.630504444],[1.357468056,43.630539722],[1.357397222,43.630571111],[1.357290833,43.630620278],[1.3571925,43.630675278],[1.357125278,43.630723611],[1.356873611,43.630923611],[1.354031111,43.633639444],[1.353950833,43.633726111],[1.353879722,43.63381],[1.353822778,43.633881667],[1.353754444,43.633961667],[1.353672778,43.634065833],[1.353559167,43.634210833],[1.353521389,43.634259722],[1.353510556,43.634286389],[1.353496389,43.634327778],[1.353482222,43.634380556],[1.353478889,43.634416389],[1.3534775,43.634458056],[1.353486944,43.634498889],[1.353491389,43.634535278],[1.353502778,43.634572778],[1.353509722,43.634594722],[1.352976667,43.635101111],[1.352946111,43.635097222],[1.352886389,43.635097778],[1.352815833,43.635106944],[1.352742778,43.635121944],[1.352677778,43.635140833],[1.352616944,43.635163333],[1.352575278,43.635186667],[1.352468333,43.635255833],[1.3519075,43.635678056],[1.351821667,43.635753611],[1.350810278,43.636735],[1.350226944,43.636426667],[1.350328333,43.636313333],[1.350418056,43.636301944],[1.350506667,43.636283889],[1.350590278,43.636248333],[1.350680833,43.636191111],[1.351047778,43.63593],[1.353759722,43.633320833],[1.356561111,43.630615278],[1.356586389,43.630578889],[1.356609444,43.630523611],[1.356659167,43.630313333],[1.356658056,43.630235833],[1.35663,43.630175278],[1.356565278,43.630103333],[1.356498333,43.630045],[1.356431389,43.630105278],[1.356244722,43.630072222],[1.356621944,43.629513889]]]}},{"type":"Feature","id":"surface.hard_surface_2.004","properties":{"name":"Hard surface type 2 004","layer":"Airfield surfaces","category":"Hard surfaces — type 2","object_type":"Area","style_id":"surface.hard_surface_2","airport":"LFBO","geometry_role":"filled_region","vsmr_group_ids":[[]]},"geometry":{"type":"Polygon","coordinates":[[[1.355940556,43.636020278],[1.35599,43.636075833],[1.356050556,43.636133611],[1.356240556,43.636238611],[1.356711667,43.6365],[1.356854444,43.636565],[1.357007222,43.636635833],[1.356701389,43.636933611],[1.356110278,43.636610556],[1.355816389,43.636450833],[1.355723889,43.636402778],[1.355655,43.636375],[1.355545,43.636325],[1.355462222,43.636288889],[1.355855278,43.6359225],[1.355940556,43.636020278]]]}},{"type":"Feature","id":"surface.hard_surface_2.005","properties":{"name":"Hard surface type 2 005","layer":"Airfield surfaces","category":"Hard surfaces — type 2","object_type":"Area","style_id":"surface.hard_surface_2","airport":"LFBO","geometry_role":"filled_region","vsmr_group_ids":[[]]},"geometry":{"type":"Polygon","coordinates":[[[1.368055,43.624329167],[1.3681625,43.62434],[1.368290556,43.624355833],[1.368399722,43.624371667],[1.368656667,43.624405278],[1.368985833,43.62444],[1.369252222,43.624462778],[1.369365,43.624477778],[1.369297222,43.624894167],[1.369238333,43.624882222],[1.369166111,43.624868889],[1.368986111,43.624841944],[1.368616111,43.624793889],[1.368452778,43.624769722],[1.368222778,43.624748611],[1.367883056,43.624731667],[1.368010833,43.624323889],[1.368055,43.624329167]]]}},{"type":"Feature","id":"surface.hard_surface_2.006","properties":{"name":"Hard surface type 2 006","layer":"Airfield surfaces","category":"Hard surfaces — type 2","object_type":"Area","style_id":"surface.hard_surface_2","airport":"LFBO","geometry_role":"filled_region","vsmr_group_ids":[[]]},"geometry":{"type":"Polygon","coordinates":[[[1.3742575,43.620055],[1.373969722,43.620346389],[1.373047222,43.619839444],[1.372949722,43.619785833],[1.372845556,43.619736667],[1.372746389,43.6196925],[1.373054722,43.619391667],[1.3742575,43.620055]]]}},{"type":"Feature","id":"surface.hard_surface_2.007","properties":{"name":"Hard surface type 2 007","layer":"Airfield surfaces","category":"Hard surfaces — type 2","object_type":"Area","style_id":"surface.hard_surface_2","airport":"LFBO","geometry_role":"filled_region","vsmr_group_ids":[[]]},"geometry":{"type":"Polygon","coordinates":[[[1.381507778,43.618798056],[1.381578611,43.618841111],[1.381657222,43.618881944],[1.381739444,43.6189175],[1.381814167,43.618948056],[1.381903889,43.618975556],[1.382035,43.619006389],[1.382146667,43.619021389],[1.38225,43.619028611],[1.382345278,43.619032222],[1.382434444,43.619025833],[1.382526944,43.619013889],[1.382586111,43.619001667],[1.382654167,43.618984167],[1.382771944,43.618947222],[1.383027222,43.618859167],[1.383745278,43.6186175],[1.384759722,43.618276944],[1.384914167,43.618221667],[1.384999722,43.618195],[1.385089167,43.618173889],[1.38509,43.618173889],[1.385161944,43.61816],[1.385230556,43.618152778],[1.385295,43.6181475],[1.385349167,43.618145278],[1.385953611,43.617844444],[1.386161111,43.617774722],[1.386290278,43.617733333],[1.3863375,43.617720556],[1.386384722,43.617711111],[1.386438889,43.617706944],[1.386507778,43.617705556],[1.386594444,43.617706944],[1.386843333,43.617713333],[1.386525278,43.617876944],[1.386513611,43.617863333],[1.386497222,43.617847778],[1.38647,43.617833333],[1.386440556,43.617823056],[1.386411944,43.617818889],[1.386387778,43.617820833],[1.386361667,43.617826389],[1.386304722,43.617845],[1.386065,43.617926944],[1.386011944,43.617948333],[1.385676667,43.618115],[1.385656944,43.618132222],[1.385652778,43.618149722],[1.385658611,43.618166944],[1.385671111,43.618182778],[1.385693333,43.618196389],[1.385734167,43.618209444],[1.385796667,43.618234444],[1.385866389,43.618265556],[1.38594,43.618305],[1.386001944,43.618346111],[1.386054167,43.618389444],[1.386100556,43.618446111],[1.386155,43.618513056],[1.386211667,43.618609444],[1.386290833,43.618733333],[1.386332222,43.618796389],[1.3863725,43.618839722],[1.386433056,43.618890556],[1.386485,43.618927222],[1.386551944,43.618963056],[1.386628056,43.6189925],[1.386723611,43.619023056],[1.387623056,43.619311944],[1.387713889,43.6193425],[1.387776389,43.619355278],[1.387776667,43.619355278],[1.387838611,43.619356111],[1.387891667,43.619346667],[1.388020278,43.619305833],[1.388036667,43.619339167],[1.387124167,43.619646667],[1.386974167,43.619411667],[1.386934167,43.6193525],[1.386898333,43.619314167],[1.386853889,43.619288889],[1.386767778,43.6192575],[1.386629444,43.619213333],[1.386513611,43.619176389],[1.386418889,43.61914],[1.386323056,43.619094444],[1.386238333,43.619041667],[1.386175,43.618991667],[1.386127222,43.618948889],[1.386075833,43.618898056],[1.386013333,43.618816389],[1.385945833,43.618708056],[1.385819722,43.61851],[1.385778611,43.618471944],[1.385716944,43.618436111],[1.385660556,43.618411111],[1.385586944,43.618385556],[1.385508889,43.618368056],[1.385426667,43.618357778],[1.385354722,43.618351111],[1.385281667,43.618351944],[1.385223056,43.6183575],[1.385161944,43.618368889],[1.385082778,43.618390833],[1.384021111,43.618748056],[1.384051389,43.6187975],[1.38403,43.618807778],[1.384007778,43.618825278],[1.38399,43.618844444],[1.383979722,43.618868889],[1.383980278,43.618869722],[1.383983333,43.618891667],[1.384019444,43.618946111],[1.383968611,43.618964167],[1.383962778,43.618978889],[1.383963333,43.618992222],[1.3839725,43.619001667],[1.384273333,43.619471111],[1.384020833,43.619556944],[1.3837125,43.6190725],[1.383675,43.619007222],[1.383655833,43.618981667],[1.383625278,43.618959444],[1.383590278,43.618943611],[1.383551111,43.618935556],[1.383508889,43.618933889],[1.383466667,43.618936944],[1.383428611,43.618943333],[1.383379167,43.618959167],[1.382832778,43.619143056],[1.382741944,43.619171389],[1.382660833,43.619191667],[1.382584444,43.619206667],[1.382515833,43.619215556],[1.382415278,43.619223333],[1.382319167,43.619224167],[1.382232778,43.619223333],[1.382149167,43.61922],[1.382059444,43.619212778],[1.381936667,43.619195556],[1.381841944,43.619176667],[1.381762222,43.619155],[1.381690556,43.619131944],[1.3816225,43.619105556],[1.381522778,43.619063611],[1.381489167,43.619054167],[1.381464444,43.619053333],[1.381439722,43.619060278],[1.381395556,43.619074722],[1.381372222,43.619090833],[1.381358056,43.619108889],[1.381348889,43.6191275],[1.381338611,43.619153611],[1.381316389,43.619213611],[1.381287222,43.6192875],[1.381252778,43.619349722],[1.381213333,43.619411389],[1.381166111,43.619473889],[1.381123611,43.619525],[1.381068889,43.619573611],[1.380996389,43.6196325],[1.380920833,43.619688333],[1.380848889,43.619739444],[1.380772778,43.619791389],[1.380700556,43.619834167],[1.380652222,43.619871667],[1.380611667,43.619912778],[1.380576389,43.619966389],[1.380561389,43.620007778],[1.380554444,43.620053333],[1.380555556,43.6200925],[1.380563889,43.620136111],[1.380580833,43.620178333],[1.380603889,43.620216111],[1.380800833,43.620525],[1.380820556,43.620550556],[1.380847222,43.620576389],[1.380876667,43.620598333],[1.380905278,43.620615556],[1.380939167,43.620629444],[1.380981389,43.620642222],[1.381019444,43.620650278],[1.381061667,43.620654167],[1.381105556,43.620654167],[1.3811475,43.620649444],[1.381181389,43.620643056],[1.381222222,43.620631944],[1.381645278,43.620483611],[1.381691667,43.620463333],[1.381715556,43.620443333],[1.381736944,43.620418333],[1.381755556,43.620380278],[1.381754444,43.620345556],[1.3817425,43.62031],[1.381721944,43.620284167],[1.381672778,43.620265833],[1.381622778,43.620259444],[1.381575,43.620264167],[1.3813375,43.620344444],[1.381055,43.619911944],[1.3822675,43.619495278],[1.382565,43.619943333],[1.382865,43.6202025],[1.38315,43.6202625],[1.383840278,43.621573889],[1.383539444,43.621690556],[1.383338889,43.621777778],[1.382727778,43.622250833],[1.381470278,43.622670556],[1.381189444,43.622295556],[1.381265278,43.622210556],[1.381387778,43.622168611],[1.381404722,43.622158611],[1.381420833,43.622143889],[1.381434722,43.622125833],[1.381440278,43.6221],[1.381438056,43.62208],[1.381423889,43.622056944],[1.381197222,43.6217025],[1.381181944,43.621689167],[1.381158889,43.621680556],[1.380933889,43.621638611],[1.380924444,43.621640278],[1.380912222,43.621650556],[1.37977,43.622751111],[1.379696667,43.622684444],[1.378753056,43.6221675],[1.380219167,43.620744167],[1.380323611,43.620646389],[1.380365278,43.620610556],[1.380391389,43.620581667],[1.3804125,43.620546389],[1.380421667,43.620510278],[1.380425556,43.620470833],[1.380421944,43.620439167],[1.380411111,43.620406667],[1.380364444,43.620336944],[1.380318056,43.620262222],[1.380294167,43.620207222],[1.380278611,43.6201475],[1.380269722,43.620089444],[1.380270556,43.620031667],[1.3802825,43.619969167],[1.380297222,43.619922778],[1.380315278,43.619884722],[1.380352778,43.619826389],[1.380400278,43.619771944],[1.38045,43.619725],[1.380506389,43.619685833],[1.380566111,43.619650278],[1.380654722,43.619596667],[1.380719167,43.6195525],[1.380785278,43.619503889],[1.380841111,43.619459167],[1.380894722,43.619402222],[1.3809375,43.619348333],[1.380971111,43.619297222],[1.381015833,43.61922],[1.381045556,43.619160833],[1.381054167,43.619105833],[1.381063333,43.619025278],[1.381066944,43.618945],[1.381488611,43.618787222],[1.381507778,43.618798056]]]}},{"type":"Feature","id":"surface.hard_surface_3.001","properties":{"name":"Hard surface type 3 001","layer":"Airfield surfaces","category":"Hard surfaces — type 3","object_type":"Area","style_id":"surface.hard_surface_3","airport":"LFBO","geometry_role":"filled_region","vsmr_group_ids":[[]]},"geometry":{"type":"Polygon","coordinates":[[[1.381805556,43.620659444],[1.381871944,43.620636389],[1.383146944,43.621186667],[1.383496111,43.621725],[1.383298333,43.621788333],[1.382984722,43.621299722],[1.381728611,43.620755],[1.381805556,43.620659444]]]}},{"type":"Feature","id":"surface.hard_surface_3.002","properties":{"name":"Hard surface type 3 002","layer":"Airfield surfaces","category":"Hard surfaces — type 3","object_type":"Area","style_id":"surface.hard_surface_3","airport":"LFBO","geometry_role":"filled_region","vsmr_group_ids":[[]]},"geometry":{"type":"Polygon","coordinates":[[[1.380492778,43.621185833],[1.380661389,43.621280556],[1.379466944,43.622431667],[1.379170833,43.622269722],[1.380410278,43.621071389],[1.380492778,43.621185833]]]}},{"type":"Feature","id":"surface.hard_surface_3.003","properties":{"name":"Hard surface type 3 003","layer":"Airfield surfaces","category":"Hard surfaces — type 3","object_type":"Area","style_id":"surface.hard_surface_3","airport":"LFBO","geometry_role":"filled_region","vsmr_group_ids":[[]]},"geometry":{"type":"Polygon","coordinates":[[[1.3823875,43.621691389],[1.3825325,43.621914722],[1.382142222,43.622048056],[1.381758611,43.621737778],[1.3814775,43.621298611],[1.3823875,43.621691389]]]}},{"type":"Feature","id":"surface.hard_surface_3.004","properties":{"name":"Hard surface type 3 004","layer":"Airfield surfaces","category":"Hard surfaces — type 3","object_type":"Area","style_id":"surface.hard_surface_3","airport":"LFBO","geometry_role":"filled_region","vsmr_group_ids":[[]]},"geometry":{"type":"Polygon","coordinates":[[[1.381806667,43.620659444],[1.381871944,43.6206375],[1.3831475,43.6211875],[1.383504444,43.621736667],[1.3833025,43.621794722],[1.382984444,43.621298611],[1.381728056,43.620755],[1.381806667,43.620659444]]]}},{"type":"Feature","id":"surface.hard_surface_3.005","properties":{"name":"Hard surface type 3 005","layer":"Airfield surfaces","category":"Hard surfaces — type 3","object_type":"Area","style_id":"surface.hard_surface_3","airport":"LFBO","geometry_role":"filled_region","vsmr_group_ids":[[]]},"geometry":{"type":"Polygon","coordinates":[[[1.382076389,43.620461667],[1.382046944,43.620281667],[1.382112222,43.620295833],[1.382171111,43.620294722],[1.382219444,43.620278611],[1.382264167,43.620241389],[1.382285833,43.620201667],[1.382281111,43.620152222],[1.382213056,43.620048056],[1.382556111,43.61994],[1.383035,43.620631389],[1.383214444,43.620565],[1.383825556,43.621582222],[1.383765,43.621603611],[1.383391667,43.621029167],[1.382076389,43.620461667]]]}},{"type":"Feature","id":"surface.hard_surface_3.006","properties":{"name":"Hard surface type 3 006","layer":"Airfield surfaces","category":"Hard surfaces — type 3","object_type":"Area","style_id":"surface.hard_surface_3","airport":"LFBO","geometry_role":"filled_region","vsmr_group_ids":[[]]},"geometry":{"type":"Polygon","coordinates":[[[1.379659444,43.622721389],[1.379726389,43.622787222],[1.379336944,43.623166944],[1.377412222,43.622108333],[1.377824167,43.621711667],[1.379659444,43.622721389]]]}},{"type":"Feature","id":"surface.hard_surface_3.007","properties":{"name":"Hard surface type 3 007","layer":"Airfield surfaces","category":"Hard surfaces — type 3","object_type":"Area","style_id":"surface.hard_surface_3","airport":"LFBO","geometry_role":"filled_region","vsmr_group_ids":[[]]},"geometry":{"type":"Polygon","coordinates":[[[1.377076111,43.622434167],[1.379004444,43.623491667],[1.378889167,43.623603333],[1.378715,43.623784722],[1.37864,43.623862222],[1.376698056,43.622797222],[1.377076111,43.622434167]]]}},{"type":"Feature","id":"surface.hard_surface_3.008","properties":{"name":"Hard surface type 3 008","layer":"Airfield surfaces","category":"Hard surfaces — type 3","object_type":"Area","style_id":"surface.hard_surface_3","airport":"LFBO","geometry_role":"filled_region","vsmr_group_ids":[[]]},"geometry":{"type":"Polygon","coordinates":[[[1.377938056,43.624518056],[1.377758333,43.624688611],[1.377453889,43.62498],[1.376407222,43.624403333],[1.376394167,43.624400833],[1.376377222,43.6244],[1.376353056,43.624405278],[1.376328333,43.624415278],[1.376302222,43.6244325],[1.376279167,43.624458056],[1.376106111,43.624698333],[1.37592,43.62488],[1.375904722,43.624923889],[1.375000833,43.624424444],[1.376108056,43.623358611],[1.378039167,43.624418333],[1.377938056,43.624518056]]]}},{"type":"Feature","id":"surface.hard_surface_3.009","properties":{"name":"Hard surface type 3 009","layer":"Airfield surfaces","category":"Hard surfaces — type 3","object_type":"Area","style_id":"surface.hard_surface_3","airport":"LFBO","geometry_role":"filled_region","vsmr_group_ids":[[]]},"geometry":{"type":"Polygon","coordinates":[[[1.375417222,43.625470556],[1.374879722,43.625982222],[1.374035833,43.625516944],[1.373981944,43.625404444],[1.374463056,43.624942222],[1.375417222,43.625470556]]]}},{"type":"Feature","id":"surface.hard_surface_3.010","properties":{"name":"Hard surface type 3 010","layer":"Airfield surfaces","category":"Hard surfaces — type 3","object_type":"Area","style_id":"surface.hard_surface_3","airport":"LFBO","geometry_role":"filled_region","vsmr_group_ids":[[]]},"geometry":{"type":"Polygon","coordinates":[[[1.388428333,43.619959167],[1.387590833,43.62024],[1.387476667,43.620059444],[1.387405833,43.620086111],[1.387123889,43.619645278],[1.388035833,43.619338056],[1.388428333,43.619959167]]]}},{"type":"Feature","id":"surface.hard_surface_3.011","properties":{"name":"Hard surface type 3 011","layer":"Airfield surfaces","category":"Hard surfaces — type 3","object_type":"Area","style_id":"surface.hard_surface_3","airport":"LFBO","geometry_role":"filled_region","vsmr_group_ids":[[]]},"geometry":{"type":"Polygon","coordinates":[[[1.387133889,43.617720833],[1.387419722,43.617627778],[1.387659167,43.618005833],[1.387366389,43.618123056],[1.386883056,43.618213889],[1.386735556,43.618214722],[1.386524722,43.617875556],[1.386838056,43.617713333],[1.387133889,43.617720833]]]}},{"type":"Feature","id":"surface.hard_surface_3.012","properties":{"name":"Hard surface type 3 012","layer":"Airfield surfaces","category":"Hard surfaces — type 3","object_type":"Area","style_id":"surface.hard_surface_3","airport":"LFBO","geometry_role":"filled_region","vsmr_group_ids":[[]]},"geometry":{"type":"Polygon","coordinates":[[[1.376714167,43.626316944],[1.376776111,43.6263175],[1.376809444,43.626321111],[1.376847778,43.626334167],[1.376881111,43.626350833],[1.376913333,43.626375278],[1.377221667,43.626829167],[1.377296389,43.626945278],[1.377384167,43.626959722],[1.377423333,43.6269725],[1.377449444,43.626988611],[1.37747,43.627014167],[1.377688333,43.627335],[1.377698333,43.627356111],[1.377704167,43.627379444],[1.377700278,43.627401667],[1.377684722,43.627422222],[1.376085,43.628963056],[1.375944167,43.629065556],[1.375854444,43.629154444],[1.375820833,43.62918],[1.375784444,43.629203889],[1.375739167,43.6292225],[1.375688333,43.629236667],[1.375644167,43.629240556],[1.375611111,43.629243611],[1.375575556,43.629253889],[1.375548056,43.629267778],[1.375519722,43.629292778],[1.375495278,43.629311111],[1.375455,43.629335833],[1.375415,43.629353056],[1.375375278,43.629364722],[1.375319167,43.629373889],[1.375272222,43.629376111],[1.375243056,43.629375556],[1.375211111,43.62937],[1.375178611,43.629360278],[1.375151111,43.629348333],[1.375121389,43.629330556],[1.375092778,43.629311667],[1.375066111,43.629291111],[1.375041667,43.629268056],[1.374994444,43.629223056],[1.374966111,43.629200833],[1.374943056,43.629185833],[1.374914167,43.629173889],[1.374885278,43.629163889],[1.374855,43.629156111],[1.374815278,43.629148889],[1.374764722,43.629143889],[1.374695833,43.629138611],[1.374618889,43.629130278],[1.374579167,43.629125833],[1.374545833,43.629121667],[1.374512222,43.629115833],[1.374458889,43.629108056],[1.374406667,43.629100278],[1.37437,43.629095556],[1.374341667,43.629093333],[1.374316111,43.629093333],[1.374294722,43.629095556],[1.374263889,43.6291025],[1.374238056,43.629112778],[1.374216389,43.629131667],[1.374200278,43.629151667],[1.374189167,43.629175],[1.374166389,43.6292275],[1.374150556,43.629264444],[1.374135,43.629296944],[1.374121389,43.62932],[1.374096667,43.629360833],[1.374065556,43.629414722],[1.374035278,43.629463889],[1.374006667,43.629506944],[1.373984444,43.629540556],[1.373963889,43.629560833],[1.373941111,43.629580278],[1.3739175,43.6295975],[1.373890833,43.629616111],[1.373858056,43.629636389],[1.37382,43.62966],[1.373779444,43.629683056],[1.373743333,43.629703056],[1.373713889,43.629720278],[1.373681389,43.629740278],[1.373641389,43.629766944],[1.373606111,43.629792778],[1.373572222,43.629815833],[1.373536667,43.629841944],[1.3735,43.62987],[1.373466944,43.629894722],[1.373434167,43.629925556],[1.373397778,43.629958611],[1.373354167,43.630000278],[1.373224722,43.630123611],[1.372639444,43.630685],[1.372513889,43.630804167],[1.3724225,43.630893056],[1.371806389,43.631485],[1.371544722,43.631735],[1.37152,43.631754167],[1.371497778,43.631763333],[1.371475,43.631768333],[1.371444722,43.631766389],[1.371405833,43.6317575],[1.371343889,43.631741944],[1.371281944,43.631726389],[1.371201111,43.631716111],[1.371113611,43.631708611],[1.371038056,43.6317025],[1.370971667,43.631700833],[1.370915278,43.631701667],[1.370853889,43.631703333],[1.370804444,43.631707778],[1.370746111,43.631713889],[1.370675,43.631725],[1.370600833,43.631738889],[1.370524167,43.63176],[1.3704525,43.631782778],[1.370394444,43.631804167],[1.370326389,43.631830833],[1.370296944,43.631844167],[1.370249722,43.631868333],[1.370223611,43.631882222],[1.370191944,43.631902778],[1.370159444,43.631926389],[1.370129444,43.631950556],[1.370096667,43.631978333],[1.370036667,43.632034167],[1.369984167,43.632085],[1.369947778,43.632131667],[1.369924444,43.632165556],[1.369905278,43.632197222],[1.369885278,43.632233056],[1.369865278,43.632276667],[1.369846667,43.632320556],[1.369831944,43.632364167],[1.369825556,43.632392222],[1.369817778,43.632439167],[1.369813333,43.632501944],[1.369811667,43.632551111],[1.369815556,43.632600278],[1.369825,43.632652222],[1.369838889,43.632710833],[1.369857778,43.632773333],[1.369878889,43.632823056],[1.369915833,43.632875833],[1.3699375,43.632903889],[1.369974444,43.632936389],[1.370007778,43.63296],[1.370050833,43.632986389],[1.370092778,43.633009722],[1.370450278,43.633237222],[1.370185556,43.633500556],[1.369850278,43.633648889],[1.3683275,43.632833056],[1.368313889,43.6328225],[1.368305556,43.632808611],[1.368301667,43.632793889],[1.368299167,43.632780278],[1.368302222,43.632765],[1.368313889,43.632747778],[1.368616944,43.632455278],[1.368671944,43.632394722],[1.368712222,43.632342778],[1.3687375,43.632301944],[1.368760278,43.632261111],[1.368783056,43.632213333],[1.368800278,43.632166944],[1.368821111,43.632103611],[1.368851667,43.632036944],[1.368888889,43.631960833],[1.368934722,43.631879167],[1.368996667,43.6317775],[1.369055278,43.631698889],[1.369118056,43.631622778],[1.369191667,43.631543333],[1.369281111,43.631454444],[1.369416389,43.631338611],[1.369546667,43.631242778],[1.369670278,43.631163889],[1.369794167,43.631095],[1.369899167,43.631042222],[1.370008056,43.630993056],[1.370114167,43.63095],[1.370248611,43.6309025],[1.370393056,43.630858889],[1.370566111,43.630814722],[1.370724444,43.630783056],[1.370848056,43.630763889],[1.370946667,43.630751389],[1.371044167,43.630744167],[1.371184722,43.630733333],[1.371285278,43.630733333],[1.371335,43.630738611],[1.371366944,43.630749167],[1.371378056,43.630749167],[1.371390833,43.630746111],[1.37141,43.630736111],[1.373801667,43.628467222],[1.373813056,43.628456389],[1.373829167,43.628448611],[1.373857778,43.628443611],[1.374216389,43.628406389],[1.3749,43.628595],[1.375243611,43.628736389],[1.375277778,43.628743611],[1.375320833,43.628741944],[1.375361389,43.628736111],[1.375401944,43.628724722],[1.375443056,43.628709167],[1.375470556,43.628695556],[1.377006389,43.627218056],[1.377013333,43.627194444],[1.377010833,43.627169444],[1.377003333,43.627144167],[1.376993889,43.627123333],[1.376971389,43.627107222],[1.376879167,43.627058611],[1.376163333,43.626665278],[1.376129722,43.626646667],[1.376111111,43.6266325],[1.376096944,43.626617778],[1.376082778,43.626596667],[1.376073889,43.626575833],[1.376068333,43.626549444],[1.376069444,43.626526389],[1.376076389,43.626502778],[1.376089722,43.626478333],[1.376111944,43.626452222],[1.376200278,43.626357222],[1.376714167,43.626316944]]]}},{"type":"Feature","id":"surface.hard_surface_3.013","properties":{"name":"Hard surface type 3 013","layer":"Airfield surfaces","category":"Hard surfaces — type 3","object_type":"Area","style_id":"surface.hard_surface_3","airport":"LFBO","geometry_role":"filled_region","vsmr_group_ids":[[]]},"geometry":{"type":"Polygon","coordinates":[[[1.367177222,43.634661111],[1.367221944,43.634664722],[1.367278056,43.634663333],[1.367332222,43.634654722],[1.367381389,43.634642222],[1.367436111,43.634617778],[1.367484167,43.6345925],[1.367525556,43.634642222],[1.367554444,43.634681944],[1.367575833,43.634721667],[1.367575833,43.634721944],[1.367587222,43.634750278],[1.367588333,43.634778333],[1.367583333,43.634790833],[1.367563056,43.634833611],[1.367531667,43.634878611],[1.367491111,43.634924722],[1.3674475,43.634958333],[1.367406389,43.6349875],[1.367365556,43.635010278],[1.367330833,43.635026111],[1.367293333,43.635030556],[1.367237778,43.63503],[1.367179444,43.635025],[1.36712,43.635016944],[1.367047222,43.635004444],[1.367069167,43.634958889],[1.367085833,43.634919722],[1.367091944,43.634885556],[1.367093333,43.634848056],[1.367083056,43.634811111],[1.367071111,43.634780833],[1.367050833,43.634750833],[1.367148889,43.634658333],[1.367177222,43.634661111]]]}},{"type":"Feature","id":"surface.hard_surface_3.014","properties":{"name":"Hard surface type 3 014","layer":"Airfield surfaces","category":"Hard surfaces — type 3","object_type":"Area","style_id":"surface.hard_surface_3","airport":"LFBO","geometry_role":"filled_region","vsmr_group_ids":[[]]},"geometry":{"type":"Polygon","coordinates":[[[1.357939167,43.646405556],[1.357938056,43.646411111],[1.357639167,43.646387222],[1.357606667,43.646623889],[1.357264722,43.646602222],[1.357016667,43.646284167],[1.356743889,43.646264167],[1.356780278,43.646006944],[1.357056944,43.646025],[1.357383333,43.64575],[1.357721389,43.645774722],[1.35769,43.646011944],[1.358051944,43.646039167],[1.357998056,43.646429722],[1.357939167,43.646405556]]]}},{"type":"Feature","id":"surface.hard_surface_3.015","properties":{"name":"Hard surface type 3 015","layer":"Airfield surfaces","category":"Hard surfaces — type 3","object_type":"Area","style_id":"surface.hard_surface_3","airport":"LFBO","geometry_role":"filled_region","vsmr_group_ids":[[]]},"geometry":{"type":"Polygon","coordinates":[[[1.363739722,43.648432778],[1.362035556,43.648306944],[1.362021944,43.648398056],[1.360911944,43.648316944],[1.360986111,43.647738056],[1.362186111,43.647824444],[1.36219,43.647797222],[1.363811111,43.647914167],[1.363739722,43.648432778]]]}},{"type":"Feature","id":"surface.hard_surface_3.016","properties":{"name":"Hard surface type 3 016","layer":"Airfield surfaces","category":"Hard surfaces — type 3","object_type":"Area","style_id":"surface.hard_surface_3","airport":"LFBO","geometry_role":"filled_region","vsmr_group_ids":[[]]},"geometry":{"type":"Polygon","coordinates":[[[1.357619167,43.648992778],[1.357593611,43.648991667],[1.357388889,43.649065278],[1.357351944,43.649338056],[1.357524167,43.649441667],[1.357587222,43.649449444],[1.357530833,43.649850556],[1.357500833,43.649846389],[1.357474722,43.649844722],[1.357270556,43.64992],[1.357231667,43.650199444],[1.3574075,43.650298889],[1.3574325,43.650297778],[1.357471944,43.650294167],[1.357413889,43.650709167],[1.357388889,43.650705833],[1.357353333,43.650703056],[1.357152778,43.650773889],[1.357110556,43.651052222],[1.357293056,43.651154167],[1.357354722,43.651143333],[1.357296944,43.651565556],[1.357274167,43.651561944],[1.357235833,43.651557222],[1.357034444,43.651627778],[1.356968333,43.651623889],[1.356930278,43.651904167],[1.3569975,43.651908889],[1.357141944,43.651997778],[1.357139722,43.6520075],[1.357174444,43.652027778],[1.357199722,43.652026944],[1.357234167,43.652022778],[1.357180556,43.652412222],[1.357126667,43.652408889],[1.356918056,43.652482778],[1.356851944,43.652479167],[1.356814444,43.652756389],[1.356878056,43.652760833],[1.357063333,43.652866389],[1.357118611,43.652871667],[1.357065278,43.653250278],[1.357037222,43.6532475],[1.357013889,43.653246111],[1.357011111,43.653262222],[1.356803333,43.653340556],[1.356739167,43.653338611],[1.356728056,43.653410833],[1.356175556,43.653374167],[1.356198056,43.6532075],[1.355849444,43.653183333],[1.355899722,43.652807222],[1.356091389,43.652791667],[1.356254722,43.652803611],[1.356313889,43.6523525],[1.356164167,43.652341944],[1.356168611,43.65232],[1.355918889,43.652301111],[1.355969722,43.651921667],[1.35637,43.651949167],[1.35643,43.651497778],[1.356055278,43.651470278],[1.356110556,43.6510925],[1.356326667,43.651082222],[1.356486111,43.651091944],[1.356505,43.650968333],[1.356521111,43.650968889],[1.356549167,43.650771111],[1.356529444,43.650769167],[1.356548889,43.650642222],[1.356405556,43.650631111],[1.356404722,43.650606389],[1.356180556,43.650591111],[1.356192222,43.650440278],[1.356227222,43.650211111],[1.356603889,43.650238611],[1.356653889,43.649899444],[1.356344444,43.649877778],[1.356405833,43.649387778],[1.3565875,43.649403889],[1.356594444,43.649375556],[1.356721944,43.649382778],[1.3567375,43.6492575],[1.356751111,43.649256111],[1.356777222,43.649059167],[1.356765278,43.6490575],[1.356782222,43.648933056],[1.3566575,43.648923611],[1.356659444,43.648898056],[1.356477222,43.648886667],[1.356561111,43.648283889],[1.357486111,43.648349444],[1.357466667,43.648484167],[1.357643056,43.648586667],[1.357704167,43.648594167],[1.357649444,43.648996389],[1.357619167,43.648992778]]]}},{"type":"Feature","id":"surface.hard_surface_3.017","properties":{"name":"Hard surface type 3 017","layer":"Airfield surfaces","category":"Hard surfaces — type 3","object_type":"Area","style_id":"surface.hard_surface_3","airport":"LFBO","geometry_role":"filled_region","vsmr_group_ids":[[]]},"geometry":{"type":"Polygon","coordinates":[[[1.354343333,43.65267],[1.354552222,43.652596944],[1.354616667,43.652601389],[1.354654444,43.652321111],[1.3545925,43.652315833],[1.354408056,43.652211944],[1.354351667,43.652206667],[1.354405,43.651815278],[1.354444167,43.651818611],[1.354665833,43.65174],[1.354731389,43.651745556],[1.354763889,43.6514775],[1.354736944,43.651475278],[1.354506667,43.651348333],[1.354469722,43.651346111],[1.354520556,43.6509625],[1.354564167,43.650965833],[1.354785833,43.650886111],[1.354821667,43.650605278],[1.354636389,43.6505],[1.354636667,43.650488056],[1.354586944,43.650484167],[1.354635278,43.650113333],[1.354665833,43.650107222],[1.354701111,43.650098611],[1.354902222,43.650026944],[1.354939722,43.649752222],[1.354769167,43.649658889],[1.354750833,43.649644722],[1.354703889,43.649636111],[1.354755833,43.649253889],[1.354793333,43.649249444],[1.354820556,43.649243056],[1.355019444,43.649171389],[1.355055556,43.6488975],[1.354886667,43.6488025],[1.354866111,43.648783056],[1.354850278,43.648771667],[1.354823611,43.648771111],[1.3548725,43.648386667],[1.354921667,43.648391667],[1.355137778,43.648316111],[1.3551575,43.648179167],[1.356081389,43.648248333],[1.356002222,43.648849444],[1.355836944,43.648838611],[1.355832778,43.6488625],[1.3556875,43.648855833],[1.355675556,43.648978611],[1.355648889,43.648978333],[1.355623889,43.649176667],[1.3556425,43.649178611],[1.355623333,43.649303889],[1.355768889,43.649315278],[1.355766667,43.64934],[1.356019722,43.649358611],[1.35597,43.649739167],[1.35557,43.649706667],[1.355508611,43.650158889],[1.355908056,43.650189444],[1.355855278,43.650566389],[1.355602222,43.650548056],[1.355599444,43.650574167],[1.355452222,43.650562778],[1.355386944,43.651014444],[1.355555278,43.651027222],[1.355754444,43.651061389],[1.355786944,43.651069167],[1.355734167,43.651447778],[1.355336667,43.651419167],[1.355275556,43.651869722],[1.355671667,43.6519],[1.355621111,43.6522775],[1.355593611,43.652289444],[1.355389167,43.652286667],[1.355218889,43.652271944],[1.355156667,43.652725833],[1.355320278,43.652738333],[1.355517778,43.652771944],[1.355552778,43.652779444],[1.355500556,43.65316],[1.355101667,43.653128889],[1.355076389,43.653299722],[1.354527778,43.653251111],[1.354538889,43.653175556],[1.354478333,43.653170833],[1.354292222,43.653068611],[1.354235556,43.653063611],[1.354288333,43.652666944],[1.354343333,43.65267]]]}},{"type":"Feature","id":"surface.hard_surface_3.018","properties":{"name":"Hard surface type 3 018","layer":"Airfield surfaces","category":"Hard surfaces — type 3","object_type":"Area","style_id":"surface.hard_surface_3","airport":"LFBO","geometry_role":"filled_region","vsmr_group_ids":[[]]},"geometry":{"type":"Polygon","coordinates":[[[1.340233889,43.645169722],[1.340186111,43.645170556],[1.340145,43.6451675],[1.340106111,43.645160556],[1.34007,43.645148611],[1.339976667,43.645111111],[1.339944444,43.645099722],[1.3399225,43.645094167],[1.339894722,43.645091667],[1.339868889,43.645091389],[1.339839167,43.645094722],[1.339806944,43.645102778],[1.339775,43.645116667],[1.339748333,43.645133889],[1.339541667,43.645342222],[1.339443333,43.645288333],[1.339646389,43.645078333],[1.339665,43.645049722],[1.339669722,43.645027778],[1.339669167,43.645006389],[1.339663056,43.644988056],[1.339584722,43.644944444],[1.339564722,43.644942222],[1.339526944,43.644945556],[1.339484722,43.6449525],[1.339441389,43.644964444],[1.339400278,43.644985556],[1.339363611,43.6450075],[1.339205,43.6451625],[1.339085556,43.645085833],[1.339216667,43.644952222],[1.339223611,43.644944722],[1.339226389,43.644935833],[1.339222778,43.644929167],[1.339215,43.644921389],[1.339201389,43.644916111],[1.339030556,43.644873889],[1.339009722,43.644864444],[1.339046389,43.644837222],[1.339116667,43.644765556],[1.339166667,43.644703333],[1.339156667,43.644672778],[1.339143611,43.644666111],[1.339200278,43.644508333],[1.339404722,43.644310556],[1.339599722,43.644425556],[1.339514722,43.644505556],[1.339500556,43.644529722],[1.33949,43.644563056],[1.339486667,43.644585833],[1.33949,43.644614167],[1.339496944,43.644635278],[1.339511944,43.644658611],[1.3395275,43.644678889],[1.339542222,43.644691667],[1.339621111,43.644730833],[1.339651111,43.644741944],[1.339685278,43.644746944],[1.339718333,43.644745556],[1.339759167,43.644741389],[1.339793333,43.644734167],[1.339826111,43.644722778],[1.339855556,43.644706667],[1.339883889,43.644685],[1.339949167,43.6446225],[1.340145833,43.644733611],[1.340075278,43.644801389],[1.340057222,43.644825278],[1.340044167,43.644849722],[1.340038611,43.644880556],[1.340041111,43.644915278],[1.340049444,43.644943611],[1.340066944,43.64497],[1.340088056,43.644995556],[1.340111111,43.645013333],[1.340139444,43.645023611],[1.340184722,43.6450325],[1.340236389,43.645036111],[1.340291667,43.645036389],[1.340613889,43.645023889],[1.340621944,43.645155556],[1.340233889,43.645169722]]]}},{"type":"Feature","id":"surface.hard_surface_3.019","properties":{"name":"Hard surface type 3 019","layer":"Airfield surfaces","category":"Hard surfaces — type 3","object_type":"Area","style_id":"surface.hard_surface_3","airport":"LFBO","geometry_role":"filled_region","vsmr_group_ids":[[]]},"geometry":{"type":"Polygon","coordinates":[[[1.348364167,43.636617778],[1.348514444,43.636699722],[1.348339722,43.636867778],[1.347790556,43.636872222],[1.347641944,43.637013611],[1.347388056,43.636875278],[1.347534167,43.636733056],[1.347391389,43.636348611],[1.347566667,43.636179722],[1.347729722,43.636273611],[1.347911111,43.636094444],[1.348045556,43.636168333],[1.348546389,43.6364425],[1.348364167,43.636617778]]]}},{"type":"Feature","id":"surface.hard_surface_3.020","properties":{"name":"Hard surface type 3 020","layer":"Airfield surfaces","category":"Hard surfaces — type 3","object_type":"Area","style_id":"surface.hard_surface_3","airport":"LFBO","geometry_role":"filled_region","vsmr_group_ids":[[]]},"geometry":{"type":"Polygon","coordinates":[[[1.347618333,43.634046667],[1.347672222,43.633994167],[1.347921944,43.634128056],[1.348256667,43.633804167],[1.348010833,43.633668889],[1.348066944,43.633613889],[1.34805,43.633604722],[1.348331944,43.633334167],[1.348590556,43.633476667],[1.348776944,43.633299167],[1.348920833,43.63338],[1.348989444,43.633546667],[1.349001944,43.633552778],[1.348990278,43.633786111],[1.349013611,43.633842222],[1.349191111,43.633940556],[1.349025556,43.634100556],[1.348847222,43.634001667],[1.34877,43.634002222],[1.348465278,43.634073611],[1.348333056,43.634202222],[1.348321944,43.634435],[1.348343889,43.634485],[1.348528333,43.634586389],[1.348359444,43.634747778],[1.348175833,43.634649722],[1.348096944,43.634649167],[1.347635278,43.634759444],[1.347398333,43.634631111],[1.347585278,43.634451389],[1.347322778,43.634306389],[1.347600833,43.6340375],[1.347618333,43.634046667]]]}},{"type":"Feature","id":"surface.hard_surface_3.021","properties":{"name":"Hard surface type 3 021","layer":"Airfield surfaces","category":"Hard surfaces — type 3","object_type":"Area","style_id":"surface.hard_surface_3","airport":"LFBO","geometry_role":"filled_region","vsmr_group_ids":[[]]},"geometry":{"type":"Polygon","coordinates":[[[1.349620556,43.632411667],[1.349626389,43.632414167],[1.349781667,43.632266389],[1.349776389,43.632261667],[1.349915278,43.6321275],[1.349923889,43.632128333],[1.349952778,43.632101944],[1.350051111,43.632156111],[1.350148889,43.6320625],[1.349901944,43.631927222],[1.349931667,43.6319],[1.349924167,43.631894722],[1.350375556,43.631461389],[1.350380556,43.631464167],[1.350400278,43.631444444],[1.350648333,43.631579444],[1.350850833,43.631384167],[1.350605,43.631248889],[1.350623889,43.631231111],[1.350614444,43.631225833],[1.351023889,43.630827778],[1.351281111,43.630968056],[1.351398611,43.630855556],[1.351148611,43.630713889],[1.351950833,43.629939722],[1.351972222,43.629920556],[1.352220556,43.630055556],[1.352391389,43.629891667],[1.352654167,43.6300375],[1.352592778,43.630096944],[1.352655,43.630370556],[1.352813333,43.6304575],[1.352653056,43.630612222],[1.352493889,43.630525556],[1.352145,43.630556111],[1.352126667,43.630546111],[1.352031667,43.630637778],[1.352029167,43.630661389],[1.352079722,43.630687222],[1.352066389,43.630855556],[1.352044722,43.630876389],[1.352256389,43.630993333],[1.352101389,43.631144167],[1.351886944,43.631026944],[1.351863333,43.631049722],[1.351664167,43.631100556],[1.351526389,43.631233611],[1.351515,43.631379444],[1.351488611,43.631405],[1.351705278,43.631525],[1.3515475,43.631676111],[1.351329722,43.631556667],[1.351304444,43.631581667],[1.351096111,43.631635833],[1.351044444,43.631607222],[1.351014722,43.631615278],[1.350928611,43.631698611],[1.350941944,43.631782222],[1.351026667,43.631829167],[1.350886111,43.6319675],[1.351114167,43.632092778],[1.350956111,43.632245833],[1.350726944,43.63212],[1.350584444,43.632258889],[1.350498333,43.632210833],[1.350380833,43.632225833],[1.350331389,43.632275833],[1.350341111,43.632345556],[1.350471944,43.632416389],[1.350318611,43.6325625],[1.350199722,43.632498056],[1.350084444,43.6325125],[1.350033611,43.632562222],[1.350044167,43.632633056],[1.350171667,43.632704167],[1.350020556,43.63285],[1.349901389,43.632785278],[1.3497875,43.632800278],[1.349764444,43.632822222],[1.349751944,43.632815278],[1.349665,43.632824444],[1.349468333,43.632716389],[1.349550556,43.632636389],[1.349451944,43.632583056],[1.349484444,43.632551111],[1.349478333,43.632547778],[1.3496175,43.632414444],[1.349620556,43.632411667]]]}},{"type":"Feature","id":"surface.hard_surface_3.022","properties":{"name":"Hard surface type 3 022","layer":"Airfield surfaces","category":"Hard surfaces — type 3","object_type":"Area","style_id":"surface.hard_surface_3","airport":"LFBO","geometry_role":"filled_region","vsmr_group_ids":[[]]},"geometry":{"type":"Polygon","coordinates":[[[1.349380833,43.635358333],[1.349328333,43.635409722],[1.34908,43.635272778],[1.348895556,43.63545],[1.348661389,43.635320556],[1.348678056,43.634962778],[1.348658611,43.634911944],[1.348475278,43.634810556],[1.348645278,43.634648611],[1.348830556,43.634750556],[1.348904167,43.634749722],[1.349205278,43.634678889],[1.349338889,43.634551389],[1.349349722,43.634318056],[1.3493275,43.634265833],[1.349147778,43.634164444],[1.349316111,43.634001944],[1.349498056,43.634102222],[1.349575278,43.634103333],[1.349878889,43.634031944],[1.349928333,43.633985278],[1.3498325,43.633918333],[1.349726111,43.633566389],[1.349958056,43.633295833],[1.3504675,43.633326667],[1.350562778,43.633373333],[1.3506625,43.633275556],[1.350649444,43.633198611],[1.350563889,43.633148889],[1.350707222,43.633010278],[1.350476389,43.632883611],[1.350633611,43.632733333],[1.350863889,43.632859444],[1.35101,43.632716944],[1.351103056,43.632768056],[1.351206389,43.632755],[1.351258889,43.632704167],[1.351248056,43.632625833],[1.351158611,43.632576667],[1.351303333,43.632435556],[1.351073333,43.632309167],[1.351232222,43.6321575],[1.351460278,43.632283333],[1.351603611,43.632145278],[1.351688333,43.6321925],[1.351806667,43.632177778],[1.351891944,43.632095556],[1.3518925,43.632072222],[1.351841944,43.632044167],[1.351853611,43.631878889],[1.351876389,43.631856667],[1.351664444,43.631739722],[1.351820833,43.6315875],[1.352035278,43.631705],[1.3520575,43.631683889],[1.352280278,43.631626111],[1.352320278,43.631656389],[1.352354444,43.631647778],[1.352444722,43.631560278],[1.352446111,43.631537778],[1.352394444,43.631514167],[1.3524075,43.631343611],[1.352428056,43.631323889],[1.352214444,43.631206944],[1.352373611,43.631056667],[1.352586111,43.631173333],[1.352608611,43.631151667],[1.352827222,43.631096389],[1.352875556,43.631124444],[1.352904722,43.631116944],[1.352985,43.631039722],[1.352925556,43.6307625],[1.352765833,43.630674722],[1.352927222,43.630520556],[1.353085833,43.630608056],[1.353304444,43.630552222],[1.353381111,43.630478056],[1.353401944,43.630197778],[1.353136944,43.6300525],[1.353296944,43.629901944],[1.353493889,43.630012222],[1.353909444,43.629905278],[1.354172778,43.63005],[1.354006111,43.630211389],[1.354232778,43.630335],[1.354211667,43.630354167],[1.353854167,43.6307],[1.3540375,43.630801389],[1.353050556,43.631752778],[1.352797222,43.631616111],[1.352524167,43.631879444],[1.352771667,43.632014167],[1.352741389,43.632044444],[1.352743889,43.6320475],[1.352531111,43.632255556],[1.352523889,43.632253056],[1.352491667,43.632284722],[1.3522425,43.632150556],[1.352051667,43.632333889],[1.352298611,43.632471111],[1.352263611,43.6325075],[1.351824444,43.632933333],[1.351787778,43.6329625],[1.351542222,43.632826667],[1.3514475,43.6329175],[1.351693333,43.633053889],[1.351663333,43.633082778],[1.351666111,43.633085278],[1.3512325,43.633505278],[1.351226667,43.633501944],[1.351186944,43.633541944],[1.350988889,43.633433611],[1.350762222,43.633651389],[1.351009167,43.633788333],[1.350966667,43.633829167],[1.35097,43.633831944],[1.35073,43.634063611],[1.350724167,43.634060556],[1.350669167,43.634113889],[1.350423611,43.633978056],[1.350088611,43.634300278],[1.350336944,43.634436944],[1.350286111,43.634485556],[1.350291111,43.634488611],[1.350058889,43.6347125],[1.350053333,43.63471],[1.350001389,43.634760556],[1.349752222,43.634623333],[1.349419444,43.634946111],[1.349666667,43.635083056],[1.349616389,43.635131111],[1.349621389,43.635134444],[1.349385278,43.635361111],[1.349380833,43.635358333]]]}},{"type":"Feature","id":"surface.hard_surface_3.023","properties":{"name":"Hard surface type 3 023","layer":"Airfield surfaces","category":"Hard surfaces — type 3","object_type":"Area","style_id":"surface.hard_surface_3","airport":"LFBO","geometry_role":"filled_region","vsmr_group_ids":[[]]},"geometry":{"type":"Polygon","coordinates":[[[1.375645278,43.627019444],[1.375951111,43.627214722],[1.3759775,43.627253333],[1.375157778,43.628040278],[1.3751075,43.628060833],[1.374796389,43.628016111],[1.374463611,43.627933333],[1.374407778,43.627884722],[1.375431667,43.626901667],[1.375645278,43.627019444]]]}},{"type":"Feature","id":"surface.hard_surface_3.024","properties":{"name":"Hard surface type 3 024","layer":"Airfield surfaces","category":"Hard surfaces — type 3","object_type":"Area","style_id":"surface.hard_surface_3","airport":"LFBO","geometry_role":"filled_region","vsmr_group_ids":[[]]},"geometry":{"type":"Polygon","coordinates":[[[1.356140556,43.626675],[1.356013333,43.626613889],[1.356249167,43.6263875],[1.356518333,43.626393333],[1.356617222,43.626299167],[1.356645278,43.626309722],[1.356716944,43.626311111],[1.356880833,43.626396111],[1.356750278,43.626522222],[1.356831944,43.626661667],[1.357036944,43.626678611],[1.357165,43.626552778],[1.357399444,43.626678333],[1.357269167,43.626807222],[1.357345,43.626967222],[1.357366944,43.626981111],[1.357126111,43.627217222],[1.356813611,43.627046944],[1.356140556,43.626675]]]}},{"type":"Feature","id":"surface.hard_surface_3.025","properties":{"name":"Hard surface type 3 025","layer":"Airfield surfaces","category":"Hard surfaces — type 3","object_type":"Area","style_id":"surface.hard_surface_3","airport":"LFBO","geometry_role":"filled_region","vsmr_group_ids":[[]]},"geometry":{"type":"Polygon","coordinates":[[[1.352555556,43.623201389],[1.352520556,43.623200278],[1.352529167,43.623049444],[1.352560278,43.62305],[1.352882222,43.622744167],[1.352883056,43.622733889],[1.352884722,43.622718333],[1.352889167,43.622705278],[1.352901111,43.622692222],[1.352916389,43.622682778],[1.3529375,43.622678056],[1.352956111,43.622676944],[1.352968333,43.622678611],[1.352985556,43.622684444],[1.353000278,43.622694167],[1.353009167,43.622705833],[1.353012778,43.622716667],[1.353013611,43.622728889],[1.353011944,43.622746389],[1.353303056,43.62307],[1.353336389,43.623071111],[1.353329444,43.623230556],[1.3533,43.623229722],[1.353290556,43.623404167],[1.352545556,43.623383889],[1.352555556,43.623201389]]]}},{"type":"Feature","id":"surface.hard_surface_3.026","properties":{"name":"Hard surface type 3 026","layer":"Airfield surfaces","category":"Hard surfaces — type 3","object_type":"Area","style_id":"surface.hard_surface_3","airport":"LFBO","geometry_role":"filled_region","vsmr_group_ids":[[]]},"geometry":{"type":"Polygon","coordinates":[[[1.351534722,43.623020278],[1.351562778,43.623020833],[1.35189,43.622717222],[1.351890833,43.6227],[1.351894167,43.622685833],[1.351904444,43.622673611],[1.351920833,43.622662778],[1.351940556,43.622655556],[1.351963611,43.622655278],[1.351979444,43.622657778],[1.351995278,43.622663889],[1.352006944,43.622672222],[1.352014722,43.622680833],[1.352018333,43.622690833],[1.352020833,43.622703611],[1.352020278,43.622718333],[1.352301389,43.623040278],[1.352348333,43.623041944],[1.352341667,43.623149722],[1.3523025,43.623150833],[1.352288333,43.623377778],[1.351515278,43.623354722],[1.351534722,43.623020278]]]}},{"type":"Feature","id":"surface.hard_surface_3.027","properties":{"name":"Hard surface type 3 027","layer":"Airfield surfaces","category":"Hard surfaces — type 3","object_type":"Area","style_id":"surface.hard_surface_3","airport":"LFBO","geometry_role":"filled_region","vsmr_group_ids":[[]]},"geometry":{"type":"Polygon","coordinates":[[[1.350541944,43.622991389],[1.350574167,43.622991944],[1.350897778,43.622688056],[1.350898889,43.622672778],[1.350901111,43.622658611],[1.350909444,43.622644722],[1.350924722,43.622633611],[1.350941389,43.622626389],[1.350959444,43.622623889],[1.3509775,43.622624444],[1.350992778,43.622628333],[1.351006944,43.622634722],[1.351016667,43.622642778],[1.351023611,43.622650833],[1.351028056,43.622661667],[1.351029167,43.622673056],[1.351028889,43.622689722],[1.351331111,43.623013333],[1.351416111,43.623015278],[1.351396944,43.623351111],[1.350526944,43.623326389],[1.350541944,43.622991389]]]}},{"type":"Feature","id":"surface.hard_surface_3.028","properties":{"name":"Hard surface type 3 028","layer":"Airfield surfaces","category":"Hard surfaces — type 3","object_type":"Area","style_id":"surface.hard_surface_3","airport":"LFBO","geometry_role":"filled_region","vsmr_group_ids":[[]]},"geometry":{"type":"Polygon","coordinates":[[[1.349551111,43.622993056],[1.349911111,43.622652778],[1.350033333,43.622656667],[1.350328611,43.622986667],[1.350358889,43.622987222],[1.350338611,43.623320556],[1.349534167,43.623296944],[1.349551111,43.622993056]]]}},{"type":"Feature","id":"surface.hard_surface_3.029","properties":{"name":"Hard surface type 3 029","layer":"Airfield surfaces","category":"Hard surfaces — type 3","object_type":"Area","style_id":"surface.hard_surface_3","airport":"LFBO","geometry_role":"filled_region","vsmr_group_ids":[[]]},"geometry":{"type":"Polygon","coordinates":[[[1.348563889,43.622959722],[1.348920833,43.622625],[1.349037222,43.6226275],[1.349338611,43.6229575],[1.349365278,43.622975278],[1.3493475,43.623291111],[1.348546389,43.623267778],[1.348563889,43.622959722]]]}},{"type":"Feature","id":"surface.hard_surface_3.030","properties":{"name":"Hard surface type 3 030","layer":"Airfield surfaces","category":"Hard surfaces — type 3","object_type":"Area","style_id":"surface.hard_surface_3","airport":"LFBO","geometry_role":"filled_region","vsmr_group_ids":[[]]},"geometry":{"type":"Polygon","coordinates":[[[1.355818889,43.622748056],[1.355787222,43.622720833],[1.3557575,43.622689722],[1.355732222,43.622658056],[1.355710833,43.622621667],[1.355695556,43.622587778],[1.355684722,43.622553333],[1.355678333,43.622514444],[1.355679167,43.622468611],[1.355686667,43.622423889],[1.355701111,43.622379722],[1.355723889,43.622332222],[1.355754444,43.62229],[1.355796389,43.622245278],[1.355838611,43.622203056],[1.355884444,43.622053056],[1.355899722,43.621786944],[1.3562225,43.621797778],[1.356201389,43.622189444],[1.356197222,43.622256667],[1.356195833,43.622313889],[1.356203333,43.622356389],[1.3562225,43.622402778],[1.356250556,43.622442778],[1.356288333,43.622479444],[1.356332222,43.622510833],[1.356377222,43.622533889],[1.356416944,43.622548611],[1.356053611,43.622948611],[1.355818889,43.622748056]]]}},{"type":"Feature","id":"surface.hard_surface_3.031","properties":{"name":"Hard surface type 3 031","layer":"Airfield surfaces","category":"Hard surfaces — type 3","object_type":"Area","style_id":"surface.hard_surface_3","airport":"LFBO","geometry_role":"filled_region","vsmr_group_ids":[[]]},"geometry":{"type":"Polygon","coordinates":[[[1.358201389,43.621413889],[1.358142778,43.621421667],[1.358106389,43.620823611],[1.358111667,43.620795],[1.358123333,43.620768333],[1.358131667,43.620746667],[1.358135556,43.620722778],[1.358133056,43.620708056],[1.358127222,43.620694444],[1.358145833,43.6206925],[1.3581675,43.620692778],[1.358164722,43.620603333],[1.358598056,43.620586667],[1.358726667,43.6206725],[1.358732222,43.620808333],[1.358778889,43.620823611],[1.358795833,43.621076111],[1.358664167,43.621081667],[1.358671389,43.621293056],[1.358315556,43.621410278],[1.358201389,43.621413889]]]}},{"type":"Feature","id":"surface.hard_surface_3.032","properties":{"name":"Hard surface type 3 032","layer":"Airfield surfaces","category":"Hard surfaces — type 3","object_type":"Area","style_id":"surface.hard_surface_3","airport":"LFBO","geometry_role":"filled_region","vsmr_group_ids":[[]]},"geometry":{"type":"Polygon","coordinates":[[[1.359848889,43.620898889],[1.359819722,43.620898333],[1.3598175,43.620944722],[1.359625278,43.620951389],[1.359550278,43.619825],[1.359735,43.61982],[1.359698056,43.619326111],[1.3595125,43.619335],[1.359377222,43.6174075],[1.359786667,43.617393333],[1.3599,43.617382778],[1.360420833,43.617366667],[1.360488333,43.617469722],[1.360606111,43.617466667],[1.360616389,43.617626389],[1.360501944,43.617630556],[1.360463889,43.617705833],[1.360512778,43.617779722],[1.360628056,43.617775556],[1.360639167,43.617936111],[1.360523333,43.617940556],[1.360466944,43.618050556],[1.360310556,43.6180575],[1.360338056,43.618097222],[1.360453333,43.618093611],[1.360463611,43.618254722],[1.360348611,43.618258333],[1.360320833,43.618313889],[1.360485833,43.618309167],[1.3605575,43.618415556],[1.360673056,43.6184125],[1.360684444,43.618572222],[1.360569167,43.618576667],[1.360513333,43.618688333],[1.360278056,43.618696944],[1.360530833,43.618925],[1.360768611,43.618916944],[1.3607825,43.619102222],[1.360549444,43.619109167],[1.360331389,43.619351944],[1.360571667,43.619566389],[1.360815,43.619565278],[1.360828056,43.619755833],[1.360583056,43.619759167],[1.360375,43.619998889],[1.360619167,43.620218889],[1.360857222,43.62021],[1.360870556,43.620400278],[1.360634444,43.620408333],[1.360423056,43.620640833],[1.360685278,43.620869167],[1.3609125,43.620861944],[1.360925833,43.621049722],[1.36069,43.621058889],[1.3604125,43.621365278],[1.359884722,43.621386111],[1.359848889,43.620898889]]]}},{"type":"Feature","id":"surface.hard_surface_3.033","properties":{"name":"Hard surface type 3 033","layer":"Airfield surfaces","category":"Hard surfaces — type 3","object_type":"Area","style_id":"surface.hard_surface_3","airport":"LFBO","geometry_role":"filled_region","vsmr_group_ids":[[]]},"geometry":{"type":"Polygon","coordinates":[[[1.361621944,43.621318889],[1.361308333,43.621037222],[1.361068611,43.621045278],[1.361056389,43.620854444],[1.361295,43.620845278],[1.361563889,43.620543056],[1.361387222,43.620384722],[1.361174722,43.620391944],[1.36116,43.620201111],[1.361373889,43.620192778],[1.361585556,43.619954444],[1.361341667,43.619734722],[1.361176389,43.619740556],[1.361125,43.6197175],[1.3611125,43.619551389],[1.361326944,43.619543889],[1.36154,43.619305],[1.361293056,43.619085556],[1.3610775,43.619093611],[1.361060278,43.6189],[1.361283056,43.618893889],[1.361495278,43.618651389],[1.361285278,43.618658333],[1.361214722,43.618551667],[1.361099444,43.618556111],[1.3610875,43.618395833],[1.361203333,43.618391389],[1.361259167,43.618280278],[1.361422778,43.618274722],[1.361385,43.618219444],[1.36127,43.618222778],[1.361259444,43.6180625],[1.361374444,43.618058056],[1.361396944,43.618015278],[1.361240556,43.618022222],[1.361169444,43.617916667],[1.361053889,43.617920278],[1.361041389,43.617760278],[1.361156944,43.617755833],[1.361196111,43.617678889],[1.361147222,43.617605833],[1.361031111,43.61761],[1.361019444,43.61745],[1.361135833,43.617443611],[1.361188611,43.617340278],[1.361849722,43.617316389],[1.361921944,43.618316111],[1.361967222,43.618932222],[1.362014722,43.619588611],[1.362030278,43.619823889],[1.362045,43.620018333],[1.362062778,43.620263056],[1.362075556,43.620454722],[1.362084167,43.620577222],[1.362085278,43.620742222],[1.362085556,43.620836111],[1.362085,43.620914444],[1.362083056,43.620961389],[1.362080556,43.621001944],[1.362075,43.621058889],[1.362067778,43.621120278],[1.362058056,43.621181111],[1.36205,43.621223889],[1.362041944,43.621253889],[1.362035,43.621275556],[1.362024444,43.621303333],[1.361621944,43.621318889]]]}},{"type":"Feature","id":"surface.hard_surface_3.034","properties":{"name":"Hard surface type 3 034","layer":"Airfield surfaces","category":"Hard surfaces — type 3","object_type":"Area","style_id":"surface.hard_surface_3","airport":"LFBO","geometry_role":"filled_region","vsmr_group_ids":[[]]},"geometry":{"type":"Polygon","coordinates":[[[1.363762778,43.621262222],[1.363757222,43.621155278],[1.363535278,43.6211625],[1.363436111,43.621211389],[1.3633125,43.6212175],[1.363306111,43.621084444],[1.363179167,43.621086667],[1.363166944,43.6209525],[1.363106667,43.620955556],[1.363074722,43.620506111],[1.362753056,43.620518333],[1.362699167,43.619753889],[1.362893611,43.619747778],[1.362846111,43.619206111],[1.362662222,43.619213611],[1.362517222,43.617281111],[1.362316389,43.617284444],[1.362285833,43.617078611],[1.362024167,43.616880278],[1.361996944,43.616526944],[1.359619444,43.616583889],[1.359540556,43.615526667],[1.359519167,43.615184167],[1.359611944,43.615061389],[1.359570278,43.614969167],[1.359791667,43.614911667],[1.359835,43.615007778],[1.360129167,43.615107778],[1.360253056,43.615015],[1.360246389,43.614916389],[1.360481944,43.614908611],[1.3604875,43.615005556],[1.360625278,43.615090278],[1.360621944,43.614968333],[1.361623611,43.614969722],[1.361633333,43.615054722],[1.361823056,43.614963333],[1.3618175,43.614861111],[1.362053056,43.614853056],[1.36206,43.614953889],[1.36238,43.614942222],[1.362373056,43.614841111],[1.362609444,43.614833056],[1.362615556,43.614933611],[1.362819444,43.615009444],[1.362828611,43.615155278],[1.362993056,43.615048611],[1.363210278,43.615101111],[1.363314444,43.615033889],[1.363470556,43.615161944],[1.363366389,43.615229167],[1.363412778,43.615391667],[1.363295,43.615468889],[1.363411389,43.615618889],[1.363556667,43.615614167],[1.363564444,43.615785],[1.363421667,43.615789444],[1.363351389,43.615901667],[1.363435,43.616010278],[1.363572222,43.616006389],[1.363584444,43.616176111],[1.363445833,43.616180556],[1.363374722,43.616293611],[1.363458889,43.616401389],[1.363613333,43.616396944],[1.363626944,43.6165675],[1.36347,43.616573056],[1.363398889,43.616686667],[1.3634825,43.616793333],[1.363626389,43.616788611],[1.363634167,43.616911667],[1.363573056,43.616961667],[1.363494167,43.616963611],[1.363400278,43.617110556],[1.362985833,43.617123611],[1.362989444,43.617168056],[1.363261389,43.617158889],[1.363640556,43.617409444],[1.363805556,43.617403611],[1.363819444,43.617591389],[1.363653056,43.6175975],[1.363356389,43.617839444],[1.363687222,43.618058889],[1.363853056,43.618052222],[1.363866667,43.618241667],[1.363701667,43.618246944],[1.363408333,43.618485278],[1.363734167,43.618699444],[1.363901944,43.618693056],[1.363914722,43.618881389],[1.363745,43.618888611],[1.363445278,43.619135278],[1.3637825,43.619358056],[1.363950833,43.619351944],[1.363963333,43.619540556],[1.363795,43.619546667],[1.363498333,43.619787778],[1.363829722,43.620006944],[1.363991667,43.620001111],[1.364005556,43.620189444],[1.363842222,43.620196111],[1.363574167,43.620413889],[1.363816944,43.620493056],[1.364022778,43.620396389],[1.364129167,43.620514167],[1.364244722,43.620509722],[1.364310833,43.621241944],[1.363762778,43.621262222]]]}},{"type":"Feature","id":"surface.hard_surface_3.035","properties":{"name":"Hard surface type 3 035","layer":"Airfield surfaces","category":"Hard surfaces — type 3","object_type":"Area","style_id":"surface.hard_surface_3","airport":"LFBO","geometry_role":"filled_region","vsmr_group_ids":[[]]},"geometry":{"type":"Polygon","coordinates":[[[1.365327778,43.620916667],[1.365338333,43.62105],[1.365216111,43.621056389],[1.365223611,43.621189722],[1.365140278,43.621193056],[1.364911111,43.621110556],[1.364705833,43.621118333],[1.364712778,43.621226389],[1.364310278,43.621241944],[1.364243611,43.620510278],[1.364331667,43.620384444],[1.364548889,43.620465833],[1.364759444,43.620376944],[1.364476111,43.620179722],[1.364310556,43.620186389],[1.364297222,43.620004167],[1.364465556,43.619996389],[1.364745833,43.619759722],[1.364430556,43.619543333],[1.364270278,43.619549722],[1.364255833,43.619363333],[1.364419444,43.619356667],[1.364695278,43.619121944],[1.364385278,43.618907778],[1.364224167,43.618913333],[1.364211667,43.618725],[1.364371667,43.618720278],[1.364648611,43.618485833],[1.364333611,43.618268611],[1.364178333,43.618274167],[1.3641675,43.618088333],[1.364323333,43.6180825],[1.364596389,43.617851389],[1.364290278,43.61764],[1.364134167,43.617645833],[1.364121389,43.617456111],[1.364275833,43.617451111],[1.364638889,43.617145833],[1.364359722,43.616934444],[1.364177778,43.616941389],[1.364164444,43.6167425],[1.364344722,43.616736667],[1.364674167,43.616430556],[1.364303889,43.616152222],[1.364124167,43.6161575],[1.364108889,43.615959444],[1.364291111,43.615952778],[1.364617778,43.615647222],[1.364247778,43.615368889],[1.364066944,43.615375556],[1.3640525,43.615176111],[1.364236667,43.615169444],[1.364531389,43.614893333],[1.364417222,43.614898889],[1.364389444,43.614475],[1.365009444,43.6144125],[1.364815833,43.613514722],[1.364319722,43.6135725],[1.3642975,43.613265],[1.364476389,43.613261944],[1.364532778,43.613210278],[1.364593611,43.613204722],[1.364591667,43.613163333],[1.364750833,43.613153333],[1.364818889,43.613217778],[1.364870833,43.613242222],[1.365100833,43.613301389],[1.365020556,43.613469722],[1.365058333,43.6134825],[1.365093889,43.613645278],[1.3652275,43.613681944],[1.365361944,43.614303056],[1.364908889,43.614533333],[1.364616389,43.614547222],[1.364611389,43.614591389],[1.364622778,43.614653889],[1.364657778,43.614716111],[1.364686111,43.614746389],[1.364728333,43.614771667],[1.365213333,43.614878056],[1.365242222,43.615217222],[1.365335833,43.615210833],[1.365428056,43.615242222],[1.365438333,43.61537],[1.365534444,43.615365833],[1.365621111,43.615399167],[1.365673056,43.616032778],[1.365393333,43.616046944],[1.365406667,43.616225556],[1.365314722,43.616229722],[1.365521944,43.619106944],[1.365342778,43.619116667],[1.365373333,43.619607222],[1.365648056,43.619596111],[1.365709167,43.620403056],[1.365429722,43.620414167],[1.365449722,43.620911667],[1.365327778,43.620916667]]]}},{"type":"Feature","id":"surface.hard_surface_3.036","properties":{"name":"Hard surface type 3 036","layer":"Airfield surfaces","category":"Hard surfaces — type 3","object_type":"Area","style_id":"surface.hard_surface_3","airport":"LFBO","geometry_role":"filled_region","vsmr_group_ids":[[]]},"geometry":{"type":"Polygon","coordinates":[[[1.363823056,43.614917778],[1.363480556,43.614600278],[1.363216389,43.614609167],[1.363203333,43.614420278],[1.363466944,43.614410278],[1.363734722,43.614101389],[1.363416944,43.613809722],[1.363159722,43.613817778],[1.363150833,43.613671944],[1.363151389,43.61366],[1.363153889,43.613652222],[1.363160833,43.613641389],[1.363399167,43.613633611],[1.363707778,43.613284722],[1.364303611,43.613261944],[1.364382222,43.614364722],[1.364418333,43.614895556],[1.363823056,43.614917778]]]}},{"type":"Feature","id":"surface.hard_surface_3.037","properties":{"name":"Hard surface type 3 037","layer":"Airfield surfaces","category":"Hard surfaces — type 3","object_type":"Area","style_id":"surface.hard_surface_3","airport":"LFBO","geometry_role":"filled_region","vsmr_group_ids":[[]]},"geometry":{"type":"Polygon","coordinates":[[[1.363417778,43.613388611],[1.363416944,43.613410833],[1.363412778,43.6134225],[1.363403056,43.613434444],[1.363383611,43.613452222],[1.363359722,43.613467778],[1.363336667,43.613478333],[1.363164444,43.613528889],[1.363134444,43.613539722],[1.363018056,43.6135925],[1.362936111,43.613594722],[1.36285,43.613494444],[1.362538056,43.613551944],[1.362444444,43.613612778],[1.362351667,43.613615833],[1.362293611,43.613546111],[1.362268889,43.613546944],[1.362208889,43.613583889],[1.362219444,43.613743889],[1.3623075,43.613841111],[1.362275556,43.614040833],[1.362127778,43.614121667],[1.362050278,43.614195278],[1.362068611,43.614388889],[1.362060556,43.614658333],[1.361951111,43.614662222],[1.36159,43.614640556],[1.361555278,43.614612222],[1.3603475,43.614658333],[1.360239444,43.613232222],[1.360493056,43.613223056],[1.36078,43.613350556],[1.360845,43.614282778],[1.361486944,43.614259167],[1.361426667,43.613395278],[1.361597778,43.61325],[1.3631925,43.613191389],[1.363259722,43.613203333],[1.363402778,43.6131975],[1.363417778,43.613388611]]]}},{"type":"Feature","id":"surface.hard_surface_3.038","properties":{"name":"Hard surface type 3 038","layer":"Airfield surfaces","category":"Hard surfaces — type 3","object_type":"Area","style_id":"surface.hard_surface_3","airport":"LFBO","geometry_role":"filled_region","vsmr_group_ids":[[]]},"geometry":{"type":"Polygon","coordinates":[[[1.360004444,43.612548889],[1.359981111,43.612549722],[1.359934444,43.612045278],[1.360941389,43.612000833],[1.360989444,43.612583611],[1.360008333,43.612618611],[1.360004444,43.612548889]]]}},{"type":"Feature","id":"surface.hard_surface_3.039","properties":{"name":"Hard surface type 3 039","layer":"Airfield surfaces","category":"Hard surfaces — type 3","object_type":"Area","style_id":"surface.hard_surface_3","airport":"LFBO","geometry_role":"filled_region","vsmr_group_ids":[[]]},"geometry":{"type":"Polygon","coordinates":[[[1.36564,43.613104444],[1.365605833,43.613069444],[1.3655625,43.613038333],[1.365525556,43.613011111],[1.365478333,43.612983056],[1.365410556,43.612955278],[1.365338056,43.612933056],[1.365257778,43.612914722],[1.3651625,43.612911944],[1.365070556,43.612917222],[1.364966944,43.612918056],[1.364756111,43.612923889],[1.364734167,43.612609722],[1.364841944,43.612599722],[1.364855556,43.61273],[1.365463333,43.612713333],[1.365541667,43.612711111],[1.365630833,43.6127175],[1.365714167,43.612724722],[1.365825556,43.612748889],[1.365917778,43.612779167],[1.365958611,43.612780833],[1.365992778,43.612778889],[1.366035556,43.612773333],[1.36657,43.612628889],[1.366802222,43.612568611],[1.366851667,43.612658889],[1.366887778,43.612733056],[1.366901111,43.612743889],[1.3669225,43.612753611],[1.366945,43.612755556],[1.367101111,43.612750278],[1.367141389,43.612765],[1.367182778,43.6131325],[1.367135556,43.613206667],[1.36696,43.613250833],[1.366965833,43.613266389],[1.366672222,43.613346944],[1.366700278,43.613401389],[1.366943889,43.613857222],[1.367004722,43.613840833],[1.367046111,43.613921111],[1.367409167,43.613823611],[1.367352222,43.613704722],[1.367447778,43.613679167],[1.36723,43.613258333],[1.367308889,43.613221667],[1.367980556,43.613191389],[1.368452778,43.614105833],[1.36816,43.614173611],[1.367703889,43.613984722],[1.367606944,43.614011111],[1.367527222,43.613985],[1.367190833,43.614075278],[1.367148056,43.613990556],[1.367025556,43.614024722],[1.367065278,43.614108333],[1.366832222,43.614171944],[1.366740833,43.613994444],[1.366768611,43.613986111],[1.366475278,43.6134075],[1.366428056,43.613413889],[1.366399167,43.613422222],[1.366355278,43.613444444],[1.36632,43.613465833],[1.366296111,43.613486111],[1.366231667,43.613544167],[1.366220556,43.613556111],[1.366209722,43.613573333],[1.366203611,43.613607222],[1.366205833,43.613651667],[1.366231111,43.613705278],[1.366331944,43.613911389],[1.366354444,43.613937222],[1.366378056,43.613954722],[1.3664175,43.613971111],[1.366459722,43.613981667],[1.366500556,43.613984722],[1.366544167,43.613989722],[1.366578333,43.613998333],[1.366626389,43.614006389],[1.3666775,43.614009167],[1.366738333,43.613995833],[1.366835278,43.614172778],[1.366802222,43.614181667],[1.366758611,43.614198333],[1.366714444,43.614220833],[1.366660278,43.614250556],[1.366616667,43.614279722],[1.366593056,43.6143],[1.3665725,43.614328056],[1.366575556,43.614365],[1.366601389,43.614389722],[1.366653056,43.614416667],[1.366702778,43.614426944],[1.366815556,43.6144025],[1.367241111,43.614286944],[1.367548333,43.614893889],[1.367086667,43.615002222],[1.367047222,43.615022778],[1.367028889,43.615035],[1.367001667,43.615057222],[1.366975,43.615090833],[1.366966944,43.615118056],[1.366974444,43.615150278],[1.367550556,43.616284722],[1.367581389,43.616336389],[1.367613611,43.616378611],[1.367652222,43.616426389],[1.367724722,43.616511944],[1.367786389,43.616571389],[1.367847222,43.616625833],[1.367918333,43.616675833],[1.367985833,43.616719722],[1.368068889,43.616764722],[1.368155833,43.616813056],[1.368236667,43.616858056],[1.370614444,43.618163889],[1.370465556,43.618309167],[1.368575556,43.617268056],[1.368532222,43.617252222],[1.368474444,43.617236389],[1.3683975,43.6172275],[1.368345278,43.6172275],[1.368283611,43.617234444],[1.368222778,43.617250278],[1.368170556,43.61727],[1.368114167,43.617301111],[1.368071944,43.617338889],[1.367902222,43.6175],[1.367865833,43.617529167],[1.367830556,43.617550278],[1.367791944,43.617571389],[1.367748611,43.617591111],[1.367701389,43.617607778],[1.367648333,43.617625],[1.367584722,43.617640278],[1.367512778,43.617652778],[1.367436667,43.617653889],[1.367388056,43.617650278],[1.367337222,43.617645],[1.367283611,43.617638333],[1.367223333,43.617624444],[1.367170556,43.617607778],[1.367109167,43.617583611],[1.367062778,43.617561389],[1.367008333,43.617528333],[1.366963056,43.617494444],[1.366906111,43.617438889],[1.366877222,43.617395833],[1.366849444,43.617350278],[1.36683,43.6173],[1.366819167,43.617230278],[1.366821389,43.617161667],[1.366829167,43.6171225],[1.366846389,43.617070833],[1.366872222,43.617017222],[1.36691,43.616970556],[1.367266389,43.616620833],[1.367300556,43.616584444],[1.367320833,43.616553889],[1.36734,43.616511667],[1.367350278,43.616465833],[1.367347222,43.616424444],[1.367336944,43.616375833],[1.366093611,43.613951944],[1.365713611,43.613213333],[1.365668056,43.613144444],[1.36564,43.613104444]]]}},{"type":"Feature","id":"surface.hard_surface_3.040","properties":{"name":"Hard surface type 3 040","layer":"Airfield surfaces","category":"Hard surfaces — type 3","object_type":"Area","style_id":"surface.hard_surface_3","airport":"LFBO","geometry_role":"filled_region","vsmr_group_ids":[[]]},"geometry":{"type":"Polygon","coordinates":[[[1.369097222,43.616243056],[1.369058056,43.61616],[1.369566111,43.61602],[1.369673889,43.616231944],[1.369965278,43.616152778],[1.370159722,43.616538889],[1.369868611,43.6166175],[1.369978056,43.616828611],[1.369466389,43.616966111],[1.369385833,43.616813333],[1.369140278,43.616880556],[1.3683325,43.616436944],[1.369097222,43.616243056]]]}},{"type":"Feature","id":"surface.hard_surface_3.041","properties":{"name":"Hard surface type 3 041","layer":"Airfield surfaces","category":"Hard surfaces — type 3","object_type":"Area","style_id":"surface.hard_surface_3","airport":"LFBO","geometry_role":"filled_region","vsmr_group_ids":[[]]},"geometry":{"type":"Polygon","coordinates":[[[1.359506667,43.625833333],[1.359292778,43.626038056],[1.358850556,43.626083611],[1.358757778,43.626173333],[1.358523611,43.626041944],[1.358615,43.625954167],[1.358563056,43.625676111],[1.358180556,43.625715556],[1.358084167,43.625808056],[1.357848056,43.6256825],[1.357944167,43.625586667],[1.357891944,43.625308889],[1.35751,43.625348333],[1.357413611,43.625441944],[1.357180556,43.625313611],[1.357275,43.62522],[1.357228333,43.624968889],[1.356894444,43.6249525],[1.356769722,43.6250725],[1.356538611,43.624943889],[1.356663611,43.624823889],[1.356574167,43.624641389],[1.356882778,43.624348611],[1.357495556,43.624685],[1.357465833,43.624713333],[1.359500833,43.625829444],[1.359506667,43.625833333]]]}},{"type":"Feature","id":"surface.hard_surface_3.042","properties":{"name":"Hard surface type 3 042","layer":"Airfield surfaces","category":"Hard surfaces — type 3","object_type":"Area","style_id":"surface.hard_surface_3","airport":"LFBO","geometry_role":"filled_region","vsmr_group_ids":[[]]},"geometry":{"type":"Polygon","coordinates":[[[1.356236111,43.612894167],[1.35632,43.612666111],[1.3564,43.612628611],[1.3570925,43.612321667],[1.357118611,43.612325556],[1.357171667,43.612376667],[1.357271667,43.612327778],[1.357486667,43.612312778],[1.357523889,43.612870833],[1.356457778,43.613137222],[1.356251389,43.613143611],[1.356236111,43.612894167]]]}},{"type":"Feature","id":"surface.hard_surface_3.043","properties":{"name":"Hard surface type 3 043","layer":"Airfield surfaces","category":"Hard surfaces — type 3","object_type":"Area","style_id":"surface.hard_surface_3","airport":"LFBO","geometry_role":"filled_region","vsmr_group_ids":[[]]},"geometry":{"type":"Polygon","coordinates":[[[1.367090833,43.614006111],[1.367252222,43.614329722],[1.366596667,43.614496111],[1.366010278,43.613503056],[1.366493056,43.613362778],[1.366835556,43.6140725],[1.367090833,43.614006111]]]}},{"type":"Feature","id":"surface.runway_grass.001","properties":{"name":"Grass runway","layer":"Airfield surfaces","category":"Grass runways","object_type":"Area","style_id":"surface.runway_grass","airport":"LFBO","geometry_role":"filled_region","vsmr_group_ids":[[]]},"geometry":{"type":"Polygon","coordinates":[[[1.383780833,43.617738889],[1.386472222,43.615261111],[1.386790556,43.615439722],[1.384108333,43.617925556],[1.383780833,43.617738889]]]}},{"type":"Feature","id":"surface.runway.001","properties":{"name":"Runway area 001","layer":"Airfield surfaces","category":"Runways","object_type":"Area","style_id":"surface.runway","airport":"LFBO","geometry_role":"filled_region","vsmr_group_ids":[[]]},"geometry":{"type":"Polygon","coordinates":[[[1.345105833,43.644376111],[1.345521667,43.643941667],[1.34549,43.643915556],[1.345344444,43.643815556],[1.345176944,43.643721944],[1.345039167,43.643649722],[1.344871389,43.643575833],[1.344376111,43.643357778],[1.344844722,43.642917222],[1.344872222,43.642943889],[1.344906944,43.642975],[1.344984722,43.643040556],[1.345153889,43.643173333],[1.345243056,43.6432375],[1.345311389,43.6432875],[1.345395278,43.643341944],[1.345471389,43.643380556],[1.345516111,43.643400278],[1.345556944,43.643410556],[1.345577778,43.643384722],[1.345633333,43.643334167],[1.345688056,43.643294167],[1.345756944,43.643253611],[1.345825,43.643223333],[1.345909722,43.643200278],[1.346008333,43.643186111],[1.346094167,43.643183056],[1.3461775,43.643186667],[1.346307778,43.643206111],[1.348909167,43.640712222],[1.348925556,43.640688056],[1.348934722,43.640668611],[1.3489375,43.640642778],[1.348938889,43.640615833],[1.348938333,43.640594722],[1.3489325,43.640570833],[1.348920833,43.640544722],[1.348909722,43.640520556],[1.3488925,43.640493611],[1.348878333,43.640470556],[1.348857222,43.640448056],[1.348824444,43.640411111],[1.348787778,43.640381389],[1.348744722,43.640344444],[1.348686667,43.640303611],[1.348607778,43.640250833],[1.348508056,43.640191389],[1.348403611,43.6401375],[1.348244167,43.640065556],[1.348064444,43.639986111],[1.348031667,43.639973611],[1.348006944,43.639964167],[1.347981389,43.639953889],[1.347971944,43.6399625],[1.347894444,43.639955],[1.348453611,43.639421111],[1.348480278,43.639471389],[1.348505278,43.639506389],[1.348556944,43.639542222],[1.348619722,43.639583889],[1.348685,43.639631667],[1.348738056,43.639666667],[1.348793056,43.6397025],[1.348856111,43.639741389],[1.348917778,43.639775556],[1.348986667,43.639811389],[1.349051944,43.639841667],[1.349118889,43.639874722],[1.349198889,43.639908056],[1.349262222,43.639930833],[1.349315278,43.639948333],[1.349373333,43.639960833],[1.349424167,43.63997],[1.349468333,43.639973333],[1.349518611,43.639974444],[1.349568056,43.639972778],[1.349604167,43.639968611],[1.349640833,43.639963333],[1.349679722,43.639951111],[1.3497075,43.639936944],[1.349737778,43.639917222],[1.349809722,43.639854444],[1.353972222,43.63585],[1.353989167,43.635826111],[1.353990833,43.635803333],[1.353989167,43.635770556],[1.353985278,43.635735278],[1.353975556,43.635699722],[1.353953611,43.635650278],[1.353930833,43.635615278],[1.353894167,43.635566111],[1.353864722,43.635535],[1.3538225,43.635497222],[1.353710278,43.635433056],[1.353573333,43.635343889],[1.3535225,43.6353125],[1.353441389,43.635275278],[1.353346389,43.635234444],[1.353253056,43.635190833],[1.353159722,43.635154444],[1.353092222,43.635134722],[1.353025,43.635111667],[1.352961944,43.6350975],[1.3535075,43.634582778],[1.353521111,43.634615278],[1.353558333,43.634641111],[1.353593889,43.634667778],[1.353627778,43.6346975],[1.353666111,43.6347275],[1.353716667,43.634768889],[1.353781944,43.634811111],[1.3538725,43.634871111],[1.353951389,43.634911944],[1.354034722,43.634954444],[1.354213611,43.635035278],[1.3542925,43.635070278],[1.354365278,43.635096389],[1.354421944,43.635108611],[1.3544725,43.635117778],[1.354526944,43.635123056],[1.354587778,43.635123889],[1.3546475,43.635116667],[1.354695,43.6351075],[1.354743056,43.635088889],[1.354775278,43.635070833],[1.354808611,43.635044444],[1.354850833,43.635003889],[1.358795556,43.631218333],[1.358807778,43.631189167],[1.358817222,43.631161667],[1.358821111,43.631133889],[1.358816667,43.631095278],[1.358801389,43.631049722],[1.358743333,43.630985],[1.358694167,43.630941944],[1.358659722,43.630911111],[1.358608611,43.630866944],[1.358565556,43.630837778],[1.358512222,43.630798056],[1.358473889,43.630773333],[1.358418056,43.630739167],[1.358364722,43.630709167],[1.358228611,43.630646944],[1.358043889,43.630571111],[1.357959444,43.630539167],[1.357908889,43.630525833],[1.357868333,43.63052],[1.357772778,43.630500833],[1.358348611,43.629951944],[1.358375833,43.629989444],[1.358416111,43.630033333],[1.358472222,43.630078611],[1.358535,43.630127778],[1.358647222,43.630205833],[1.358785,43.630301111],[1.358836111,43.630328611],[1.358909722,43.630365556],[1.358978611,43.630399444],[1.359059444,43.630434722],[1.359126389,43.630459722],[1.359173889,43.630473056],[1.359223611,43.630483056],[1.359273333,43.630491667],[1.359321111,43.630498611],[1.359375,43.630504722],[1.359455,43.630496667],[1.359573889,43.630466389],[1.359639444,43.630404167],[1.362678889,43.627490833],[1.363960556,43.626258611],[1.363962222,43.626236667],[1.363962222,43.626202778],[1.36396,43.626158611],[1.363959444,43.626123056],[1.363955833,43.626095],[1.363948611,43.626063333],[1.363933889,43.626033333],[1.363916944,43.626004167],[1.363894167,43.625976667],[1.363870278,43.625951111],[1.363836944,43.625920278],[1.363805,43.625891667],[1.363764722,43.625865833],[1.363723333,43.625842222],[1.363636667,43.625798611],[1.363450833,43.625722778],[1.363120833,43.625584722],[1.363043333,43.625560556],[1.362995278,43.625546944],[1.362941944,43.625537222],[1.363509167,43.624995],[1.363530278,43.62503],[1.363554722,43.625062778],[1.363586111,43.625095833],[1.363624722,43.625131111],[1.363676667,43.625167778],[1.363879444,43.625313611],[1.363930278,43.625348056],[1.363975833,43.625373889],[1.364018333,43.625398056],[1.36406,43.62542],[1.364116667,43.625450278],[1.364171389,43.625474722],[1.364210833,43.625490278],[1.364268056,43.625511944],[1.364324722,43.625526944],[1.364384444,43.6255375],[1.364445,43.625544167],[1.364501944,43.625546111],[1.364553611,43.625546389],[1.3646075,43.62554],[1.364654722,43.625531389],[1.364697222,43.625519167],[1.364734722,43.625500556],[1.364778056,43.625472222],[1.364839167,43.625415278],[1.370200833,43.620266389],[1.370200556,43.620243056],[1.370204167,43.620213889],[1.370201111,43.620171111],[1.370188611,43.620131944],[1.370176667,43.6200925],[1.370159167,43.620055278],[1.370135,43.620015278],[1.370115833,43.619985556],[1.370081111,43.619943889],[1.370050278,43.61991],[1.370023333,43.619883889],[1.3699975,43.619865278],[1.369952222,43.619834722],[1.36988,43.619797778],[1.369586944,43.619672778],[1.369503889,43.619641111],[1.369391944,43.619600833],[1.369301667,43.619572222],[1.369253333,43.619559722],[1.369206944,43.619549167],[1.369161667,43.619549444],[1.36976,43.618975278],[1.369775833,43.619006667],[1.369795556,43.619038889],[1.369816944,43.619075],[1.369838333,43.6191075],[1.369869167,43.619134444],[1.369900278,43.619165833],[1.369963333,43.61921],[1.370142222,43.619343056],[1.370209722,43.619384444],[1.370303611,43.619444167],[1.370363333,43.619473611],[1.370412778,43.619497222],[1.3704525,43.619513333],[1.370495278,43.619526389],[1.37054,43.619536111],[1.370595833,43.619546111],[1.370647778,43.619551389],[1.370712778,43.619554722],[1.370786111,43.619551667],[1.370916944,43.619537778],[1.370965278,43.619495833],[1.370990833,43.619450556],[1.371006667,43.619390556],[1.371014444,43.619348333],[1.371024722,43.619303056],[1.371023889,43.619261111],[1.371020278,43.619196111],[1.3710175,43.61912],[1.371002778,43.619039722],[1.370984167,43.618969444],[1.3709625,43.618921111],[1.370946389,43.618879167],[1.37092,43.618831944],[1.370895833,43.618797778],[1.370866389,43.618765278],[1.370838889,43.6187375],[1.370804722,43.6187125],[1.37077,43.618691111],[1.370718333,43.618666389],[1.370663333,43.618645833],[1.370604722,43.618626389],[1.370531389,43.618603889],[1.370473611,43.618585556],[1.3704225,43.618571389],[1.370368889,43.6185575],[1.370315,43.618544444],[1.370274722,43.618532222],[1.370230833,43.618521667],[1.370683889,43.618091944],[1.371805556,43.6187125],[1.372165833,43.618368333],[1.372317222,43.618454167],[1.372332778,43.618440278],[1.372776389,43.618675],[1.372769167,43.618691389],[1.372912778,43.618775278],[1.372558889,43.619113889],[1.373066389,43.619399722],[1.372752222,43.619698611],[1.372638889,43.619645833],[1.372561389,43.619611667],[1.3725,43.619591667],[1.372442778,43.619573889],[1.372390278,43.619558333],[1.372333333,43.619544167],[1.372274722,43.619530833],[1.372225556,43.619519722],[1.372181944,43.619518889],[1.372144722,43.619526389],[1.372104722,43.619543333],[1.37207,43.619575],[1.372028056,43.619616389],[1.371954722,43.619685],[1.371883611,43.619754167],[1.371844722,43.619791111],[1.371765833,43.619870833],[1.367670833,43.623800833],[1.367621944,43.623853889],[1.367595278,43.623897222],[1.367583611,43.623942222],[1.367580556,43.623984722],[1.367587222,43.624030556],[1.367600556,43.624074444],[1.367616111,43.624125556],[1.36764,43.624168611],[1.367665556,43.624200833],[1.3677075,43.624231389],[1.367745278,43.624253056],[1.367789722,43.624270556],[1.367848333,43.624285833],[1.367898889,43.6242975],[1.367948889,43.624311111],[1.368015556,43.624322222],[1.3679925,43.624408611],[1.367887222,43.624731389],[1.367776111,43.624728333],[1.367656667,43.624720833],[1.367539167,43.624716667],[1.367449444,43.624715556],[1.367364167,43.624723056],[1.367286944,43.624735278],[1.367211667,43.624752222],[1.367006389,43.624805556],[1.366753611,43.624873333],[1.366634722,43.624913056],[1.366525833,43.624954167],[1.366445,43.624987222],[1.366416111,43.625005833],[1.366327778,43.625090556],[1.356054722,43.634964167],[1.355999722,43.635012778],[1.3559525,43.635055278],[1.355916389,43.635088611],[1.355875556,43.6351275],[1.355850278,43.6351575],[1.355828333,43.635195833],[1.355813333,43.635238611],[1.355795833,43.635292778],[1.355783889,43.635335278],[1.355775,43.635386389],[1.355769444,43.635436111],[1.355763889,43.635487222],[1.355761667,43.635545556],[1.355755278,43.6356225],[1.355755,43.635675278],[1.355761389,43.635726111],[1.355775833,43.635775278],[1.355791111,43.635813889],[1.355811111,43.6358525],[1.355823333,43.63588],[1.355836944,43.635898611],[1.355863333,43.635929444],[1.355796389,43.635995],[1.355473611,43.636295833],[1.355193056,43.636173889],[1.355153056,43.636154444],[1.355111667,43.636143611],[1.355058611,43.636136389],[1.355018333,43.636138056],[1.354976944,43.63614],[1.354945,43.636142778],[1.354909167,43.636149444],[1.354876944,43.636156389],[1.354845833,43.636165833],[1.354814167,43.636178333],[1.354782778,43.636194444],[1.354753889,43.636212778],[1.354718889,43.636240833],[1.354681667,43.636275833],[1.354621111,43.636334167],[1.350683889,43.640118333],[1.350631667,43.640168333],[1.350595833,43.640201111],[1.350568056,43.64023],[1.350539722,43.640253056],[1.350508333,43.640283056],[1.350488889,43.640308889],[1.3504725,43.64035],[1.350460556,43.640385833],[1.350452778,43.6404225],[1.35045,43.640469722],[1.350458611,43.640508889],[1.350463056,43.640544167],[1.350472778,43.6405825],[1.350488611,43.6406225],[1.350517778,43.640665833],[1.350551944,43.640712222],[1.350581667,43.6407475],[1.350615278,43.640777222],[1.350663611,43.640814444],[1.350733611,43.640855],[1.350422222,43.641170556],[1.350391111,43.641151667],[1.350350556,43.641133056],[1.350304167,43.641115556],[1.350261389,43.6411],[1.35021,43.641086111],[1.350148056,43.641076111],[1.350089722,43.641068056],[1.350027222,43.641063333],[1.349954444,43.641063333],[1.349885,43.641069444],[1.349833889,43.641076389],[1.349779444,43.641086389],[1.349727778,43.641098889],[1.349677778,43.641115556],[1.349635556,43.641135],[1.349588889,43.641167778],[1.349549444,43.641206667],[1.349445833,43.641307778],[1.349336944,43.641412222],[1.347072778,43.643584722],[1.346916667,43.643734722],[1.346893333,43.643762778],[1.346876944,43.643799167],[1.346863056,43.643837222],[1.346849167,43.643874444],[1.346843333,43.643910833],[1.346836944,43.643948056],[1.346838611,43.64398],[1.346844444,43.644014167],[1.346850833,43.644047778],[1.346857778,43.644083056],[1.346868889,43.644118056],[1.346905556,43.644148056],[1.346981667,43.644203333],[1.347087222,43.644284444],[1.347154444,43.644331389],[1.347237222,43.644385833],[1.347332778,43.644442778],[1.347421667,43.644491389],[1.347526111,43.644552222],[1.347629167,43.644605556],[1.347738333,43.644666667],[1.347830278,43.644716389],[1.347911389,43.644759167],[1.347984167,43.644796111],[1.348072778,43.644838889],[1.348146389,43.644866111],[1.348213333,43.6448975],[1.348154722,43.6449625],[1.347894722,43.645206111],[1.346281111,43.644349444],[1.345846389,43.644770556],[1.345703333,43.644691111],[1.343919444,43.6463925],[1.343482222,43.646146667],[1.345249167,43.644448611],[1.345105833,43.644376111]]]}},{"type":"Feature","id":"surface.runway.002","properties":{"name":"Runway area 002","layer":"Airfield surfaces","category":"Runways","object_type":"Area","style_id":"surface.runway","airport":"LFBO","geometry_role":"filled_region","vsmr_group_ids":[[]]},"geometry":{"type":"Polygon","coordinates":[[[1.356998056,43.636631389],[1.3572575,43.636739167],[1.357392222,43.636797222],[1.357450556,43.636814722],[1.357496389,43.636824722],[1.35754,43.6368275],[1.357586667,43.636827778],[1.357629167,43.636826944],[1.357683333,43.636813889],[1.357725278,43.636798056],[1.357784167,43.636763611],[1.357847778,43.636718889],[1.357921667,43.636646944],[1.369641389,43.625378611],[1.369533889,43.625333333],[1.369553056,43.625303889],[1.369585,43.625255],[1.369593611,43.625213056],[1.3695975,43.625179444],[1.369597778,43.625149444],[1.369590833,43.625115556],[1.369577778,43.625083056],[1.369554167,43.6250475],[1.3695225,43.62501],[1.369485833,43.624977778],[1.369445278,43.624948056],[1.369401667,43.624923889],[1.369331944,43.624903333],[1.369276389,43.624890556],[1.369353056,43.624475],[1.370138333,43.624509167],[1.370201667,43.624510833],[1.370260833,43.624506667],[1.370330556,43.6244925],[1.370402222,43.624467222],[1.370462222,43.624437222],[1.370516389,43.62441],[1.3705475,43.624391944],[1.370592778,43.624434722],[1.370647778,43.624409722],[1.370705,43.6243575],[1.370743056,43.624328333],[1.370824722,43.624252222],[1.371840278,43.623274444],[1.374096389,43.621106667],[1.374209444,43.620964444],[1.374236111,43.620928611],[1.374255278,43.620900556],[1.3742625,43.620886389],[1.374280556,43.620805],[1.374282222,43.620753056],[1.374276667,43.620688889],[1.374263889,43.620641667],[1.374235556,43.620589444],[1.374263611,43.620576667],[1.374255833,43.620545278],[1.374244167,43.620518889],[1.374225,43.620488611],[1.374195833,43.620468333],[1.374150833,43.620445556],[1.373938333,43.620335],[1.373935278,43.620334167],[1.3739375,43.620335278],[1.373940278,43.620337778],[1.373938611,43.620338611],[1.374245556,43.620046944],[1.374511944,43.620192222],[1.374540833,43.620198056],[1.374583333,43.620202778],[1.374638056,43.6202],[1.374641667,43.620177778],[1.3747375,43.620177222],[1.3747925,43.620174722],[1.374854444,43.620169444],[1.374924722,43.620155833],[1.374984722,43.620139722],[1.375034444,43.620115556],[1.375088611,43.620100833],[1.375133333,43.620076667],[1.375184722,43.620034444],[1.375235556,43.619989167],[1.375293611,43.619946389],[1.375345278,43.619907222],[1.375431667,43.619819167],[1.3799575,43.615449167],[1.380189444,43.615572778],[1.380424167,43.615349722],[1.380651667,43.615468333],[1.380436944,43.615675],[1.381169444,43.616081944],[1.380837222,43.616406389],[1.380741389,43.616404167],[1.380642778,43.616407778],[1.380544722,43.616408889],[1.380431389,43.616422222],[1.380325,43.616438333],[1.380261111,43.616450556],[1.380196389,43.616467778],[1.380076667,43.616502222],[1.379999444,43.616524722],[1.379916389,43.616555556],[1.379797222,43.616601667],[1.379747778,43.616623611],[1.379678333,43.616658333],[1.379620278,43.616691389],[1.375832222,43.620329722],[1.375801111,43.620365],[1.375779444,43.620400556],[1.375754167,43.620444167],[1.375734722,43.620487778],[1.375711944,43.620536667],[1.375697222,43.620585556],[1.375694722,43.6206375],[1.375694167,43.620687778],[1.375702778,43.620728611],[1.375716667,43.620767778],[1.375746944,43.620807778],[1.375792222,43.620848333],[1.376043889,43.621015556],[1.375712778,43.621334444],[1.375411667,43.621193611],[1.375359444,43.621180833],[1.375293056,43.621174722],[1.37524,43.621171389],[1.375183611,43.621174722],[1.375108611,43.621188333],[1.375033611,43.621208333],[1.3749675,43.621231111],[1.374921389,43.621253333],[1.374846111,43.621298611],[1.374771944,43.6213575],[1.37177,43.624234444],[1.371800278,43.6245175],[1.371826389,43.624563056],[1.3718575,43.624605],[1.371896667,43.624638333],[1.371939167,43.624666389],[1.371979722,43.624687778],[1.372031667,43.624711667],[1.372066389,43.624724444],[1.3721275,43.624743056],[1.371948889,43.625126944],[1.371876667,43.625105833],[1.371803056,43.625096389],[1.371725,43.625092778],[1.371652778,43.625098889],[1.371582222,43.625108889],[1.371482778,43.625129444],[1.370966667,43.625249444],[1.370790833,43.625295556],[1.370738333,43.625318333],[1.370672778,43.625343889],[1.370591944,43.625380833],[1.370526111,43.625430833],[1.367006944,43.628811111],[1.366960278,43.628865833],[1.366926111,43.628914167],[1.366872222,43.629012778],[1.366811944,43.629124444],[1.366748611,43.629245833],[1.366721389,43.629315833],[1.366698611,43.629405278],[1.366693056,43.629530833],[1.366683889,43.629672778],[1.366683889,43.629814444],[1.366698056,43.629879444],[1.366723889,43.629943889],[1.366830278,43.630130833],[1.366302778,43.630334722],[1.366054167,43.630109444],[1.366028056,43.630085278],[1.366002778,43.630070833],[1.365972778,43.630060278],[1.365927222,43.630050278],[1.365888333,43.630046944],[1.365813333,43.630047778],[1.365758056,43.630059722],[1.3656975,43.630085278],[1.365640833,43.630132778],[1.35848,43.636995833],[1.358460278,43.637040833],[1.358440833,43.637088889],[1.358421667,43.637131667],[1.358413889,43.637156111],[1.358413333,43.637186944],[1.358411944,43.637298333],[1.358416111,43.637318611],[1.358440833,43.637338611],[1.358486389,43.637368611],[1.358539722,43.63741],[1.358526944,43.637421667],[1.358660833,43.637521389],[1.358758333,43.637591944],[1.358781389,43.6376075],[1.358461389,43.637915556],[1.358433056,43.637893056],[1.356691111,43.636929167],[1.356998056,43.636631389]]]}},{"type":"Feature","id":"surface.runway.003","properties":{"name":"Runway area 003","layer":"Airfield surfaces","category":"Runways","object_type":"Area","style_id":"surface.runway","airport":"LFBO","geometry_role":"filled_region","vsmr_group_ids":[[]]},"geometry":{"type":"Polygon","coordinates":[[[1.386765,43.615441667],[1.386359444,43.6158125],[1.386061667,43.615641944],[1.386468333,43.615270833],[1.386765,43.615441667]]]}},{"type":"Feature","id":"surface.runway.004","properties":{"name":"Runway area 004","layer":"Airfield surfaces","category":"Runways","object_type":"Area","style_id":"surface.runway","airport":"LFBO","geometry_role":"filled_region","vsmr_group_ids":[[]]},"geometry":{"type":"Polygon","coordinates":[[[1.383799722,43.617743333],[1.384203889,43.617359167],[1.384506667,43.617532222],[1.384090278,43.617908333],[1.383799722,43.617743333]]]}},{"type":"Feature","id":"terrain.grass.002","properties":{"name":"Grass area 002","layer":"Terrain","category":"Grass","object_type":"Area","style_id":"terrain.grass","airport":"LFBO","geometry_role":"filled_region","vsmr_group_ids":[[]]},"geometry":{"type":"Polygon","coordinates":[[[1.366773333,43.632385556],[1.36672,43.632351667],[1.366660278,43.632296389],[1.366635556,43.632208333],[1.366725556,43.632053889],[1.366886389,43.631831111],[1.367075,43.631643889],[1.36733,43.631446944],[1.367554444,43.631321944],[1.367683333,43.631281944],[1.367773333,43.631285],[1.367826667,43.631310278],[1.367863889,43.631338889],[1.367761944,43.63164],[1.367205833,43.6322],[1.366773333,43.632385556]]]}},{"type":"Feature","id":"terrain.grass.003","properties":{"name":"Grass area 003","layer":"Terrain","category":"Grass","object_type":"Area","style_id":"terrain.grass","airport":"LFBO","geometry_role":"filled_region","vsmr_group_ids":[[]]},"geometry":{"type":"Polygon","coordinates":[[[1.368419722,43.63085],[1.368336389,43.630858611],[1.368260833,43.6308425],[1.368226389,43.630780556],[1.368233611,43.630695],[1.368334722,43.630491667],[1.368468333,43.630318333],[1.3687,43.630088333],[1.368921389,43.629929167],[1.369126944,43.6298],[1.369236944,43.629774444],[1.369373056,43.629774444],[1.369455556,43.629824444],[1.369323333,43.630156944],[1.368750833,43.630723333],[1.368419722,43.63085]]]}},{"type":"Feature","id":"terrain.grass.004","properties":{"name":"Grass area 004","layer":"Terrain","category":"Grass","object_type":"Area","style_id":"terrain.grass","airport":"LFBO","geometry_role":"filled_region","vsmr_group_ids":[[]]},"geometry":{"type":"Polygon","coordinates":[[[1.371252222,43.629855278],[1.371096944,43.629907778],[1.370924444,43.629922778],[1.370753333,43.629884167],[1.370026111,43.629488056],[1.370823333,43.628693889],[1.370926389,43.628752222],[1.370890278,43.628935278],[1.371121389,43.629057778],[1.3711675,43.629034444],[1.371266389,43.628991667],[1.371358889,43.628989722],[1.371460833,43.629039722],[1.371578333,43.629126389],[1.3716375,43.629213333],[1.371656389,43.629319722],[1.371628611,43.629463889],[1.371515833,43.629633333],[1.371416944,43.629745556],[1.371252222,43.629855278]]]}},{"type":"Feature","id":"terrain.grass.005","properties":{"name":"Grass area 005","layer":"Terrain","category":"Grass","object_type":"Area","style_id":"terrain.grass","airport":"LFBO","geometry_role":"filled_region","vsmr_group_ids":[[]]},"geometry":{"type":"Polygon","coordinates":[[[1.373001111,43.628276389],[1.372628056,43.62858],[1.372433333,43.628710833],[1.372257778,43.628769722],[1.372066944,43.628772222],[1.371898056,43.628735278],[1.371716389,43.628643333],[1.371718056,43.628548333],[1.371725556,43.628481389],[1.371498611,43.628341944],[1.371400278,43.6283925],[1.371295,43.628415],[1.371194167,43.6283425],[1.371755556,43.627780833],[1.371953611,43.627635833],[1.3725825,43.627231944],[1.373374444,43.626785833],[1.373612222,43.626687778],[1.373905,43.626608056],[1.374461944,43.626541944],[1.374484444,43.6266425],[1.374484444,43.626737778],[1.3744175,43.626859722],[1.374284444,43.627002778],[1.373871389,43.627442778],[1.373001111,43.628276389]]]}},{"type":"Feature","id":"terrain.grass.006","properties":{"name":"Grass area 006","layer":"Terrain","category":"Grass","object_type":"Area","style_id":"terrain.grass","airport":"LFBO","geometry_role":"filled_region","vsmr_group_ids":[[]]},"geometry":{"type":"Polygon","coordinates":[[[1.382214167,43.620055],[1.382228056,43.620063056],[1.382271111,43.620131944],[1.382283333,43.620158889],[1.382286111,43.620194722],[1.382280833,43.6202175],[1.382268611,43.620238889],[1.3822525,43.620256389],[1.382225833,43.620276389],[1.382201944,43.620286944],[1.382171389,43.620295278],[1.382130556,43.620297222],[1.382097222,43.620294167],[1.382055556,43.620285278],[1.3820275,43.620271111],[1.382,43.620250278],[1.381983333,43.620225556],[1.381986944,43.620189167],[1.3819975,43.620151667],[1.382024444,43.620121389],[1.38207,43.620094444],[1.382108056,43.620076944],[1.382165,43.620059444],[1.382198333,43.620052222],[1.382214167,43.620055]]]}},{"type":"Feature","id":"terrain.grass.007","properties":{"name":"Grass area 007","layer":"Terrain","category":"Grass","object_type":"Area","style_id":"terrain.grass","airport":"LFBO","geometry_role":"filled_region","vsmr_group_ids":[[]]},"geometry":{"type":"Polygon","coordinates":[[[1.380481389,43.62085],[1.380512222,43.620836111],[1.380534722,43.620823889],[1.380552778,43.620819722],[1.38057,43.620819722],[1.380586389,43.620821111],[1.380617222,43.620829444],[1.380638056,43.620836667],[1.380822778,43.621124722],[1.380663056,43.621281111],[1.380500833,43.621188889],[1.380482222,43.621175],[1.380422778,43.621091111],[1.380355,43.620986944],[1.380348889,43.620972778],[1.380481389,43.62085]]]}},{"type":"Feature","id":"terrain.grass.008","properties":{"name":"Grass area 008","layer":"Terrain","category":"Grass","object_type":"Area","style_id":"terrain.grass","airport":"LFBO","geometry_role":"filled_region","vsmr_group_ids":[[]]},"geometry":{"type":"Polygon","coordinates":[[[1.355728611,43.653178333],[1.355715,43.6531925],[1.355693333,43.653206111],[1.355667778,43.653213333],[1.355640556,43.653214722],[1.355615278,43.65321],[1.355594722,43.653201111],[1.355579444,43.653186111],[1.355568056,43.653164722],[1.355566667,43.653145278],[1.355736111,43.653158056],[1.355728611,43.653178333]]]}},{"type":"Feature","id":"terrain.grass.009","properties":{"name":"Grass area 009","layer":"Terrain","category":"Grass","object_type":"Area","style_id":"terrain.grass","airport":"LFBO","geometry_role":"filled_region","vsmr_group_ids":[[]]},"geometry":{"type":"Polygon","coordinates":[[[1.355748611,43.651815278],[1.355763611,43.651792778],[1.355786389,43.651776389],[1.355818056,43.651765833],[1.355845833,43.651766111],[1.355868333,43.651771944],[1.355891111,43.651781389],[1.355903611,43.6517925],[1.355913333,43.651806944],[1.355915556,43.651822222],[1.355917222,43.651838611],[1.355904167,43.651923056],[1.355735278,43.651910556],[1.3557425,43.651844444],[1.355748611,43.651815278]]]}},{"type":"Feature","id":"terrain.grass.010","properties":{"name":"Grass area 010","layer":"Terrain","category":"Grass","object_type":"Area","style_id":"terrain.grass","airport":"LFBO","geometry_role":"filled_region","vsmr_group_ids":[[]]},"geometry":{"type":"Polygon","coordinates":[[[1.3559625,43.651505278],[1.355955833,43.651551667],[1.355948889,43.651566667],[1.3559375,43.651577778],[1.355919722,43.651587778],[1.355893333,43.651596667],[1.355867778,43.6516],[1.355841667,43.651596944],[1.355820833,43.651585833],[1.355804444,43.651570556],[1.3557925,43.651554444],[1.355788611,43.651533611],[1.355794167,43.651490833],[1.3559625,43.651505278]]]}},{"type":"Feature","id":"terrain.grass.011","properties":{"name":"Grass area 011","layer":"Terrain","category":"Grass","object_type":"Area","style_id":"terrain.grass","airport":"LFBO","geometry_role":"filled_region","vsmr_group_ids":[[]]},"geometry":{"type":"Polygon","coordinates":[[[1.355985833,43.6501025],[1.355996944,43.650083889],[1.356017222,43.650068333],[1.3560425,43.650057222],[1.356070833,43.650054722],[1.356093333,43.6500575],[1.3561175,43.650068056],[1.356136667,43.650081111],[1.356147778,43.650094722],[1.35615,43.650108333],[1.356150278,43.650124167],[1.356143333,43.650174167],[1.355975556,43.650162222],[1.355981667,43.650123333],[1.355985833,43.6501025]]]}},{"type":"Feature","id":"terrain.grass.012","properties":{"name":"Grass area 012","layer":"Terrain","category":"Grass","object_type":"Area","style_id":"terrain.grass","airport":"LFBO","geometry_role":"filled_region","vsmr_group_ids":[[]]},"geometry":{"type":"Polygon","coordinates":[[[1.356196389,43.649807778],[1.356192778,43.649828889],[1.356179722,43.649846389],[1.356165556,43.649859444],[1.356148333,43.649869722],[1.356126111,43.649875556],[1.356105556,43.649876111],[1.356084444,43.649873611],[1.356065,43.649867778],[1.3560475,43.649857778],[1.356035278,43.649846389],[1.356024444,43.649829444],[1.356021667,43.649817778],[1.356022778,43.649796389],[1.356196389,43.649807778]]]}},{"type":"Feature","id":"terrain.grass.013","properties":{"name":"Grass area 013","layer":"Terrain","category":"Grass","object_type":"Area","style_id":"terrain.grass","airport":"LFBO","geometry_role":"filled_region","vsmr_group_ids":[[]]},"geometry":{"type":"Polygon","coordinates":[[[1.356094444,43.649156389],[1.356213333,43.649165833],[1.356227778,43.649058333],[1.356286111,43.649062778],[1.356259167,43.64926],[1.356187778,43.649254722],[1.3561975,43.6491875],[1.356091667,43.649181111],[1.356094444,43.649156389]]]}},{"type":"Feature","id":"terrain.grass.014","properties":{"name":"Grass area 014","layer":"Terrain","category":"Grass","object_type":"Area","style_id":"terrain.grass","airport":"LFBO","geometry_role":"filled_region","vsmr_group_ids":[[]]},"geometry":{"type":"Polygon","coordinates":[[[1.374023611,43.626531389],[1.373755278,43.62658],[1.373518889,43.626658611],[1.373271667,43.626766111],[1.372806667,43.627023056],[1.371811389,43.627662222],[1.371544444,43.62788],[1.371123056,43.628302222],[1.371082222,43.628266667],[1.371021111,43.628188611],[1.37097,43.628055],[1.370999722,43.627913611],[1.371297222,43.627524167],[1.371368889,43.627451944],[1.372475278,43.626385278],[1.372870833,43.626068889],[1.373019722,43.625981111],[1.373095833,43.625959444],[1.373240556,43.625934444],[1.3733975,43.625947222],[1.373596944,43.6260025],[1.373820278,43.626103611],[1.374175833,43.626300278],[1.374340278,43.626402222],[1.374393611,43.626445],[1.374425,43.626486944],[1.374269167,43.626506944],[1.374023611,43.626531389]]]}},{"type":"Feature","id":"terrain.grass.015","properties":{"name":"Grass area 015","layer":"Terrain","category":"Grass","object_type":"Area","style_id":"terrain.grass","airport":"LFBO","geometry_role":"filled_region","vsmr_group_ids":[[]]},"geometry":{"type":"Polygon","coordinates":[[[1.369945,43.629394444],[1.369903056,43.629365],[1.369851389,43.629300278],[1.369812222,43.629191667],[1.369837778,43.629093056],[1.369918333,43.628956111],[1.370073889,43.628774444],[1.370219722,43.628661944],[1.370346667,43.628628889],[1.370487222,43.628613056],[1.370613056,43.628627222],[1.370765,43.628673056],[1.370011944,43.629383333],[1.369984167,43.629401667],[1.369945,43.629394444]]]}},{"type":"Feature","id":"structure.building.001","properties":{"name":"Building 001","layer":"Buildings and structures","category":"Buildings","object_type":"Area","style_id":"structure.building","airport":"LFBO","geometry_role":"filled_region","vsmr_group_ids":[[]]},"geometry":{"type":"Polygon","coordinates":[[[1.386846389,43.618321944],[1.386824167,43.618313056],[1.386798333,43.618300556],[1.386775,43.618286667],[1.386755556,43.618270833],[1.386738333,43.618251389],[1.386719722,43.61823],[1.386800278,43.618234722],[1.386796667,43.618228611],[1.387328056,43.618053333],[1.387531389,43.618372222],[1.3870025,43.618549722],[1.386860278,43.618326667],[1.386846389,43.618321944]]]}},{"type":"Feature","id":"structure.building.002","properties":{"name":"Building 002","layer":"Buildings and structures","category":"Buildings","object_type":"Area","style_id":"structure.building","airport":"LFBO","geometry_role":"filled_region","vsmr_group_ids":[[]]},"geometry":{"type":"Polygon","coordinates":[[[1.387702222,43.620212778],[1.387696389,43.6202025],[1.388083333,43.620073056],[1.388146667,43.620172222],[1.3883325,43.620111389],[1.388527222,43.620417778],[1.388381667,43.62047],[1.388508889,43.6206625],[1.388468611,43.620677222],[1.388471389,43.620681667],[1.388079722,43.6208125],[1.387696944,43.620213889],[1.387702222,43.620212778]]]}},{"type":"Feature","id":"structure.building.003","properties":{"name":"Building 003","layer":"Buildings and structures","category":"Buildings","object_type":"Area","style_id":"structure.building","airport":"LFBO","geometry_role":"filled_region","vsmr_group_ids":[[]]},"geometry":{"type":"Polygon","coordinates":[[[1.385741111,43.619473889],[1.385704722,43.619535],[1.385678056,43.619581944],[1.385654444,43.619632778],[1.385630278,43.6196825],[1.385613333,43.619724444],[1.385594167,43.619770278],[1.385573611,43.619828333],[1.385550833,43.619896667],[1.385482778,43.619922778],[1.385393056,43.619953333],[1.385263056,43.619994722],[1.385303333,43.6198425],[1.385105833,43.619808889],[1.385097222,43.619841111],[1.384808611,43.619937222],[1.384825833,43.619876111],[1.384843056,43.619807222],[1.384868889,43.619726111],[1.384895278,43.6196575],[1.384923611,43.619590278],[1.384948056,43.619526944],[1.384966111,43.619486111],[1.385001944,43.619416667],[1.385035556,43.619350833],[1.385067222,43.6192975],[1.385101389,43.619236389],[1.385143056,43.619175],[1.385183333,43.619113889],[1.385223056,43.619056389],[1.385265278,43.619001667],[1.385305833,43.618950556],[1.385348889,43.618898889],[1.385398056,43.618840556],[1.385454444,43.618778611],[1.385821667,43.619350278],[1.385776111,43.619419167],[1.385741111,43.619473889]]]}},{"type":"Feature","id":"structure.building.004","properties":{"name":"Building 004","layer":"Buildings and structures","category":"Buildings","object_type":"Area","style_id":"structure.building","airport":"LFBO","geometry_role":"filled_region","vsmr_group_ids":[[]]},"geometry":{"type":"Polygon","coordinates":[[[1.375936389,43.625896111],[1.375731111,43.626106667],[1.375655,43.626116944],[1.3753075,43.625928611],[1.375543333,43.625684167],[1.375936389,43.625896111]]]}},{"type":"Feature","id":"structure.building.005","properties":{"name":"Building 005","layer":"Buildings and structures","category":"Buildings","object_type":"Area","style_id":"structure.building","airport":"LFBO","geometry_role":"filled_region","vsmr_group_ids":[[]]},"geometry":{"type":"Polygon","coordinates":[[[1.382767222,43.619864444],[1.382926667,43.6201075],[1.383164444,43.620023889],[1.383246667,43.620151667],[1.3833575,43.620113333],[1.383445556,43.620248333],[1.383329444,43.62029],[1.383481111,43.620510278],[1.383646944,43.620770278],[1.383800278,43.6210175],[1.383958056,43.621267222],[1.384105556,43.62149],[1.383821389,43.621587778],[1.383192778,43.6206125],[1.383019167,43.620671944],[1.382704167,43.6201875],[1.382711667,43.620184167],[1.382549722,43.619938333],[1.382767222,43.619864444]]]}},{"type":"Feature","id":"structure.building.006","properties":{"name":"Building 006","layer":"Buildings and structures","category":"Buildings","object_type":"Area","style_id":"structure.building","airport":"LFBO","geometry_role":"filled_region","vsmr_group_ids":[[]]},"geometry":{"type":"Polygon","coordinates":[[[1.383345833,43.621768333],[1.38354,43.621689722],[1.383561111,43.621718611],[1.383558333,43.6217525],[1.383871111,43.622243611],[1.383694167,43.622305833],[1.383748889,43.622386667],[1.3829275,43.622667778],[1.382864722,43.622578611],[1.3828,43.622486389],[1.382679722,43.622305278],[1.382623889,43.622220556],[1.382544722,43.622099444],[1.382364444,43.622161389],[1.382345278,43.622131111],[1.3825275,43.622069722],[1.382519722,43.622049444],[1.383345833,43.621768333]]]}},{"type":"Feature","id":"structure.building.007","properties":{"name":"Building 007","layer":"Buildings and structures","category":"Buildings","object_type":"Area","style_id":"structure.building","airport":"LFBO","geometry_role":"filled_region","vsmr_group_ids":[[]]},"geometry":{"type":"Polygon","coordinates":[[[1.3827375,43.622731944],[1.382620833,43.622772222],[1.382661667,43.622838889],[1.382309444,43.622959722],[1.382273889,43.622903889],[1.382078333,43.622966944],[1.381980833,43.622996111],[1.381902222,43.623019167],[1.381830556,43.623038056],[1.381721389,43.623073611],[1.381450833,43.622656389],[1.382479167,43.622306389],[1.3827375,43.622731944]]]}},{"type":"Feature","id":"structure.building.008","properties":{"name":"Building 008","layer":"Buildings and structures","category":"Buildings","object_type":"Area","style_id":"structure.building","airport":"LFBO","geometry_role":"filled_region","vsmr_group_ids":[[]]},"geometry":{"type":"Polygon","coordinates":[[[1.381075833,43.62221],[1.380823056,43.622456944],[1.380667778,43.622368889],[1.380924444,43.622121111],[1.381075833,43.62221]]]}},{"type":"Feature","id":"structure.building.009","properties":{"name":"Building 009","layer":"Buildings and structures","category":"Buildings","object_type":"Area","style_id":"structure.building","airport":"LFBO","geometry_role":"filled_region","vsmr_group_ids":[[]]},"geometry":{"type":"Polygon","coordinates":[[[1.381064444,43.622685556],[1.380867222,43.622875],[1.380408056,43.622625556],[1.380605556,43.622435833],[1.381064444,43.622685556]]]}},{"type":"Feature","id":"structure.building.010","properties":{"name":"Building 010","layer":"Buildings and structures","category":"Buildings","object_type":"Area","style_id":"structure.building","airport":"LFBO","geometry_role":"filled_region","vsmr_group_ids":[[]]},"geometry":{"type":"Polygon","coordinates":[[[1.380357222,43.622855556],[1.380266667,43.622944722],[1.380282778,43.622954722],[1.380176667,43.623059444],[1.380156389,43.623049722],[1.380056111,43.623145833],[1.379938056,43.6230825],[1.380050833,43.622973056],[1.380030833,43.622962778],[1.380093611,43.622903056],[1.380113333,43.622913333],[1.380240833,43.622791389],[1.380357222,43.622855556]]]}},{"type":"Feature","id":"structure.building.011","properties":{"name":"Building 011","layer":"Buildings and structures","category":"Buildings","object_type":"Area","style_id":"structure.building","airport":"LFBO","geometry_role":"filled_region","vsmr_group_ids":[[]]},"geometry":{"type":"Polygon","coordinates":[[[1.38007,43.623275833],[1.379861667,43.623476944],[1.379934444,43.623516389],[1.379751111,43.623693611],[1.379785833,43.623712778],[1.379451944,43.624033889],[1.379419722,43.624016389],[1.379417222,43.624018333],[1.379329722,43.623971111],[1.379319722,43.623971667],[1.379122778,43.623864722],[1.379404167,43.6235925],[1.379360556,43.623566111],[1.379416667,43.623508333],[1.379445278,43.623473611],[1.379471667,43.623445278],[1.379499444,43.623416111],[1.379531389,43.623385833],[1.379560556,43.623360278],[1.379607222,43.623328611],[1.379666389,43.623269722],[1.3797075,43.623292222],[1.379850556,43.6231575],[1.38007,43.623275833]]]}},{"type":"Feature","id":"structure.building.012","properties":{"name":"Building 012","layer":"Buildings and structures","category":"Buildings","object_type":"Area","style_id":"structure.building","airport":"LFBO","geometry_role":"filled_region","vsmr_group_ids":[[]]},"geometry":{"type":"Polygon","coordinates":[[[1.378333333,43.625032778],[1.377871944,43.625470556],[1.377663056,43.625355833],[1.378120278,43.624915556],[1.378333333,43.625032778]]]}},{"type":"Feature","id":"structure.building.013","properties":{"name":"Building 013","layer":"Buildings and structures","category":"Buildings","object_type":"Area","style_id":"structure.building","airport":"LFBO","geometry_role":"filled_region","vsmr_group_ids":[[]]},"geometry":{"type":"Polygon","coordinates":[[[1.37663,43.62509],[1.377193889,43.625400556],[1.377077222,43.625512222],[1.376511944,43.625201667],[1.37663,43.62509]]]}},{"type":"Feature","id":"structure.building.014","properties":{"name":"Building 014","layer":"Buildings and structures","category":"Buildings","object_type":"Area","style_id":"structure.building","airport":"LFBO","geometry_role":"filled_region","vsmr_group_ids":[[]]},"geometry":{"type":"Polygon","coordinates":[[[1.3764325,43.625868889],[1.3764525,43.625880278],[1.376503611,43.625830833],[1.376483889,43.625819722],[1.376571944,43.625736389],[1.376701389,43.625808889],[1.376522778,43.625981389],[1.376390278,43.625909167],[1.3764325,43.625868889]]]}},{"type":"Feature","id":"structure.building.015","properties":{"name":"Building 015","layer":"Buildings and structures","category":"Buildings","object_type":"Area","style_id":"structure.building","airport":"LFBO","geometry_role":"filled_region","vsmr_group_ids":[[]]},"geometry":{"type":"Polygon","coordinates":[[[1.377709444,43.626278333],[1.37751,43.626350278],[1.377373333,43.626147778],[1.377576667,43.626074722],[1.377709444,43.626278333]]]}},{"type":"Feature","id":"structure.building.016","properties":{"name":"Building 016","layer":"Buildings and structures","category":"Buildings","object_type":"Area","style_id":"structure.building","airport":"LFBO","geometry_role":"filled_region","vsmr_group_ids":[[]]},"geometry":{"type":"Polygon","coordinates":[[[1.377392778,43.626483611],[1.377468056,43.626598611],[1.377371944,43.626631944],[1.377296389,43.626516944],[1.377392778,43.626483611]]]}},{"type":"Feature","id":"structure.building.017","properties":{"name":"Building 017","layer":"Buildings and structures","category":"Buildings","object_type":"Area","style_id":"structure.building","airport":"LFBO","geometry_role":"filled_region","vsmr_group_ids":[[]]},"geometry":{"type":"Polygon","coordinates":[[[1.377596944,43.626423611],[1.377413889,43.626488333],[1.377372222,43.626426111],[1.377553889,43.626359444],[1.377596944,43.626423611]]]}},{"type":"Feature","id":"structure.building.018","properties":{"name":"Building 018","layer":"Buildings and structures","category":"Buildings","object_type":"Area","style_id":"structure.building","airport":"LFBO","geometry_role":"filled_region","vsmr_group_ids":[[]]},"geometry":{"type":"Polygon","coordinates":[[[1.3777175,43.626387778],[1.377778056,43.6264775],[1.378258611,43.626305556],[1.379191944,43.627653333],[1.378579167,43.627871389],[1.377660278,43.626519444],[1.377601111,43.626430278],[1.3777175,43.626387778]]]}},{"type":"Feature","id":"structure.building.019","properties":{"name":"Building 019","layer":"Buildings and structures","category":"Buildings","object_type":"Area","style_id":"structure.building","airport":"LFBO","geometry_role":"filled_region","vsmr_group_ids":[[]]},"geometry":{"type":"Polygon","coordinates":[[[1.378828056,43.628093333],[1.378396389,43.628500556],[1.3782925,43.628445],[1.37836,43.6283775],[1.378151667,43.628263056],[1.37842,43.628007778],[1.378344167,43.627961389],[1.378484722,43.627911667],[1.378506667,43.627923333],[1.378511389,43.627918611],[1.378828056,43.628093333]]]}},{"type":"Feature","id":"structure.building.020","properties":{"name":"Building 020","layer":"Buildings and structures","category":"Buildings","object_type":"Area","style_id":"structure.building","airport":"LFBO","geometry_role":"filled_region","vsmr_group_ids":[[]]},"geometry":{"type":"Polygon","coordinates":[[[1.377809722,43.627733056],[1.377536389,43.627995556],[1.377413056,43.62793],[1.377334167,43.628006667],[1.3774925,43.628094167],[1.377470278,43.6281175],[1.377494722,43.6281325],[1.377485556,43.628146667],[1.376368333,43.629221111],[1.376296111,43.629181667],[1.376358611,43.629119444],[1.376309722,43.629093056],[1.376386389,43.629020833],[1.376665556,43.628751667],[1.376740833,43.628678611],[1.377020556,43.628407222],[1.377094444,43.628336389],[1.376994167,43.628280833],[1.377650833,43.627644444],[1.377809722,43.627733056]]]}},{"type":"Feature","id":"structure.building.021","properties":{"name":"Building 021","layer":"Buildings and structures","category":"Buildings","object_type":"Area","style_id":"structure.building","airport":"LFBO","geometry_role":"filled_region","vsmr_group_ids":[[]]},"geometry":{"type":"Polygon","coordinates":[[[1.377032222,43.628298889],[1.376955,43.628373333],[1.377021667,43.62841],[1.376742222,43.628678889],[1.376674722,43.628643611],[1.376596389,43.628715833],[1.37667,43.628755],[1.376388333,43.629021389],[1.376319444,43.628985278],[1.376242222,43.629058611],[1.376315278,43.629095833],[1.376360556,43.629119167],[1.376087778,43.629393333],[1.3759275,43.629307222],[1.376995833,43.628279167],[1.377032222,43.628298889]]]}},{"type":"Feature","id":"structure.building.022","properties":{"name":"Building 022","layer":"Buildings and structures","category":"Buildings","object_type":"Area","style_id":"structure.building","airport":"LFBO","geometry_role":"filled_region","vsmr_group_ids":[[]]},"geometry":{"type":"Polygon","coordinates":[[[1.375765,43.629517222],[1.375883333,43.629582778],[1.376134722,43.629685],[1.376388611,43.629824722],[1.3767575,43.629470833],[1.376888889,43.629542778],[1.376313889,43.630098611],[1.376025833,43.629941389],[1.375932778,43.629891111],[1.37587,43.629861111],[1.375809722,43.629836389],[1.375730833,43.629806111],[1.375643889,43.629780556],[1.375566667,43.629760556],[1.375481111,43.629745278],[1.375389167,43.629733333],[1.375306389,43.629725556],[1.375234722,43.629723889],[1.375164722,43.629724444],[1.375091111,43.629726667],[1.375028611,43.629733333],[1.37495,43.629742778],[1.374858611,43.6297575],[1.374756944,43.6297875],[1.374695833,43.629803056],[1.374642778,43.629821111],[1.374574444,43.6298475],[1.374507222,43.629878889],[1.374438611,43.6299175],[1.374372778,43.629956111],[1.374319444,43.629991111],[1.374273333,43.630029722],[1.374231111,43.630067222],[1.374194444,43.630100556],[1.374163056,43.630133333],[1.374134722,43.630165],[1.374108889,43.630199722],[1.374079722,43.630241111],[1.374059167,43.630275556],[1.374040556,43.630311667],[1.374013333,43.630364444],[1.373992778,43.630421667],[1.3739775,43.630470556],[1.373966667,43.630528333],[1.373960556,43.63058],[1.373957222,43.630627222],[1.373959444,43.630678056],[1.373963056,43.630723889],[1.373972222,43.6307675],[1.373980556,43.630808611],[1.373984444,43.6308475],[1.373985556,43.630895556],[1.373983056,43.630924722],[1.373976111,43.630960278],[1.373964722,43.630998333],[1.373951111,43.631033333],[1.373931111,43.631070833],[1.373905278,43.631108056],[1.373880833,43.631137222],[1.373845278,43.6311725],[1.373801111,43.631215833],[1.373733611,43.631183056],[1.373708333,43.631205],[1.373679444,43.631225833],[1.373646111,43.631248056],[1.373624722,43.63126],[1.373615,43.631263056],[1.373570556,43.631238611],[1.373595833,43.631196111],[1.373616111,43.631167222],[1.373644167,43.631132778],[1.373629444,43.631126389],[1.373460278,43.63129],[1.373100278,43.631093056],[1.373024167,43.631177222],[1.373539722,43.631461389],[1.372724167,43.632242222],[1.372479444,43.632115556],[1.372131389,43.632451667],[1.371538611,43.632128611],[1.371529722,43.632135278],[1.371501944,43.632120556],[1.371233056,43.632380556],[1.371123333,43.632315833],[1.371230833,43.632216944],[1.371168333,43.63219],[1.371104167,43.632173056],[1.3710475,43.632161944],[1.370982222,43.632156667],[1.370919167,43.632155833],[1.370855,43.632161389],[1.370777222,43.632176944],[1.370707222,43.632198056],[1.370638611,43.632226111],[1.370578056,43.632262778],[1.370524444,43.632306389],[1.370485278,43.632345278],[1.370454444,43.63239],[1.370429722,43.63244],[1.370413333,43.632486667],[1.370406389,43.632531944],[1.3704075,43.632578333],[1.370417222,43.632625],[1.370433333,43.6326725],[1.370450556,43.632709444],[1.370477222,43.632746111],[1.370507778,43.632780278],[1.370549444,43.632815278],[1.370584444,43.632839722],[1.3706825,43.632741111],[1.370621667,43.632707222],[1.370701111,43.632629722],[1.370906111,43.632736111],[1.370811944,43.632823333],[1.370786389,43.63281],[1.370596667,43.632985556],[1.370508056,43.632936111],[1.370554722,43.632889444],[1.370518333,43.632865278],[1.370366389,43.632976944],[1.370317222,43.632939167],[1.370285833,43.632911111],[1.370251111,43.632874722],[1.370222222,43.632839722],[1.3701975,43.632803611],[1.370173611,43.632761111],[1.370153333,43.632718333],[1.370135,43.632664722],[1.370125556,43.6326175],[1.370120833,43.632571389],[1.370121111,43.632526111],[1.370126944,43.632476944],[1.370137222,43.632430556],[1.370163056,43.632358056],[1.370195833,43.632301667],[1.370231389,43.632251111],[1.370267778,43.632209722],[1.370314167,43.632163056],[1.370377778,43.632115278],[1.370438889,43.632078333],[1.370491667,43.632049444],[1.370550833,43.632023056],[1.370608056,43.632001389],[1.370675556,43.6319825],[1.370735833,43.631970278],[1.370791944,43.631960278],[1.370856944,43.631954167],[1.370920556,43.631950278],[1.370993611,43.63195],[1.371064167,43.631956667],[1.371132778,43.631966111],[1.371203333,43.631980833],[1.371260278,43.631994722],[1.371304444,43.632010556],[1.371349444,43.632026389],[1.371220278,43.63219],[1.371247222,43.632198889],[1.371421667,43.632031111],[1.372507222,43.630983889],[1.3726675,43.630827222],[1.372459444,43.630714444],[1.372523889,43.6306525],[1.372730833,43.6307675],[1.373187778,43.630325556],[1.372982222,43.630211389],[1.373048056,43.630149444],[1.373251389,43.630264167],[1.373438056,43.6300825],[1.373480556,43.630036389],[1.373486667,43.630039167],[1.373597778,43.629883056],[1.373725278,43.629866667],[1.373748056,43.629833889],[1.373620833,43.629763611],[1.373598056,43.629785278],[1.373490833,43.629726111],[1.373580278,43.629641111],[1.373686111,43.629701667],[1.373663333,43.629721389],[1.373768611,43.629777778],[1.373776389,43.629771389],[1.373842222,43.629764167],[1.373870556,43.629722778],[1.374021111,43.629704444],[1.374088333,43.629596111],[1.374038056,43.629580833],[1.374045556,43.6295675],[1.373980278,43.629544444],[1.373991667,43.629527222],[1.373878889,43.629491944],[1.373894167,43.629467222],[1.373970278,43.629490556],[1.373974167,43.629484722],[1.374003333,43.629481389],[1.374079722,43.629505],[1.374258889,43.629210833],[1.374301667,43.629193611],[1.374200556,43.629050556],[1.3742425,43.629035278],[1.374343333,43.629178056],[1.374388333,43.629161111],[1.374618889,43.629178889],[1.374637778,43.629075],[1.374671111,43.629078056],[1.374665833,43.629119722],[1.374677778,43.629120556],[1.374693889,43.629139444],[1.3746875,43.629184722],[1.374736389,43.629189722],[1.374732222,43.6292225],[1.374864167,43.629233333],[1.374894167,43.629254167],[1.375037778,43.629218056],[1.375046944,43.629235],[1.375037778,43.629263333],[1.374939444,43.629291389],[1.375283056,43.629541667],[1.375338889,43.629545278],[1.375392222,43.6295475],[1.375463611,43.629555],[1.375536111,43.629565278],[1.375603611,43.629576667],[1.375664722,43.629590833],[1.3757175,43.629602778],[1.375786389,43.629622222],[1.375800278,43.629608889],[1.375683611,43.629546667],[1.375928333,43.629306389],[1.375966389,43.629325833],[1.375765,43.629517222]]]}},{"type":"Feature","id":"structure.building.023","properties":{"name":"Building 023","layer":"Buildings and structures","category":"Buildings","object_type":"Area","style_id":"structure.building","airport":"LFBO","geometry_role":"filled_region","vsmr_group_ids":[[]]},"geometry":{"type":"Polygon","coordinates":[[[1.371327222,43.631993056],[1.371246111,43.631704444],[1.371240556,43.631704167],[1.371153333,43.631975556],[1.371102778,43.631965278],[1.371188056,43.631693611],[1.371181389,43.631690556],[1.370920278,43.631918889],[1.370919722,43.631956389],[1.370873333,43.6319575],[1.370870833,43.6319225],[1.370570833,43.631719167],[1.370566389,43.631722222],[1.3706925,43.631981944],[1.370644167,43.631994722],[1.370515278,43.631733889],[1.370507778,43.631733889],[1.370460278,43.632029722],[1.370485556,43.6320575],[1.370449444,43.632078889],[1.370422222,43.632050556],[1.370017222,43.631997222],[1.3700125,43.632002778],[1.370315,43.632173889],[1.370284722,43.632204722],[1.369982778,43.632033611],[1.369976944,43.6320375],[1.370160556,43.6323],[1.370200556,43.632310556],[1.370183056,43.632345833],[1.370145,43.632335833],[1.369762222,43.6324525],[1.369764167,43.632458056],[1.370135,43.632481389],[1.370133889,43.632519167],[1.369759722,43.632496111],[1.369758056,43.632501667],[1.370115833,43.6326525],[1.370139444,43.632648333],[1.370155278,43.632681111],[1.370128056,43.632685278],[1.369739167,43.632521667],[1.369621667,43.632515],[1.369631111,43.632425833],[1.369748056,43.632430278],[1.370130833,43.632313333],[1.369945278,43.632046389],[1.369852222,43.631995278],[1.369928056,43.6319225],[1.370021111,43.631973056],[1.37043,43.6320275],[1.370474167,43.631729722],[1.370435,43.631648333],[1.3705525,43.631617222],[1.370591111,43.631696389],[1.370893889,43.631906667],[1.3711575,43.631673611],[1.371183611,43.631590556],[1.371305,43.631611389],[1.371278611,43.631693611],[1.371362778,43.631999167],[1.371334167,43.632023611],[1.371309167,43.6320175],[1.371327222,43.631993056]]]}},{"type":"Feature","id":"structure.building.024","properties":{"name":"Building 024","layer":"Buildings and structures","category":"Buildings","object_type":"Area","style_id":"structure.building","airport":"LFBO","geometry_role":"filled_region","vsmr_group_ids":[[]]},"geometry":{"type":"Polygon","coordinates":[[[1.376086944,43.629388611],[1.376292222,43.629175556],[1.376531667,43.629305],[1.376304444,43.629523333],[1.376306111,43.629536111],[1.376136667,43.629692222],[1.37588,43.629583611],[1.376086944,43.629388611]]]}},{"type":"Feature","id":"structure.building.025","properties":{"name":"Building 025","layer":"Buildings and structures","category":"Buildings","object_type":"Area","style_id":"structure.building","airport":"LFBO","geometry_role":"filled_region","vsmr_group_ids":[[]]},"geometry":{"type":"Polygon","coordinates":[[[1.376466944,43.630006111],[1.376887222,43.630230278],[1.376927778,43.630252222],[1.376963056,43.630273333],[1.376989722,43.630296389],[1.377009722,43.630320556],[1.377022778,43.630348889],[1.377027778,43.630379444],[1.377025,43.630410556],[1.377013889,43.630441111],[1.376999444,43.630464167],[1.376982778,43.630481111],[1.376960833,43.630496667],[1.376936944,43.630509722],[1.376904167,43.630524444],[1.376871944,43.630533333],[1.376845833,43.630539444],[1.376813333,43.6305425],[1.376784722,43.630541111],[1.376798611,43.630455556],[1.376823333,43.630455833],[1.376849444,43.630451111],[1.376872222,43.630441667],[1.376891389,43.630428611],[1.376905278,43.630411944],[1.376910833,43.630394444],[1.376910833,43.630377222],[1.376906111,43.630361389],[1.376893333,43.630342778],[1.376883056,43.630334167],[1.376853056,43.630318333],[1.376717778,43.630371667],[1.376594722,43.630368611],[1.376596389,43.630355278],[1.376595278,43.630338333],[1.376590833,43.63032],[1.376583889,43.630299167],[1.376570278,43.630275556],[1.376548889,43.630252222],[1.376531944,43.6302375],[1.3765125,43.630223056],[1.376337778,43.630131111],[1.376466944,43.630006111]]]}},{"type":"Feature","id":"structure.building.026","properties":{"name":"Building 026","layer":"Buildings and structures","category":"Buildings","object_type":"Area","style_id":"structure.building","airport":"LFBO","geometry_role":"filled_region","vsmr_group_ids":[[]]},"geometry":{"type":"Polygon","coordinates":[[[1.376716944,43.630386944],[1.376720278,43.630404444],[1.3767275,43.630418056],[1.376741111,43.630431667],[1.376758333,43.630443333],[1.3767775,43.630451111],[1.376799444,43.630455833],[1.376785833,43.630540833],[1.376761111,43.630536667],[1.376731389,43.630529444],[1.376705833,43.630520833],[1.376680556,43.630508889],[1.376658889,43.630495278],[1.376641667,43.630481111],[1.376623611,43.6304625],[1.376611389,43.630443333],[1.3766025,43.630426944],[1.376596667,43.630406944],[1.376594444,43.630390556],[1.376595,43.630368333],[1.376718056,43.630370833],[1.376716944,43.630386944]]]}},{"type":"Feature","id":"structure.building.027","properties":{"name":"Building 027","layer":"Buildings and structures","category":"Buildings","object_type":"Area","style_id":"structure.building","airport":"LFBO","geometry_role":"filled_region","vsmr_group_ids":[[]]},"geometry":{"type":"Polygon","coordinates":[[[1.371263889,43.632391111],[1.371171111,43.632479444],[1.371143333,43.632465],[1.370876667,43.6327225],[1.370699444,43.632632222],[1.371072778,43.632271944],[1.371141111,43.632309722],[1.371234444,43.632376111],[1.371263889,43.632391111]]]}},{"type":"Feature","id":"structure.building.028","properties":{"name":"Building 028","layer":"Buildings and structures","category":"Buildings","object_type":"Area","style_id":"structure.building","airport":"LFBO","geometry_role":"filled_region","vsmr_group_ids":[[]]},"geometry":{"type":"Polygon","coordinates":[[[1.370419167,43.633035833],[1.370413611,43.633025833],[1.370412778,43.633014722],[1.370414444,43.633003611],[1.370421111,43.632991389],[1.370433056,43.632979444],[1.370448056,43.632972222],[1.370465278,43.632967778],[1.370487222,43.632966667],[1.3705075,43.632970556],[1.370525833,43.632978056],[1.370538889,43.63299],[1.370545833,43.633004167],[1.370547222,43.633018889],[1.370541111,43.633035],[1.370531944,43.633046389],[1.37052,43.633054444],[1.370506111,43.63306],[1.37049,43.633063056],[1.370470833,43.633064167],[1.370453611,43.633060556],[1.370440833,43.633055],[1.370428333,43.633046944],[1.370419167,43.633035833]]]}},{"type":"Feature","id":"structure.building.029","properties":{"name":"Building 029","layer":"Buildings and structures","category":"Buildings","object_type":"Area","style_id":"structure.building","airport":"LFBO","geometry_role":"filled_region","vsmr_group_ids":[[]]},"geometry":{"type":"Polygon","coordinates":[[[1.368766389,43.634305],[1.368545833,43.634518056],[1.368633056,43.634564722],[1.3685875,43.634609444],[1.368500833,43.634561944],[1.368491111,43.634571111],[1.368258333,43.634445],[1.368313056,43.634394722],[1.368343056,43.634411667],[1.368476944,43.634279444],[1.368447778,43.634263333],[1.368483611,43.6342275],[1.368514444,43.634243889],[1.368564444,43.634194722],[1.368766389,43.634305]]]}},{"type":"Feature","id":"structure.building.030","properties":{"name":"Building 030","layer":"Buildings and structures","category":"Buildings","object_type":"Area","style_id":"structure.building","airport":"LFBO","geometry_role":"filled_region","vsmr_group_ids":[[]]},"geometry":{"type":"Polygon","coordinates":[[[1.366538056,43.633146111],[1.366695,43.633231944],[1.366576944,43.633344167],[1.366420556,43.633258056],[1.366538056,43.633146111]]]}},{"type":"Feature","id":"structure.building.031","properties":{"name":"Building 031","layer":"Buildings and structures","category":"Buildings","object_type":"Area","style_id":"structure.building","airport":"LFBO","geometry_role":"filled_region","vsmr_group_ids":[[]]},"geometry":{"type":"Polygon","coordinates":[[[1.368299167,43.634723333],[1.36831,43.634728889],[1.368156111,43.634875],[1.368141944,43.634866667],[1.368135278,43.634873333],[1.368186389,43.634901111],[1.368181111,43.634906944],[1.368191389,43.634912778],[1.368229167,43.634874722],[1.368650556,43.635108056],[1.368546667,43.635207778],[1.368124444,43.634976111],[1.368175,43.634928889],[1.368165,43.634923889],[1.368140556,43.634946667],[1.3680875,43.634916944],[1.368081111,43.634924444],[1.368096389,43.634932778],[1.367928611,43.635088889],[1.367930278,43.635074722],[1.367804444,43.635006111],[1.367781944,43.635011389],[1.367803889,43.634989167],[1.367737778,43.634954167],[1.367881389,43.634814444],[1.367989167,43.634878333],[1.368010278,43.634858889],[1.367999722,43.634853056],[1.367993333,43.634848611],[1.367988611,43.634843333],[1.367987778,43.6348375],[1.367989444,43.634830833],[1.367993889,43.634825278],[1.368001944,43.634821667],[1.368013056,43.634821111],[1.368020556,43.634822778],[1.368026111,43.634826389],[1.368037222,43.634833056],[1.368053056,43.634816944],[1.368009722,43.634793611],[1.368163611,43.634648611],[1.368215833,43.6346775],[1.368233889,43.634670833],[1.368232778,43.634665],[1.368233056,43.634654167],[1.368236944,43.634643611],[1.368247222,43.634636111],[1.368260556,43.634632222],[1.368275833,43.6346325],[1.368289444,43.634637778],[1.368296667,43.634643056],[1.368302222,43.634649167],[1.368303889,43.634655556],[1.368349444,43.634653611],[1.368376389,43.634627222],[1.368554167,43.634710278],[1.368475556,43.634798611],[1.368303611,43.634718056],[1.368299167,43.634723333]]]}},{"type":"Feature","id":"structure.building.032","properties":{"name":"Building 032","layer":"Buildings and structures","category":"Buildings","object_type":"Area","style_id":"structure.building","airport":"LFBO","geometry_role":"filled_region","vsmr_group_ids":[[]]},"geometry":{"type":"Polygon","coordinates":[[[1.367891667,43.635044722],[1.367808333,43.635131111],[1.367831667,43.635150278],[1.367780556,43.635235],[1.367646111,43.635365],[1.367631944,43.635358056],[1.367624444,43.635365],[1.3676775,43.635393611],[1.367658611,43.635412222],[1.367667222,43.635416667],[1.367716389,43.635370833],[1.368140556,43.635599722],[1.368036667,43.635699444],[1.367614167,43.635467222],[1.367653056,43.635429444],[1.367644444,43.635425278],[1.367630833,43.635438056],[1.367578333,43.635409444],[1.367571389,43.635415556],[1.367585833,43.635423889],[1.367430556,43.6355725],[1.367420556,43.635566111],[1.367415,43.635571389],[1.367568056,43.635669444],[1.3675475,43.635686667],[1.367551389,43.63569],[1.367556944,43.635684722],[1.367562778,43.635680556],[1.367571389,43.635678889],[1.367580833,43.63568],[1.367588056,43.635683056],[1.367592222,43.635687222],[1.367594444,43.635692778],[1.367593889,43.635698889],[1.367590556,43.635705278],[1.367552778,43.635748889],[1.367514722,43.635732222],[1.367520833,43.635723333],[1.367509722,43.635718889],[1.367473056,43.635748611],[1.367311944,43.635647778],[1.367340833,43.6356225],[1.367333056,43.635587778],[1.367327222,43.6355875],[1.367316389,43.635586944],[1.367305833,43.635583056],[1.367296667,43.635576944],[1.367290556,43.635568889],[1.367290278,43.635560833],[1.367293611,43.635550556],[1.367301389,43.635542778],[1.367312222,43.635537222],[1.367325833,43.635534167],[1.367326111,43.635516111],[1.367283889,43.635491944],[1.367292778,43.635483056],[1.367226389,43.635446111],[1.367639167,43.635051667],[1.367639722,43.635045833],[1.367641944,43.635034167],[1.367648056,43.635021667],[1.367655833,43.635011944],[1.367668333,43.635003056],[1.367680556,43.634996944],[1.367694167,43.634993056],[1.367716111,43.634991111],[1.367733889,43.634992778],[1.367747778,43.634996667],[1.367761944,43.635003056],[1.367772222,43.635010556],[1.367782778,43.63502],[1.367798889,43.635005833],[1.367808333,43.635003056],[1.367891667,43.635044722]]]}},{"type":"Feature","id":"structure.building.033","properties":{"name":"Building 033","layer":"Buildings and structures","category":"Buildings","object_type":"Area","style_id":"structure.building","airport":"LFBO","geometry_role":"filled_region","vsmr_group_ids":[[]]},"geometry":{"type":"Polygon","coordinates":[[[1.367888889,43.635121944],[1.367948056,43.635154722],[1.367975833,43.635126389],[1.368034444,43.635159167],[1.368100556,43.635095833],[1.368227778,43.6351675],[1.368180278,43.635213611],[1.368188889,43.635218889],[1.368043333,43.635358889],[1.368034722,43.635353611],[1.367994167,43.635392222],[1.368054444,43.635423611],[1.367996111,43.635477778],[1.36793,43.635443333],[1.367925833,43.635443333],[1.367745833,43.635344167],[1.367829444,43.635262222],[1.367778611,43.635233611],[1.367803889,43.635128333],[1.367888889,43.635121944]]]}},{"type":"Feature","id":"structure.building.034","properties":{"name":"Building 034","layer":"Buildings and structures","category":"Buildings","object_type":"Area","style_id":"structure.building","airport":"LFBO","geometry_role":"filled_region","vsmr_group_ids":[[]]},"geometry":{"type":"Polygon","coordinates":[[[1.368271667,43.635218056],[1.368531111,43.635361389],[1.368336389,43.635550556],[1.368075,43.6354075],[1.368271667,43.635218056]]]}},{"type":"Feature","id":"structure.building.035","properties":{"name":"Building 035","layer":"Buildings and structures","category":"Buildings","object_type":"Area","style_id":"structure.building","airport":"LFBO","geometry_role":"filled_region","vsmr_group_ids":[[]]},"geometry":{"type":"Polygon","coordinates":[[[1.368350833,43.635138056],[1.368293056,43.635192778],[1.368218056,43.635151944],[1.368274444,43.635096944],[1.368350833,43.635138056]]]}},{"type":"Feature","id":"structure.building.036","properties":{"name":"Building 036","layer":"Buildings and structures","category":"Buildings","object_type":"Area","style_id":"structure.building","airport":"LFBO","geometry_role":"filled_region","vsmr_group_ids":[[]]},"geometry":{"type":"Polygon","coordinates":[[[1.359468889,43.646398889],[1.360045556,43.646441667],[1.360038611,43.646494722],[1.360567778,43.646533889],[1.360499722,43.647026389],[1.359392778,43.646946944],[1.359468889,43.646398889]]]}},{"type":"Feature","id":"structure.building.037","properties":{"name":"Building 037","layer":"Buildings and structures","category":"Buildings","object_type":"Area","style_id":"structure.building","airport":"LFBO","geometry_role":"filled_region","vsmr_group_ids":[[]]},"geometry":{"type":"Polygon","coordinates":[[[1.360655278,43.64586],[1.361969167,43.645954722],[1.361914722,43.6463225],[1.361940833,43.646325278],[1.361946389,43.64629],[1.362153056,43.646306389],[1.362147778,43.64634],[1.362177222,43.646341667],[1.362226111,43.645974444],[1.363814444,43.646088889],[1.363756389,43.646503056],[1.363698056,43.6465],[1.363673056,43.6466725],[1.363474167,43.646657222],[1.363390833,43.647254722],[1.361009444,43.647082778],[1.3611125,43.646315],[1.360597222,43.646277222],[1.360655278,43.64586]]]}},{"type":"Feature","id":"structure.building.038","properties":{"name":"Building 038","layer":"Buildings and structures","category":"Buildings","object_type":"Area","style_id":"structure.building","airport":"LFBO","geometry_role":"filled_region","vsmr_group_ids":[[]]},"geometry":{"type":"Polygon","coordinates":[[[1.364335833,43.647426944],[1.364348889,43.647336667],[1.364385833,43.64738],[1.364418889,43.6474275],[1.364446667,43.647475556],[1.364473056,43.647523611],[1.364501111,43.6475825],[1.364526944,43.647646944],[1.364544167,43.647703889],[1.364551944,43.647756667],[1.364550556,43.647820278],[1.364545556,43.647898611],[1.364536667,43.647972778],[1.364518056,43.648056111],[1.364502778,43.64811],[1.364482222,43.648172778],[1.364234167,43.648071111],[1.364235278,43.648064722],[1.364073333,43.6480525],[1.3641625,43.647414444],[1.364335833,43.647426944]]]}},{"type":"Feature","id":"structure.building.039","properties":{"name":"Building 039","layer":"Buildings and structures","category":"Buildings","object_type":"Area","style_id":"structure.building","airport":"LFBO","geometry_role":"filled_region","vsmr_group_ids":[[]]},"geometry":{"type":"Polygon","coordinates":[[[1.3594,43.648398333],[1.360308611,43.648463889],[1.360275833,43.648688611],[1.360618056,43.648715833],[1.360564167,43.649101111],[1.360545833,43.649100278],[1.360484722,43.649539722],[1.360506111,43.649541389],[1.360451944,43.649927222],[1.360110278,43.649903611],[1.3600775,43.650137222],[1.359660833,43.650108056],[1.3596575,43.650128333],[1.359166389,43.650093333],[1.3594,43.648398333]]]}},{"type":"Feature","id":"structure.building.040","properties":{"name":"Building 040","layer":"Buildings and structures","category":"Buildings","object_type":"Area","style_id":"structure.building","airport":"LFBO","geometry_role":"filled_region","vsmr_group_ids":[[]]},"geometry":{"type":"Polygon","coordinates":[[[1.360382222,43.651047778],[1.360371944,43.651125],[1.360503611,43.651135833],[1.360404167,43.651861944],[1.360271944,43.651851111],[1.360249722,43.651997222],[1.358921944,43.651900556],[1.359050833,43.650953333],[1.360382222,43.651047778]]]}},{"type":"Feature","id":"structure.building.041","properties":{"name":"Building 041","layer":"Buildings and structures","category":"Buildings","object_type":"Area","style_id":"structure.building","airport":"LFBO","geometry_role":"filled_region","vsmr_group_ids":[[]]},"geometry":{"type":"Polygon","coordinates":[[[1.3597575,43.652358889],[1.359755833,43.652369167],[1.3602175,43.652400833],[1.360110833,43.653169167],[1.359844444,43.65315],[1.359842778,43.653158333],[1.3596475,43.653145556],[1.3596375,43.653222222],[1.358750833,43.653158889],[1.358868889,43.652295],[1.3597575,43.652358889]]]}},{"type":"Feature","id":"structure.building.042","properties":{"name":"Building 042","layer":"Buildings and structures","category":"Buildings","object_type":"Area","style_id":"structure.building","airport":"LFBO","geometry_role":"filled_region","vsmr_group_ids":[[]]},"geometry":{"type":"Polygon","coordinates":[[[1.357056111,43.654902222],[1.356546667,43.658620278],[1.356493056,43.659014444],[1.356344444,43.659003889],[1.3563375,43.659046111],[1.353383611,43.658829722],[1.353390833,43.658790556],[1.353236389,43.658778889],[1.353294722,43.6583525],[1.353304444,43.658353056],[1.353809444,43.6546675],[1.357056111,43.654902222]]]}},{"type":"Feature","id":"structure.building.043","properties":{"name":"Building 043","layer":"Buildings and structures","category":"Buildings","object_type":"Area","style_id":"structure.building","airport":"LFBO","geometry_role":"filled_region","vsmr_group_ids":[[]]},"geometry":{"type":"Polygon","coordinates":[[[1.348773889,43.652629722],[1.348811667,43.652368611],[1.349145278,43.652247778],[1.349174444,43.652038611],[1.349378056,43.652053056],[1.349390556,43.651975],[1.349740833,43.651996111],[1.349708333,43.6522],[1.350030833,43.652225833],[1.350061667,43.652023056],[1.350407222,43.652048889],[1.350395,43.652128889],[1.350609444,43.652141667],[1.350581111,43.652353611],[1.350873889,43.652519444],[1.350839167,43.652779444],[1.350554722,43.6527725],[1.350524444,43.652971667],[1.350129444,43.652943611],[1.350156111,43.652743056],[1.349872222,43.652709444],[1.349903889,43.652483611],[1.349770833,43.652475833],[1.349740278,43.652700556],[1.349455833,43.6526925],[1.349425556,43.652891944],[1.349031667,43.652864444],[1.349058611,43.652663889],[1.348773889,43.652629722]]]}},{"type":"Feature","id":"structure.building.044","properties":{"name":"Building 044","layer":"Buildings and structures","category":"Buildings","object_type":"Area","style_id":"structure.building","airport":"LFBO","geometry_role":"filled_region","vsmr_group_ids":[[]]},"geometry":{"type":"Polygon","coordinates":[[[1.351195,43.652485833],[1.351239167,43.652170833],[1.3522525,43.652243889],[1.352210278,43.652559444],[1.352267222,43.652597778],[1.352204722,43.653067778],[1.351829722,43.653061667],[1.351756944,43.653059444],[1.351514722,43.653041667],[1.351457778,43.653036111],[1.351064444,43.652985],[1.351129444,43.652514722],[1.351195,43.652485833]]]}},{"type":"Feature","id":"structure.building.045","properties":{"name":"Building 045","layer":"Buildings and structures","category":"Buildings","object_type":"Area","style_id":"structure.building","airport":"LFBO","geometry_role":"filled_region","vsmr_group_ids":[[]]},"geometry":{"type":"Polygon","coordinates":[[[1.355872778,43.652160833],[1.355763333,43.652963611],[1.355591944,43.652951944],[1.355702778,43.652146944],[1.355872778,43.652160833]]]}},{"type":"Feature","id":"structure.building.046","properties":{"name":"Building 046","layer":"Buildings and structures","category":"Buildings","object_type":"Area","style_id":"structure.building","airport":"LFBO","geometry_role":"filled_region","vsmr_group_ids":[[]]},"geometry":{"type":"Polygon","coordinates":[[[1.355311111,43.65277],[1.355331944,43.652607222],[1.355166944,43.652595],[1.355189444,43.652426667],[1.355356111,43.652436111],[1.355378611,43.652270833],[1.355595278,43.652287778],[1.355585278,43.652363889],[1.355558611,43.652361944],[1.355506944,43.6527075],[1.355539167,43.652709444],[1.355527222,43.652785556],[1.355311111,43.65277]]]}},{"type":"Feature","id":"structure.building.047","properties":{"name":"Building 047","layer":"Buildings and structures","category":"Buildings","object_type":"Area","style_id":"structure.building","airport":"LFBO","geometry_role":"filled_region","vsmr_group_ids":[[]]},"geometry":{"type":"Polygon","coordinates":[[[1.355908889,43.652736389],[1.355954444,43.652391944],[1.355930833,43.652390278],[1.355940278,43.652313056],[1.35616,43.652328333],[1.356137778,43.652487222],[1.356300278,43.652502222],[1.356273056,43.652676389],[1.356113056,43.652665278],[1.356090278,43.652826389],[1.355873333,43.652811389],[1.355882778,43.652734444],[1.355908889,43.652736389]]]}},{"type":"Feature","id":"structure.building.048","properties":{"name":"Building 048","layer":"Buildings and structures","category":"Buildings","object_type":"Area","style_id":"structure.building","airport":"LFBO","geometry_role":"filled_region","vsmr_group_ids":[[]]},"geometry":{"type":"Polygon","coordinates":[[[1.356112778,43.650431667],[1.355991944,43.651298611],[1.355819444,43.651287778],[1.355938333,43.650418056],[1.356112778,43.650431667]]]}},{"type":"Feature","id":"structure.building.049","properties":{"name":"Building 049","layer":"Buildings and structures","category":"Buildings","object_type":"Area","style_id":"structure.building","airport":"LFBO","geometry_role":"filled_region","vsmr_group_ids":[[]]},"geometry":{"type":"Polygon","coordinates":[[[1.355791944,43.650651389],[1.355742778,43.650996944],[1.355772778,43.650998611],[1.355760278,43.651076111],[1.355543333,43.65106],[1.355565833,43.650898611],[1.3554,43.650886389],[1.355426389,43.650713056],[1.35559,43.650724722],[1.355613056,43.650562778],[1.355831667,43.650578056],[1.355819722,43.650653333],[1.355791944,43.650651389]]]}},{"type":"Feature","id":"structure.building.050","properties":{"name":"Building 050","layer":"Buildings and structures","category":"Buildings","object_type":"Area","style_id":"structure.building","airport":"LFBO","geometry_role":"filled_region","vsmr_group_ids":[[]]},"geometry":{"type":"Polygon","coordinates":[[[1.356163611,43.650680833],[1.356174444,43.650602778],[1.356391944,43.650617778],[1.356371389,43.650776111],[1.356534444,43.650787778],[1.3565075,43.650966944],[1.356346389,43.650955],[1.356324722,43.651115],[1.356106389,43.651100278],[1.356116111,43.651024444],[1.356143611,43.651026389],[1.356188889,43.6506825],[1.356163611,43.650680833]]]}},{"type":"Feature","id":"structure.building.051","properties":{"name":"Building 051","layer":"Buildings and structures","category":"Buildings","object_type":"Area","style_id":"structure.building","airport":"LFBO","geometry_role":"filled_region","vsmr_group_ids":[[]]},"geometry":{"type":"Polygon","coordinates":[[[1.356863611,43.649486944],[1.356806389,43.649916667],[1.356336667,43.6498825],[1.3563425,43.649836389],[1.356281944,43.649832778],[1.356292778,43.64974],[1.356353889,43.649744167],[1.3563925,43.649454444],[1.356863611,43.649486944]]]}},{"type":"Feature","id":"structure.building.052","properties":{"name":"Building 052","layer":"Buildings and structures","category":"Buildings","object_type":"Area","style_id":"structure.building","airport":"LFBO","geometry_role":"filled_region","vsmr_group_ids":[[]]},"geometry":{"type":"Polygon","coordinates":[[[1.356108333,43.649559722],[1.356110556,43.64954],[1.356052222,43.649536389],[1.3561,43.649187222],[1.356178611,43.649192778],[1.356168056,43.649271944],[1.356245,43.649277222],[1.356196667,43.6496475],[1.356038889,43.649637222],[1.356049722,43.649555556],[1.356108333,43.649559722]]]}},{"type":"Feature","id":"structure.building.053","properties":{"name":"Building 053","layer":"Buildings and structures","category":"Buildings","object_type":"Area","style_id":"structure.building","airport":"LFBO","geometry_role":"filled_region","vsmr_group_ids":[[]]},"geometry":{"type":"Polygon","coordinates":[[[1.356370278,43.648436389],[1.3563375,43.648679722],[1.356260278,43.648675278],[1.356256944,43.648698611],[1.356334722,43.648704444],[1.356285,43.649053889],[1.356209722,43.649048611],[1.356191944,43.649154722],[1.356112222,43.649148889],[1.356211667,43.648425833],[1.356370278,43.648436389]]]}},{"type":"Feature","id":"structure.building.054","properties":{"name":"Building 054","layer":"Buildings and structures","category":"Buildings","object_type":"Area","style_id":"structure.building","airport":"LFBO","geometry_role":"filled_region","vsmr_group_ids":[[]]},"geometry":{"type":"Polygon","coordinates":[[[1.357010833,43.648438611],[1.356944167,43.648878611],[1.356479167,43.648845],[1.356519722,43.648546667],[1.356459167,43.648542778],[1.3564725,43.648449167],[1.356531111,43.648452222],[1.356538333,43.648403611],[1.357010833,43.648438611]]]}},{"type":"Feature","id":"structure.building.055","properties":{"name":"Building 055","layer":"Buildings and structures","category":"Buildings","object_type":"Area","style_id":"structure.building","airport":"LFBO","geometry_role":"filled_region","vsmr_group_ids":[[]]},"geometry":{"type":"Polygon","coordinates":[[[1.356074167,43.648370278],[1.356066389,43.6484175],[1.356125278,43.648423333],[1.356111667,43.648517222],[1.356051111,43.648512778],[1.35601,43.648809722],[1.355543056,43.648775556],[1.355600278,43.648336389],[1.356074167,43.648370278]]]}},{"type":"Feature","id":"structure.building.056","properties":{"name":"Building 056","layer":"Buildings and structures","category":"Buildings","object_type":"Area","style_id":"structure.building","airport":"LFBO","geometry_role":"filled_region","vsmr_group_ids":[[]]},"geometry":{"type":"Polygon","coordinates":[[[1.352850556,43.647943056],[1.352910833,43.647905278],[1.352992778,43.647981389],[1.352945278,43.648010833],[1.353039722,43.648098333],[1.352977222,43.648136389],[1.352901111,43.648068889],[1.352371667,43.648388333],[1.352384444,43.648399444],[1.351982222,43.648638889],[1.351485556,43.648202222],[1.352479167,43.647615],[1.352850556,43.647943056]]]}},{"type":"Feature","id":"structure.building.057","properties":{"name":"Building 057","layer":"Buildings and structures","category":"Buildings","object_type":"Area","style_id":"structure.building","airport":"LFBO","geometry_role":"filled_region","vsmr_group_ids":[[]]},"geometry":{"type":"Polygon","coordinates":[[[1.352575278,43.648370556],[1.3525225,43.648401389],[1.352465833,43.648351944],[1.352519722,43.648318611],[1.352575278,43.648370556]]]}},{"type":"Feature","id":"structure.building.058","properties":{"name":"Building 058","layer":"Buildings and structures","category":"Buildings","object_type":"Area","style_id":"structure.building","airport":"LFBO","geometry_role":"filled_region","vsmr_group_ids":[[]]},"geometry":{"type":"Polygon","coordinates":[[[1.352442778,43.646721389],[1.352510556,43.646676944],[1.352554167,43.646713333],[1.352534444,43.6467275],[1.352795556,43.646955833],[1.352742778,43.6469875],[1.352824444,43.647057222],[1.351898333,43.647610556],[1.351417222,43.647184722],[1.351431667,43.647176389],[1.351328333,43.647086111],[1.351380556,43.646984167],[1.351443889,43.647039167],[1.351946389,43.6467425],[1.351982222,43.646775833],[1.352009722,43.646758611],[1.351954167,43.646708056],[1.352020833,43.646692222],[1.351955278,43.646635556],[1.352191389,43.646496111],[1.352442778,43.646721389]]]}},{"type":"Feature","id":"structure.building.059","properties":{"name":"Building 059","layer":"Buildings and structures","category":"Buildings","object_type":"Area","style_id":"structure.building","airport":"LFBO","geometry_role":"filled_region","vsmr_group_ids":[[]]},"geometry":{"type":"Polygon","coordinates":[[[1.339345556,43.645728333],[1.339199444,43.645652778],[1.339313056,43.645539167],[1.339,43.645373611],[1.338855833,43.645518056],[1.338741389,43.645458056],[1.338813889,43.645385278],[1.338779722,43.645308889],[1.338715556,43.645242778],[1.338745,43.645235833],[1.338734722,43.645211111],[1.338785,43.6452],[1.338980556,43.645007222],[1.3396925,43.645384167],[1.339345556,43.645728333]]]}},{"type":"Feature","id":"structure.building.060","properties":{"name":"Building 060","layer":"Buildings and structures","category":"Buildings","object_type":"Area","style_id":"structure.building","airport":"LFBO","geometry_role":"filled_region","vsmr_group_ids":[[]]},"geometry":{"type":"Polygon","coordinates":[[[1.338103056,43.644725833],[1.338109444,43.644698056],[1.338117778,43.644669722],[1.338126111,43.644643333],[1.338136389,43.644616389],[1.338144167,43.644594722],[1.338159167,43.644564444],[1.338179167,43.644528611],[1.338195833,43.644501111],[1.338221389,43.644465],[1.338245833,43.644434444],[1.338275556,43.644401389],[1.3382725,43.644389722],[1.338291944,43.644368333],[1.338310833,43.644348611],[1.3383325,43.644326667],[1.338841667,43.644464167],[1.338861111,43.644470833],[1.338871389,43.6444775],[1.338877222,43.644486389],[1.338877778,43.644496389],[1.338875833,43.644505556],[1.33887,43.644514167],[1.338860833,43.64452],[1.338850833,43.644524722],[1.338835833,43.644526111],[1.338821389,43.644525],[1.338807778,43.644521111],[1.338792778,43.644550278],[1.338782778,43.644704722],[1.338748611,43.644774722],[1.338605833,43.644911944],[1.338205833,43.6448075],[1.338215833,43.644784167],[1.338099167,43.644750833],[1.338103056,43.644725833]]]}},{"type":"Feature","id":"structure.building.061","properties":{"name":"Building 061","layer":"Buildings and structures","category":"Buildings","object_type":"Area","style_id":"structure.building","airport":"LFBO","geometry_role":"filled_region","vsmr_group_ids":[[]]},"geometry":{"type":"Polygon","coordinates":[[[1.339673889,43.643874722],[1.339719444,43.643831944],[1.340044722,43.644014722],[1.340041389,43.644018333],[1.3401425,43.644071667],[1.340148611,43.644076667],[1.340148889,43.644076667],[1.340151944,43.644084444],[1.340153056,43.644093056],[1.34015,43.644100833],[1.340142222,43.644109722],[1.340124167,43.6441275],[1.3401225,43.644142778],[1.340108056,43.644157222],[1.340208333,43.644210556],[1.340223333,43.644197778],[1.340223889,43.644181944],[1.340251111,43.644157778],[1.340259167,43.644151944],[1.340268889,43.644149444],[1.340278333,43.644148611],[1.340288611,43.64415],[1.340299722,43.644154167],[1.340719167,43.644383889],[1.3406625,43.644439722],[1.340673889,43.644446389],[1.340279167,43.644826111],[1.339825278,43.644576389],[1.340195,43.644223611],[1.340094167,43.644170556],[1.339726944,43.6445225],[1.339275556,43.644272778],[1.339672222,43.643894167],[1.339673889,43.643874722]]]}},{"type":"Feature","id":"structure.building.062","properties":{"name":"Building 062","layer":"Buildings and structures","category":"Buildings","object_type":"Area","style_id":"structure.building","airport":"LFBO","geometry_role":"filled_region","vsmr_group_ids":[[]]},"geometry":{"type":"Polygon","coordinates":[[[1.344799722,43.634275278],[1.344831667,43.634244167],[1.344488056,43.634050833],[1.344686389,43.633858889],[1.344408611,43.633705833],[1.344726944,43.633399444],[1.345098611,43.633040833],[1.345414444,43.632736111],[1.345693333,43.632891944],[1.345891667,43.632700833],[1.34624,43.632889167],[1.346251944,43.632879722],[1.346619722,43.633081944],[1.345167778,43.634476111],[1.344799722,43.634275278]]]}},{"type":"Feature","id":"structure.building.063","properties":{"name":"Building 063","layer":"Buildings and structures","category":"Buildings","object_type":"Area","style_id":"structure.building","airport":"LFBO","geometry_role":"filled_region","vsmr_group_ids":[[]]},"geometry":{"type":"Polygon","coordinates":[[[1.348603889,43.6344975],[1.348589722,43.634478611],[1.348579444,43.634458056],[1.348568889,43.634434444],[1.348563889,43.6344125],[1.348562778,43.634385556],[1.348565833,43.634364167],[1.34857,43.634345833],[1.348578889,43.634325278],[1.348592222,43.6343025],[1.348608056,43.634281111],[1.348626389,43.634264167],[1.348648889,43.634245],[1.348676389,43.634229167],[1.348710833,43.634213889],[1.3487425,43.634204444],[1.34878,43.634195833],[1.348811389,43.634192778],[1.348848889,43.6341925],[1.34889,43.634195278],[1.348928611,43.634203611],[1.348964167,43.634214167],[1.348989167,43.634222222],[1.349022222,43.634237778],[1.349045833,43.634257778],[1.3490675,43.634281389],[1.349086667,43.634308333],[1.349100556,43.634336667],[1.349108889,43.634370278],[1.349112222,43.634407222],[1.349105556,43.634437778],[1.349089722,43.634472222],[1.349067778,43.634501111],[1.349039722,43.634526389],[1.34901,43.634546944],[1.348971667,43.634566389],[1.348935833,43.634578611],[1.348904167,43.634585278],[1.348869722,43.634588889],[1.348834167,43.634590556],[1.348790833,43.634587778],[1.348747778,43.634579444],[1.348716667,43.634570278],[1.348681111,43.634555278],[1.348648611,43.634537222],[1.348618611,43.634513611],[1.348603889,43.6344975]]]}},{"type":"Feature","id":"structure.building.064","properties":{"name":"Building 064","layer":"Buildings and structures","category":"Buildings","object_type":"Area","style_id":"structure.building","airport":"LFBO","geometry_role":"filled_region","vsmr_group_ids":[[]]},"geometry":{"type":"Polygon","coordinates":[[[1.349198333,43.633642222],[1.349196944,43.633638333],[1.349198056,43.633634444],[1.349275833,43.633558333],[1.348999444,43.633369444],[1.349530556,43.632856667],[1.349863333,43.632994444],[1.349949444,43.632910556],[1.349952222,43.632908889],[1.349955833,43.632909444],[1.350248056,43.633008889],[1.350639722,43.632630556],[1.350669444,43.632646944],[1.350258889,43.633043611],[1.349970833,43.632943333],[1.349965,43.632941944],[1.349961389,43.6329425],[1.349958611,43.632944722],[1.349894167,43.633007778],[1.350512778,43.633276111],[1.350455556,43.633357778],[1.350357778,43.633328611],[1.350246944,43.633316667],[1.350133333,43.633325],[1.350078333,43.633338333],[1.350025833,43.633354444],[1.349978889,43.633376667],[1.349934444,43.6334025],[1.349893889,43.633431389],[1.349859444,43.633464722],[1.349831667,43.633501111],[1.349809444,43.633537778],[1.349795556,43.633578611],[1.349786667,43.633620278],[1.349786944,43.633661389],[1.3498075,43.633741389],[1.349854167,43.633813056],[1.349919444,43.633873611],[1.349828889,43.633936111],[1.3493025,43.633576667],[1.349244167,43.633634444],[1.349243611,43.633637222],[1.349245,43.63364],[1.349457778,43.633814444],[1.3489925,43.634263889],[1.348963333,43.6342475],[1.349411944,43.633816111],[1.349198333,43.633642222]]]}},{"type":"Feature","id":"structure.building.065","properties":{"name":"Building 065","layer":"Buildings and structures","category":"Buildings","object_type":"Area","style_id":"structure.building","airport":"LFBO","geometry_role":"filled_region","vsmr_group_ids":[[]]},"geometry":{"type":"Polygon","coordinates":[[[1.349036111,43.632921667],[1.3488625,43.633089444],[1.348680556,43.632990833],[1.348855833,43.632822222],[1.349036111,43.632921667]]]}},{"type":"Feature","id":"structure.building.066","properties":{"name":"Building 066","layer":"Buildings and structures","category":"Buildings","object_type":"Area","style_id":"structure.building","airport":"LFBO","geometry_role":"filled_region","vsmr_group_ids":[[]]},"geometry":{"type":"Polygon","coordinates":[[[1.348981944,43.632513889],[1.348415556,43.633065278],[1.3482725,43.632989167],[1.348846111,43.632439444],[1.348981944,43.632513889]]]}},{"type":"Feature","id":"structure.building.067","properties":{"name":"Building 067","layer":"Buildings and structures","category":"Buildings","object_type":"Area","style_id":"structure.building","airport":"LFBO","geometry_role":"filled_region","vsmr_group_ids":[[]]},"geometry":{"type":"Polygon","coordinates":[[[1.350594167,43.632642778],[1.3505775,43.632626667],[1.350563611,43.632613889],[1.350550833,43.632593889],[1.350536389,43.632571389],[1.350528333,43.632551111],[1.350522778,43.632528889],[1.350520833,43.632508056],[1.350521389,43.632486389],[1.350525833,43.632465556],[1.350534444,43.632441111],[1.350548889,43.632415833],[1.350561667,43.632398611],[1.350578889,43.632380556],[1.350603611,43.632360833],[1.350633611,43.632341389],[1.350664722,43.632327778],[1.350699444,43.632317222],[1.350733333,43.632309722],[1.350765833,43.632305833],[1.350800556,43.632306389],[1.350847778,43.632310556],[1.350886667,43.632319444],[1.350926667,43.632329444],[1.350948889,43.632338056],[1.350977222,43.632353889],[1.351003889,43.632374444],[1.3510275,43.632395833],[1.351044722,43.632419722],[1.351059444,43.632448611],[1.351068611,43.632478889],[1.351071389,43.632505833],[1.351067778,43.632537778],[1.351058611,43.632563056],[1.351043889,43.63259],[1.351021389,43.632617778],[1.350990278,43.632644167],[1.350964167,43.632661667],[1.350930278,43.632678333],[1.350894444,43.632690556],[1.350857778,43.632698333],[1.35082,43.632702778],[1.350779444,43.632703056],[1.350738889,43.632699444],[1.350705,43.632693889],[1.350669444,43.6326825],[1.350646111,43.632672778],[1.350617222,43.632658611],[1.350594167,43.632642778]]]}},{"type":"Feature","id":"structure.building.068","properties":{"name":"Building 068","layer":"Buildings and structures","category":"Buildings","object_type":"Area","style_id":"structure.building","airport":"LFBO","geometry_role":"filled_region","vsmr_group_ids":[[]]},"geometry":{"type":"Polygon","coordinates":[[[1.352958611,43.630440556],[1.350948889,43.6323775],[1.350921389,43.632362778],[1.352929167,43.630425556],[1.352958611,43.630440556]]]}},{"type":"Feature","id":"structure.building.069","properties":{"name":"Building 069","layer":"Buildings and structures","category":"Buildings","object_type":"Area","style_id":"structure.building","airport":"LFBO","geometry_role":"filled_region","vsmr_group_ids":[[]]},"geometry":{"type":"Polygon","coordinates":[[[1.351789444,43.631497778],[1.351768611,43.631479167],[1.3517525,43.631460556],[1.351739722,43.631442222],[1.351731667,43.631421944],[1.351726667,43.631400556],[1.351726944,43.631382778],[1.351728611,43.631365],[1.351731667,43.631348333],[1.351736944,43.631329722],[1.351747778,43.631308889],[1.3517625,43.631291389],[1.351780278,43.631273611],[1.351800833,43.631258056],[1.351823889,43.631242222],[1.351849444,43.631229722],[1.351878056,43.631220833],[1.351913333,43.631214444],[1.351953889,43.631211111],[1.351988611,43.631212222],[1.352025,43.631217222],[1.352055,43.631225],[1.3520825,43.631234444],[1.352107222,43.6312475],[1.352131944,43.631264722],[1.352152778,43.6312825],[1.352167778,43.631301111],[1.352178333,43.631320833],[1.352189444,43.631344722],[1.352193611,43.631366667],[1.352195833,43.631389444],[1.3521925,43.631412222],[1.352182778,43.631436667],[1.352173333,43.631455],[1.352156111,43.631475],[1.352139444,43.631493056],[1.352115556,43.631510278],[1.352089722,43.631523889],[1.352056944,43.631536389],[1.352028333,43.631544444],[1.351999722,43.631549167],[1.351973056,43.631551944],[1.351941389,43.631552222],[1.351907222,43.631548056],[1.351879167,43.631541389],[1.351848333,43.631531111],[1.351831667,43.631525278],[1.351808056,43.631511944],[1.351789444,43.631497778]]]}},{"type":"Feature","id":"structure.building.070","properties":{"name":"Building 070","layer":"Buildings and structures","category":"Buildings","object_type":"Area","style_id":"structure.building","airport":"LFBO","geometry_role":"filled_region","vsmr_group_ids":[[]]},"geometry":{"type":"Polygon","coordinates":[[[1.35291,43.630447778],[1.352893056,43.630434722],[1.352878333,43.630423333],[1.3528675,43.630410556],[1.352857778,43.630399444],[1.352848056,43.630386111],[1.352841111,43.630371944],[1.352833889,43.630355278],[1.352830278,43.630336667],[1.352829444,43.630317778],[1.352831667,43.630296944],[1.352836111,43.630276667],[1.352844167,43.630258889],[1.352855556,43.630239722],[1.352875,43.6302175],[1.352900556,43.630194444],[1.352928056,43.630176944],[1.352955833,43.630164722],[1.352981944,43.630156944],[1.353012222,43.630149167],[1.353045,43.630145833],[1.353086667,43.630145],[1.353119444,43.630148056],[1.353155,43.630155278],[1.353187222,43.6301675],[1.353216111,43.630183056],[1.353238611,43.630201389],[1.353263056,43.630226944],[1.353281944,43.630251111],[1.353295556,43.630280833],[1.353298611,43.630311389],[1.3532975,43.630335],[1.353292222,43.630356667],[1.35328,43.630382222],[1.353263889,43.630403889],[1.353243056,43.630425556],[1.353220833,43.630443611],[1.353192778,43.630458333],[1.353165,43.630470278],[1.353135556,43.630479167],[1.353106667,43.630485],[1.353077222,43.630486944],[1.353053889,43.6304875],[1.353017778,43.630484444],[1.352984444,43.630477222],[1.352957778,43.63047],[1.352934167,43.630461389],[1.35291,43.630447778]]]}},{"type":"Feature","id":"structure.building.071","properties":{"name":"Building 071","layer":"Buildings and structures","category":"Buildings","object_type":"Area","style_id":"structure.building","airport":"LFBO","geometry_role":"filled_region","vsmr_group_ids":[[]]},"geometry":{"type":"Polygon","coordinates":[[[1.354622778,43.6282175],[1.354578056,43.628958333],[1.352075556,43.628880556],[1.352076667,43.6288325],[1.352002778,43.62883],[1.351991389,43.629030278],[1.351912778,43.629028611],[1.351923611,43.628863889],[1.351813611,43.62886],[1.351805833,43.628974722],[1.351605278,43.628969167],[1.351611389,43.628855],[1.351516944,43.628853333],[1.3515125,43.628913611],[1.351248889,43.628905833],[1.351253889,43.628845278],[1.351081389,43.628840833],[1.351123056,43.628117222],[1.350068056,43.628086667],[1.350072778,43.627993889],[1.3500175,43.627992778],[1.3500575,43.6272575],[1.353411111,43.627352778],[1.353369722,43.628071667],[1.353586389,43.628078611],[1.353602778,43.627784722],[1.353466667,43.627781389],[1.353486389,43.627378611],[1.353625,43.627383889],[1.353627222,43.627365556],[1.3554275,43.627419722],[1.355382222,43.62814],[1.355816389,43.628151111],[1.355765278,43.629049444],[1.3547875,43.629021111],[1.354830556,43.628224444],[1.354622778,43.6282175]]]}},{"type":"Feature","id":"structure.building.072","properties":{"name":"Building 072","layer":"Buildings and structures","category":"Buildings","object_type":"Area","style_id":"structure.building","airport":"LFBO","geometry_role":"filled_region","vsmr_group_ids":[[]]},"geometry":{"type":"Polygon","coordinates":[[[1.355577222,43.627501667],[1.35551,43.628019444],[1.355433333,43.628016389],[1.355496667,43.627495833],[1.355577222,43.627501667]]]}},{"type":"Feature","id":"structure.building.073","properties":{"name":"Building 073","layer":"Buildings and structures","category":"Buildings","object_type":"Area","style_id":"structure.building","airport":"LFBO","geometry_role":"filled_region","vsmr_group_ids":[[]]},"geometry":{"type":"Polygon","coordinates":[[[1.350672222,43.628202778],[1.350703056,43.628204444],[1.350684444,43.628524722],[1.350785833,43.628526944],[1.350804444,43.628123333],[1.35082,43.628123056],[1.350821389,43.628101111],[1.351003333,43.628105],[1.35097,43.628744167],[1.350843889,43.628740833],[1.350852778,43.628608056],[1.350823611,43.6286075],[1.350825833,43.628570556],[1.350851111,43.628570833],[1.350853056,43.628547778],[1.350683056,43.628542778],[1.350672778,43.628746389],[1.350505833,43.628742778],[1.35051,43.628661667],[1.350503611,43.628661111],[1.350536111,43.628095278],[1.35068,43.628095833],[1.350672222,43.628202778]]]}},{"type":"Feature","id":"structure.building.074","properties":{"name":"Building 074","layer":"Buildings and structures","category":"Buildings","object_type":"Area","style_id":"structure.building","airport":"LFBO","geometry_role":"filled_region","vsmr_group_ids":[[]]},"geometry":{"type":"Polygon","coordinates":[[[1.349565278,43.627252778],[1.349554722,43.627505],[1.349673333,43.627510833],[1.349648889,43.627958611],[1.349528611,43.627956111],[1.349518333,43.628108333],[1.3496125,43.628111111],[1.349601944,43.6282825],[1.348827778,43.628261667],[1.348837222,43.628126111],[1.348766111,43.628125],[1.348757222,43.628256667],[1.347960556,43.628230556],[1.347966667,43.628098611],[1.347895556,43.628096667],[1.347887778,43.628248889],[1.347618333,43.628238611],[1.347619722,43.628223889],[1.347117222,43.628208056],[1.347128333,43.628035],[1.347222778,43.628038056],[1.347271111,43.6271875],[1.349565278,43.627252778]]]}},{"type":"Feature","id":"structure.building.075","properties":{"name":"Building 075","layer":"Buildings and structures","category":"Buildings","object_type":"Area","style_id":"structure.building","airport":"LFBO","geometry_role":"filled_region","vsmr_group_ids":[[]]},"geometry":{"type":"Polygon","coordinates":[[[1.351611389,43.625836667],[1.3516375,43.625357778],[1.351581389,43.625355278],[1.351589722,43.625190556],[1.351693333,43.625192778],[1.351695,43.625129722],[1.347924444,43.625019722],[1.347929167,43.624914444],[1.347904167,43.624913611],[1.347950833,43.624176667],[1.353330278,43.624334722],[1.353336944,43.624283056],[1.354094167,43.624295556],[1.354002778,43.625947222],[1.353552778,43.625935],[1.353546389,43.626053333],[1.353119722,43.626035],[1.353118889,43.626009444],[1.353078333,43.626008056],[1.353077222,43.626046667],[1.353115278,43.626048889],[1.353132222,43.626055833],[1.353277778,43.626061111],[1.35327,43.626213889],[1.353116111,43.626207222],[1.353126944,43.6260725],[1.353115278,43.626072778],[1.353108889,43.6260775],[1.3531075,43.626098611],[1.353074444,43.626097778],[1.353066667,43.626233611],[1.3532325,43.626239722],[1.353228333,43.626315],[1.353196667,43.626344722],[1.352101944,43.626309722],[1.352104167,43.626278889],[1.351355278,43.626263333],[1.351380833,43.625831111],[1.351611389,43.625836667]]]}},{"type":"Feature","id":"structure.building.076","properties":{"name":"Building 076","layer":"Buildings and structures","category":"Buildings","object_type":"Area","style_id":"structure.building","airport":"LFBO","geometry_role":"filled_region","vsmr_group_ids":[[]]},"geometry":{"type":"Polygon","coordinates":[[[1.356111389,43.625732778],[1.356088889,43.626160833],[1.355364167,43.626139722],[1.355387778,43.625712222],[1.356111389,43.625732778]]]}},{"type":"Feature","id":"structure.building.077","properties":{"name":"Building 077","layer":"Buildings and structures","category":"Buildings","object_type":"Area","style_id":"structure.building","airport":"LFBO","geometry_role":"filled_region","vsmr_group_ids":[[]]},"geometry":{"type":"Polygon","coordinates":[[[1.356487222,43.625705],[1.356037222,43.6256925],[1.356097222,43.624661667],[1.356545,43.624674167],[1.356487222,43.625705]]]}},{"type":"Feature","id":"structure.building.078","properties":{"name":"Building 078","layer":"Buildings and structures","category":"Buildings","object_type":"Area","style_id":"structure.building","airport":"LFBO","geometry_role":"filled_region","vsmr_group_ids":[[]]},"geometry":{"type":"Polygon","coordinates":[[[1.355974444,43.624674722],[1.355915833,43.625702222],[1.355127778,43.625681111],[1.355185278,43.624653611],[1.355974444,43.624674722]]]}},{"type":"Feature","id":"structure.building.079","properties":{"name":"Building 079","layer":"Buildings and structures","category":"Buildings","object_type":"Area","style_id":"structure.building","airport":"LFBO","geometry_role":"filled_region","vsmr_group_ids":[[]]},"geometry":{"type":"Polygon","coordinates":[[[1.357095556,43.625375833],[1.357399444,43.625543056],[1.357331944,43.625610278],[1.358383333,43.626184167],[1.358006111,43.626546111],[1.356950556,43.625969444],[1.356961111,43.625959167],[1.3566575,43.625793333],[1.357095556,43.625375833]]]}},{"type":"Feature","id":"structure.building.080","properties":{"name":"Building 080","layer":"Buildings and structures","category":"Buildings","object_type":"Area","style_id":"structure.building","airport":"LFBO","geometry_role":"filled_region","vsmr_group_ids":[[]]},"geometry":{"type":"Polygon","coordinates":[[[1.355173889,43.622363889],[1.355165278,43.622538333],[1.355260556,43.622540556],[1.355246111,43.622820556],[1.35546,43.622827778],[1.355428333,43.623403056],[1.354496389,43.623376111],[1.353638333,43.623342778],[1.3536725,43.622744444],[1.353850278,43.622752222],[1.353858889,43.622615556],[1.354548889,43.622635833],[1.354564167,43.622347778],[1.355173889,43.622363889]]]}},{"type":"Feature","id":"structure.building.081","properties":{"name":"Building 081","layer":"Buildings and structures","category":"Buildings","object_type":"Area","style_id":"structure.building","airport":"LFBO","geometry_role":"filled_region","vsmr_group_ids":[[]]},"geometry":{"type":"Polygon","coordinates":[[[1.352565278,43.622720556],[1.352558333,43.622835278],[1.352389167,43.622831389],[1.352373333,43.622794722],[1.352299722,43.622793056],[1.352304167,43.622715],[1.352565278,43.622720556]]]}},{"type":"Feature","id":"structure.building.082","properties":{"name":"Building 082","layer":"Buildings and structures","category":"Buildings","object_type":"Area","style_id":"structure.building","airport":"LFBO","geometry_role":"filled_region","vsmr_group_ids":[[]]},"geometry":{"type":"Polygon","coordinates":[[[1.351539444,43.622716389],[1.351533333,43.622828333],[1.351376667,43.622823056],[1.351382778,43.622710833],[1.351539444,43.622716389]]]}},{"type":"Feature","id":"structure.building.083","properties":{"name":"Building 083","layer":"Buildings and structures","category":"Buildings","object_type":"Area","style_id":"structure.building","airport":"LFBO","geometry_role":"filled_region","vsmr_group_ids":[[]]},"geometry":{"type":"Polygon","coordinates":[[[1.350291111,43.6226825],[1.3506475,43.622693889],[1.35064,43.622786944],[1.350469444,43.622782778],[1.350468056,43.622810833],[1.350604444,43.622814722],[1.350599444,43.622860833],[1.350506111,43.6229225],[1.350481111,43.623302778],[1.350384444,43.623301111],[1.350413611,43.622893056],[1.3503675,43.622891944],[1.350316667,43.622853056],[1.350320556,43.622778611],[1.350286111,43.6227775],[1.350291111,43.6226825]]]}},{"type":"Feature","id":"structure.building.084","properties":{"name":"Building 084","layer":"Buildings and structures","category":"Buildings","object_type":"Area","style_id":"structure.building","airport":"LFBO","geometry_role":"filled_region","vsmr_group_ids":[[]]},"geometry":{"type":"Polygon","coordinates":[[[1.349564722,43.622659444],[1.349554444,43.622770556],[1.349399167,43.622764722],[1.349405,43.622654444],[1.349564722,43.622659444]]]}},{"type":"Feature","id":"structure.building.085","properties":{"name":"Building 085","layer":"Buildings and structures","category":"Buildings","object_type":"Area","style_id":"structure.building","airport":"LFBO","geometry_role":"filled_region","vsmr_group_ids":[[]]},"geometry":{"type":"Polygon","coordinates":[[[1.357985556,43.621030556],[1.358026111,43.621026667],[1.358036944,43.621195833],[1.358030278,43.621221111],[1.357766944,43.621381389],[1.357744167,43.621400833],[1.357758333,43.621629722],[1.357406389,43.621640278],[1.357405278,43.621614722],[1.357021389,43.621628611],[1.356987778,43.621039722],[1.357066111,43.6210375],[1.357067778,43.621062222],[1.357106667,43.621061667],[1.357389722,43.620809167],[1.357660278,43.620798056],[1.357985556,43.621030556]]]}},{"type":"Feature","id":"structure.building.086","properties":{"name":"Building 086","layer":"Buildings and structures","category":"Buildings","object_type":"Area","style_id":"structure.building","airport":"LFBO","geometry_role":"filled_region","vsmr_group_ids":[[]]},"geometry":{"type":"Polygon","coordinates":[[[1.356291667,43.620994722],[1.356284444,43.621086111],[1.35657,43.621232222],[1.3565325,43.621860833],[1.355227222,43.621821667],[1.355230278,43.621781944],[1.355581111,43.621793056],[1.355582222,43.621754444],[1.355341944,43.621749444],[1.355361389,43.621403889],[1.355241389,43.621400556],[1.355248056,43.621280556],[1.355080833,43.621275278],[1.355071667,43.621393889],[1.354943056,43.621390556],[1.354963333,43.6210325],[1.355090833,43.621036944],[1.355084444,43.621157778],[1.355255,43.621164444],[1.355263611,43.621042222],[1.355384444,43.621045278],[1.355391944,43.6208925],[1.355545833,43.620895278],[1.355530278,43.621192778],[1.355616389,43.621194444],[1.355617222,43.6211875],[1.355912778,43.621061389],[1.355916111,43.620983611],[1.356291667,43.620994722]]]}},{"type":"Feature","id":"structure.building.087","properties":{"name":"Building 087","layer":"Buildings and structures","category":"Buildings","object_type":"Area","style_id":"structure.building","airport":"LFBO","geometry_role":"filled_region","vsmr_group_ids":[[]]},"geometry":{"type":"Polygon","coordinates":[[[1.354560833,43.621476667],[1.354540556,43.621496389],[1.354651667,43.621679444],[1.354182222,43.6218325],[1.354070556,43.621654444],[1.354024167,43.621653056],[1.353893611,43.621442778],[1.354436667,43.621266944],[1.354560833,43.621476667]]]}},{"type":"Feature","id":"structure.building.088","properties":{"name":"Building 088","layer":"Buildings and structures","category":"Buildings","object_type":"Area","style_id":"structure.building","airport":"LFBO","geometry_role":"filled_region","vsmr_group_ids":[[]]},"geometry":{"type":"Polygon","coordinates":[[[1.3523125,43.6215675],[1.352421667,43.621396111],[1.352345278,43.621368889],[1.352401944,43.621283889],[1.352381667,43.621277222],[1.352491111,43.621105278],[1.352569167,43.621131944],[1.352591667,43.621097222],[1.352544167,43.621080833],[1.352576111,43.621032222],[1.353230833,43.621252778],[1.353110556,43.621438333],[1.3530925,43.6214325],[1.353045556,43.621506111],[1.353405278,43.621626667],[1.353243611,43.621880556],[1.3523125,43.6215675]]]}},{"type":"Feature","id":"structure.building.089","properties":{"name":"Building 089","layer":"Buildings and structures","category":"Buildings","object_type":"Area","style_id":"structure.building","airport":"LFBO","geometry_role":"filled_region","vsmr_group_ids":[[]]},"geometry":{"type":"Polygon","coordinates":[[[1.352581111,43.620987222],[1.351557778,43.621271111],[1.351496389,43.621161667],[1.351456389,43.621175],[1.351489167,43.621236667],[1.351349444,43.621275556],[1.351244722,43.621073611],[1.351385556,43.621035278],[1.351448611,43.621156667],[1.351487778,43.621145],[1.351358056,43.620901111],[1.351205833,43.6209425],[1.350958889,43.620467222],[1.350974444,43.6204625],[1.351003889,43.620410278],[1.350999444,43.620400833],[1.351085278,43.620378333],[1.350905833,43.6200175],[1.351931944,43.6197375],[1.352581111,43.620987222]]]}},{"type":"Feature","id":"structure.building.090","properties":{"name":"Building 090","layer":"Buildings and structures","category":"Buildings","object_type":"Area","style_id":"structure.building","airport":"LFBO","geometry_role":"filled_region","vsmr_group_ids":[[]]},"geometry":{"type":"Polygon","coordinates":[[[1.352171944,43.621131667],[1.352224444,43.621231111],[1.351706667,43.621375],[1.351653889,43.621272778],[1.352171944,43.621131667]]]}},{"type":"Feature","id":"structure.building.091","properties":{"name":"Building 091","layer":"Buildings and structures","category":"Buildings","object_type":"Area","style_id":"structure.building","airport":"LFBO","geometry_role":"filled_region","vsmr_group_ids":[[]]},"geometry":{"type":"Polygon","coordinates":[[[1.3523525,43.619627222],[1.351701111,43.619652222],[1.351700556,43.619642778],[1.351608333,43.619646111],[1.351579444,43.619228333],[1.351279722,43.619238889],[1.351268889,43.619061667],[1.35166,43.619046389],[1.351658611,43.619022778],[1.352024722,43.619009167],[1.351946667,43.617893056],[1.352135278,43.617885],[1.352120556,43.617706389],[1.351936944,43.617713611],[1.351904167,43.617265],[1.352088611,43.617258056],[1.352058056,43.616839444],[1.352153889,43.616763056],[1.353285,43.6167325],[1.353488611,43.619627222],[1.352356111,43.619661389],[1.3523525,43.619627222]]]}},{"type":"Feature","id":"structure.building.092","properties":{"name":"Building 092","layer":"Buildings and structures","category":"Buildings","object_type":"Area","style_id":"structure.building","airport":"LFBO","geometry_role":"filled_region","vsmr_group_ids":[[]]},"geometry":{"type":"Polygon","coordinates":[[[1.3551025,43.617075833],[1.355086944,43.616866944],[1.355286944,43.616857778],[1.355301944,43.617068333],[1.355558333,43.617056944],[1.355529444,43.616558889],[1.356220833,43.616536667],[1.356210556,43.616392778],[1.356706111,43.616373611],[1.356745,43.616977778],[1.356549722,43.616985278],[1.356673611,43.618695833],[1.356991667,43.6186825],[1.356938333,43.617935],[1.357171667,43.617928611],[1.357216667,43.618576111],[1.357298056,43.618571944],[1.357290556,43.618478611],[1.358595556,43.618434722],[1.358615556,43.618735278],[1.358625833,43.618735],[1.358686944,43.619625278],[1.356466944,43.619706111],[1.356464167,43.619663611],[1.356371944,43.619666667],[1.356387222,43.619914722],[1.355194722,43.619959167],[1.355108611,43.618694167],[1.355076111,43.618696389],[1.354962222,43.617081944],[1.3551025,43.617075833]]]}},{"type":"Feature","id":"structure.building.093","properties":{"name":"Building 093","layer":"Buildings and structures","category":"Buildings","object_type":"Area","style_id":"structure.building","airport":"LFBO","geometry_role":"filled_region","vsmr_group_ids":[[]]},"geometry":{"type":"Polygon","coordinates":[[[1.357309167,43.618126667],[1.357298889,43.617975278],[1.357526389,43.617966111],[1.357547222,43.61831],[1.357323056,43.618318056],[1.357310833,43.618149167],[1.356608333,43.618173889],[1.356609167,43.618151667],[1.357309167,43.618126667]]]}},{"type":"Feature","id":"structure.building.094","properties":{"name":"Building 094","layer":"Buildings and structures","category":"Buildings","object_type":"Area","style_id":"structure.building","airport":"LFBO","geometry_role":"filled_region","vsmr_group_ids":[[]]},"geometry":{"type":"Polygon","coordinates":[[[1.357910833,43.6182825],[1.357684444,43.618290556],[1.357663611,43.618020278],[1.357894444,43.618010556],[1.357910833,43.6182825]]]}},{"type":"Feature","id":"structure.building.095","properties":{"name":"Building 095","layer":"Buildings and structures","category":"Buildings","object_type":"Area","style_id":"structure.building","airport":"LFBO","geometry_role":"filled_region","vsmr_group_ids":[[]]},"geometry":{"type":"Polygon","coordinates":[[[1.358276944,43.617996389],[1.358294722,43.618268889],[1.358065,43.618276944],[1.358047778,43.618004444],[1.358276944,43.617996389]]]}},{"type":"Feature","id":"structure.building.096","properties":{"name":"Building 096","layer":"Buildings and structures","category":"Buildings","object_type":"Area","style_id":"structure.building","airport":"LFBO","geometry_role":"filled_region","vsmr_group_ids":[[]]},"geometry":{"type":"Polygon","coordinates":[[[1.358604722,43.617976111],[1.358630556,43.618368056],[1.358492778,43.6183725],[1.358495833,43.618453611],[1.358465833,43.618453056],[1.358461667,43.618374167],[1.358403611,43.618375833],[1.358377778,43.617983056],[1.358604722,43.617976111]]]}},{"type":"Feature","id":"structure.building.097","properties":{"name":"Building 097","layer":"Buildings and structures","category":"Buildings","object_type":"Area","style_id":"structure.building","airport":"LFBO","geometry_role":"filled_region","vsmr_group_ids":[[]]},"geometry":{"type":"Polygon","coordinates":[[[1.361142222,43.620677222],[1.3611475,43.620768889],[1.360947778,43.620776667],[1.360942222,43.620685278],[1.361142222,43.620677222]]]}},{"type":"Feature","id":"structure.building.098","properties":{"name":"Building 098","layer":"Buildings and structures","category":"Buildings","object_type":"Area","style_id":"structure.building","airport":"LFBO","geometry_role":"filled_region","vsmr_group_ids":[[]]},"geometry":{"type":"Polygon","coordinates":[[[1.361001944,43.619395833],[1.361079167,43.620482222],[1.360978889,43.620486111],[1.360898611,43.619398889],[1.361001944,43.619395833]]]}},{"type":"Feature","id":"structure.building.099","properties":{"name":"Building 099","layer":"Buildings and structures","category":"Buildings","object_type":"Area","style_id":"structure.building","airport":"LFBO","geometry_role":"filled_region","vsmr_group_ids":[[]]},"geometry":{"type":"Polygon","coordinates":[[[1.361415833,43.619943611],[1.361423333,43.620100556],[1.361275556,43.620105833],[1.361265556,43.619949167],[1.361415833,43.619943611]]]}},{"type":"Feature","id":"structure.building.100","properties":{"name":"Building 100","layer":"Buildings and structures","category":"Buildings","object_type":"Area","style_id":"structure.building","airport":"LFBO","geometry_role":"filled_region","vsmr_group_ids":[[]]},"geometry":{"type":"Polygon","coordinates":[[[1.360991944,43.619219722],[1.360998056,43.619326944],[1.360893889,43.619331944],[1.360885,43.619221667],[1.360991944,43.619219722]]]}},{"type":"Feature","id":"structure.building.101","properties":{"name":"Building 101","layer":"Buildings and structures","category":"Buildings","object_type":"Area","style_id":"structure.building","airport":"LFBO","geometry_role":"filled_region","vsmr_group_ids":[[]]},"geometry":{"type":"Polygon","coordinates":[[[1.360505556,43.618203889],[1.360497222,43.618085278],[1.360805,43.618074722],[1.360752222,43.617339167],[1.360850833,43.617336389],[1.360906944,43.618068611],[1.361212222,43.618058611],[1.361220556,43.618176389],[1.360915278,43.6181875],[1.360984444,43.619179167],[1.360885,43.619183056],[1.360813056,43.618191389],[1.360505556,43.618203889]]]}},{"type":"Feature","id":"structure.building.102","properties":{"name":"Building 102","layer":"Buildings and structures","category":"Buildings","object_type":"Area","style_id":"structure.building","airport":"LFBO","geometry_role":"filled_region","vsmr_group_ids":[[]]},"geometry":{"type":"Polygon","coordinates":[[[1.358530556,43.617598333],[1.358515556,43.617399722],[1.358475,43.617401111],[1.358471944,43.617337778],[1.358512222,43.617335833],[1.358508611,43.617264167],[1.358664167,43.6172575],[1.358686944,43.617595278],[1.358664167,43.617595556],[1.358665556,43.6176175],[1.358681944,43.617622778],[1.358700556,43.617630833],[1.358711944,43.617641667],[1.358719722,43.617650833],[1.358724444,43.6176625],[1.358725278,43.617677778],[1.358721389,43.617691944],[1.358711111,43.617706667],[1.358696389,43.617718611],[1.358676389,43.617727778],[1.358654722,43.617731389],[1.358635556,43.617731389],[1.358618333,43.617728333],[1.358603333,43.617721944],[1.358591944,43.617715833],[1.35858,43.617707222],[1.358569722,43.617695278],[1.358545833,43.617694444],[1.358545,43.617710278],[1.358226389,43.617719722],[1.358220556,43.617611111],[1.358530556,43.617598333]]]}},{"type":"Feature","id":"structure.building.103","properties":{"name":"Building 103","layer":"Buildings and structures","category":"Buildings","object_type":"Area","style_id":"structure.building","airport":"LFBO","geometry_role":"filled_region","vsmr_group_ids":[[]]},"geometry":{"type":"Polygon","coordinates":[[[1.358412778,43.617080833],[1.358412222,43.617114722],[1.358260556,43.617119722],[1.35829,43.617568056],[1.358045833,43.617577222],[1.358064444,43.617860278],[1.357670278,43.617873056],[1.357651944,43.617591944],[1.357403056,43.617600278],[1.357375833,43.617150278],[1.357221389,43.617156389],[1.357219444,43.617122222],[1.358412778,43.617080833]]]}},{"type":"Feature","id":"structure.building.104","properties":{"name":"Building 104","layer":"Buildings and structures","category":"Buildings","object_type":"Area","style_id":"structure.building","airport":"LFBO","geometry_role":"filled_region","vsmr_group_ids":[[]]},"geometry":{"type":"Polygon","coordinates":[[[1.357289722,43.616410833],[1.357332222,43.617033611],[1.3572575,43.617036667],[1.357259444,43.617064167],[1.3571825,43.617066944],[1.357136944,43.616416667],[1.357289722,43.616410833]]]}},{"type":"Feature","id":"structure.building.105","properties":{"name":"Building 105","layer":"Buildings and structures","category":"Buildings","object_type":"Area","style_id":"structure.building","airport":"LFBO","geometry_role":"filled_region","vsmr_group_ids":[[]]},"geometry":{"type":"Polygon","coordinates":[[[1.358435833,43.614843333],[1.358619167,43.614838056],[1.358620833,43.614895833],[1.358568889,43.614898056],[1.358658333,43.616248333],[1.358708889,43.616247222],[1.358710833,43.616298611],[1.358531111,43.616304722],[1.357766389,43.616301667],[1.357762778,43.616291667],[1.357673611,43.614898889],[1.358435833,43.614843333]]]}},{"type":"Feature","id":"structure.building.106","properties":{"name":"Building 106","layer":"Buildings and structures","category":"Buildings","object_type":"Area","style_id":"structure.building","airport":"LFBO","geometry_role":"filled_region","vsmr_group_ids":[[]]},"geometry":{"type":"Polygon","coordinates":[[[1.364224167,43.620321389],[1.364230556,43.620433889],[1.364126944,43.620439167],[1.364119444,43.620324722],[1.364224167,43.620321389]]]}},{"type":"Feature","id":"structure.building.107","properties":{"name":"Building 107","layer":"Buildings and structures","category":"Buildings","object_type":"Area","style_id":"structure.building","airport":"LFBO","geometry_role":"filled_region","vsmr_group_ids":[[]]},"geometry":{"type":"Polygon","coordinates":[[[1.364416667,43.620315833],[1.364418056,43.620370278],[1.364343333,43.620373333],[1.364340833,43.620318333],[1.364416667,43.620315833]]]}},{"type":"Feature","id":"structure.building.108","properties":{"name":"Building 108","layer":"Buildings and structures","category":"Buildings","object_type":"Area","style_id":"structure.building","airport":"LFBO","geometry_role":"filled_region","vsmr_group_ids":[[]]},"geometry":{"type":"Polygon","coordinates":[[[1.364189167,43.619890833],[1.364214722,43.620254444],[1.364112778,43.620258889],[1.364086667,43.619893889],[1.364189167,43.619890833]]]}},{"type":"Feature","id":"structure.building.109","properties":{"name":"Building 109","layer":"Buildings and structures","category":"Buildings","object_type":"Area","style_id":"structure.building","airport":"LFBO","geometry_role":"filled_region","vsmr_group_ids":[[]]},"geometry":{"type":"Polygon","coordinates":[[[1.364386944,43.61995],[1.364388056,43.620004722],[1.3643,43.620009167],[1.364296111,43.619954722],[1.364386944,43.61995]]]}},{"type":"Feature","id":"structure.building.110","properties":{"name":"Building 110","layer":"Buildings and structures","category":"Buildings","object_type":"Area","style_id":"structure.building","airport":"LFBO","geometry_role":"filled_region","vsmr_group_ids":[[]]},"geometry":{"type":"Polygon","coordinates":[[[1.364181111,43.619737778],[1.364185833,43.6198225],[1.364081389,43.619826667],[1.364074444,43.619741944],[1.364181111,43.619737778]]]}},{"type":"Feature","id":"structure.building.111","properties":{"name":"Building 111","layer":"Buildings and structures","category":"Buildings","object_type":"Area","style_id":"structure.building","airport":"LFBO","geometry_role":"filled_region","vsmr_group_ids":[[]]},"geometry":{"type":"Polygon","coordinates":[[[1.363965556,43.61963],[1.363983056,43.619848611],[1.363830278,43.619856111],[1.363823611,43.619769444],[1.363801944,43.619770278],[1.363799444,43.619749444],[1.363821389,43.619748056],[1.3638125,43.619637222],[1.363965556,43.61963]]]}},{"type":"Feature","id":"structure.building.112","properties":{"name":"Building 112","layer":"Buildings and structures","category":"Buildings","object_type":"Area","style_id":"structure.building","airport":"LFBO","geometry_role":"filled_region","vsmr_group_ids":[[]]},"geometry":{"type":"Polygon","coordinates":[[[1.363767222,43.619636389],[1.3637825,43.619810833],[1.363705556,43.619813889],[1.363689722,43.619639167],[1.363767222,43.619636389]]]}},{"type":"Feature","id":"structure.building.113","properties":{"name":"Building 113","layer":"Buildings and structures","category":"Buildings","object_type":"Area","style_id":"structure.building","airport":"LFBO","geometry_role":"filled_region","vsmr_group_ids":[[]]},"geometry":{"type":"Polygon","coordinates":[[[1.364058056,43.619249722],[1.364054722,43.619210833],[1.3640375,43.619211667],[1.36403,43.619104167],[1.364135556,43.619099722],[1.364142222,43.619206667],[1.364133056,43.6192075],[1.364133333,43.619246389],[1.364146667,43.619246111],[1.364174722,43.6196875],[1.364072778,43.619692222],[1.36404,43.619250278],[1.364058056,43.619249722]]]}},{"type":"Feature","id":"structure.building.114","properties":{"name":"Building 114","layer":"Buildings and structures","category":"Buildings","object_type":"Area","style_id":"structure.building","airport":"LFBO","geometry_role":"filled_region","vsmr_group_ids":[[]]},"geometry":{"type":"Polygon","coordinates":[[[1.364035,43.617726944],[1.364128056,43.619053889],[1.36403,43.619057778],[1.363933889,43.617731389],[1.364035,43.617726944]]]}},{"type":"Feature","id":"structure.building.115","properties":{"name":"Building 115","layer":"Buildings and structures","category":"Buildings","object_type":"Area","style_id":"structure.building","airport":"LFBO","geometry_role":"filled_region","vsmr_group_ids":[[]]},"geometry":{"type":"Polygon","coordinates":[[[1.364025556,43.617598611],[1.364028056,43.617657222],[1.363928333,43.617660833],[1.363923333,43.617603056],[1.364025556,43.617598611]]]}},{"type":"Feature","id":"structure.building.116","properties":{"name":"Building 116","layer":"Buildings and structures","category":"Buildings","object_type":"Area","style_id":"structure.building","airport":"LFBO","geometry_role":"filled_region","vsmr_group_ids":[[]]},"geometry":{"type":"Polygon","coordinates":[[[1.363998611,43.617211944],[1.364019167,43.617536111],[1.36392,43.617539722],[1.363896389,43.617216111],[1.363998611,43.617211944]]]}},{"type":"Feature","id":"structure.building.117","properties":{"name":"Building 117","layer":"Buildings and structures","category":"Buildings","object_type":"Area","style_id":"structure.building","airport":"LFBO","geometry_role":"filled_region","vsmr_group_ids":[[]]},"geometry":{"type":"Polygon","coordinates":[[[1.364178333,43.617265556],[1.364174722,43.6172025],[1.364263889,43.617200278],[1.364275833,43.617392778],[1.364127222,43.617399444],[1.364117222,43.617268056],[1.364178333,43.617265556]]]}},{"type":"Feature","id":"structure.building.118","properties":{"name":"Building 118","layer":"Buildings and structures","category":"Buildings","object_type":"Area","style_id":"structure.building","airport":"LFBO","geometry_role":"filled_region","vsmr_group_ids":[[]]},"geometry":{"type":"Polygon","coordinates":[[[1.364035833,43.616891111],[1.364053889,43.617141944],[1.363826944,43.617150278],[1.363810556,43.616899444],[1.364035833,43.616891111]]]}},{"type":"Feature","id":"structure.building.119","properties":{"name":"Building 119","layer":"Buildings and structures","category":"Buildings","object_type":"Area","style_id":"structure.building","airport":"LFBO","geometry_role":"filled_region","vsmr_group_ids":[[]]},"geometry":{"type":"Polygon","coordinates":[[[1.363855278,43.616836389],[1.363803611,43.6168375],[1.363787222,43.616585556],[1.364010833,43.616578056],[1.364028889,43.616829444],[1.363976111,43.616830833],[1.363980556,43.616895278],[1.363959167,43.616896667],[1.363954167,43.6168325],[1.363878333,43.616835556],[1.363883056,43.6169],[1.363861389,43.616900278],[1.363855278,43.616836389]]]}},{"type":"Feature","id":"structure.building.120","properties":{"name":"Building 120","layer":"Buildings and structures","category":"Buildings","object_type":"Area","style_id":"structure.building","airport":"LFBO","geometry_role":"filled_region","vsmr_group_ids":[[]]},"geometry":{"type":"Polygon","coordinates":[[[1.363988056,43.616418889],[1.363991944,43.616508056],[1.363795,43.616516667],[1.363788056,43.616427222],[1.363988056,43.616418889]]]}},{"type":"Feature","id":"structure.building.121","properties":{"name":"Building 121","layer":"Buildings and structures","category":"Buildings","object_type":"Area","style_id":"structure.building","airport":"LFBO","geometry_role":"filled_region","vsmr_group_ids":[[]]},"geometry":{"type":"Polygon","coordinates":[[[1.363966944,43.616098056],[1.363984722,43.616351944],[1.363779167,43.616359722],[1.3637625,43.616104722],[1.363966944,43.616098056]]]}},{"type":"Feature","id":"structure.building.122","properties":{"name":"Building 122","layer":"Buildings and structures","category":"Buildings","object_type":"Area","style_id":"structure.building","airport":"LFBO","geometry_role":"filled_region","vsmr_group_ids":[[]]},"geometry":{"type":"Polygon","coordinates":[[[1.363885,43.616056667],[1.3637575,43.616061111],[1.36374,43.615806667],[1.363944444,43.6158],[1.363961389,43.616058056],[1.363903333,43.616067778],[1.363905833,43.6161025],[1.363888333,43.6161025],[1.363885,43.616056667]]]}},{"type":"Feature","id":"structure.building.123","properties":{"name":"Building 123","layer":"Buildings and structures","category":"Buildings","object_type":"Area","style_id":"structure.building","airport":"LFBO","geometry_role":"filled_region","vsmr_group_ids":[[]]},"geometry":{"type":"Polygon","coordinates":[[[1.363932778,43.615657222],[1.363938056,43.615746944],[1.363741111,43.615754167],[1.363734722,43.615663056],[1.363932778,43.615657222]]]}},{"type":"Feature","id":"structure.building.124","properties":{"name":"Building 124","layer":"Buildings and structures","category":"Buildings","object_type":"Area","style_id":"structure.building","airport":"LFBO","geometry_role":"filled_region","vsmr_group_ids":[[]]},"geometry":{"type":"Polygon","coordinates":[[[1.363913056,43.615304722],[1.363926944,43.615558056],[1.363723333,43.615566111],[1.363704167,43.615311111],[1.363913056,43.615304722]]]}},{"type":"Feature","id":"structure.building.125","properties":{"name":"Building 125","layer":"Buildings and structures","category":"Buildings","object_type":"Area","style_id":"structure.building","airport":"LFBO","geometry_role":"filled_region","vsmr_group_ids":[[]]},"geometry":{"type":"Polygon","coordinates":[[[1.363953333,43.615001667],[1.363954444,43.615015],[1.363992222,43.615012778],[1.363995278,43.615066944],[1.363957778,43.615067778],[1.363964722,43.6151625],[1.363673889,43.615173611],[1.3636625,43.615013056],[1.363953333,43.615001667]]]}},{"type":"Feature","id":"structure.building.126","properties":{"name":"Building 126","layer":"Buildings and structures","category":"Buildings","object_type":"Area","style_id":"structure.building","airport":"LFBO","geometry_role":"filled_region","vsmr_group_ids":[[]]},"geometry":{"type":"Polygon","coordinates":[[[1.361166111,43.616538889],[1.361156389,43.616400278],[1.361731667,43.616379167],[1.361733333,43.616440278],[1.361780556,43.616438056],[1.361783056,43.616511944],[1.361166111,43.616538889]]]}},{"type":"Feature","id":"structure.building.127","properties":{"name":"Building 127","layer":"Buildings and structures","category":"Buildings","object_type":"Area","style_id":"structure.building","airport":"LFBO","geometry_role":"filled_region","vsmr_group_ids":[[]]},"geometry":{"type":"Polygon","coordinates":[[[1.360341667,43.616515],[1.360378056,43.616513611],[1.360383333,43.616620556],[1.360272222,43.616624167],[1.360264444,43.616488889],[1.36034,43.616486667],[1.360341667,43.616515]]]}},{"type":"Feature","id":"structure.building.128","properties":{"name":"Building 128","layer":"Buildings and structures","category":"Buildings","object_type":"Area","style_id":"structure.building","airport":"LFBO","geometry_role":"filled_region","vsmr_group_ids":[[]]},"geometry":{"type":"Polygon","coordinates":[[[1.360035833,43.616585],[1.360028333,43.616497222],[1.360178611,43.6164925],[1.360180278,43.616522778],[1.360214722,43.616521389],[1.360220278,43.616630278],[1.359964444,43.616640278],[1.359961111,43.616587222],[1.360035833,43.616585]]]}},{"type":"Feature","id":"structure.building.129","properties":{"name":"Building 129","layer":"Buildings and structures","category":"Buildings","object_type":"Area","style_id":"structure.building","airport":"LFBO","geometry_role":"filled_region","vsmr_group_ids":[[]]},"geometry":{"type":"Polygon","coordinates":[[[1.360613611,43.614904167],[1.361624167,43.614863056],[1.361635833,43.615004444],[1.360623333,43.615040278],[1.360613611,43.614904167]]]}},{"type":"Feature","id":"structure.building.130","properties":{"name":"Building 130","layer":"Buildings and structures","category":"Buildings","object_type":"Area","style_id":"structure.building","airport":"LFBO","geometry_role":"filled_region","vsmr_group_ids":[[]]},"geometry":{"type":"Polygon","coordinates":[[[1.357009444,43.614275556],[1.356634444,43.614289444],[1.356634444,43.61428],[1.356499444,43.614283889],[1.356500278,43.614294444],[1.355516111,43.614329167],[1.355506667,43.61419],[1.355424444,43.614193333],[1.355422778,43.614171111],[1.355459167,43.614169444],[1.355451667,43.614065833],[1.355481389,43.614065],[1.355478056,43.614004167],[1.355572778,43.614000833],[1.3555725,43.613985556],[1.356251111,43.613960833],[1.3562525,43.613973611],[1.356739167,43.613959722],[1.35674,43.613971111],[1.3567625,43.613970556],[1.356766944,43.614074444],[1.356550556,43.614081944],[1.356553889,43.614129722],[1.356999167,43.6141125],[1.357009444,43.614275556]]]}},{"type":"Feature","id":"structure.building.131","properties":{"name":"Building 131","layer":"Buildings and structures","category":"Buildings","object_type":"Area","style_id":"structure.building","airport":"LFBO","geometry_role":"filled_region","vsmr_group_ids":[[]]},"geometry":{"type":"Polygon","coordinates":[[[1.355833611,43.613070278],[1.355835278,43.613096667],[1.355864444,43.613095833],[1.355910833,43.613808333],[1.355866667,43.613809167],[1.355866111,43.613815556],[1.355505556,43.613829444],[1.355499722,43.613755556],[1.355179167,43.61358],[1.354751667,43.613589722],[1.354753056,43.613616667],[1.354694722,43.613617778],[1.354682778,43.6134025],[1.354954167,43.613394167],[1.3549525,43.613382222],[1.3551575,43.613375278],[1.355451667,43.613186111],[1.355444167,43.613085],[1.355833611,43.613070278]]]}},{"type":"Feature","id":"structure.building.132","properties":{"name":"Building 132","layer":"Buildings and structures","category":"Buildings","object_type":"Area","style_id":"structure.building","airport":"LFBO","geometry_role":"filled_region","vsmr_group_ids":[[]]},"geometry":{"type":"Polygon","coordinates":[[[1.356384167,43.612623056],[1.356380556,43.612609167],[1.356378889,43.612594444],[1.35638,43.612581667],[1.356385,43.612565833],[1.356398333,43.612549167],[1.356423333,43.612516667],[1.3564575,43.612481389],[1.356499444,43.612445833],[1.356540833,43.612414722],[1.356596944,43.612381111],[1.356634444,43.612363333],[1.356688333,43.612341389],[1.356741111,43.612322778],[1.356815,43.612305],[1.356888889,43.612293056],[1.356959444,43.612285278],[1.357011667,43.612285833],[1.357046667,43.612291111],[1.357073611,43.612301389],[1.357091667,43.612313333],[1.357102778,43.612325278],[1.356778611,43.612469444],[1.356780278,43.6124775],[1.356778611,43.612485833],[1.356773611,43.612491944],[1.356764722,43.612498889],[1.356755278,43.612502222],[1.356737778,43.612502778],[1.3567225,43.612500556],[1.3567175,43.612498056],[1.356394722,43.6126375],[1.356384167,43.612623056]]]}},{"type":"Feature","id":"structure.building.133","properties":{"name":"Building 133","layer":"Buildings and structures","category":"Buildings","object_type":"Area","style_id":"structure.building","airport":"LFBO","geometry_role":"filled_region","vsmr_group_ids":[[]]},"geometry":{"type":"Polygon","coordinates":[[[1.356479722,43.612194444],[1.356476944,43.612151944],[1.356454167,43.612152222],[1.356426944,43.612146389],[1.3564025,43.6121375],[1.356380278,43.612125278],[1.356363611,43.612109444],[1.356353611,43.612093889],[1.3563475,43.612075278],[1.356345556,43.612059167],[1.356234444,43.610429444],[1.356235833,43.610406944],[1.356241111,43.610389167],[1.356253333,43.610368889],[1.356269167,43.610352778],[1.356295556,43.61034],[1.356313333,43.610332778],[1.356304444,43.610245556],[1.356369167,43.610242222],[1.356374722,43.610304722],[1.356432778,43.610303333],[1.356461389,43.610284444],[1.356491111,43.610266944],[1.356526944,43.610250556],[1.3565575,43.610239167],[1.356587778,43.6102325],[1.356622778,43.610225278],[1.356657778,43.610220833],[1.356698056,43.610218333],[1.356735278,43.6102175],[1.356773056,43.610219722],[1.356806944,43.610223889],[1.356849167,43.610233056],[1.356891944,43.610246389],[1.356926389,43.610261111],[1.35695,43.610272222],[1.3569675,43.610284444],[1.356978611,43.610284444],[1.356973611,43.610205],[1.357284167,43.610197778],[1.357288333,43.610285],[1.357057222,43.610294444],[1.3571825,43.612168889],[1.356479722,43.612194444]]]}},{"type":"Feature","id":"structure.building.134","properties":{"name":"Building 134","layer":"Buildings and structures","category":"Buildings","object_type":"Area","style_id":"structure.building","airport":"LFBO","geometry_role":"filled_region","vsmr_group_ids":[[]]},"geometry":{"type":"Polygon","coordinates":[[[1.358004167,43.611690833],[1.358213056,43.611684167],[1.358266389,43.612485556],[1.358366111,43.612481389],[1.358365556,43.612513333],[1.3582675,43.612516944],[1.358275556,43.612652778],[1.358068333,43.612658889],[1.358004167,43.611690833]]]}},{"type":"Feature","id":"structure.building.135","properties":{"name":"Building 135","layer":"Buildings and structures","category":"Buildings","object_type":"Area","style_id":"structure.building","airport":"LFBO","geometry_role":"filled_region","vsmr_group_ids":[[]]},"geometry":{"type":"Polygon","coordinates":[[[1.358325,43.612508611],[1.358335833,43.612484722],[1.358283333,43.611731111],[1.358209444,43.611732778],[1.358206944,43.611685278],[1.358246389,43.611683056],[1.358201111,43.611008611],[1.358129167,43.6110125],[1.358076944,43.610254167],[1.358172222,43.610251667],[1.358171944,43.610241667],[1.3581825,43.610241944],[1.358181111,43.610215556],[1.359015,43.610186389],[1.359011389,43.610146111],[1.359618611,43.610125556],[1.359623056,43.610185833],[1.359727778,43.610182778],[1.359727222,43.610150556],[1.360711944,43.610113889],[1.360713333,43.610146944],[1.360793333,43.610143333],[1.360825556,43.610656667],[1.360793056,43.610657778],[1.360800556,43.610785],[1.360835,43.610785],[1.360876389,43.611410556],[1.360843056,43.611411111],[1.360873611,43.611860556],[1.360906667,43.611859444],[1.360911944,43.611958611],[1.360791667,43.611963333],[1.360793056,43.611989444],[1.360749444,43.611991111],[1.360750556,43.612028333],[1.359958333,43.612056111],[1.359988333,43.612564167],[1.359803889,43.612572778],[1.359803056,43.612594167],[1.359157778,43.612617778],[1.359157778,43.612623333],[1.358971389,43.612630278],[1.358969444,43.612584167],[1.359137778,43.612579167],[1.359133889,43.612514444],[1.358954167,43.612521667],[1.3589525,43.612502778],[1.358325833,43.612524444],[1.358325,43.612508611]]]}},{"type":"Feature","id":"structure.building.136","properties":{"name":"Building 136","layer":"Buildings and structures","category":"Buildings","object_type":"Area","style_id":"structure.building","airport":"LFBO","geometry_role":"filled_region","vsmr_group_ids":[[]]},"geometry":{"type":"Polygon","coordinates":[[[1.360606389,43.613289722],[1.360655278,43.614060278],[1.360037778,43.614083056],[1.359986389,43.613312778],[1.360606389,43.613289722]]]}},{"type":"Feature","id":"structure.building.137","properties":{"name":"Building 137","layer":"Buildings and structures","category":"Buildings","object_type":"Area","style_id":"structure.building","airport":"LFBO","geometry_role":"filled_region","vsmr_group_ids":[[]]},"geometry":{"type":"Polygon","coordinates":[[[1.360661944,43.614144444],[1.360686667,43.614529444],[1.360007778,43.614554444],[1.359983056,43.61417],[1.360661944,43.614144444]]]}},{"type":"Feature","id":"structure.building.138","properties":{"name":"Building 138","layer":"Buildings and structures","category":"Buildings","object_type":"Area","style_id":"structure.building","airport":"LFBO","geometry_role":"filled_region","vsmr_group_ids":[[]]},"geometry":{"type":"Polygon","coordinates":[[[1.360425833,43.614583889],[1.360436111,43.614745833],[1.359964444,43.6147625],[1.359953889,43.6146],[1.360425833,43.614583889]]]}},{"type":"Feature","id":"structure.building.139","properties":{"name":"Building 139","layer":"Buildings and structures","category":"Buildings","object_type":"Area","style_id":"structure.building","airport":"LFBO","geometry_role":"filled_region","vsmr_group_ids":[[]]},"geometry":{"type":"Polygon","coordinates":[[[1.363020833,43.613629444],[1.363082778,43.614553333],[1.3623825,43.614579722],[1.362317778,43.613656944],[1.363020833,43.613629444]]]}},{"type":"Feature","id":"structure.building.140","properties":{"name":"Building 140","layer":"Buildings and structures","category":"Buildings","object_type":"Area","style_id":"structure.building","airport":"LFBO","geometry_role":"filled_region","vsmr_group_ids":[[]]},"geometry":{"type":"Polygon","coordinates":[[[1.364306111,43.612153611],[1.364313889,43.612294722],[1.364210833,43.612298889],[1.364211111,43.612290278],[1.363215,43.612326944],[1.3632175,43.612355556],[1.363219444,43.6124325],[1.363206389,43.6124325],[1.36321,43.612486389],[1.363076111,43.612491111],[1.363066944,43.612381944],[1.362977778,43.612386667],[1.362900278,43.612393056],[1.362814722,43.612403333],[1.362725556,43.612411389],[1.362635278,43.612419444],[1.362544722,43.612423889],[1.362478889,43.612426667],[1.362398889,43.612428889],[1.362318056,43.612432778],[1.362239167,43.612432222],[1.362166667,43.612434167],[1.362089444,43.612431667],[1.362004167,43.612431111],[1.361936111,43.612428056],[1.361876389,43.612425833],[1.361810833,43.612423056],[1.36182,43.612536111],[1.361781389,43.612538056],[1.361783889,43.612575278],[1.3616275,43.612580556],[1.361618056,43.612439167],[1.361658889,43.612438611],[1.36162,43.611866944],[1.361752778,43.6118625],[1.361752778,43.611861944],[1.361750833,43.611823056],[1.362901944,43.611780556],[1.362899722,43.611748889],[1.362975556,43.611746667],[1.362975278,43.611777778],[1.364251389,43.611731667],[1.364255833,43.611801944],[1.364279722,43.611801667],[1.364282222,43.611852222],[1.364258889,43.6118525],[1.364279167,43.612155278],[1.364306111,43.612153611]]]}},{"type":"Feature","id":"structure.building.141","properties":{"name":"Building 141","layer":"Buildings and structures","category":"Buildings","object_type":"Area","style_id":"structure.building","airport":"LFBO","geometry_role":"filled_region","vsmr_group_ids":[[]]},"geometry":{"type":"Polygon","coordinates":[[[1.364843611,43.6120275],[1.364838333,43.611949722],[1.364786389,43.611950278],[1.364777778,43.611858333],[1.365115833,43.611848056],[1.365108889,43.611723056],[1.365447778,43.611710556],[1.365456667,43.611834444],[1.365376667,43.611837222],[1.365380556,43.611878333],[1.365459167,43.611876111],[1.365465278,43.611978056],[1.365503333,43.611976111],[1.365495556,43.611865278],[1.365576389,43.611863611],[1.365584167,43.611971944],[1.365623889,43.611998611],[1.365642222,43.612259167],[1.3654825,43.612264444],[1.365486667,43.612306667],[1.365540278,43.612305278],[1.365549167,43.612306111],[1.3655575,43.61231],[1.365563333,43.612315278],[1.365566667,43.612320833],[1.365566389,43.6123275],[1.365562778,43.612335833],[1.365556111,43.612340833],[1.365549722,43.612343333],[1.365538056,43.612345],[1.365491389,43.612346667],[1.365499444,43.612478056],[1.3650825,43.612493056],[1.365062222,43.612179722],[1.364985556,43.612181111],[1.365003889,43.612461111],[1.364838611,43.612466389],[1.364808333,43.612029444],[1.364843611,43.6120275]]]}},{"type":"Feature","id":"structure.building.142","properties":{"name":"Building 142","layer":"Buildings and structures","category":"Buildings","object_type":"Area","style_id":"structure.building","airport":"LFBO","geometry_role":"filled_region","vsmr_group_ids":[[]]},"geometry":{"type":"Polygon","coordinates":[[[1.364778056,43.611858889],[1.364771389,43.611742222],[1.364824167,43.611739444],[1.364823333,43.6117],[1.364938333,43.611695278],[1.364939722,43.611715],[1.364991111,43.611712778],[1.364988889,43.611693611],[1.365105833,43.611689167],[1.365108889,43.611723333],[1.3651225,43.6117725],[1.364999444,43.611776667],[1.365006111,43.611856944],[1.364975556,43.612270278],[1.3650825,43.612268889],[1.365084722,43.612295833],[1.364967778,43.612296389],[1.364924167,43.611963333],[1.364778056,43.611858889]]]}},{"type":"Feature","id":"structure.building.143","properties":{"name":"Building 143","layer":"Buildings and structures","category":"Buildings","object_type":"Area","style_id":"structure.building","airport":"LFBO","geometry_role":"filled_region","vsmr_group_ids":[[]]},"geometry":{"type":"Polygon","coordinates":[[[1.367201389,43.614219167],[1.367562778,43.614122222],[1.367547778,43.614093056],[1.367561389,43.614089167],[1.367571111,43.614109444],[1.367726389,43.614067222],[1.368162778,43.614265556],[1.368489444,43.614176944],[1.368623611,43.614442778],[1.368298056,43.614530556],[1.368143611,43.614873333],[1.368218056,43.615021389],[1.367799444,43.615134722],[1.367745,43.615028611],[1.367675556,43.615045833],[1.36766,43.615018611],[1.36761,43.615030833],[1.367686667,43.615173333],[1.367639722,43.615186944],[1.367084722,43.614087222],[1.367128889,43.614076389],[1.367201389,43.614219167]]]}},{"type":"Feature","id":"structure.building.144","properties":{"name":"Building 144","layer":"Buildings and structures","category":"Buildings","object_type":"Area","style_id":"structure.building","airport":"LFBO","geometry_role":"filled_region","vsmr_group_ids":[[]]},"geometry":{"type":"Polygon","coordinates":[[[1.369059722,43.614864444],[1.369526944,43.614735],[1.369620278,43.614919444],[1.369569444,43.614934444],[1.369991667,43.615773056],[1.369042222,43.616026667],[1.369001111,43.6159475],[1.368823889,43.615995],[1.368848611,43.616051111],[1.368125,43.616244722],[1.368096944,43.616188056],[1.368045278,43.616200278],[1.367648889,43.615413611],[1.369137222,43.615019167],[1.369059722,43.614864444]]]}},{"type":"Feature","id":"structure.building.145","properties":{"name":"Building 145","layer":"Buildings and structures","category":"Buildings","object_type":"Area","style_id":"structure.building","airport":"LFBO","geometry_role":"filled_region","vsmr_group_ids":[[]]},"geometry":{"type":"Polygon","coordinates":[[[1.3815225,43.613497778],[1.3814775,43.613538889],[1.381447222,43.613520833],[1.381492222,43.613479444],[1.3815225,43.613497778]]]}},{"type":"Feature","id":"structure.building.146","properties":{"name":"Building 146","layer":"Buildings and structures","category":"Buildings","object_type":"Area","style_id":"structure.building","airport":"LFBO","geometry_role":"filled_region","vsmr_group_ids":[[]]},"geometry":{"type":"Polygon","coordinates":[[[1.382217778,43.613951111],[1.382186389,43.613975278],[1.381929722,43.613833056],[1.381953611,43.613807222],[1.382217778,43.613951111]]]}},{"type":"Feature","id":"structure.building.147","properties":{"name":"Building 147","layer":"Buildings and structures","category":"Buildings","object_type":"Area","style_id":"structure.building","airport":"LFBO","geometry_role":"filled_region","vsmr_group_ids":[[]]},"geometry":{"type":"Polygon","coordinates":[[[1.376815833,43.616973611],[1.376823056,43.617001944],[1.376799444,43.616987222],[1.376840278,43.616985556],[1.376815833,43.616973611]]]}},{"type":"Feature","id":"structure.building.148","properties":{"name":"Building 148","layer":"Buildings and structures","category":"Buildings","object_type":"Area","style_id":"structure.building","airport":"LFBO","geometry_role":"filled_region","vsmr_group_ids":[[]]},"geometry":{"type":"Polygon","coordinates":[[[1.376675556,43.616953333],[1.376636944,43.616999722],[1.376605,43.616980556],[1.376648056,43.616938333],[1.376675556,43.616953333]]]}},{"type":"Feature","id":"structure.building.149","properties":{"name":"Building 149","layer":"Buildings and structures","category":"Buildings","object_type":"Area","style_id":"structure.building","airport":"LFBO","geometry_role":"filled_region","vsmr_group_ids":[[]]},"geometry":{"type":"Polygon","coordinates":[[[1.376584722,43.614693056],[1.376559444,43.614711667],[1.376506111,43.614680278],[1.376528056,43.614665556],[1.376584722,43.614693056]]]}},{"type":"Feature","id":"structure.building.150","properties":{"name":"Building 150","layer":"Buildings and structures","category":"Buildings","object_type":"Area","style_id":"structure.building","airport":"LFBO","geometry_role":"filled_region","vsmr_group_ids":[[]]},"geometry":{"type":"Polygon","coordinates":[[[1.376772222,43.614854167],[1.376764722,43.614864167],[1.3763125,43.614615],[1.376321111,43.614606944],[1.376772222,43.614854167]]]}},{"type":"Feature","id":"structure.building.151","properties":{"name":"Building 151","layer":"Buildings and structures","category":"Buildings","object_type":"Area","style_id":"structure.building","airport":"LFBO","geometry_role":"filled_region","vsmr_group_ids":[[]]},"geometry":{"type":"Polygon","coordinates":[[[1.371507778,43.621886389],[1.371453611,43.621936111],[1.371434722,43.621927778],[1.371481944,43.621869722],[1.371507778,43.621886389]]]}},{"type":"Feature","id":"structure.building.152","properties":{"name":"Building 152","layer":"Buildings and structures","category":"Buildings","object_type":"Area","style_id":"structure.building","airport":"LFBO","geometry_role":"filled_region","vsmr_group_ids":[[]]},"geometry":{"type":"Polygon","coordinates":[[[1.362174167,43.630799444],[1.362165556,43.6308275],[1.362136944,43.63082],[1.362138333,43.630798889],[1.362174167,43.630799444]]]}},{"type":"Feature","id":"structure.building.153","properties":{"name":"Building 153","layer":"Buildings and structures","category":"Buildings","object_type":"Area","style_id":"structure.building","airport":"LFBO","geometry_role":"filled_region","vsmr_group_ids":[[]]},"geometry":{"type":"Polygon","coordinates":[[[1.358438333,43.634498056],[1.358380833,43.634551111],[1.358350278,43.6345375],[1.358407222,43.634476944],[1.358438333,43.634498056]]]}},{"type":"Feature","id":"structure.building.154","properties":{"name":"Building 154","layer":"Buildings and structures","category":"Buildings","object_type":"Area","style_id":"structure.building","airport":"LFBO","geometry_role":"filled_region","vsmr_group_ids":[[]]},"geometry":{"type":"Polygon","coordinates":[[[1.349841667,43.642518056],[1.349799722,43.642556667],[1.349775556,43.642543889],[1.349815556,43.642499167],[1.349841667,43.642518056]]]}},{"type":"Feature","id":"structure.building.155","properties":{"name":"Building 155","layer":"Buildings and structures","category":"Buildings","object_type":"Area","style_id":"structure.building","airport":"LFBO","geometry_role":"filled_region","vsmr_group_ids":[[]]},"geometry":{"type":"Polygon","coordinates":[[[1.341770556,43.648598889],[1.341736389,43.648627778],[1.341714167,43.648618333],[1.341748056,43.648584167],[1.341770556,43.648598889]]]}},{"type":"Feature","id":"structure.building.156","properties":{"name":"Building 156","layer":"Buildings and structures","category":"Buildings","object_type":"Area","style_id":"structure.building","airport":"LFBO","geometry_role":"filled_region","vsmr_group_ids":[[]]},"geometry":{"type":"Polygon","coordinates":[[[1.341743611,43.648509167],[1.341731944,43.648518333],[1.341300556,43.648283333],[1.341312222,43.648272222],[1.341743611,43.648509167]]]}},{"type":"Feature","id":"structure.building.157","properties":{"name":"Building 157","layer":"Buildings and structures","category":"Buildings","object_type":"Area","style_id":"structure.building","airport":"LFBO","geometry_role":"filled_region","vsmr_group_ids":[[]]},"geometry":{"type":"Polygon","coordinates":[[[1.355643056,43.639679167],[1.3556,43.639725278],[1.355580833,43.639711944],[1.3556175,43.639665556],[1.355643056,43.639679167]]]}},{"type":"Feature","id":"structure.building.158","properties":{"name":"Building 158","layer":"Buildings and structures","category":"Buildings","object_type":"Area","style_id":"structure.building","airport":"LFBO","geometry_role":"filled_region","vsmr_group_ids":[[]]},"geometry":{"type":"Polygon","coordinates":[[[1.355703056,43.639623333],[1.355691389,43.639632778],[1.355213056,43.639370833],[1.355225556,43.639361111],[1.355703056,43.639623333]]]}},{"type":"Feature","id":"restriction.prohibited_area.001","properties":{"name":"Prohibited area 001","layer":"Operational restrictions","category":"Prohibited areas","object_type":"Area","style_id":"restriction.prohibited_area","airport":"LFBO","geometry_role":"filled_region","vsmr_group_ids":[[]]},"geometry":{"type":"Polygon","coordinates":[[[1.3811275,43.616145556],[1.380936111,43.616328333],[1.380905278,43.616314722],[1.381095833,43.616130278],[1.3811275,43.616145556]]]}},{"type":"Feature","id":"restriction.prohibited_area.002","properties":{"name":"Prohibited area 002","layer":"Operational restrictions","category":"Prohibited areas","object_type":"Area","style_id":"restriction.prohibited_area","airport":"LFBO","geometry_role":"filled_region","vsmr_group_ids":[[]]},"geometry":{"type":"Polygon","coordinates":[[[1.376007222,43.621068056],[1.375782222,43.621285278],[1.3757475,43.621269722],[1.375975278,43.621047222],[1.376007222,43.621068056]]]}},{"type":"Feature","id":"restriction.prohibited_area.003","properties":{"name":"Prohibited area 003","layer":"Operational restrictions","category":"Prohibited areas","object_type":"Area","style_id":"restriction.prohibited_area","airport":"LFBO","geometry_role":"filled_region","vsmr_group_ids":[[]]},"geometry":{"type":"Polygon","coordinates":[[[1.372103889,43.624813333],[1.371983889,43.625061944],[1.371956944,43.625054722],[1.372078056,43.624802778],[1.372103889,43.624813333]]]}},{"type":"Feature","id":"restriction.prohibited_area.004","properties":{"name":"Prohibited area 004","layer":"Operational restrictions","category":"Prohibited areas","object_type":"Area","style_id":"restriction.prohibited_area","airport":"LFBO","geometry_role":"filled_region","vsmr_group_ids":[[]]},"geometry":{"type":"Polygon","coordinates":[[[1.366753611,43.630158889],[1.366385833,43.630303333],[1.366366944,43.630286944],[1.366742222,43.630140278],[1.366753611,43.630158889]]]}},{"type":"Feature","id":"restriction.prohibited_area.005","properties":{"name":"Prohibited area 005","layer":"Operational restrictions","category":"Prohibited areas","object_type":"Area","style_id":"restriction.prohibited_area","airport":"LFBO","geometry_role":"filled_region","vsmr_group_ids":[[]]},"geometry":{"type":"Polygon","coordinates":[[[1.358724722,43.637666389],[1.358525,43.637858333],[1.358513333,43.637850278],[1.358504444,43.637845556],[1.358705278,43.637651944],[1.358724722,43.637666389]]]}},{"type":"Feature","id":"restriction.prohibited_area.006","properties":{"name":"Prohibited area 006","layer":"Operational restrictions","category":"Prohibited areas","object_type":"Area","style_id":"restriction.prohibited_area","airport":"LFBO","geometry_role":"filled_region","vsmr_group_ids":[[]]},"geometry":{"type":"Polygon","coordinates":[[[1.348158056,43.644964167],[1.347956667,43.645157778],[1.347934444,43.645145833],[1.348134167,43.6449525],[1.348158056,43.644964167]]]}},{"type":"Feature","id":"restriction.prohibited_area.007","properties":{"name":"Prohibited area 007","layer":"Operational restrictions","category":"Prohibited areas","object_type":"Area","style_id":"restriction.prohibited_area","airport":"LFBO","geometry_role":"filled_region","vsmr_group_ids":[[]]},"geometry":{"type":"Polygon","coordinates":[[[1.350682778,43.640915278],[1.350499722,43.641096944],[1.350479722,43.641085278],[1.350661389,43.640903333],[1.350682778,43.640915278]]]}},{"type":"Feature","id":"restriction.prohibited_area.008","properties":{"name":"Prohibited area 008","layer":"Operational restrictions","category":"Prohibited areas","object_type":"Area","style_id":"restriction.prohibited_area","airport":"LFBO","geometry_role":"filled_region","vsmr_group_ids":[[]]},"geometry":{"type":"Polygon","coordinates":[[[1.355785,43.635979444],[1.3558,43.635998889],[1.3555425,43.636246111],[1.355518611,43.636236667],[1.355785,43.635979444]]]}},{"type":"Feature","id":"restriction.prohibited_area.009","properties":{"name":"Prohibited area 009","layer":"Operational restrictions","category":"Prohibited areas","object_type":"Area","style_id":"restriction.prohibited_area","airport":"LFBO","geometry_role":"filled_region","vsmr_group_ids":[[]]},"geometry":{"type":"Polygon","coordinates":[[[1.35697,43.6366925],[1.356764167,43.63689],[1.356742222,43.636877778],[1.356945,43.636681944],[1.35697,43.6366925]]]}},{"type":"Feature","id":"restriction.prohibited_area.010","properties":{"name":"Prohibited area 010","layer":"Operational restrictions","category":"Prohibited areas","object_type":"Area","style_id":"restriction.prohibited_area","airport":"LFBO","geometry_role":"filled_region","vsmr_group_ids":[[]]},"geometry":{"type":"Polygon","coordinates":[[[1.367999444,43.624408889],[1.367927222,43.624654444],[1.367899167,43.6246525],[1.367971111,43.624405],[1.367999444,43.624408889]]]}},{"type":"Feature","id":"restriction.prohibited_area.011","properties":{"name":"Prohibited area 011","layer":"Operational restrictions","category":"Prohibited areas","object_type":"Area","style_id":"restriction.prohibited_area","airport":"LFBO","geometry_role":"filled_region","vsmr_group_ids":[[]]},"geometry":{"type":"Polygon","coordinates":[[[1.369363889,43.624559444],[1.369320833,43.624814167],[1.369293333,43.624808056],[1.369335556,43.6245575],[1.369363889,43.624559444]]]}},{"type":"Feature","id":"restriction.prohibited_area.012","properties":{"name":"Prohibited area 012","layer":"Operational restrictions","category":"Prohibited areas","object_type":"Area","style_id":"restriction.prohibited_area","airport":"LFBO","geometry_role":"filled_region","vsmr_group_ids":[[]]},"geometry":{"type":"Polygon","coordinates":[[[1.373025,43.619459167],[1.37282,43.6196525],[1.372787778,43.619628056],[1.372988056,43.619439444],[1.373025,43.619459167]]]}},{"type":"Feature","id":"restriction.prohibited_area.013","properties":{"name":"Prohibited area 013","layer":"Operational restrictions","category":"Prohibited areas","object_type":"Area","style_id":"restriction.prohibited_area","airport":"LFBO","geometry_role":"filled_region","vsmr_group_ids":[[]]},"geometry":{"type":"Polygon","coordinates":[[[1.374213889,43.620111111],[1.374016944,43.620301667],[1.373994722,43.620272222],[1.374177222,43.620091389],[1.374213889,43.620111111]]]}},{"type":"Feature","id":"restriction.prohibited_area.014","properties":{"name":"Prohibited area 014","layer":"Operational restrictions","category":"Prohibited areas","object_type":"Area","style_id":"restriction.prohibited_area","airport":"LFBO","geometry_role":"filled_region","vsmr_group_ids":[[]]},"geometry":{"type":"Polygon","coordinates":[[[1.370350278,43.618445278],[1.370319167,43.618440833],[1.370612222,43.618159722],[1.370633056,43.618170833],[1.370350278,43.618445278]]]}},{"type":"Feature","id":"restriction.prohibited_area.015","properties":{"name":"Prohibited area 015","layer":"Operational restrictions","category":"Prohibited areas","object_type":"Area","style_id":"restriction.prohibited_area","airport":"LFBO","geometry_role":"filled_region","vsmr_group_ids":[[]]},"geometry":{"type":"Polygon","coordinates":[[[1.369675833,43.619083611],[1.369266944,43.619479167],[1.369236667,43.619473333],[1.369665833,43.619063333],[1.369675833,43.619083611]]]}},{"type":"Feature","id":"restriction.prohibited_area.016","properties":{"name":"Prohibited area 016","layer":"Operational restrictions","category":"Prohibited areas","object_type":"Area","style_id":"restriction.prohibited_area","airport":"LFBO","geometry_role":"filled_region","vsmr_group_ids":[[]]},"geometry":{"type":"Polygon","coordinates":[[[1.363437778,43.625084167],[1.363043889,43.6254675],[1.363012778,43.6254625],[1.363423889,43.625064167],[1.363437778,43.625084167]]]}},{"type":"Feature","id":"restriction.prohibited_area.017","properties":{"name":"Prohibited area 017","layer":"Operational restrictions","category":"Prohibited areas","object_type":"Area","style_id":"restriction.prohibited_area","airport":"LFBO","geometry_role":"filled_region","vsmr_group_ids":[[]]},"geometry":{"type":"Polygon","coordinates":[[[1.358280556,43.630045],[1.357880833,43.630426944],[1.357850278,43.630422222],[1.358264167,43.630025556],[1.358280556,43.630045]]]}},{"type":"Feature","id":"restriction.prohibited_area.018","properties":{"name":"Prohibited area 018","layer":"Operational restrictions","category":"Prohibited areas","object_type":"Area","style_id":"restriction.prohibited_area","airport":"LFBO","geometry_role":"filled_region","vsmr_group_ids":[[]]},"geometry":{"type":"Polygon","coordinates":[[[1.353458611,43.634649722],[1.353042778,43.635048056],[1.353013889,43.635044167],[1.353445278,43.634627222],[1.353458611,43.634649722]]]}},{"type":"Feature","id":"restriction.prohibited_area.019","properties":{"name":"Prohibited area 019","layer":"Operational restrictions","category":"Prohibited areas","object_type":"Area","style_id":"restriction.prohibited_area","airport":"LFBO","geometry_role":"filled_region","vsmr_group_ids":[[]]},"geometry":{"type":"Polygon","coordinates":[[[1.348387778,43.639516389],[1.347991389,43.639895556],[1.347958056,43.639895],[1.3483725,43.639498056],[1.348387778,43.639516389]]]}},{"type":"Feature","id":"restriction.prohibited_area.020","properties":{"name":"Prohibited area 020","layer":"Operational restrictions","category":"Prohibited areas","object_type":"Area","style_id":"restriction.prohibited_area","airport":"LFBO","geometry_role":"filled_region","vsmr_group_ids":[[]]},"geometry":{"type":"Polygon","coordinates":[[[1.3447925,43.642984722],[1.3444525,43.643311389],[1.344427222,43.643300833],[1.344773889,43.642968889],[1.3447925,43.642984722]]]}},{"type":"Feature","id":"marking.surface.001","properties":{"name":"Surface marking 001","layer":"Surface markings","category":"Surface markings","object_type":"Area","style_id":"marking.surface","airport":"LFBO","geometry_role":"filled_region","vsmr_group_ids":[[]]},"geometry":{"type":"Polygon","coordinates":[[[1.377850278,43.617712222],[1.377682778,43.617873611],[1.377663611,43.617863611],[1.377831944,43.617700556],[1.377850278,43.617712222]]]}},{"type":"Feature","id":"marking.surface.002","properties":{"name":"Surface marking 002","layer":"Surface markings","category":"Surface markings","object_type":"Area","style_id":"marking.surface","airport":"LFBO","geometry_role":"filled_region","vsmr_group_ids":[[]]},"geometry":{"type":"Polygon","coordinates":[[[1.377882222,43.617728889],[1.377713333,43.617890833],[1.377695278,43.6178825],[1.377862778,43.617719444],[1.377882222,43.617728889]]]}},{"type":"Feature","id":"marking.surface.003","properties":{"name":"Surface marking 003","layer":"Surface markings","category":"Surface markings","object_type":"Area","style_id":"marking.surface","airport":"LFBO","geometry_role":"filled_region","vsmr_group_ids":[[]]},"geometry":{"type":"Polygon","coordinates":[[[1.377915833,43.6177475],[1.377747222,43.617910278],[1.377726944,43.617899167],[1.377896667,43.6177375],[1.377915833,43.6177475]]]}},{"type":"Feature","id":"marking.surface.004","properties":{"name":"Surface marking 004","layer":"Surface markings","category":"Surface markings","object_type":"Area","style_id":"marking.surface","airport":"LFBO","geometry_role":"filled_region","vsmr_group_ids":[[]]},"geometry":{"type":"Polygon","coordinates":[[[1.378110833,43.617855556],[1.3779425,43.618018056],[1.377924167,43.618007222],[1.378092222,43.617844722],[1.378110833,43.617855556]]]}},{"type":"Feature","id":"marking.surface.005","properties":{"name":"Surface marking 005","layer":"Surface markings","category":"Surface markings","object_type":"Area","style_id":"marking.surface","airport":"LFBO","geometry_role":"filled_region","vsmr_group_ids":[[]]},"geometry":{"type":"Polygon","coordinates":[[[1.378145556,43.6178725],[1.377975556,43.618035278],[1.377955833,43.618023889],[1.378124444,43.617862222],[1.378145556,43.6178725]]]}},{"type":"Feature","id":"marking.surface.006","properties":{"name":"Surface marking 006","layer":"Surface markings","category":"Surface markings","object_type":"Area","style_id":"marking.surface","airport":"LFBO","geometry_role":"filled_region","vsmr_group_ids":[[]]},"geometry":{"type":"Polygon","coordinates":[[[1.378178611,43.617891111],[1.378007778,43.618054722],[1.3779875,43.6180425],[1.378155556,43.617879444],[1.378178611,43.617891111]]]}},{"type":"Feature","id":"marking.surface.007","properties":{"name":"Surface marking 007","layer":"Surface markings","category":"Surface markings","object_type":"Area","style_id":"marking.surface","airport":"LFBO","geometry_role":"filled_region","vsmr_group_ids":[[]]},"geometry":{"type":"Polygon","coordinates":[[[1.371896667,43.618866389],[1.345741111,43.643989444],[1.346166667,43.6442225],[1.372323056,43.619099722],[1.372346667,43.6190925],[1.346162778,43.644243056],[1.345715833,43.6439975],[1.371903056,43.618847222],[1.372347778,43.619091111],[1.372321389,43.619100556],[1.371896667,43.618866389]]]}},{"type":"Feature","id":"marking.surface.008","properties":{"name":"Surface marking 008","layer":"Surface markings","category":"Surface markings","object_type":"Area","style_id":"marking.surface","airport":"LFBO","geometry_role":"filled_region","vsmr_group_ids":[[]]},"geometry":{"type":"Polygon","coordinates":[[[1.371391111,43.619615556],[1.371400556,43.619606389],[1.371393611,43.619571944],[1.371443056,43.619565833],[1.371479444,43.619530556],[1.371436667,43.619506944],[1.371459722,43.619484167],[1.371520278,43.619518056],[1.371455556,43.619580278],[1.371417222,43.619584167],[1.371423611,43.619611389],[1.371384722,43.619647778],[1.371324444,43.619614722],[1.371348333,43.6195925],[1.371391111,43.619615556]]]}},{"type":"Feature","id":"marking.surface.009","properties":{"name":"Surface marking 009","layer":"Surface markings","category":"Surface markings","object_type":"Area","style_id":"marking.surface","airport":"LFBO","geometry_role":"filled_region","vsmr_group_ids":[[]]},"geometry":{"type":"Polygon","coordinates":[[[1.371623611,43.619574444],[1.371600278,43.619596944],[1.371556389,43.619573333],[1.371544167,43.619585],[1.371535,43.619659444],[1.371488611,43.619704444],[1.371426944,43.619671944],[1.3714625,43.619636389],[1.371480556,43.619646389],[1.371467778,43.619657778],[1.371493056,43.619671667],[1.371514167,43.619653611],[1.371523333,43.619578611],[1.371563056,43.619541111],[1.371623611,43.619574444]]]}},{"type":"Feature","id":"marking.surface.010","properties":{"name":"Surface marking 010","layer":"Surface markings","category":"Surface markings","object_type":"Area","style_id":"marking.surface","airport":"LFBO","geometry_role":"filled_region","vsmr_group_ids":[[]]},"geometry":{"type":"Polygon","coordinates":[[[1.371795278,43.619330833],[1.371772222,43.619352778],[1.371729167,43.619328889],[1.371617222,43.619436389],[1.371599722,43.619426944],[1.371735278,43.619298056],[1.371795278,43.619330833]]]}},{"type":"Feature","id":"marking.surface.011","properties":{"name":"Surface marking 011","layer":"Surface markings","category":"Surface markings","object_type":"Area","style_id":"marking.surface","airport":"LFBO","geometry_role":"filled_region","vsmr_group_ids":[[]]},"geometry":{"type":"Polygon","coordinates":[[[1.346723056,43.643465],[1.346725278,43.643473889],[1.346707222,43.643491111],[1.346700556,43.643489167],[1.346589167,43.643595833],[1.346570833,43.643586389],[1.346706667,43.643456667],[1.346723056,43.643465]]]}},{"type":"Feature","id":"marking.surface.012","properties":{"name":"Surface marking 012","layer":"Surface markings","category":"Surface markings","object_type":"Area","style_id":"marking.surface","airport":"LFBO","geometry_role":"filled_region","vsmr_group_ids":[[]]},"geometry":{"type":"Polygon","coordinates":[[[1.34651,43.643510278],[1.346480833,43.6435375],[1.346465,43.643527778],[1.346493056,43.643501667],[1.346479167,43.643492778],[1.346504167,43.643470833],[1.346517222,43.643478333],[1.346558611,43.643438056],[1.346576111,43.643446389],[1.346534167,43.6434875],[1.346557222,43.643501667],[1.346615,43.643406667],[1.3466325,43.643417222],[1.346556944,43.643536667],[1.34651,43.643510278]]]}},{"type":"Feature","id":"marking.surface.013","properties":{"name":"Surface marking 013","layer":"Surface markings","category":"Surface markings","object_type":"Area","style_id":"marking.surface","airport":"LFBO","geometry_role":"filled_region","vsmr_group_ids":[[]]},"geometry":{"type":"Polygon","coordinates":[[[1.346389722,43.643705833],[1.346365833,43.643693056],[1.346397222,43.643661389],[1.3464225,43.643676389],[1.346463333,43.643662222],[1.346329167,43.643791667],[1.346312222,43.643782222],[1.346365278,43.64373],[1.346356667,43.643723889],[1.346285278,43.6437675],[1.3462675,43.643758333],[1.346338333,43.643713611],[1.346321944,43.643705556],[1.346402778,43.643628056],[1.346465556,43.643660833],[1.346423056,43.643675556],[1.346389722,43.643705833]]]}},{"type":"Feature","id":"marking.surface.014","properties":{"name":"Surface marking 014","layer":"Surface markings","category":"Surface markings","object_type":"Area","style_id":"marking.surface","airport":"LFBO","geometry_role":"filled_region","vsmr_group_ids":[[]]},"geometry":{"type":"Polygon","coordinates":[[[1.345992222,43.643741667],[1.346013611,43.643753611],[1.345789167,43.64397],[1.345768611,43.643958333],[1.345992222,43.643741667]]]}},{"type":"Feature","id":"marking.surface.015","properties":{"name":"Surface marking 015","layer":"Surface markings","category":"Surface markings","object_type":"Area","style_id":"marking.surface","airport":"LFBO","geometry_role":"filled_region","vsmr_group_ids":[[]]},"geometry":{"type":"Polygon","coordinates":[[[1.346030278,43.643761944],[1.346048056,43.643772778],[1.345824722,43.643989444],[1.345805278,43.643978333],[1.346030278,43.643761944]]]}},{"type":"Feature","id":"marking.surface.016","properties":{"name":"Surface marking 016","layer":"Surface markings","category":"Surface markings","object_type":"Area","style_id":"marking.surface","airport":"LFBO","geometry_role":"filled_region","vsmr_group_ids":[[]]},"geometry":{"type":"Polygon","coordinates":[[[1.346066944,43.643781944],[1.346084444,43.643791667],[1.345860278,43.644008333],[1.345840278,43.643998889],[1.346066944,43.643781944]]]}},{"type":"Feature","id":"marking.surface.017","properties":{"name":"Surface marking 017","layer":"Surface markings","category":"Surface markings","object_type":"Area","style_id":"marking.surface","airport":"LFBO","geometry_role":"filled_region","vsmr_group_ids":[[]]},"geometry":{"type":"Polygon","coordinates":[[[1.3461025,43.643801667],[1.346120833,43.643811944],[1.345896389,43.644028056],[1.345876389,43.644018333],[1.3461025,43.643801667]]]}},{"type":"Feature","id":"marking.surface.018","properties":{"name":"Surface marking 018","layer":"Surface markings","category":"Surface markings","object_type":"Area","style_id":"marking.surface","airport":"LFBO","geometry_role":"filled_region","vsmr_group_ids":[[]]},"geometry":{"type":"Polygon","coordinates":[[[1.346136389,43.643821111],[1.346156111,43.643831111],[1.345930833,43.644048056],[1.345912778,43.644037222],[1.346136389,43.643821111]]]}},{"type":"Feature","id":"marking.surface.019","properties":{"name":"Surface marking 019","layer":"Surface markings","category":"Surface markings","object_type":"Area","style_id":"marking.surface","airport":"LFBO","geometry_role":"filled_region","vsmr_group_ids":[[]]},"geometry":{"type":"Polygon","coordinates":[[[1.346173056,43.643840833],[1.346191111,43.643851111],[1.345966667,43.644067778],[1.345947222,43.644056667],[1.346173056,43.643840833]]]}},{"type":"Feature","id":"marking.surface.020","properties":{"name":"Surface marking 020","layer":"Surface markings","category":"Surface markings","object_type":"Area","style_id":"marking.surface","airport":"LFBO","geometry_role":"filled_region","vsmr_group_ids":[[]]},"geometry":{"type":"Polygon","coordinates":[[[1.346226667,43.643870833],[1.346244444,43.643880556],[1.34602,43.644097222],[1.346001944,43.644086389],[1.346226667,43.643870833]]]}},{"type":"Feature","id":"marking.surface.021","properties":{"name":"Surface marking 021","layer":"Surface markings","category":"Surface markings","object_type":"Area","style_id":"marking.surface","airport":"LFBO","geometry_role":"filled_region","vsmr_group_ids":[[]]},"geometry":{"type":"Polygon","coordinates":[[[1.346262222,43.643889444],[1.346279167,43.643899722],[1.346054722,43.644115278],[1.346036667,43.644106111],[1.346262222,43.643889444]]]}},{"type":"Feature","id":"marking.surface.022","properties":{"name":"Surface marking 022","layer":"Surface markings","category":"Surface markings","object_type":"Area","style_id":"marking.surface","airport":"LFBO","geometry_role":"filled_region","vsmr_group_ids":[[]]},"geometry":{"type":"Polygon","coordinates":[[[1.346296944,43.643909167],[1.346316389,43.643919167],[1.346092222,43.644135556],[1.346071667,43.644125],[1.346296944,43.643909167]]]}},{"type":"Feature","id":"marking.surface.023","properties":{"name":"Surface marking 023","layer":"Surface markings","category":"Surface markings","object_type":"Area","style_id":"marking.surface","airport":"LFBO","geometry_role":"filled_region","vsmr_group_ids":[[]]},"geometry":{"type":"Polygon","coordinates":[[[1.346331944,43.643928056],[1.346351111,43.643939167],[1.346126389,43.644154444],[1.346106111,43.644143889],[1.346331944,43.643928056]]]}},{"type":"Feature","id":"marking.surface.024","properties":{"name":"Surface marking 024","layer":"Surface markings","category":"Surface markings","object_type":"Area","style_id":"marking.surface","airport":"LFBO","geometry_role":"filled_region","vsmr_group_ids":[[]]},"geometry":{"type":"Polygon","coordinates":[[[1.346368333,43.643948611],[1.346386389,43.643959722],[1.346162778,43.644175278],[1.346144444,43.644163611],[1.346368333,43.643948611]]]}},{"type":"Feature","id":"marking.surface.025","properties":{"name":"Surface marking 025","layer":"Surface markings","category":"Surface markings","object_type":"Area","style_id":"marking.surface","airport":"LFBO","geometry_role":"filled_region","vsmr_group_ids":[[]]},"geometry":{"type":"Polygon","coordinates":[[[1.346404167,43.643968333],[1.346428333,43.643980556],[1.346202778,43.644196667],[1.346179444,43.644183056],[1.346404167,43.643968333]]]}},{"type":"Feature","id":"marking.surface.026","properties":{"name":"Surface marking 026","layer":"Surface markings","category":"Surface markings","object_type":"Area","style_id":"marking.surface","airport":"LFBO","geometry_role":"filled_region","vsmr_group_ids":[[]]},"geometry":{"type":"Polygon","coordinates":[[[1.347125,43.642820833],[1.347143056,43.642831667],[1.346974722,43.642994722],[1.346951667,43.642983889],[1.347125,43.642820833]]]}},{"type":"Feature","id":"marking.surface.027","properties":{"name":"Surface marking 027","layer":"Surface markings","category":"Surface markings","object_type":"Area","style_id":"marking.surface","airport":"LFBO","geometry_role":"filled_region","vsmr_group_ids":[[]]},"geometry":{"type":"Polygon","coordinates":[[[1.347090556,43.642803333],[1.347107778,43.642814167],[1.346940278,43.642976111],[1.346920278,43.642965833],[1.347090556,43.642803333]]]}},{"type":"Feature","id":"marking.surface.028","properties":{"name":"Surface marking 028","layer":"Surface markings","category":"Surface markings","object_type":"Area","style_id":"marking.surface","airport":"LFBO","geometry_role":"filled_region","vsmr_group_ids":[[]]},"geometry":{"type":"Polygon","coordinates":[[[1.347057222,43.642784444],[1.347075833,43.642795],[1.346908056,43.642958056],[1.346887222,43.642947778],[1.347057222,43.642784444]]]}},{"type":"Feature","id":"marking.surface.029","properties":{"name":"Surface marking 029","layer":"Surface markings","category":"Surface markings","object_type":"Area","style_id":"marking.surface","airport":"LFBO","geometry_role":"filled_region","vsmr_group_ids":[[]]},"geometry":{"type":"Polygon","coordinates":[[[1.347383611,43.642964167],[1.347401667,43.642975833],[1.347233889,43.643138333],[1.347214722,43.643126944],[1.347383611,43.642964167]]]}},{"type":"Feature","id":"marking.surface.030","properties":{"name":"Surface marking 030","layer":"Surface markings","category":"Surface markings","object_type":"Area","style_id":"marking.surface","airport":"LFBO","geometry_role":"filled_region","vsmr_group_ids":[[]]},"geometry":{"type":"Polygon","coordinates":[[[1.347350556,43.6429475],[1.347369444,43.642956944],[1.347201667,43.643119444],[1.3471825,43.643108611],[1.347350556,43.6429475]]]}},{"type":"Feature","id":"marking.surface.031","properties":{"name":"Surface marking 031","layer":"Surface markings","category":"Surface markings","object_type":"Area","style_id":"marking.surface","airport":"LFBO","geometry_role":"filled_region","vsmr_group_ids":[[]]},"geometry":{"type":"Polygon","coordinates":[[[1.347318889,43.642928056],[1.347338333,43.642939444],[1.347170278,43.643102222],[1.347150556,43.643090556],[1.347318889,43.642928056]]]}},{"type":"Feature","id":"marking.surface.032","properties":{"name":"Surface marking 032","layer":"Surface markings","category":"Surface markings","object_type":"Area","style_id":"marking.surface","airport":"LFBO","geometry_role":"filled_region","vsmr_group_ids":[[]]},"geometry":{"type":"Polygon","coordinates":[[[1.348505,43.641888333],[1.348523889,43.641898333],[1.348355,43.642061944],[1.348336111,43.64205],[1.348505,43.641888333]]]}},{"type":"Feature","id":"marking.surface.033","properties":{"name":"Surface marking 033","layer":"Surface markings","category":"Surface markings","object_type":"Area","style_id":"marking.surface","airport":"LFBO","geometry_role":"filled_region","vsmr_group_ids":[[]]},"geometry":{"type":"Polygon","coordinates":[[[1.348473333,43.64187],[1.348490556,43.641880278],[1.348321667,43.642042778],[1.348303056,43.642033611],[1.348473333,43.64187]]]}},{"type":"Feature","id":"marking.surface.034","properties":{"name":"Surface marking 034","layer":"Surface markings","category":"Surface markings","object_type":"Area","style_id":"marking.surface","airport":"LFBO","geometry_role":"filled_region","vsmr_group_ids":[[]]},"geometry":{"type":"Polygon","coordinates":[[[1.348440833,43.641851667],[1.3484575,43.641862778],[1.348290278,43.642025556],[1.348269722,43.642014722],[1.348440833,43.641851667]]]}},{"type":"Feature","id":"marking.surface.035","properties":{"name":"Surface marking 035","layer":"Surface markings","category":"Surface markings","object_type":"Area","style_id":"marking.surface","airport":"LFBO","geometry_role":"filled_region","vsmr_group_ids":[[]]},"geometry":{"type":"Polygon","coordinates":[[[1.348246944,43.641744722],[1.348261944,43.641756111],[1.348093333,43.641918889],[1.348074444,43.641906944],[1.348246944,43.641744722]]]}},{"type":"Feature","id":"marking.surface.036","properties":{"name":"Surface marking 036","layer":"Surface markings","category":"Surface markings","object_type":"Area","style_id":"marking.surface","airport":"LFBO","geometry_role":"filled_region","vsmr_group_ids":[[]]},"geometry":{"type":"Polygon","coordinates":[[[1.348210833,43.641728056],[1.348231944,43.641737222],[1.34806,43.6419],[1.348042222,43.641889722],[1.348210833,43.641728056]]]}},{"type":"Feature","id":"marking.surface.037","properties":{"name":"Surface marking 037","layer":"Surface markings","category":"Surface markings","object_type":"Area","style_id":"marking.surface","airport":"LFBO","geometry_role":"filled_region","vsmr_group_ids":[[]]},"geometry":{"type":"Polygon","coordinates":[[[1.348177778,43.641707778],[1.348196111,43.641719444],[1.348028889,43.641881389],[1.348010278,43.641871667],[1.348177778,43.641707778]]]}},{"type":"Feature","id":"marking.surface.038","properties":{"name":"Surface marking 038","layer":"Surface markings","category":"Surface markings","object_type":"Area","style_id":"marking.surface","airport":"LFBO","geometry_role":"filled_region","vsmr_group_ids":[[]]},"geometry":{"type":"Polygon","coordinates":[[[1.349664444,43.640678333],[1.349723611,43.640711667],[1.349386389,43.641037778],[1.349326389,43.6410025],[1.349664444,43.640678333]]]}},{"type":"Feature","id":"marking.surface.039","properties":{"name":"Surface marking 039","layer":"Surface markings","category":"Surface markings","object_type":"Area","style_id":"marking.surface","airport":"LFBO","geometry_role":"filled_region","vsmr_group_ids":[[]]},"geometry":{"type":"Polygon","coordinates":[[[1.349424167,43.640547222],[1.349487778,43.640580278],[1.349148611,43.640906389],[1.349087778,43.640873056],[1.349424167,43.640547222]]]}},{"type":"Feature","id":"marking.surface.040","properties":{"name":"Surface marking 040","layer":"Surface markings","category":"Surface markings","object_type":"Area","style_id":"marking.surface","airport":"LFBO","geometry_role":"filled_region","vsmr_group_ids":[[]]},"geometry":{"type":"Polygon","coordinates":[[[1.350714167,43.639716944],[1.350734167,43.639726944],[1.350565833,43.639890833],[1.350546389,43.639878611],[1.350714167,43.639716944]]]}},{"type":"Feature","id":"marking.surface.041","properties":{"name":"Surface marking 041","layer":"Surface markings","category":"Surface markings","object_type":"Area","style_id":"marking.surface","airport":"LFBO","geometry_role":"filled_region","vsmr_group_ids":[[]]},"geometry":{"type":"Polygon","coordinates":[[[1.3506825,43.639699722],[1.350701389,43.639709167],[1.350534167,43.639871944],[1.350514167,43.639861944],[1.3506825,43.639699722]]]}},{"type":"Feature","id":"marking.surface.042","properties":{"name":"Surface marking 042","layer":"Surface markings","category":"Surface markings","object_type":"Area","style_id":"marking.surface","airport":"LFBO","geometry_role":"filled_region","vsmr_group_ids":[[]]},"geometry":{"type":"Polygon","coordinates":[[[1.350488056,43.639591111],[1.350505278,43.639602222],[1.350337778,43.639763611],[1.350317222,43.639753333],[1.350488056,43.639591111]]]}},{"type":"Feature","id":"marking.surface.043","properties":{"name":"Surface marking 043","layer":"Surface markings","category":"Surface markings","object_type":"Area","style_id":"marking.surface","airport":"LFBO","geometry_role":"filled_region","vsmr_group_ids":[[]]},"geometry":{"type":"Polygon","coordinates":[[[1.350453333,43.639572778],[1.350471944,43.639583889],[1.350305,43.639745833],[1.350286389,43.639735556],[1.350453333,43.639572778]]]}},{"type":"Feature","id":"marking.surface.044","properties":{"name":"Surface marking 044","layer":"Surface markings","category":"Surface markings","object_type":"Area","style_id":"marking.surface","airport":"LFBO","geometry_role":"filled_region","vsmr_group_ids":[[]]},"geometry":{"type":"Polygon","coordinates":[[[1.3518025,43.638622778],[1.351822222,43.638631944],[1.351653889,43.638795833],[1.351634167,43.638784444],[1.3518025,43.638622778]]]}},{"type":"Feature","id":"marking.surface.045","properties":{"name":"Surface marking 045","layer":"Surface markings","category":"Surface markings","object_type":"Area","style_id":"marking.surface","airport":"LFBO","geometry_role":"filled_region","vsmr_group_ids":[[]]},"geometry":{"type":"Polygon","coordinates":[[[1.351609167,43.6385125],[1.351628333,43.638523056],[1.351458889,43.638688056],[1.351437778,43.638677222],[1.351609167,43.6385125]]]}},{"type":"Feature","id":"marking.surface.046","properties":{"name":"Surface marking 046","layer":"Surface markings","category":"Surface markings","object_type":"Area","style_id":"marking.surface","airport":"LFBO","geometry_role":"filled_region","vsmr_group_ids":[[]]},"geometry":{"type":"Polygon","coordinates":[[[1.352927778,43.637545556],[1.352943611,43.637554167],[1.352774722,43.637718056],[1.3527575,43.637706667],[1.352927778,43.637545556]]]}},{"type":"Feature","id":"marking.surface.047","properties":{"name":"Surface marking 047","layer":"Surface markings","category":"Surface markings","object_type":"Area","style_id":"marking.surface","airport":"LFBO","geometry_role":"filled_region","vsmr_group_ids":[[]]},"geometry":{"type":"Polygon","coordinates":[[[1.352730278,43.637437222],[1.352750278,43.6374475],[1.352580556,43.637611111],[1.352558889,43.637600833],[1.352730278,43.637437222]]]}},{"type":"Feature","id":"marking.surface.048","properties":{"name":"Surface marking 048","layer":"Surface markings","category":"Surface markings","object_type":"Area","style_id":"marking.surface","airport":"LFBO","geometry_role":"filled_region","vsmr_group_ids":[[]]},"geometry":{"type":"Polygon","coordinates":[[[1.365487222,43.625479444],[1.365506667,43.625488889],[1.365338056,43.625653333],[1.365318611,43.625641389],[1.365487222,43.625479444]]]}},{"type":"Feature","id":"marking.surface.049","properties":{"name":"Surface marking 049","layer":"Surface markings","category":"Surface markings","object_type":"Area","style_id":"marking.surface","airport":"LFBO","geometry_role":"filled_region","vsmr_group_ids":[[]]},"geometry":{"type":"Polygon","coordinates":[[[1.365291944,43.625370556],[1.365311944,43.625382222],[1.365141667,43.625545278],[1.365122222,43.625533889],[1.365291944,43.625370556]]]}},{"type":"Feature","id":"marking.surface.050","properties":{"name":"Surface marking 050","layer":"Surface markings","category":"Surface markings","object_type":"Area","style_id":"marking.surface","airport":"LFBO","geometry_role":"filled_region","vsmr_group_ids":[[]]},"geometry":{"type":"Polygon","coordinates":[[[1.366611389,43.624403333],[1.366625833,43.624413056],[1.366459722,43.624575],[1.366439722,43.624566111],[1.366611389,43.624403333]]]}},{"type":"Feature","id":"marking.surface.051","properties":{"name":"Surface marking 051","layer":"Surface markings","category":"Surface markings","object_type":"Area","style_id":"marking.surface","airport":"LFBO","geometry_role":"filled_region","vsmr_group_ids":[[]]},"geometry":{"type":"Polygon","coordinates":[[[1.366412778,43.624296111],[1.366430833,43.624305],[1.366262778,43.624466944],[1.366243611,43.624456944],[1.366412778,43.624296111]]]}},{"type":"Feature","id":"marking.surface.052","properties":{"name":"Surface marking 052","layer":"Surface markings","category":"Surface markings","object_type":"Area","style_id":"marking.surface","airport":"LFBO","geometry_role":"filled_region","vsmr_group_ids":[[]]},"geometry":{"type":"Polygon","coordinates":[[[1.367762222,43.623344444],[1.367779167,43.623353333],[1.367611944,43.623515556],[1.3675925,43.623506111],[1.367762222,43.623344444]]]}},{"type":"Feature","id":"marking.surface.053","properties":{"name":"Surface marking 053","layer":"Surface markings","category":"Surface markings","object_type":"Area","style_id":"marking.surface","airport":"LFBO","geometry_role":"filled_region","vsmr_group_ids":[[]]},"geometry":{"type":"Polygon","coordinates":[[[1.367730556,43.623326111],[1.3677475,43.623336667],[1.367579722,43.623498611],[1.367561667,43.623487778],[1.367730556,43.623326111]]]}},{"type":"Feature","id":"marking.surface.054","properties":{"name":"Surface marking 054","layer":"Surface markings","category":"Surface markings","object_type":"Area","style_id":"marking.surface","airport":"LFBO","geometry_role":"filled_region","vsmr_group_ids":[[]]},"geometry":{"type":"Polygon","coordinates":[[[1.367533611,43.623216944],[1.367552778,43.623228333],[1.367382778,43.62339],[1.367366111,43.623380833],[1.367533611,43.623216944]]]}},{"type":"Feature","id":"marking.surface.055","properties":{"name":"Surface marking 055","layer":"Surface markings","category":"Surface markings","object_type":"Area","style_id":"marking.surface","airport":"LFBO","geometry_role":"filled_region","vsmr_group_ids":[[]]},"geometry":{"type":"Polygon","coordinates":[[[1.367501944,43.623200278],[1.36752,43.623210278],[1.3673525,43.623371944],[1.367332222,43.623363056],[1.367501944,43.623200278]]]}},{"type":"Feature","id":"marking.surface.056","properties":{"name":"Surface marking 056","layer":"Surface markings","category":"Surface markings","object_type":"Area","style_id":"marking.surface","airport":"LFBO","geometry_role":"filled_region","vsmr_group_ids":[[]]},"geometry":{"type":"Polygon","coordinates":[[[1.368779722,43.622316389],[1.3688375,43.622350833],[1.3685025,43.622675278],[1.368443333,43.622641389],[1.368779722,43.622316389]]]}},{"type":"Feature","id":"marking.surface.057","properties":{"name":"Surface marking 057","layer":"Surface markings","category":"Surface markings","object_type":"Area","style_id":"marking.surface","airport":"LFBO","geometry_role":"filled_region","vsmr_group_ids":[[]]},"geometry":{"type":"Polygon","coordinates":[[[1.368541389,43.622186111],[1.368603056,43.62222],[1.368266667,43.622543611],[1.368204167,43.622510556],[1.368541389,43.622186111]]]}},{"type":"Feature","id":"marking.surface.058","properties":{"name":"Surface marking 058","layer":"Surface markings","category":"Surface markings","object_type":"Area","style_id":"marking.surface","airport":"LFBO","geometry_role":"filled_region","vsmr_group_ids":[[]]},"geometry":{"type":"Polygon","coordinates":[[[1.370036944,43.621207222],[1.370055833,43.621217222],[1.369885833,43.621380833],[1.369866111,43.621371389],[1.370036944,43.621207222]]]}},{"type":"Feature","id":"marking.surface.059","properties":{"name":"Surface marking 059","layer":"Surface markings","category":"Surface markings","object_type":"Area","style_id":"marking.surface","airport":"LFBO","geometry_role":"filled_region","vsmr_group_ids":[[]]},"geometry":{"type":"Polygon","coordinates":[[[1.370005,43.621190278],[1.3700225,43.621197778],[1.369854722,43.621363056],[1.369834722,43.621351944],[1.370005,43.621190278]]]}},{"type":"Feature","id":"marking.surface.060","properties":{"name":"Surface marking 060","layer":"Surface markings","category":"Surface markings","object_type":"Area","style_id":"marking.surface","airport":"LFBO","geometry_role":"filled_region","vsmr_group_ids":[[]]},"geometry":{"type":"Polygon","coordinates":[[[1.3699725,43.621171944],[1.369989444,43.621182778],[1.369822222,43.621345278],[1.369801944,43.621334444],[1.3699725,43.621171944]]]}},{"type":"Feature","id":"marking.surface.061","properties":{"name":"Surface marking 061","layer":"Surface markings","category":"Surface markings","object_type":"Area","style_id":"marking.surface","airport":"LFBO","geometry_role":"filled_region","vsmr_group_ids":[[]]},"geometry":{"type":"Polygon","coordinates":[[[1.369776389,43.621063333],[1.369793889,43.621074444],[1.369626111,43.621237222],[1.369605556,43.621228056],[1.369776389,43.621063333]]]}},{"type":"Feature","id":"marking.surface.062","properties":{"name":"Surface marking 062","layer":"Surface markings","category":"Surface markings","object_type":"Area","style_id":"marking.surface","airport":"LFBO","geometry_role":"filled_region","vsmr_group_ids":[[]]},"geometry":{"type":"Polygon","coordinates":[[[1.3697425,43.621046111],[1.369761389,43.621056111],[1.3695925,43.621218611],[1.3695725,43.621209167],[1.3697425,43.621046111]]]}},{"type":"Feature","id":"marking.surface.063","properties":{"name":"Surface marking 063","layer":"Surface markings","category":"Surface markings","object_type":"Area","style_id":"marking.surface","airport":"LFBO","geometry_role":"filled_region","vsmr_group_ids":[[]]},"geometry":{"type":"Polygon","coordinates":[[[1.369708611,43.621027222],[1.369729722,43.621038889],[1.369560556,43.621200556],[1.369540278,43.621190556],[1.369708611,43.621027222]]]}},{"type":"Feature","id":"marking.surface.064","properties":{"name":"Surface marking 064","layer":"Surface markings","category":"Surface markings","object_type":"Area","style_id":"marking.surface","airport":"LFBO","geometry_role":"filled_region","vsmr_group_ids":[[]]},"geometry":{"type":"Polygon","coordinates":[[[1.371156111,43.620129722],[1.371174722,43.620141389],[1.371006389,43.620304167],[1.370988056,43.620293056],[1.371156111,43.620129722]]]}},{"type":"Feature","id":"marking.surface.065","properties":{"name":"Surface marking 065","layer":"Surface markings","category":"Surface markings","object_type":"Area","style_id":"marking.surface","airport":"LFBO","geometry_role":"filled_region","vsmr_group_ids":[[]]},"geometry":{"type":"Polygon","coordinates":[[[1.371124444,43.620111944],[1.371141389,43.620122222],[1.370974167,43.620285278],[1.3709575,43.620275278],[1.371124444,43.620111944]]]}},{"type":"Feature","id":"marking.surface.066","properties":{"name":"Surface marking 066","layer":"Surface markings","category":"Surface markings","object_type":"Area","style_id":"marking.surface","airport":"LFBO","geometry_role":"filled_region","vsmr_group_ids":[[]]},"geometry":{"type":"Polygon","coordinates":[[[1.371092778,43.620095278],[1.371110278,43.620105],[1.370942778,43.620266944],[1.370924167,43.620256944],[1.371092778,43.620095278]]]}},{"type":"Feature","id":"marking.surface.067","properties":{"name":"Surface marking 067","layer":"Surface markings","category":"Surface markings","object_type":"Area","style_id":"marking.surface","airport":"LFBO","geometry_role":"filled_region","vsmr_group_ids":[[]]},"geometry":{"type":"Polygon","coordinates":[[[1.370897222,43.619987778],[1.370915278,43.619996667],[1.370746667,43.62016],[1.370726111,43.620150556],[1.370897222,43.619987778]]]}},{"type":"Feature","id":"marking.surface.068","properties":{"name":"Surface marking 068","layer":"Surface markings","category":"Surface markings","object_type":"Area","style_id":"marking.surface","airport":"LFBO","geometry_role":"filled_region","vsmr_group_ids":[[]]},"geometry":{"type":"Polygon","coordinates":[[[1.370863333,43.619969167],[1.370882222,43.619979722],[1.370713333,43.620141944],[1.370695833,43.620131667],[1.370863333,43.619969167]]]}},{"type":"Feature","id":"marking.surface.069","properties":{"name":"Surface marking 069","layer":"Surface markings","category":"Surface markings","object_type":"Area","style_id":"marking.surface","airport":"LFBO","geometry_role":"filled_region","vsmr_group_ids":[[]]},"geometry":{"type":"Polygon","coordinates":[[[1.370830278,43.619951667],[1.370848889,43.619961667],[1.370681667,43.620123611],[1.370661389,43.620113611],[1.370830278,43.619951667]]]}},{"type":"Feature","id":"marking.surface.070","properties":{"name":"Surface marking 070","layer":"Surface markings","category":"Surface markings","object_type":"Area","style_id":"marking.surface","airport":"LFBO","geometry_role":"filled_region","vsmr_group_ids":[[]]},"geometry":{"type":"Polygon","coordinates":[[[1.37186,43.618892778],[1.371884167,43.618905833],[1.371659722,43.619121389],[1.371636389,43.619108611],[1.37186,43.618892778]]]}},{"type":"Feature","id":"marking.surface.071","properties":{"name":"Surface marking 071","layer":"Surface markings","category":"Surface markings","object_type":"Area","style_id":"marking.surface","airport":"LFBO","geometry_role":"filled_region","vsmr_group_ids":[[]]},"geometry":{"type":"Polygon","coordinates":[[[1.371901944,43.618915833],[1.371918611,43.618923611],[1.371696389,43.619141111],[1.371676944,43.619130556],[1.371901944,43.618915833]]]}},{"type":"Feature","id":"marking.surface.072","properties":{"name":"Surface marking 072","layer":"Surface markings","category":"Surface markings","object_type":"Area","style_id":"marking.surface","airport":"LFBO","geometry_role":"filled_region","vsmr_group_ids":[[]]},"geometry":{"type":"Polygon","coordinates":[[[1.3719375,43.618934722],[1.371954722,43.618944444],[1.371730556,43.619161389],[1.371713333,43.619150278],[1.3719375,43.618934722]]]}},{"type":"Feature","id":"marking.surface.073","properties":{"name":"Surface marking 073","layer":"Surface markings","category":"Surface markings","object_type":"Area","style_id":"marking.surface","airport":"LFBO","geometry_role":"filled_region","vsmr_group_ids":[[]]},"geometry":{"type":"Polygon","coordinates":[[[1.371973611,43.618954444],[1.371990833,43.618964167],[1.3717675,43.619180278],[1.371748611,43.619169444],[1.371973611,43.618954444]]]}},{"type":"Feature","id":"marking.surface.074","properties":{"name":"Surface marking 074","layer":"Surface markings","category":"Surface markings","object_type":"Area","style_id":"marking.surface","airport":"LFBO","geometry_role":"filled_region","vsmr_group_ids":[[]]},"geometry":{"type":"Polygon","coordinates":[[[1.372008889,43.618973611],[1.372026944,43.618983611],[1.371801667,43.6192],[1.371783611,43.619189444],[1.372008889,43.618973611]]]}},{"type":"Feature","id":"marking.surface.075","properties":{"name":"Surface marking 075","layer":"Surface markings","category":"Surface markings","object_type":"Area","style_id":"marking.surface","airport":"LFBO","geometry_role":"filled_region","vsmr_group_ids":[[]]},"geometry":{"type":"Polygon","coordinates":[[[1.372041667,43.618992778],[1.372060833,43.619003333],[1.371838056,43.619218611],[1.371821389,43.619206944],[1.372041667,43.618992778]]]}},{"type":"Feature","id":"marking.surface.076","properties":{"name":"Surface marking 076","layer":"Surface markings","category":"Surface markings","object_type":"Area","style_id":"marking.surface","airport":"LFBO","geometry_role":"filled_region","vsmr_group_ids":[[]]},"geometry":{"type":"Polygon","coordinates":[[[1.372097222,43.619021944],[1.372113611,43.619031667],[1.371890278,43.6192475],[1.371872222,43.619237778],[1.372097222,43.619021944]]]}},{"type":"Feature","id":"marking.surface.077","properties":{"name":"Surface marking 077","layer":"Surface markings","category":"Surface markings","object_type":"Area","style_id":"marking.surface","airport":"LFBO","geometry_role":"filled_region","vsmr_group_ids":[[]]},"geometry":{"type":"Polygon","coordinates":[[[1.372132222,43.619041944],[1.372150833,43.619051944],[1.371927778,43.619268333],[1.371908611,43.6192575],[1.372132222,43.619041944]]]}},{"type":"Feature","id":"marking.surface.078","properties":{"name":"Surface marking 078","layer":"Surface markings","category":"Surface markings","object_type":"Area","style_id":"marking.surface","airport":"LFBO","geometry_role":"filled_region","vsmr_group_ids":[[]]},"geometry":{"type":"Polygon","coordinates":[[[1.3721675,43.619061944],[1.372185278,43.619071111],[1.371961944,43.619286944],[1.371943611,43.619277778],[1.3721675,43.619061944]]]}},{"type":"Feature","id":"marking.surface.079","properties":{"name":"Surface marking 079","layer":"Surface markings","category":"Surface markings","object_type":"Area","style_id":"marking.surface","airport":"LFBO","geometry_role":"filled_region","vsmr_group_ids":[[]]},"geometry":{"type":"Polygon","coordinates":[[[1.372201667,43.619081389],[1.3722225,43.619091111],[1.371999167,43.619306667],[1.371980278,43.619297222],[1.372201667,43.619081389]]]}},{"type":"Feature","id":"marking.surface.080","properties":{"name":"Surface marking 080","layer":"Surface markings","category":"Surface markings","object_type":"Area","style_id":"marking.surface","airport":"LFBO","geometry_role":"filled_region","vsmr_group_ids":[[]]},"geometry":{"type":"Polygon","coordinates":[[[1.372239167,43.6191],[1.3722575,43.619110833],[1.372033889,43.619327222],[1.372013056,43.619315556],[1.372239167,43.6191]]]}},{"type":"Feature","id":"marking.surface.081","properties":{"name":"Surface marking 081","layer":"Surface markings","category":"Surface markings","object_type":"Area","style_id":"marking.surface","airport":"LFBO","geometry_role":"filled_region","vsmr_group_ids":[[]]},"geometry":{"type":"Polygon","coordinates":[[[1.372273889,43.619118056],[1.372297778,43.619131389],[1.372073056,43.6193475],[1.372049167,43.619336667],[1.372273889,43.619118056]]]}},{"type":"Feature","id":"marking.surface.082","properties":{"name":"Surface marking 082","layer":"Surface markings","category":"Surface markings","object_type":"Area","style_id":"marking.surface","airport":"LFBO","geometry_role":"filled_region","vsmr_group_ids":[[]]},"geometry":{"type":"Polygon","coordinates":[[[1.379873611,43.615978889],[1.379815833,43.616031667],[1.379820833,43.616068889],[1.379793889,43.616054444],[1.379759722,43.616086944],[1.379788056,43.616101667],[1.379821389,43.616069722],[1.379816111,43.616032222],[1.37983,43.616039444],[1.379899444,43.615994167],[1.379916667,43.616002778],[1.379847222,43.616048333],[1.3798625,43.616055278],[1.379781944,43.616132778],[1.379721944,43.616099167],[1.379855556,43.61597],[1.379873611,43.615978889]]]}},{"type":"Feature","id":"marking.surface.083","properties":{"name":"Surface marking 083","layer":"Surface markings","category":"Surface markings","object_type":"Area","style_id":"marking.surface","airport":"LFBO","geometry_role":"filled_region","vsmr_group_ids":[[]]},"geometry":{"type":"Polygon","coordinates":[[[1.379511111,43.616288611],[1.379522778,43.616278889],[1.379515833,43.616244167],[1.379564167,43.616238333],[1.379602222,43.616203056],[1.379558056,43.616178611],[1.379581667,43.616155556],[1.379642222,43.616189167],[1.379575556,43.616253056],[1.379536111,43.616256667],[1.379544722,43.616283056],[1.379506944,43.616318611],[1.379445278,43.616286389],[1.379468611,43.616265556],[1.379511111,43.616288611]]]}},{"type":"Feature","id":"marking.surface.084","properties":{"name":"Surface marking 084","layer":"Surface markings","category":"Surface markings","object_type":"Area","style_id":"marking.surface","airport":"LFBO","geometry_role":"filled_region","vsmr_group_ids":[[]]},"geometry":{"type":"Polygon","coordinates":[[[1.379601389,43.616317778],[1.3795875,43.616328889],[1.379613889,43.616343333],[1.379636667,43.616325556],[1.379641944,43.616253889],[1.379684444,43.616213056],[1.379744722,43.616246944],[1.379721389,43.616268611],[1.3796775,43.616244444],[1.379663611,43.616258056],[1.379656944,43.616331111],[1.379608611,43.616376111],[1.379549167,43.616343056],[1.379585,43.616308611],[1.379601389,43.616317778]]]}},{"type":"Feature","id":"marking.surface.085","properties":{"name":"Surface marking 085","layer":"Surface markings","category":"Surface markings","object_type":"Area","style_id":"marking.surface","airport":"LFBO","geometry_role":"filled_region","vsmr_group_ids":[[]]},"geometry":{"type":"Polygon","coordinates":[[[1.380038333,43.615521944],[1.357426111,43.637248889],[1.357411389,43.6372425],[1.380025,43.615515],[1.380038333,43.615521944]]]}},{"type":"Feature","id":"marking.surface.086","properties":{"name":"Surface marking 086","layer":"Surface markings","category":"Surface markings","object_type":"Area","style_id":"marking.surface","airport":"LFBO","geometry_role":"filled_region","vsmr_group_ids":[[]]},"geometry":{"type":"Polygon","coordinates":[[[1.380468889,43.615764444],[1.357861944,43.637489444],[1.357846944,43.637482222],[1.380457222,43.615758333],[1.380468889,43.615764444]]]}},{"type":"Feature","id":"marking.surface.087","properties":{"name":"Surface marking 087","layer":"Surface markings","category":"Surface markings","object_type":"Area","style_id":"marking.surface","airport":"LFBO","geometry_role":"filled_region","vsmr_group_ids":[[]]},"geometry":{"type":"Polygon","coordinates":[[[1.379918611,43.615423889],[1.380623056,43.61581],[1.380611667,43.615822222],[1.379904167,43.615434722],[1.379918611,43.615423889]]]}},{"type":"Feature","id":"marking.surface.088","properties":{"name":"Surface marking 088","layer":"Surface markings","category":"Surface markings","object_type":"Area","style_id":"marking.surface","airport":"LFBO","geometry_role":"filled_region","vsmr_group_ids":[[]]},"geometry":{"type":"Polygon","coordinates":[[[1.357958611,43.637586389],[1.357254444,43.6372],[1.357264444,43.637188889],[1.357968611,43.637575556],[1.357958611,43.637586389]]]}},{"type":"Feature","id":"marking.surface.089","properties":{"name":"Surface marking 089","layer":"Surface markings","category":"Surface markings","object_type":"Area","style_id":"marking.surface","airport":"LFBO","geometry_role":"filled_region","vsmr_group_ids":[[]]},"geometry":{"type":"Polygon","coordinates":[[[1.357717778,43.637008611],[1.357493889,43.637224444],[1.357476389,43.637215],[1.3577,43.636998889],[1.357717778,43.637008611]]]}},{"type":"Feature","id":"marking.surface.090","properties":{"name":"Surface marking 090","layer":"Surface markings","category":"Surface markings","object_type":"Area","style_id":"marking.surface","airport":"LFBO","geometry_role":"filled_region","vsmr_group_ids":[[]]},"geometry":{"type":"Polygon","coordinates":[[[1.357752222,43.637027222],[1.357527778,43.637242778],[1.357508889,43.6372325],[1.357731944,43.6370175],[1.357752222,43.637027222]]]}},{"type":"Feature","id":"marking.surface.091","properties":{"name":"Surface marking 091","layer":"Surface markings","category":"Surface markings","object_type":"Area","style_id":"marking.surface","airport":"LFBO","geometry_role":"filled_region","vsmr_group_ids":[[]]},"geometry":{"type":"Polygon","coordinates":[[[1.357785,43.637045556],[1.357561667,43.637260833],[1.357542778,43.637251111],[1.357768056,43.637034722],[1.357785,43.637045556]]]}},{"type":"Feature","id":"marking.surface.092","properties":{"name":"Surface marking 092","layer":"Surface markings","category":"Surface markings","object_type":"Area","style_id":"marking.surface","airport":"LFBO","geometry_role":"filled_region","vsmr_group_ids":[[]]},"geometry":{"type":"Polygon","coordinates":[[[1.357818611,43.637063889],[1.357595,43.63728],[1.357575833,43.637270278],[1.357801944,43.637053611],[1.357818611,43.637063889]]]}},{"type":"Feature","id":"marking.surface.093","properties":{"name":"Surface marking 093","layer":"Surface markings","category":"Surface markings","object_type":"Area","style_id":"marking.surface","airport":"LFBO","geometry_role":"filled_region","vsmr_group_ids":[[]]},"geometry":{"type":"Polygon","coordinates":[[[1.357851389,43.637080833],[1.357628333,43.637297778],[1.357609722,43.637288611],[1.357835,43.6370725],[1.357851389,43.637080833]]]}},{"type":"Feature","id":"marking.surface.094","properties":{"name":"Surface marking 094","layer":"Surface markings","category":"Surface markings","object_type":"Area","style_id":"marking.surface","airport":"LFBO","geometry_role":"filled_region","vsmr_group_ids":[[]]},"geometry":{"type":"Polygon","coordinates":[[[1.357886389,43.637100556],[1.357661389,43.637316944],[1.357643889,43.637307222],[1.3578675,43.637091944],[1.357886389,43.637100556]]]}},{"type":"Feature","id":"marking.surface.095","properties":{"name":"Surface marking 095","layer":"Surface markings","category":"Surface markings","object_type":"Area","style_id":"marking.surface","airport":"LFBO","geometry_role":"filled_region","vsmr_group_ids":[[]]},"geometry":{"type":"Polygon","coordinates":[[[1.357936944,43.637128333],[1.357711667,43.637343889],[1.357693056,43.637334722],[1.357919167,43.637118889],[1.357936944,43.637128333]]]}},{"type":"Feature","id":"marking.surface.096","properties":{"name":"Surface marking 096","layer":"Surface markings","category":"Surface markings","object_type":"Area","style_id":"marking.surface","airport":"LFBO","geometry_role":"filled_region","vsmr_group_ids":[[]]},"geometry":{"type":"Polygon","coordinates":[[[1.35797,43.637146389],[1.357745278,43.637363056],[1.357727778,43.637352778],[1.357953333,43.637137222],[1.35797,43.637146389]]]}},{"type":"Feature","id":"marking.surface.097","properties":{"name":"Surface marking 097","layer":"Surface markings","category":"Surface markings","object_type":"Area","style_id":"marking.surface","airport":"LFBO","geometry_role":"filled_region","vsmr_group_ids":[[]]},"geometry":{"type":"Polygon","coordinates":[[[1.358003889,43.637165833],[1.357779167,43.637381111],[1.357761389,43.637371667],[1.357987778,43.637156389],[1.358003889,43.637165833]]]}},{"type":"Feature","id":"marking.surface.098","properties":{"name":"Surface marking 098","layer":"Surface markings","category":"Surface markings","object_type":"Area","style_id":"marking.surface","airport":"LFBO","geometry_role":"filled_region","vsmr_group_ids":[[]]},"geometry":{"type":"Polygon","coordinates":[[[1.358036944,43.637184167],[1.357811944,43.637399722],[1.357795278,43.63739],[1.358018889,43.637173333],[1.358036944,43.637184167]]]}},{"type":"Feature","id":"marking.surface.099","properties":{"name":"Surface marking 099","layer":"Surface markings","category":"Surface markings","object_type":"Area","style_id":"marking.surface","airport":"LFBO","geometry_role":"filled_region","vsmr_group_ids":[[]]},"geometry":{"type":"Polygon","coordinates":[[[1.35807,43.637202222],[1.357846667,43.637417222],[1.357828889,43.637408056],[1.358053056,43.637193611],[1.35807,43.637202222]]]}},{"type":"Feature","id":"marking.surface.100","properties":{"name":"Surface marking 100","layer":"Surface markings","category":"Surface markings","object_type":"Area","style_id":"marking.surface","airport":"LFBO","geometry_role":"filled_region","vsmr_group_ids":[[]]},"geometry":{"type":"Polygon","coordinates":[[[1.358102778,43.637220556],[1.357880556,43.637436944],[1.357863333,43.637426389],[1.358086667,43.637211389],[1.358102778,43.637220556]]]}},{"type":"Feature","id":"marking.surface.101","properties":{"name":"Surface marking 101","layer":"Surface markings","category":"Surface markings","object_type":"Area","style_id":"marking.surface","airport":"LFBO","geometry_role":"filled_region","vsmr_group_ids":[[]]},"geometry":{"type":"Polygon","coordinates":[[[1.358026944,43.637007778],[1.358138611,43.636902222],[1.358156667,43.636911111],[1.358021667,43.637039722],[1.3579625,43.637007222],[1.357985,43.636986667],[1.358026944,43.637007778]]]}},{"type":"Feature","id":"marking.surface.102","properties":{"name":"Surface marking 102","layer":"Surface markings","category":"Surface markings","object_type":"Area","style_id":"marking.surface","airport":"LFBO","geometry_role":"filled_region","vsmr_group_ids":[[]]},"geometry":{"type":"Polygon","coordinates":[[[1.358174167,43.636743333],[1.358198056,43.636721111],[1.358211111,43.636728056],[1.358255,43.6366875],[1.358271389,43.636696111],[1.358229444,43.636736667],[1.358251389,43.636750278],[1.358308889,43.636657222],[1.358326944,43.6366675],[1.3582525,43.636785833],[1.358205556,43.636759722],[1.358176111,43.636788333],[1.358160278,43.636778056],[1.358188611,43.6367525],[1.358174167,43.636743333]]]}},{"type":"Feature","id":"marking.surface.103","properties":{"name":"Surface marking 103","layer":"Surface markings","category":"Surface markings","object_type":"Area","style_id":"marking.surface","airport":"LFBO","geometry_role":"filled_region","vsmr_group_ids":[[]]},"geometry":{"type":"Polygon","coordinates":[[[1.358414167,43.636713611],[1.358415833,43.636721667],[1.3583975,43.636740556],[1.358390556,43.636736111],[1.358279444,43.636843889],[1.358263889,43.636834722],[1.358397222,43.636705],[1.358414167,43.636713611]]]}},{"type":"Feature","id":"marking.surface.104","properties":{"name":"Surface marking 104","layer":"Surface markings","category":"Surface markings","object_type":"Area","style_id":"marking.surface","airport":"LFBO","geometry_role":"filled_region","vsmr_group_ids":[[]]},"geometry":{"type":"Polygon","coordinates":[[[1.358768889,43.636045],[1.358600278,43.636207778],[1.358580278,43.6361975],[1.358751111,43.636035833],[1.358768889,43.636045]]]}},{"type":"Feature","id":"marking.surface.105","properties":{"name":"Surface marking 105","layer":"Surface markings","category":"Surface markings","object_type":"Area","style_id":"marking.surface","airport":"LFBO","geometry_role":"filled_region","vsmr_group_ids":[[]]},"geometry":{"type":"Polygon","coordinates":[[[1.3588025,43.636063333],[1.358633056,43.636225],[1.3586125,43.636214722],[1.358782222,43.636054444],[1.3588025,43.636063333]]]}},{"type":"Feature","id":"marking.surface.106","properties":{"name":"Surface marking 106","layer":"Surface markings","category":"Surface markings","object_type":"Area","style_id":"marking.surface","airport":"LFBO","geometry_role":"filled_region","vsmr_group_ids":[[]]},"geometry":{"type":"Polygon","coordinates":[[[1.358833611,43.63608],[1.358664444,43.636243611],[1.358646667,43.636233333],[1.358814722,43.636071389],[1.358833611,43.63608]]]}},{"type":"Feature","id":"marking.surface.107","properties":{"name":"Surface marking 107","layer":"Surface markings","category":"Surface markings","object_type":"Area","style_id":"marking.surface","airport":"LFBO","geometry_role":"filled_region","vsmr_group_ids":[[]]},"geometry":{"type":"Polygon","coordinates":[[[1.359030278,43.636188611],[1.358860278,43.636349444],[1.358840833,43.636340278],[1.359010556,43.636178333],[1.359030278,43.636188611]]]}},{"type":"Feature","id":"marking.surface.108","properties":{"name":"Surface marking 108","layer":"Surface markings","category":"Surface markings","object_type":"Area","style_id":"marking.surface","airport":"LFBO","geometry_role":"filled_region","vsmr_group_ids":[[]]},"geometry":{"type":"Polygon","coordinates":[[[1.359062778,43.636207222],[1.358893889,43.63637],[1.358876944,43.636358889],[1.3590425,43.636196944],[1.359062778,43.636207222]]]}},{"type":"Feature","id":"marking.surface.109","properties":{"name":"Surface marking 109","layer":"Surface markings","category":"Surface markings","object_type":"Area","style_id":"marking.surface","airport":"LFBO","geometry_role":"filled_region","vsmr_group_ids":[[]]},"geometry":{"type":"Polygon","coordinates":[[[1.359095278,43.636223889],[1.358926389,43.636387222],[1.358907778,43.636377222],[1.359076944,43.636215],[1.359095278,43.636223889]]]}},{"type":"Feature","id":"marking.surface.110","properties":{"name":"Surface marking 110","layer":"Surface markings","category":"Surface markings","object_type":"Area","style_id":"marking.surface","airport":"LFBO","geometry_role":"filled_region","vsmr_group_ids":[[]]},"geometry":{"type":"Polygon","coordinates":[[[1.359889722,43.634968889],[1.359721111,43.635129722],[1.359701944,43.63512],[1.359871389,43.634958333],[1.359889722,43.634968889]]]}},{"type":"Feature","id":"marking.surface.111","properties":{"name":"Surface marking 111","layer":"Surface markings","category":"Surface markings","object_type":"Area","style_id":"marking.surface","airport":"LFBO","geometry_role":"filled_region","vsmr_group_ids":[[]]},"geometry":{"type":"Polygon","coordinates":[[[1.359921944,43.634986111],[1.359754167,43.635148333],[1.359735278,43.635138611],[1.359903333,43.634975278],[1.359921944,43.634986111]]]}},{"type":"Feature","id":"marking.surface.112","properties":{"name":"Surface marking 112","layer":"Surface markings","category":"Surface markings","object_type":"Area","style_id":"marking.surface","airport":"LFBO","geometry_role":"filled_region","vsmr_group_ids":[[]]},"geometry":{"type":"Polygon","coordinates":[[[1.359955833,43.635004722],[1.359786389,43.635166389],[1.359767222,43.635156389],[1.359935833,43.634994167],[1.359955833,43.635004722]]]}},{"type":"Feature","id":"marking.surface.113","properties":{"name":"Surface marking 113","layer":"Surface markings","category":"Surface markings","object_type":"Area","style_id":"marking.surface","airport":"LFBO","geometry_role":"filled_region","vsmr_group_ids":[[]]},"geometry":{"type":"Polygon","coordinates":[[[1.3601525,43.635112222],[1.359983333,43.635275556],[1.359963611,43.635264167],[1.360131111,43.635102222],[1.3601525,43.635112222]]]}},{"type":"Feature","id":"marking.surface.114","properties":{"name":"Surface marking 114","layer":"Surface markings","category":"Surface markings","object_type":"Area","style_id":"marking.surface","airport":"LFBO","geometry_role":"filled_region","vsmr_group_ids":[[]]},"geometry":{"type":"Polygon","coordinates":[[[1.360183611,43.635130833],[1.360016667,43.635291944],[1.359996667,43.635281389],[1.360163611,43.635120278],[1.360183611,43.635130833]]]}},{"type":"Feature","id":"marking.surface.115","properties":{"name":"Surface marking 115","layer":"Surface markings","category":"Surface markings","object_type":"Area","style_id":"marking.surface","airport":"LFBO","geometry_role":"filled_region","vsmr_group_ids":[[]]},"geometry":{"type":"Polygon","coordinates":[[[1.360217222,43.635149444],[1.3600475,43.635311111],[1.360029167,43.635300278],[1.360198056,43.635138611],[1.360217222,43.635149444]]]}},{"type":"Feature","id":"marking.surface.116","properties":{"name":"Surface marking 116","layer":"Surface markings","category":"Surface markings","object_type":"Area","style_id":"marking.surface","airport":"LFBO","geometry_role":"filled_region","vsmr_group_ids":[[]]},"geometry":{"type":"Polygon","coordinates":[[[1.361325278,43.633686667],[1.360989722,43.634009722],[1.360898611,43.633960278],[1.361237778,43.633638889],[1.361325278,43.633686667]]]}},{"type":"Feature","id":"marking.surface.117","properties":{"name":"Surface marking 117","layer":"Surface markings","category":"Surface markings","object_type":"Area","style_id":"marking.surface","airport":"LFBO","geometry_role":"filled_region","vsmr_group_ids":[[]]},"geometry":{"type":"Polygon","coordinates":[[[1.361594167,43.633834444],[1.361258611,43.634155],[1.361169722,43.634108056],[1.361502778,43.633784444],[1.361594167,43.633834444]]]}},{"type":"Feature","id":"marking.surface.118","properties":{"name":"Surface marking 118","layer":"Surface markings","category":"Surface markings","object_type":"Area","style_id":"marking.surface","airport":"LFBO","geometry_role":"filled_region","vsmr_group_ids":[[]]},"geometry":{"type":"Polygon","coordinates":[[[1.362165,43.632833611],[1.361997778,43.632994722],[1.361977778,43.632985],[1.362145833,43.632823056],[1.362165,43.632833611]]]}},{"type":"Feature","id":"marking.surface.119","properties":{"name":"Surface marking 119","layer":"Surface markings","category":"Surface markings","object_type":"Area","style_id":"marking.surface","airport":"LFBO","geometry_role":"filled_region","vsmr_group_ids":[[]]},"geometry":{"type":"Polygon","coordinates":[[[1.362196111,43.632851389],[1.362029167,43.633013889],[1.362010556,43.633003056],[1.362178333,43.632842222],[1.362196111,43.632851389]]]}},{"type":"Feature","id":"marking.surface.120","properties":{"name":"Surface marking 120","layer":"Surface markings","category":"Surface markings","object_type":"Area","style_id":"marking.surface","airport":"LFBO","geometry_role":"filled_region","vsmr_group_ids":[[]]},"geometry":{"type":"Polygon","coordinates":[[[1.362394722,43.63296],[1.362224444,43.633120556],[1.362206111,43.633110556],[1.362376111,43.632945833],[1.362394722,43.63296]]]}},{"type":"Feature","id":"marking.surface.121","properties":{"name":"Surface marking 121","layer":"Surface markings","category":"Surface markings","object_type":"Area","style_id":"marking.surface","airport":"LFBO","geometry_role":"filled_region","vsmr_group_ids":[[]]},"geometry":{"type":"Polygon","coordinates":[[[1.362427222,43.632975556],[1.362256667,43.633138889],[1.362237222,43.633129722],[1.362406944,43.632964722],[1.362427222,43.632975556]]]}},{"type":"Feature","id":"marking.surface.122","properties":{"name":"Surface marking 122","layer":"Surface markings","category":"Surface markings","object_type":"Area","style_id":"marking.surface","airport":"LFBO","geometry_role":"filled_region","vsmr_group_ids":[[]]},"geometry":{"type":"Polygon","coordinates":[[[1.363319444,43.631772778],[1.363149444,43.631936667],[1.363128889,43.631925556],[1.363300833,43.631762778],[1.363319444,43.631772778]]]}},{"type":"Feature","id":"marking.surface.123","properties":{"name":"Surface marking 123","layer":"Surface markings","category":"Surface markings","object_type":"Area","style_id":"marking.surface","airport":"LFBO","geometry_role":"filled_region","vsmr_group_ids":[[]]},"geometry":{"type":"Polygon","coordinates":[[[1.363515833,43.631880833],[1.363346944,43.632043333],[1.363325556,43.632033611],[1.363494167,43.631869167],[1.363515833,43.631880833]]]}},{"type":"Feature","id":"marking.surface.124","properties":{"name":"Surface marking 124","layer":"Surface markings","category":"Surface markings","object_type":"Area","style_id":"marking.surface","airport":"LFBO","geometry_role":"filled_region","vsmr_group_ids":[[]]},"geometry":{"type":"Polygon","coordinates":[[[1.364438056,43.630696667],[1.364271111,43.630859167],[1.364249722,43.630849167],[1.364421667,43.630686389],[1.364438056,43.630696667]]]}},{"type":"Feature","id":"marking.surface.125","properties":{"name":"Surface marking 125","layer":"Surface markings","category":"Surface markings","object_type":"Area","style_id":"marking.surface","airport":"LFBO","geometry_role":"filled_region","vsmr_group_ids":[[]]},"geometry":{"type":"Polygon","coordinates":[[[1.364636389,43.630805833],[1.364468056,43.630967222],[1.364446389,43.630956667],[1.364617222,43.630794722],[1.364636389,43.630805833]]]}},{"type":"Feature","id":"marking.surface.126","properties":{"name":"Surface marking 126","layer":"Surface markings","category":"Surface markings","object_type":"Area","style_id":"marking.surface","airport":"LFBO","geometry_role":"filled_region","vsmr_group_ids":[[]]},"geometry":{"type":"Polygon","coordinates":[[[1.373433056,43.622055278],[1.373265833,43.622218056],[1.373245556,43.622207778],[1.3734125,43.622046111],[1.373433056,43.622055278]]]}},{"type":"Feature","id":"marking.surface.127","properties":{"name":"Surface marking 127","layer":"Surface markings","category":"Surface markings","object_type":"Area","style_id":"marking.surface","airport":"LFBO","geometry_role":"filled_region","vsmr_group_ids":[[]]},"geometry":{"type":"Polygon","coordinates":[[[1.373630278,43.622163889],[1.37346,43.622326944],[1.373439722,43.622315833],[1.373608889,43.622152222],[1.373630278,43.622163889]]]}},{"type":"Feature","id":"marking.surface.128","properties":{"name":"Surface marking 128","layer":"Surface markings","category":"Surface markings","object_type":"Area","style_id":"marking.surface","airport":"LFBO","geometry_role":"filled_region","vsmr_group_ids":[[]]},"geometry":{"type":"Polygon","coordinates":[[[1.374556944,43.620979167],[1.374386944,43.621141111],[1.374365556,43.621130278],[1.374536111,43.620968611],[1.374556944,43.620979167]]]}},{"type":"Feature","id":"marking.surface.129","properties":{"name":"Surface marking 129","layer":"Surface markings","category":"Surface markings","object_type":"Area","style_id":"marking.surface","airport":"LFBO","geometry_role":"filled_region","vsmr_group_ids":[[]]},"geometry":{"type":"Polygon","coordinates":[[[1.374752778,43.621086389],[1.374580833,43.621249167],[1.374561667,43.621238056],[1.374732222,43.621076389],[1.374752778,43.621086389]]]}},{"type":"Feature","id":"marking.surface.130","properties":{"name":"Surface marking 130","layer":"Surface markings","category":"Surface markings","object_type":"Area","style_id":"marking.surface","airport":"LFBO","geometry_role":"filled_region","vsmr_group_ids":[[]]},"geometry":{"type":"Polygon","coordinates":[[[1.375643333,43.619885],[1.3754725,43.620045833],[1.375453611,43.620035556],[1.375620833,43.619873333],[1.375643333,43.619885]]]}},{"type":"Feature","id":"marking.surface.131","properties":{"name":"Surface marking 131","layer":"Surface markings","category":"Surface markings","object_type":"Area","style_id":"marking.surface","airport":"LFBO","geometry_role":"filled_region","vsmr_group_ids":[[]]},"geometry":{"type":"Polygon","coordinates":[[[1.375675278,43.619901389],[1.375506667,43.620062778],[1.375486389,43.620053611],[1.375655278,43.619891667],[1.375675278,43.619901389]]]}},{"type":"Feature","id":"marking.surface.132","properties":{"name":"Surface marking 132","layer":"Surface markings","category":"Surface markings","object_type":"Area","style_id":"marking.surface","airport":"LFBO","geometry_role":"filled_region","vsmr_group_ids":[[]]},"geometry":{"type":"Polygon","coordinates":[[[1.375869722,43.620008889],[1.375701667,43.6201725],[1.375683056,43.620161667],[1.375850556,43.619998611],[1.375869722,43.620008889]]]}},{"type":"Feature","id":"marking.surface.133","properties":{"name":"Surface marking 133","layer":"Surface markings","category":"Surface markings","object_type":"Area","style_id":"marking.surface","airport":"LFBO","geometry_role":"filled_region","vsmr_group_ids":[[]]},"geometry":{"type":"Polygon","coordinates":[[[1.375903889,43.6200275],[1.375732778,43.620189722],[1.375714722,43.620179167],[1.375883889,43.620018056],[1.375903889,43.6200275]]]}},{"type":"Feature","id":"marking.surface.134","properties":{"name":"Surface marking 134","layer":"Surface markings","category":"Surface markings","object_type":"Area","style_id":"marking.surface","airport":"LFBO","geometry_role":"filled_region","vsmr_group_ids":[[]]},"geometry":{"type":"Polygon","coordinates":[[[1.376719722,43.618896389],[1.376384167,43.619220278],[1.376293056,43.619171111],[1.376630556,43.618847778],[1.376719722,43.618896389]]]}},{"type":"Feature","id":"marking.surface.135","properties":{"name":"Surface marking 135","layer":"Surface markings","category":"Surface markings","object_type":"Area","style_id":"marking.surface","airport":"LFBO","geometry_role":"filled_region","vsmr_group_ids":[[]]},"geometry":{"type":"Polygon","coordinates":[[[1.376989167,43.6190425],[1.376651667,43.619366944],[1.376560556,43.619317222],[1.376896944,43.618993889],[1.376989167,43.6190425]]]}},{"type":"Feature","id":"marking.surface.136","properties":{"name":"Surface marking 136","layer":"Surface markings","category":"Surface markings","object_type":"Area","style_id":"marking.surface","airport":"LFBO","geometry_role":"filled_region","vsmr_group_ids":[[]]},"geometry":{"type":"Polygon","coordinates":[[[1.378971111,43.616635278],[1.378803889,43.616796944],[1.378780833,43.616785556],[1.378951667,43.616624722],[1.378971111,43.616635278]]]}},{"type":"Feature","id":"marking.surface.137","properties":{"name":"Surface marking 137","layer":"Surface markings","category":"Surface markings","object_type":"Area","style_id":"marking.surface","airport":"LFBO","geometry_role":"filled_region","vsmr_group_ids":[[]]},"geometry":{"type":"Polygon","coordinates":[[[1.379005,43.616653056],[1.378835278,43.616815],[1.378813611,43.616803611],[1.378985,43.6166425],[1.379005,43.616653056]]]}},{"type":"Feature","id":"marking.surface.138","properties":{"name":"Surface marking 138","layer":"Surface markings","category":"Surface markings","object_type":"Area","style_id":"marking.surface","airport":"LFBO","geometry_role":"filled_region","vsmr_group_ids":[[]]},"geometry":{"type":"Polygon","coordinates":[[[1.379038333,43.616670833],[1.378868056,43.616833889],[1.378848333,43.616821944],[1.379017222,43.616659722],[1.379038333,43.616670833]]]}},{"type":"Feature","id":"marking.surface.139","properties":{"name":"Surface marking 139","layer":"Surface markings","category":"Surface markings","object_type":"Area","style_id":"marking.surface","airport":"LFBO","geometry_role":"filled_region","vsmr_group_ids":[[]]},"geometry":{"type":"Polygon","coordinates":[[[1.379234722,43.616777778],[1.379064444,43.61694],[1.379043333,43.616929444],[1.379213056,43.616766389],[1.379234722,43.616777778]]]}},{"type":"Feature","id":"marking.surface.140","properties":{"name":"Surface marking 140","layer":"Surface markings","category":"Surface markings","object_type":"Area","style_id":"marking.surface","airport":"LFBO","geometry_role":"filled_region","vsmr_group_ids":[[]]},"geometry":{"type":"Polygon","coordinates":[[[1.379266944,43.616796111],[1.379096389,43.616957778],[1.379077222,43.616948333],[1.379245,43.616786389],[1.379266944,43.616796111]]]}},{"type":"Feature","id":"marking.surface.141","properties":{"name":"Surface marking 141","layer":"Surface markings","category":"Surface markings","object_type":"Area","style_id":"marking.surface","airport":"LFBO","geometry_role":"filled_region","vsmr_group_ids":[[]]},"geometry":{"type":"Polygon","coordinates":[[[1.379298889,43.616813889],[1.37913,43.616977222],[1.379108889,43.616965278],[1.379278611,43.616803333],[1.379298889,43.616813889]]]}},{"type":"Feature","id":"marking.surface.142","properties":{"name":"Surface marking 142","layer":"Surface markings","category":"Surface markings","object_type":"Area","style_id":"marking.surface","airport":"LFBO","geometry_role":"filled_region","vsmr_group_ids":[[]]},"geometry":{"type":"Polygon","coordinates":[[[1.380018056,43.615584444],[1.379793056,43.615799444],[1.3797725,43.615788889],[1.379998611,43.615573889],[1.380018056,43.615584444]]]}},{"type":"Feature","id":"marking.surface.143","properties":{"name":"Surface marking 143","layer":"Surface markings","category":"Surface markings","object_type":"Area","style_id":"marking.surface","airport":"LFBO","geometry_role":"filled_region","vsmr_group_ids":[[]]},"geometry":{"type":"Polygon","coordinates":[[[1.380050278,43.6156025],[1.379825833,43.615816667],[1.3798075,43.615807778],[1.380031944,43.615593333],[1.380050278,43.6156025]]]}},{"type":"Feature","id":"marking.surface.144","properties":{"name":"Surface marking 144","layer":"Surface markings","category":"Surface markings","object_type":"Area","style_id":"marking.surface","airport":"LFBO","geometry_role":"filled_region","vsmr_group_ids":[[]]},"geometry":{"type":"Polygon","coordinates":[[[1.3800825,43.615620556],[1.379858611,43.615836111],[1.379840833,43.615826944],[1.380064722,43.615610556],[1.3800825,43.615620556]]]}},{"type":"Feature","id":"marking.surface.145","properties":{"name":"Surface marking 145","layer":"Surface markings","category":"Surface markings","object_type":"Area","style_id":"marking.surface","airport":"LFBO","geometry_role":"filled_region","vsmr_group_ids":[[]]},"geometry":{"type":"Polygon","coordinates":[[[1.380115556,43.615639444],[1.379891944,43.615854722],[1.379875,43.615844167],[1.380099167,43.61563],[1.380115556,43.615639444]]]}},{"type":"Feature","id":"marking.surface.146","properties":{"name":"Surface marking 146","layer":"Surface markings","category":"Surface markings","object_type":"Area","style_id":"marking.surface","airport":"LFBO","geometry_role":"filled_region","vsmr_group_ids":[[]]},"geometry":{"type":"Polygon","coordinates":[[[1.380148611,43.615658611],[1.379925833,43.615873056],[1.379907778,43.615863056],[1.380131667,43.615648333],[1.380148611,43.615658611]]]}},{"type":"Feature","id":"marking.surface.147","properties":{"name":"Surface marking 147","layer":"Surface markings","category":"Surface markings","object_type":"Area","style_id":"marking.surface","airport":"LFBO","geometry_role":"filled_region","vsmr_group_ids":[[]]},"geometry":{"type":"Polygon","coordinates":[[[1.380185278,43.615676111],[1.379959722,43.615891389],[1.379942222,43.615880833],[1.380165278,43.615665833],[1.380185278,43.615676111]]]}},{"type":"Feature","id":"marking.surface.148","properties":{"name":"Surface marking 148","layer":"Surface markings","category":"Surface markings","object_type":"Area","style_id":"marking.surface","airport":"LFBO","geometry_role":"filled_region","vsmr_group_ids":[[]]},"geometry":{"type":"Polygon","coordinates":[[[1.380234167,43.615703611],[1.380008889,43.615918056],[1.379991667,43.615908889],[1.380215,43.615693611],[1.380234167,43.615703611]]]}},{"type":"Feature","id":"marking.surface.149","properties":{"name":"Surface marking 149","layer":"Surface markings","category":"Surface markings","object_type":"Area","style_id":"marking.surface","airport":"LFBO","geometry_role":"filled_region","vsmr_group_ids":[[]]},"geometry":{"type":"Polygon","coordinates":[[[1.380268056,43.6157225],[1.3800425,43.615938056],[1.380025,43.615928333],[1.380250556,43.615713611],[1.380268056,43.6157225]]]}},{"type":"Feature","id":"marking.surface.150","properties":{"name":"Surface marking 150","layer":"Surface markings","category":"Surface markings","object_type":"Area","style_id":"marking.surface","airport":"LFBO","geometry_role":"filled_region","vsmr_group_ids":[[]]},"geometry":{"type":"Polygon","coordinates":[[[1.380300278,43.615741111],[1.380076667,43.615956667],[1.38006,43.615946944],[1.380281944,43.6157325],[1.380300278,43.615741111]]]}},{"type":"Feature","id":"marking.surface.151","properties":{"name":"Surface marking 151","layer":"Surface markings","category":"Surface markings","object_type":"Area","style_id":"marking.surface","airport":"LFBO","geometry_role":"filled_region","vsmr_group_ids":[[]]},"geometry":{"type":"Polygon","coordinates":[[[1.380336944,43.615759167],[1.380111389,43.615974444],[1.380091944,43.615964444],[1.380315,43.615749167],[1.380336944,43.615759167]]]}},{"type":"Feature","id":"marking.surface.152","properties":{"name":"Surface marking 152","layer":"Surface markings","category":"Surface markings","object_type":"Area","style_id":"marking.surface","airport":"LFBO","geometry_role":"filled_region","vsmr_group_ids":[[]]},"geometry":{"type":"Polygon","coordinates":[[[1.380367778,43.615778056],[1.380144167,43.615992778],[1.380128611,43.615983056],[1.380348611,43.615768611],[1.380367778,43.615778056]]]}},{"type":"Feature","id":"marking.surface.153","properties":{"name":"Surface marking 153","layer":"Surface markings","category":"Surface markings","object_type":"Area","style_id":"marking.surface","airport":"LFBO","geometry_role":"filled_region","vsmr_group_ids":[[]]},"geometry":{"type":"Polygon","coordinates":[[[1.380401667,43.615795833],[1.380178333,43.616011944],[1.380160278,43.616001667],[1.380383056,43.615785833],[1.380401667,43.615795833]]]}},{"type":"Feature","id":"surface.stand_area.001","properties":{"name":"Stand area 001","layer":"Airfield surfaces","category":"Stand areas","object_type":"Area","style_id":"surface.stand_area","airport":"LFBO","geometry_role":"filled_region","vsmr_group_ids":[[]]},"geometry":{"type":"Polygon","coordinates":[[[1.369904722,43.632871667],[1.3698375,43.632975833],[1.369815,43.632918333],[1.369749444,43.632891944],[1.369904722,43.632871667]]]}},{"type":"Feature","id":"surface.stand_area.002","properties":{"name":"Stand area 002","layer":"Airfield surfaces","category":"Stand areas","object_type":"Area","style_id":"surface.stand_area","airport":"LFBO","geometry_role":"filled_region","vsmr_group_ids":[[]]},"geometry":{"type":"Polygon","coordinates":[[[1.369373056,43.632526667],[1.369343333,43.632652222],[1.369308333,43.632605556],[1.369219722,43.63259],[1.369373056,43.632526667]]]}},{"type":"Feature","id":"surface.stand_area.003","properties":{"name":"Stand area 003","layer":"Airfield surfaces","category":"Stand areas","object_type":"Area","style_id":"surface.stand_area","airport":"LFBO","geometry_role":"filled_region","vsmr_group_ids":[[]]},"geometry":{"type":"Polygon","coordinates":[[[1.369453611,43.632254444],[1.369285833,43.63237],[1.369329444,43.632296389],[1.369229167,43.632243333],[1.369453611,43.632254444]]]}},{"type":"Feature","id":"surface.stand_area.004","properties":{"name":"Stand area 004","layer":"Airfield surfaces","category":"Stand areas","object_type":"Area","style_id":"surface.stand_area","airport":"LFBO","geometry_role":"filled_region","vsmr_group_ids":[[]]},"geometry":{"type":"Polygon","coordinates":[[[1.369657778,43.631869167],[1.369486389,43.631952778],[1.36952,43.631889167],[1.369464444,43.6318375],[1.369657778,43.631869167]]]}},{"type":"Feature","id":"surface.stand_area.005","properties":{"name":"Stand area 005","layer":"Airfield surfaces","category":"Stand areas","object_type":"Area","style_id":"surface.stand_area","airport":"LFBO","geometry_role":"filled_region","vsmr_group_ids":[[]]},"geometry":{"type":"Polygon","coordinates":[[[1.371016389,43.631253611],[1.371127778,43.631261389],[1.371201389,43.631200833],[1.371206111,43.631359722],[1.371016389,43.631253611]]]}},{"type":"Feature","id":"surface.stand_area.006","properties":{"name":"Stand area 006","layer":"Airfield surfaces","category":"Stand areas","object_type":"Area","style_id":"surface.stand_area","airport":"LFBO","geometry_role":"filled_region","vsmr_group_ids":[[]]},"geometry":{"type":"Polygon","coordinates":[[[1.370471944,43.631316111],[1.370566111,43.63134],[1.370635278,43.631276389],[1.370610833,43.631422778],[1.370471944,43.631316111]]]}},{"type":"Feature","id":"surface.stand_area.007","properties":{"name":"Stand area 007","layer":"Airfield surfaces","category":"Stand areas","object_type":"Area","style_id":"surface.stand_area","airport":"LFBO","geometry_role":"filled_region","vsmr_group_ids":[[]]},"geometry":{"type":"Polygon","coordinates":[[[1.370112778,43.631463889],[1.370206389,43.631416944],[1.370182778,43.631333889],[1.370344444,43.631452778],[1.370112778,43.631463889]]]}},{"type":"Feature","id":"surface.stand_area.008","properties":{"name":"Stand area 008","layer":"Airfield surfaces","category":"Stand areas","object_type":"Area","style_id":"surface.stand_area","airport":"LFBO","geometry_role":"filled_region","vsmr_group_ids":[[]]},"geometry":{"type":"Polygon","coordinates":[[[1.3697025,43.631707778],[1.369768889,43.631665833],[1.369752222,43.631606111],[1.369881111,43.631695278],[1.3697025,43.631707778]]]}},{"type":"Feature","id":"surface.stand_area.009","properties":{"name":"Stand area 009","layer":"Airfield surfaces","category":"Stand areas","object_type":"Area","style_id":"surface.stand_area","airport":"LFBO","geometry_role":"filled_region","vsmr_group_ids":[[]]},"geometry":{"type":"Polygon","coordinates":[[[1.377019722,43.627755556],[1.377134722,43.627721667],[1.377150833,43.627632222],[1.377235833,43.627778889],[1.377019722,43.627755556]]]}},{"type":"Feature","id":"surface.stand_area.010","properties":{"name":"Stand area 010","layer":"Airfield surfaces","category":"Stand areas","object_type":"Area","style_id":"surface.stand_area","airport":"LFBO","geometry_role":"filled_region","vsmr_group_ids":[[]]},"geometry":{"type":"Polygon","coordinates":[[[1.375258333,43.627595],[1.375373889,43.627556111],[1.375350833,43.627462778],[1.375495,43.627606667],[1.375258333,43.627595]]]}},{"type":"Feature","id":"surface.stand_area.011","properties":{"name":"Stand area 011","layer":"Airfield surfaces","category":"Stand areas","object_type":"Area","style_id":"surface.stand_area","airport":"LFBO","geometry_role":"filled_region","vsmr_group_ids":[[]]},"geometry":{"type":"Polygon","coordinates":[[[1.375974167,43.628781944],[1.376085833,43.628759167],[1.376087222,43.628682778],[1.376185278,43.628813611],[1.375974167,43.628781944]]]}},{"type":"Feature","id":"surface.stand_area.012","properties":{"name":"Stand area 012","layer":"Airfield surfaces","category":"Stand areas","object_type":"Area","style_id":"surface.stand_area","airport":"LFBO","geometry_role":"filled_region","vsmr_group_ids":[[]]},"geometry":{"type":"Polygon","coordinates":[[[1.374791111,43.628863611],[1.374922778,43.628887222],[1.374983056,43.628802222],[1.374987222,43.628976667],[1.374791111,43.628863611]]]}},{"type":"Feature","id":"surface.stand_area.013","properties":{"name":"Stand area 013","layer":"Airfield surfaces","category":"Stand areas","object_type":"Area","style_id":"surface.stand_area","airport":"LFBO","geometry_role":"filled_region","vsmr_group_ids":[[]]},"geometry":{"type":"Polygon","coordinates":[[[1.375278056,43.629136111],[1.375382222,43.6291675],[1.3754625,43.629107222],[1.375395,43.629255278],[1.375278056,43.629136111]]]}},{"type":"Feature","id":"surface.stand_area.014","properties":{"name":"Stand area 014","layer":"Airfield surfaces","category":"Stand areas","object_type":"Area","style_id":"surface.stand_area","airport":"LFBO","geometry_role":"filled_region","vsmr_group_ids":[[]]},"geometry":{"type":"Polygon","coordinates":[[[1.374120556,43.628781667],[1.374227778,43.628763056],[1.374240278,43.6286825],[1.374323333,43.6288325],[1.374120556,43.628781667]]]}},{"type":"Feature","id":"surface.stand_area.015","properties":{"name":"Stand area 015","layer":"Airfield surfaces","category":"Stand areas","object_type":"Area","style_id":"surface.stand_area","airport":"LFBO","geometry_role":"filled_region","vsmr_group_ids":[[]]},"geometry":{"type":"Polygon","coordinates":[[[1.373846944,43.629143611],[1.373956944,43.629130278],[1.373965,43.629046944],[1.374063889,43.629199167],[1.373846944,43.629143611]]]}},{"type":"Feature","id":"surface.stand_area.016","properties":{"name":"Stand area 016","layer":"Airfield surfaces","category":"Stand areas","object_type":"Area","style_id":"surface.stand_area","airport":"LFBO","geometry_role":"filled_region","vsmr_group_ids":[[]]},"geometry":{"type":"Polygon","coordinates":[[[1.373534444,43.629387778],[1.373609722,43.629317778],[1.373548333,43.629231389],[1.373753611,43.629331389],[1.373534444,43.629387778]]]}},{"type":"Feature","id":"surface.stand_area.017","properties":{"name":"Stand area 017","layer":"Airfield surfaces","category":"Stand areas","object_type":"Area","style_id":"surface.stand_area","airport":"LFBO","geometry_role":"filled_region","vsmr_group_ids":[[]]},"geometry":{"type":"Polygon","coordinates":[[[1.3731025,43.629848611],[1.373215,43.629841111],[1.373236389,43.629755556],[1.373309722,43.629909444],[1.3731025,43.629848611]]]}},{"type":"Feature","id":"surface.stand_area.018","properties":{"name":"Stand area 018","layer":"Airfield surfaces","category":"Stand areas","object_type":"Area","style_id":"surface.stand_area","airport":"LFBO","geometry_role":"filled_region","vsmr_group_ids":[[]]},"geometry":{"type":"Polygon","coordinates":[[[1.372628333,43.630029167],[1.372726389,43.630007222],[1.372731389,43.629926944],[1.372846389,43.630077778],[1.372628333,43.630029167]]]}},{"type":"Feature","id":"surface.stand_area.019","properties":{"name":"Stand area 019","layer":"Airfield surfaces","category":"Stand areas","object_type":"Area","style_id":"surface.stand_area","airport":"LFBO","geometry_role":"filled_region","vsmr_group_ids":[[]]},"geometry":{"type":"Polygon","coordinates":[[[1.372544444,43.630481389],[1.372633889,43.630461389],[1.372635278,43.630386944],[1.3727375,43.630515833],[1.372544444,43.630481389]]]}},{"type":"Feature","id":"surface.stand_area.020","properties":{"name":"Stand area 020","layer":"Airfield surfaces","category":"Stand areas","object_type":"Area","style_id":"surface.stand_area","airport":"LFBO","geometry_role":"filled_region","vsmr_group_ids":[[]]},"geometry":{"type":"Polygon","coordinates":[[[1.372164167,43.630662778],[1.372224444,43.630609167],[1.372180556,43.630536389],[1.372361111,43.630619722],[1.372164167,43.630662778]]]}},{"type":"Feature","id":"marking.taxiway_orange.001","properties":{"name":"Orange taxiway marking 001","layer":"Surface markings","category":"Orange taxiway markings","object_type":"Area","style_id":"marking.taxiway_orange","airport":"LFBO","geometry_role":"filled_region","vsmr_group_ids":[[]]},"geometry":{"type":"Polygon","coordinates":[[[1.370203611,43.633266944],[1.370150278,43.633241389],[1.370269167,43.6332425],[1.370193333,43.633315278],[1.370203611,43.633266944]]]}},{"type":"Feature","id":"marking.taxiway_orange.002","properties":{"name":"Orange taxiway marking 002","layer":"Surface markings","category":"Orange taxiway markings","object_type":"Area","style_id":"marking.taxiway_orange","airport":"LFBO","geometry_role":"filled_region","vsmr_group_ids":[[]]},"geometry":{"type":"Polygon","coordinates":[[[1.3715525,43.631417222],[1.371620556,43.631451389],[1.371688333,43.631410833],[1.37163,43.631511389],[1.3715525,43.631417222]]]}},{"type":"Feature","id":"marking.taxiway_orange.003","properties":{"name":"Orange taxiway marking 003","layer":"Surface markings","category":"Orange taxiway markings","object_type":"Area","style_id":"marking.taxiway_orange","airport":"LFBO","geometry_role":"filled_region","vsmr_group_ids":[[]]},"geometry":{"type":"Polygon","coordinates":[[[1.369974444,43.631650556],[1.369912222,43.631593611],[1.370080556,43.631639167],[1.369938889,43.631709722],[1.369974444,43.631650556]]]}},{"type":"Feature","id":"marking.taxiway_orange.004","properties":{"name":"Orange taxiway marking 004","layer":"Surface markings","category":"Orange taxiway markings","object_type":"Area","style_id":"marking.taxiway_orange","airport":"LFBO","geometry_role":"filled_region","vsmr_group_ids":[[]]},"geometry":{"type":"Polygon","coordinates":[[[1.370681389,43.631408333],[1.370748056,43.631369167],[1.370734722,43.631310278],[1.370847222,43.631402222],[1.370681389,43.631408333]]]}},{"type":"Feature","id":"marking.taxiway_orange.005","properties":{"name":"Orange taxiway marking 005","layer":"Surface markings","category":"Orange taxiway markings","object_type":"Area","style_id":"marking.taxiway_orange","airport":"LFBO","geometry_role":"filled_region","vsmr_group_ids":[[]]},"geometry":{"type":"Polygon","coordinates":[[[1.375660556,43.627306667],[1.375753889,43.627272778],[1.375745,43.627197222],[1.37587,43.627321111],[1.375660556,43.627306667]]]}},{"type":"Feature","id":"marking.taxiway_orange.006","properties":{"name":"Orange taxiway marking 006","layer":"Surface markings","category":"Orange taxiway markings","object_type":"Area","style_id":"marking.taxiway_orange","airport":"LFBO","geometry_role":"filled_region","vsmr_group_ids":[[]]},"geometry":{"type":"Polygon","coordinates":[[[1.3754525,43.627745556],[1.375473611,43.627654722],[1.375382778,43.627584722],[1.375617778,43.627626667],[1.3754525,43.627745556]]]}},{"type":"Feature","id":"marking.taxiway_orange.007","properties":{"name":"Orange taxiway marking 007","layer":"Surface markings","category":"Orange taxiway markings","object_type":"Area","style_id":"marking.taxiway_orange","airport":"LFBO","geometry_role":"filled_region","vsmr_group_ids":[[]]},"geometry":{"type":"Polygon","coordinates":[[[1.374898333,43.627913056],[1.374973056,43.627870556],[1.374966667,43.627792778],[1.375090833,43.627916111],[1.374898333,43.627913056]]]}},{"type":"Feature","id":"marking.taxiway_orange.008","properties":{"name":"Orange taxiway marking 008","layer":"Surface markings","category":"Orange taxiway markings","object_type":"Area","style_id":"marking.taxiway_orange","airport":"LFBO","geometry_role":"filled_region","vsmr_group_ids":[[]]},"geometry":{"type":"Polygon","coordinates":[[[1.377385833,43.6274025],[1.377478333,43.627368889],[1.377491667,43.627292778],[1.377596667,43.627435],[1.377385833,43.6274025]]]}},{"type":"Feature","id":"marking.taxiway_blue.001","properties":{"name":"Blue taxiway marking 001","layer":"Surface markings","category":"Blue taxiway markings","object_type":"Area","style_id":"marking.taxiway_blue","airport":"LFBO","geometry_role":"filled_region","vsmr_group_ids":[[]]},"geometry":{"type":"Polygon","coordinates":[[[1.376353056,43.628435278],[1.3764225,43.6284075],[1.3764325,43.628344444],[1.376510278,43.628454444],[1.376353056,43.628435278]]]}},{"type":"Feature","id":"marking.taxiway_blue.002","properties":{"name":"Blue taxiway marking 002","layer":"Surface markings","category":"Blue taxiway markings","object_type":"Area","style_id":"marking.taxiway_blue","airport":"LFBO","geometry_role":"filled_region","vsmr_group_ids":[[]]},"geometry":{"type":"Polygon","coordinates":[[[1.376706667,43.628095],[1.376781111,43.628061667],[1.376790833,43.627999444],[1.376881667,43.628120833],[1.376706667,43.628095]]]}},{"type":"Feature","id":"surface.stand_area.021","properties":{"name":"Stand area 021","layer":"Airfield surfaces","category":"Stand areas","object_type":"Area","style_id":"surface.stand_area","airport":"LFBO","geometry_role":"filled_region","vsmr_group_ids":[[]]},"geometry":{"type":"Polygon","coordinates":[[[1.375550278,43.624255833],[1.375495278,43.624205556],[1.375395833,43.624206389],[1.375526944,43.624135833],[1.375550278,43.624255833]]]}},{"type":"Feature","id":"surface.stand_area.022","properties":{"name":"Stand area 022","layer":"Airfield surfaces","category":"Stand areas","object_type":"Area","style_id":"surface.stand_area","airport":"LFBO","geometry_role":"filled_region","vsmr_group_ids":[[]]},"geometry":{"type":"Polygon","coordinates":[[[1.376119167,43.624530833],[1.376057778,43.624494444],[1.376213333,43.624489444],[1.376131944,43.624583056],[1.376119167,43.624530833]]]}},{"type":"Feature","id":"surface.stand_area.023","properties":{"name":"Stand area 023","layer":"Airfield surfaces","category":"Stand areas","object_type":"Area","style_id":"surface.stand_area","airport":"LFBO","geometry_role":"filled_region","vsmr_group_ids":[[]]},"geometry":{"type":"Polygon","coordinates":[[[1.377984722,43.6218875],[1.377957222,43.621992778],[1.377923889,43.621944167],[1.377851111,43.621927778],[1.377984722,43.6218875]]]}},{"type":"Feature","id":"surface.stand_area.024","properties":{"name":"Stand area 024","layer":"Airfield surfaces","category":"Stand areas","object_type":"Area","style_id":"surface.stand_area","airport":"LFBO","geometry_role":"filled_region","vsmr_group_ids":[[]]},"geometry":{"type":"Polygon","coordinates":[[[1.379193611,43.622546944],[1.379177222,43.622653056],[1.379138889,43.622610278],[1.379075278,43.622589722],[1.379193611,43.622546944]]]}},{"type":"Feature","id":"surface.stand_area.025","properties":{"name":"Stand area 025","layer":"Airfield surfaces","category":"Stand areas","object_type":"Area","style_id":"surface.stand_area","airport":"LFBO","geometry_role":"filled_region","vsmr_group_ids":[[]]},"geometry":{"type":"Polygon","coordinates":[[[1.378773611,43.622397222],[1.378690278,43.622385],[1.378845,43.622333889],[1.378815556,43.622454722],[1.378773611,43.622397222]]]}},{"type":"Feature","id":"surface.stand_area.026","properties":{"name":"Stand area 026","layer":"Airfield surfaces","category":"Stand areas","object_type":"Area","style_id":"surface.stand_area","airport":"LFBO","geometry_role":"filled_region","vsmr_group_ids":[[]]},"geometry":{"type":"Polygon","coordinates":[[[1.378401111,43.622123333],[1.378376111,43.622225556],[1.378347222,43.622178611],[1.3782675,43.622163333],[1.378401111,43.622123333]]]}},{"type":"Feature","id":"surface.stand_area.027","properties":{"name":"Stand area 027","layer":"Airfield surfaces","category":"Stand areas","object_type":"Area","style_id":"surface.stand_area","airport":"LFBO","geometry_role":"filled_region","vsmr_group_ids":[[]]},"geometry":{"type":"Polygon","coordinates":[[[1.376969167,43.623978333],[1.3768325,43.62399],[1.376878056,43.623956667],[1.376875,43.6239025],[1.376969167,43.623978333]]]}},{"type":"Feature","id":"surface.stand_area.028","properties":{"name":"Stand area 028","layer":"Airfield surfaces","category":"Stand areas","object_type":"Area","style_id":"surface.stand_area","airport":"LFBO","geometry_role":"filled_region","vsmr_group_ids":[[]]},"geometry":{"type":"Polygon","coordinates":[[[1.375851111,43.623853333],[1.3758875,43.623909167],[1.375955833,43.623910278],[1.375836944,43.623961389],[1.375851111,43.623853333]]]}},{"type":"Feature","id":"surface.stand_area.029","properties":{"name":"Stand area 029","layer":"Airfield surfaces","category":"Stand areas","object_type":"Area","style_id":"surface.stand_area","airport":"LFBO","geometry_role":"filled_region","vsmr_group_ids":[[]]},"geometry":{"type":"Polygon","coordinates":[[[1.377218056,43.624620278],[1.377246111,43.624655833],[1.377306111,43.624661667],[1.377201944,43.6247075],[1.377218056,43.624620278]]]}},{"type":"Feature","id":"surface.stand_area.030","properties":{"name":"Stand area 030","layer":"Airfield surfaces","category":"Stand areas","object_type":"Area","style_id":"surface.stand_area","airport":"LFBO","geometry_role":"filled_region","vsmr_group_ids":[[]]},"geometry":{"type":"Polygon","coordinates":[[[1.376318611,43.624096667],[1.376353611,43.624142778],[1.376426389,43.624151111],[1.376300556,43.624191667],[1.376318611,43.624096667]]]}},{"type":"Feature","id":"surface.stand_area.031","properties":{"name":"Stand area 031","layer":"Airfield surfaces","category":"Stand areas","object_type":"Area","style_id":"surface.stand_area","airport":"LFBO","geometry_role":"filled_region","vsmr_group_ids":[[]]},"geometry":{"type":"Polygon","coordinates":[[[1.376765556,43.6243525],[1.376799167,43.624399722],[1.376867222,43.624412222],[1.376754167,43.624446667],[1.376765556,43.6243525]]]}},{"type":"Feature","id":"marking.taxiway_purple.001","properties":{"name":"Purple taxiway marking","layer":"Surface markings","category":"Purple taxiway markings","object_type":"Area","style_id":"marking.taxiway_purple","airport":"LFBO","geometry_role":"filled_region","vsmr_group_ids":[[]]},"geometry":{"type":"Polygon","coordinates":[[[1.369405833,43.632208889],[1.369342222,43.6321925],[1.369458611,43.632154722],[1.369435833,43.632251389],[1.369405833,43.632208889]]]}},{"type":"Feature","id":"line.surface_markings.001","properties":{"name":"Surface marking line 001","layer":"Guidance lines","category":"Surface marking lines","object_type":"Line","style_id":"line.surface_markings","airport":"LFBO","geometry_role":"linework","vsmr_group_ids":[[]]},"geometry":{"type":"MultiLineString","coordinates":[[[1.371318889,43.619746111],[1.371093333,43.619960556]],[[1.370940556,43.620110833],[1.370713056,43.620326389]],[[1.370556944,43.620475278],[1.370333056,43.620689167]],[[1.370178611,43.620841111],[1.369952778,43.621055833]],[[1.369798056,43.621205278],[1.369571667,43.621420556]],[[1.369417222,43.621570833],[1.369193611,43.621786389]],[[1.369036389,43.621936111],[1.368813611,43.622151667]],[[1.368659444,43.622301667],[1.368430278,43.622518333]],[[1.368278333,43.622664444],[1.368052778,43.622881667]],[[1.367894444,43.623033611],[1.367671667,43.623249167]],[[1.367513611,43.623398056],[1.367291389,43.623612222]],[[1.367134167,43.623763333],[1.366910278,43.62398]],[[1.366753889,43.624128889],[1.366529167,43.624344444]],[[1.366373611,43.624495833],[1.366148611,43.6247125]],[[1.365993333,43.624860278],[1.365768333,43.625076944]],[[1.365613056,43.625225833],[1.365389722,43.625440833]],[[1.365233333,43.625591944],[1.365008889,43.625806111]],[[1.364853611,43.625956389],[1.3646275,43.626171111]],[[1.364471944,43.626321389],[1.364249722,43.626537222]],[[1.364091667,43.626686944],[1.363866944,43.626904444]],[[1.3637125,43.6270525],[1.363486667,43.627269167]],[[1.363331944,43.6274175],[1.363106389,43.627635556]],[[1.362950833,43.627781944],[1.362726944,43.627999444]],[[1.362570556,43.628149444],[1.362346389,43.628365278]],[[1.362190833,43.628513611],[1.361966389,43.628730556]],[[1.361810278,43.628879722],[1.361585278,43.629094444]],[[1.361428611,43.629244722],[1.361204167,43.629461944]],[[1.360826111,43.629823889],[1.361049722,43.629608611]],[[1.360668611,43.629974444],[1.360444722,43.630190833]],[[1.359906111,43.630706944],[1.359683889,43.630921667]],[[1.36029,43.630340278],[1.360065556,43.630556389]],[[1.3595275,43.631070833],[1.359302222,43.631286944]],[[1.359148889,43.631436944],[1.358922778,43.631652778]],[[1.358766944,43.6318025],[1.358542222,43.632019167]],[[1.358385833,43.632169167],[1.3581625,43.632385278]],[[1.358006111,43.632532778],[1.357782778,43.632748611]],[[1.357625278,43.632897222],[1.357403333,43.633114722]],[[1.357245278,43.633263889],[1.357021944,43.633477778]],[[1.356865278,43.633627222],[1.3566425,43.633846667]],[[1.356484444,43.633993333],[1.356260278,43.63421]],[[1.356103333,43.634359722],[1.355878333,43.634574444]],[[1.355725278,43.634725],[1.355501389,43.634940556]],[[1.355345833,43.635090833],[1.355119444,43.635304722]],[[1.354965556,43.635455556],[1.354737222,43.635673333]],[[1.354584167,43.635819444],[1.354356667,43.6360375]],[[1.354203889,43.636186111],[1.353978889,43.6364025]],[[1.353821667,43.636551111],[1.353596389,43.636766944]],[[1.353441667,43.636918333],[1.353216944,43.6371325]],[[1.353061111,43.637282222],[1.352838889,43.637497222]],[[1.352681111,43.637649444],[1.352454167,43.637865]],[[1.3522975,43.638013333],[1.352075,43.638228611]],[[1.351919722,43.6383775],[1.351695278,43.638593333]],[[1.351536389,43.638746667],[1.351314167,43.6389625]],[[1.3511575,43.639108889],[1.350934167,43.639324722]],[[1.350778611,43.639473611],[1.350553333,43.639689722]],[[1.350398889,43.639840556],[1.350173056,43.640055833]],[[1.350015278,43.640205833],[1.349793333,43.640420278]],[[1.349636111,43.640572222],[1.349410833,43.640786944]],[[1.349254722,43.640936111],[1.349031111,43.6411525]],[[1.348874722,43.641303333],[1.348650556,43.641516111]],[[1.348491667,43.6416675],[1.348271667,43.641880833]],[[1.348113889,43.642032222],[1.347890556,43.642246944]],[[1.347733333,43.642396389],[1.347508889,43.6426125]],[[1.347353889,43.642763056],[1.347130278,43.642979167]],[[1.346971111,43.643128611],[1.3467475,43.643344722]],[[1.379304722,43.616546389],[1.379078889,43.6167625]],[[1.378853333,43.616978333],[1.378631944,43.6171925]],[[1.378406389,43.617407778],[1.378181389,43.617625556]],[[1.377960278,43.617838056],[1.377734167,43.618055556]],[[1.377511111,43.618270833],[1.377288056,43.618485]],[[1.377063056,43.618699722],[1.376838333,43.618915833]],[[1.376615556,43.619131111],[1.376391111,43.619348611]],[[1.376165833,43.619562222],[1.375940833,43.619779167]],[[1.375716667,43.6199925],[1.375493056,43.620209167]],[[1.375269444,43.620425],[1.375045833,43.620640556]],[[1.374820556,43.620855833],[1.374596389,43.621069722]],[[1.374373889,43.621285833],[1.374149722,43.621500833]],[[1.373925,43.621715833],[1.373700556,43.6219325]],[[1.373476944,43.6221475],[1.373475278,43.622149167]],[[1.373475278,43.622149167],[1.3732525,43.6223625]],[[1.373027778,43.622579167],[1.372804722,43.622793889]],[[1.372581667,43.623008889],[1.372356389,43.623224167]],[[1.372133333,43.623441111],[1.371906667,43.623656111]],[[1.371683611,43.623869722],[1.371457778,43.6240875]],[[1.371233889,43.624301944],[1.371011111,43.624518611]],[[1.370788889,43.624733333],[1.370563056,43.624948889]],[[1.370337778,43.625161944],[1.370114167,43.625378611]],[[1.369891111,43.625593889],[1.369666389,43.625809167]],[[1.369441389,43.626025],[1.3693375,43.626126667]],[[1.369113889,43.626339167],[1.368888889,43.626556389]],[[1.368666667,43.626772778],[1.368438611,43.626988889]],[[1.368216389,43.6272025],[1.367994167,43.627417778]],[[1.367768611,43.627633333],[1.367541111,43.627850556]],[[1.367320833,43.628064167],[1.367094444,43.628280556]],[[1.366872778,43.628494167],[1.366646111,43.628710556]],[[1.366423889,43.628924722],[1.366199444,43.62914]],[[1.365974167,43.629355278],[1.365749722,43.629571111]],[[1.365524722,43.629787222],[1.365302778,43.6300025]],[[1.3650775,43.630216667],[1.364853611,43.630434444]],[[1.3646275,43.630648056],[1.364403611,43.630865833]],[[1.364180833,43.631078611],[1.363955,43.631294167]],[[1.363732778,43.631509722],[1.363506389,43.631726944]],[[1.363285556,43.631940556],[1.363060556,43.6321575]],[[1.362835278,43.632371389],[1.362611389,43.632586667]],[[1.362388611,43.632801944],[1.362162778,43.6330175]],[[1.361938056,43.633233333],[1.361714167,43.633449444]],[[1.361489167,43.633662778],[1.361265278,43.633880556]],[[1.361040833,43.634093611],[1.360816944,43.634310278]],[[1.360594722,43.634526667],[1.360369722,43.634740556]],[[1.360144722,43.634956667],[1.359920278,43.635171667]],[[1.359695833,43.635386667],[1.359471667,43.635602222]],[[1.359246944,43.635817778],[1.359022222,43.636034444]],[[1.3588,43.636248056],[1.358575556,43.636463611]]]}},{"type":"Feature","id":"line.taxiway_centerline.001","properties":{"name":"Taxiway centerline 001","layer":"Guidance lines","category":"Taxiway centerlines","object_type":"Line","style_id":"line.taxiway_centerline","airport":"LFBO","geometry_role":"linework","vsmr_group_ids":[[]]},"geometry":{"type":"MultiLineString","coordinates":[[[1.367614722,43.617773611],[1.367689167,43.617695]],[[1.367689167,43.617695],[1.368121389,43.617322778]],[[1.368121389,43.617322778],[1.368182778,43.6172975]],[[1.368182778,43.6172975],[1.368279167,43.617273333]],[[1.368279167,43.617273333],[1.368380278,43.617268889]],[[1.368380278,43.617268889],[1.368465278,43.617284167]],[[1.368465278,43.617284167],[1.368565833,43.617332778]],[[1.368565833,43.617332778],[1.369011389,43.617616111]],[[1.369011389,43.617616111],[1.369235,43.617766944]],[[1.369235,43.617766944],[1.369340833,43.617863056]],[[1.369340833,43.617863056],[1.369387778,43.617946667]],[[1.369387778,43.617946667],[1.369415278,43.618088889]],[[1.369415278,43.618088889],[1.369408056,43.618232222]],[[1.369408056,43.618232222],[1.369375556,43.618314722]],[[1.369375556,43.618314722],[1.3693175,43.618381944]],[[1.3693175,43.618381944],[1.369223333,43.618449167]],[[1.369223333,43.618449167],[1.369105278,43.6185025]],[[1.369105278,43.6185025],[1.368960278,43.618539722]],[[1.368960278,43.618539722],[1.368823889,43.618551944]],[[1.368823889,43.618551944],[1.368689167,43.618544167]],[[1.368689167,43.618544167],[1.368535833,43.618514722]],[[1.368535833,43.618514722],[1.368408611,43.618474167]],[[1.368408611,43.618474167],[1.367758889,43.618185278]],[[1.367758889,43.618185278],[1.367660556,43.618135]],[[1.367660556,43.618135],[1.367594722,43.618073611]],[[1.367594722,43.618073611],[1.367561111,43.618013611]],[[1.367561111,43.618013611],[1.367553056,43.617966389]],[[1.367553056,43.617966389],[1.367548889,43.617915556]],[[1.367548889,43.617915556],[1.367555,43.617866944]],[[1.367555,43.617866944],[1.367576389,43.617820278]],[[1.367576389,43.617820278],[1.367614722,43.617773611]],[[1.371892222,43.618858889],[1.368647222,43.617080556]],[[1.368647222,43.617080556],[1.368599167,43.617043611]],[[1.368599167,43.617043611],[1.368583611,43.617011111]],[[1.368583611,43.617011111],[1.368582778,43.616972222]],[[1.368582778,43.616972222],[1.368603056,43.616932222]],[[1.368603056,43.616932222],[1.368634722,43.616906111]],[[1.368634722,43.616906111],[1.368677778,43.616888333]],[[1.368677778,43.616888333],[1.369027778,43.616758333]],[[1.357071667,43.656376944],[1.357271667,43.656411389]],[[1.357271667,43.656411389],[1.357410833,43.656461389]],[[1.357410833,43.656461389],[1.357484722,43.656507222]],[[1.357484722,43.656507222],[1.357515833,43.656555278]],[[1.357515833,43.656555278],[1.357543333,43.656665833]],[[1.357543333,43.656665833],[1.357534722,43.656735833]],[[1.357534722,43.656735833],[1.357497222,43.656799722]],[[1.357497222,43.656799722],[1.357419722,43.656850556]],[[1.357419722,43.656850556],[1.357314167,43.656885]],[[1.357314167,43.656885],[1.3571475,43.656905]],[[1.3571475,43.656905],[1.356898611,43.656915]],[[1.357056944,43.655490278],[1.357386389,43.655552222]],[[1.357386389,43.655552222],[1.357553056,43.655608889]],[[1.357553056,43.655608889],[1.357628889,43.655679444]],[[1.357628889,43.655679444],[1.357663056,43.655775556]],[[1.357663056,43.655775556],[1.357657222,43.655846667]],[[1.357657222,43.655846667],[1.357625278,43.655908889]],[[1.357625278,43.655908889],[1.357589167,43.655951389]],[[1.357589167,43.655951389],[1.357503611,43.655990833]],[[1.357503611,43.655990833],[1.357384444,43.656018611]],[[1.357384444,43.656018611],[1.357065833,43.656048889]],[[1.357065833,43.656048889],[1.356951944,43.6560475]],[[1.356805278,43.657215833],[1.357098333,43.657277222]],[[1.357098333,43.657277222],[1.3573,43.657344167]],[[1.3573,43.657344167],[1.357397222,43.657416944]],[[1.357397222,43.657416944],[1.357431111,43.657509444]],[[1.357431111,43.657509444],[1.357423889,43.657642222]],[[1.357423889,43.657642222],[1.357385278,43.657735833]],[[1.357385278,43.657735833],[1.357309722,43.657803611]],[[1.357309722,43.657803611],[1.357219722,43.657838889]],[[1.357219722,43.657838889],[1.357062778,43.657861667]],[[1.357062778,43.657861667],[1.356871667,43.657880278]],[[1.3688725,43.616450278],[1.368268056,43.616656389]],[[1.368268056,43.616656389],[1.368181389,43.616677222]],[[1.368181389,43.616677222],[1.368124444,43.616688056]],[[1.368124444,43.616688056],[1.368036111,43.616681111]],[[1.368036111,43.616681111],[1.367958889,43.616662778]],[[1.367958889,43.616662778],[1.367885833,43.616631667]],[[1.367885833,43.616631667],[1.367825833,43.616598889]],[[1.367825833,43.616598889],[1.367766944,43.616553889]],[[1.367766944,43.616553889],[1.367695556,43.616487778]],[[1.367695556,43.616487778],[1.3676375,43.616417778]],[[1.3676375,43.616417778],[1.367553333,43.616282778]],[[1.367553333,43.616282778],[1.367569722,43.616235]],[[1.367569722,43.616235],[1.367596111,43.616189167]],[[1.367596111,43.616189167],[1.367640278,43.616143889]],[[1.367640278,43.616143889],[1.367691944,43.6161075]],[[1.367691944,43.6161075],[1.367750556,43.616077222]],[[1.367750556,43.616077222],[1.36782,43.616052778]],[[1.36782,43.616052778],[1.3679825,43.616012778]],[[1.367492778,43.614895278],[1.367105556,43.614993611]],[[1.367105556,43.614993611],[1.367044167,43.615017778]],[[1.367044167,43.615017778],[1.366994444,43.615052778]],[[1.366994444,43.615052778],[1.3669625,43.615095]],[[1.3669625,43.615095],[1.366964722,43.615134722]],[[1.366964722,43.615134722],[1.367157778,43.615508611]],[[1.367157778,43.615508611],[1.367213333,43.615530833]],[[1.367213333,43.615530833],[1.367282222,43.615553333]],[[1.367282222,43.615553333],[1.36736,43.61557]],[[1.36736,43.61557],[1.367409167,43.615574444]],[[1.367409167,43.615574444],[1.367473333,43.615572222]],[[1.367473333,43.615572222],[1.367553056,43.615552778]],[[1.367215556,43.614316944],[1.3667375,43.614429444]],[[1.3667375,43.614429444],[1.366681389,43.614431389]],[[1.366681389,43.614431389],[1.366636667,43.61442]],[[1.366636667,43.61442],[1.366593333,43.614391389]],[[1.366593333,43.614391389],[1.366571111,43.6143675]],[[1.366571111,43.6143675],[1.366565278,43.614334444]],[[1.366565278,43.614334444],[1.366580556,43.614305833]],[[1.366580556,43.614305833],[1.366624444,43.61427]],[[1.366624444,43.61427],[1.366694167,43.614226111]],[[1.366694167,43.614226111],[1.366786667,43.614180556]],[[1.366786667,43.614180556],[1.3668575,43.614158333]],[[1.3668575,43.614158333],[1.367055,43.614104444]]]}},{"type":"Feature","id":"line.stand_entry.001","properties":{"name":"Stand entry line 001","layer":"Guidance lines","category":"Stand entry lines","object_type":"Line","style_id":"line.stand_entry","airport":"LFBO","geometry_role":"linework","vsmr_group_ids":[[]]},"geometry":{"type":"MultiLineString","coordinates":[[[1.358453611,43.625276667],[1.357982778,43.625726667]],[[1.37,43.6163625],[1.368713056,43.616708333]]]}},{"type":"Feature","id":"line.taxiway_centerline.002","properties":{"name":"Taxiway centerline 002","layer":"Guidance lines","category":"Taxiway centerlines","object_type":"Line","style_id":"line.taxiway_centerline","airport":"LFBO","geometry_role":"linework","vsmr_group_ids":[[]]},"geometry":{"type":"MultiLineString","coordinates":[[[1.367103056,43.630561667],[1.367129167,43.63053]],[[1.367157778,43.630492222],[1.367186389,43.630458056]],[[1.368128889,43.630553611],[1.368082222,43.630528611]],[[1.368037222,43.630503333],[1.367991389,43.630478889]],[[1.367945278,43.630453889],[1.367903889,43.630431389]],[[1.367855,43.630404167],[1.367811944,43.63038]],[[1.367767222,43.630356111],[1.367734722,43.630337778]],[[1.381346111,43.6177375],[1.381291389,43.617708611]],[[1.381246667,43.617682778],[1.381203056,43.617659444]],[[1.381157222,43.617633889],[1.381111111,43.617609722]],[[1.377574167,43.621367778],[1.37753,43.621343611]],[[1.377489167,43.621321111],[1.377440833,43.621293889]],[[1.377398056,43.621271111],[1.377356389,43.621246667]],[[1.377326111,43.621228056],[1.377288611,43.621206667]],[[1.353968333,43.646963056],[1.354869167,43.64686]],[[1.354869167,43.64686],[1.358579444,43.647126389]],[[1.358579444,43.647126389],[1.358897778,43.64728]],[[1.358897778,43.64728],[1.359008333,43.647318889]],[[1.359008333,43.647318889],[1.3591225,43.647345556]],[[1.3591225,43.647345556],[1.3591875,43.647352778]],[[1.3591875,43.647352778],[1.361131111,43.647489722]],[[1.361131111,43.647489722],[1.363343333,43.6476475]],[[1.363343333,43.6476475],[1.363785278,43.647680278]],[[1.35843,43.645889722],[1.358318889,43.646660833]],[[1.358318889,43.646660833],[1.358320833,43.6467]],[[1.358320833,43.6467],[1.358303611,43.6467225]],[[1.358303611,43.6467225],[1.3580175,43.646873333]],[[1.3580175,43.646873333],[1.357957778,43.6468925]],[[1.357957778,43.6468925],[1.357899444,43.646898889]],[[1.357899444,43.646898889],[1.356400278,43.646857778]],[[1.356400278,43.646857778],[1.356167222,43.646846944]],[[1.356167222,43.646846944],[1.356002222,43.646831389]],[[1.356002222,43.646831389],[1.354696667,43.646682222]],[[1.354696667,43.646682222],[1.354512222,43.646653611]],[[1.354512222,43.646653611],[1.354389444,43.646612222]],[[1.354389444,43.646612222],[1.354268333,43.646553333]],[[1.354268333,43.646553333],[1.354180556,43.646479722]],[[1.354180556,43.646479722],[1.354124722,43.646417222]],[[1.354124722,43.646417222],[1.354064444,43.646327222]],[[1.354064444,43.646327222],[1.353822222,43.645504722]],[[1.353822222,43.645504722],[1.353801944,43.645358056]],[[1.353801944,43.645358056],[1.353735833,43.644903611]],[[1.353735833,43.644903611],[1.353698889,43.644648333]],[[1.353698889,43.644648333],[1.353700278,43.64458]],[[1.353700278,43.64458],[1.353714167,43.644501111]],[[1.353714167,43.644501111],[1.353736389,43.644434444]],[[1.353736389,43.644434444],[1.3537675,43.644372778]],[[1.3537675,43.644372778],[1.353834444,43.644283889]],[[1.353834444,43.644283889],[1.354011389,43.644101667]],[[1.354011389,43.644101667],[1.354150278,43.643988611]],[[1.354150278,43.643988611],[1.354273333,43.643894444]],[[1.354273333,43.643894444],[1.3544025,43.643808889]],[[1.3544025,43.643808889],[1.354483056,43.643765833]],[[1.354483056,43.643765833],[1.354596667,43.643728889]],[[1.354596667,43.643728889],[1.35471,43.643709444]],[[1.35471,43.643709444],[1.354828889,43.643703611]],[[1.354828889,43.643703611],[1.354953611,43.643713333]],[[1.354953611,43.643713333],[1.355048056,43.643724722]],[[1.355048056,43.643724722],[1.355221111,43.643770556]],[[1.355221111,43.643770556],[1.355326389,43.643816389]],[[1.355326389,43.643816389],[1.355537222,43.643919167]],[[1.355537222,43.643919167],[1.356379722,43.644329444]],[[1.356379722,43.644329444],[1.35669,43.644496389]],[[1.35669,43.644496389],[1.3574025,43.644889444]],[[1.3574025,43.644889444],[1.357817778,43.645143056]],[[1.357817778,43.645143056],[1.3581075,43.645325556]],[[1.3581075,43.645325556],[1.358313889,43.645455278]],[[1.358313889,43.645455278],[1.358408333,43.645531944]],[[1.358408333,43.645531944],[1.358451944,43.645576944]],[[1.358451944,43.645576944],[1.358493611,43.645647778]],[[1.358493611,43.645647778],[1.358518611,43.645709722]],[[1.358518611,43.645709722],[1.358538889,43.645770278]],[[1.358538889,43.645770278],[1.358538333,43.645830833]],[[1.358538333,43.645830833],[1.358491667,43.645881667]],[[1.358491667,43.645881667],[1.358405833,43.645946111]],[[1.358405833,43.645946111],[1.358323611,43.645993611]],[[1.358323611,43.645993611],[1.358239167,43.6460375]],[[1.358239167,43.6460375],[1.358201667,43.646050278]],[[1.358201667,43.646050278],[1.358181667,43.646049722]],[[1.358181667,43.646049722],[1.358062222,43.646043889]],[[1.346216667,43.644201389],[1.348620833,43.645520833]],[[1.348620833,43.645520833],[1.348691667,43.645548611]],[[1.348691667,43.645548611],[1.348797222,43.645573333]],[[1.348797222,43.645573333],[1.348896944,43.6455825]],[[1.348896944,43.6455825],[1.349086667,43.645585556]],[[1.349086667,43.645585556],[1.349291944,43.645572778]],[[1.349291944,43.645572778],[1.349460833,43.645540833]],[[1.349460833,43.645540833],[1.349716944,43.645473611]],[[1.349716944,43.645473611],[1.351601944,43.644991389]],[[1.351601944,43.644991389],[1.351844722,43.644940833]],[[1.351844722,43.644940833],[1.352369722,43.644845]],[[1.352369722,43.644845],[1.352584444,43.644811944]],[[1.352584444,43.644811944],[1.352718611,43.644806667]],[[1.352718611,43.644806667],[1.352841667,43.644821389]],[[1.352841667,43.644821389],[1.352955278,43.644845556]],[[1.352955278,43.644845556],[1.353060833,43.644873611]],[[1.353060833,43.644873611],[1.353144444,43.644916667]],[[1.353144444,43.644916667],[1.353209722,43.644969722]],[[1.353209722,43.644969722],[1.353271944,43.645034444]],[[1.353271944,43.645034444],[1.353311111,43.645099167]],[[1.353311111,43.645099167],[1.353338333,43.64516]],[[1.353338333,43.64516],[1.353395833,43.645356111]],[[1.353395833,43.645356111],[1.353634167,43.646171944]],[[1.353634167,43.646171944],[1.353835556,43.647151389]],[[1.353835556,43.647151389],[1.353959444,43.648117222]],[[1.353959444,43.648117222],[1.353971944,43.648217778]],[[1.353971944,43.648217778],[1.3539125,43.649293889]],[[1.3539125,43.649293889],[1.353873889,43.649503333]],[[1.353873889,43.649503333],[1.353816111,43.649685278]],[[1.353816111,43.649685278],[1.3537475,43.649823889]],[[1.3537475,43.649823889],[1.353684722,43.649894167]],[[1.353684722,43.649894167],[1.353628889,43.649941389]],[[1.353628889,43.649941389],[1.353552778,43.649982778]],[[1.353552778,43.649982778],[1.353454722,43.650021389]],[[1.353454722,43.650021389],[1.353363889,43.650045]],[[1.353363889,43.650045],[1.353268889,43.6500525]],[[1.353268889,43.6500525],[1.353184444,43.650051667]],[[1.353184444,43.650051667],[1.353115833,43.650039722]],[[1.353115833,43.650039722],[1.353034167,43.650016667]],[[1.353034167,43.650016667],[1.352957778,43.649985833]],[[1.352957778,43.649985833],[1.35291,43.649970556]],[[1.35291,43.649970556],[1.352372222,43.64965]],[[1.352372222,43.64965],[1.352221944,43.649553889]],[[1.352221944,43.649553889],[1.352004444,43.649379167]],[[1.352004444,43.649379167],[1.351779444,43.649143611]],[[1.351779444,43.649143611],[1.3514575,43.648784444]],[[1.3514575,43.648784444],[1.351411944,43.648667778]],[[1.351411944,43.648667778],[1.351375278,43.648503056]],[[1.351375278,43.648503056],[1.351362222,43.648323056]],[[1.346925278,43.643513333],[1.346944167,43.643564444]],[[1.346944167,43.643564444],[1.346764167,43.643784167]],[[1.346764167,43.643784167],[1.346745833,43.643818889]],[[1.346745833,43.643818889],[1.346733333,43.64385]],[[1.346733333,43.64385],[1.346720833,43.643893611]],[[1.346720833,43.643893611],[1.346715833,43.643939167]],[[1.346715833,43.643939167],[1.346716389,43.6439825]],[[1.346716389,43.6439825],[1.346726667,43.64403]],[[1.346726667,43.64403],[1.346743333,43.644076111]],[[1.346743333,43.644076111],[1.346767222,43.644120556]],[[1.346767222,43.644120556],[1.346790833,43.644151389]],[[1.346790833,43.644151389],[1.346823611,43.644183056]],[[1.346823611,43.644183056],[1.346868889,43.644218056]],[[1.346868889,43.644218056],[1.346955,43.644283611]],[[1.346955,43.644283611],[1.347034167,43.644343056]],[[1.347034167,43.644343056],[1.347223333,43.644466667]],[[1.347223333,43.644466667],[1.347868333,43.644823611]],[[1.347868333,43.644823611],[1.348508333,43.645126111]],[[1.348508333,43.645126111],[1.348781389,43.645244444]],[[1.348781389,43.645244444],[1.348865,43.645269167]],[[1.348865,43.645269167],[1.348946111,43.645287778]],[[1.348946111,43.645287778],[1.349037778,43.645298889]],[[1.349037778,43.645298889],[1.349106667,43.645297778]],[[1.349106667,43.645297778],[1.349186667,43.645286944]],[[1.349186667,43.645286944],[1.350043889,43.645132222]],[[1.350043889,43.645132222],[1.350330278,43.645073611]],[[1.350330278,43.645073611],[1.350540556,43.645025278]],[[1.350540556,43.645025278],[1.3510775,43.644886667]],[[1.3510775,43.644886667],[1.351683611,43.644734722]],[[1.351683611,43.644734722],[1.352111944,43.644625556]],[[1.352111944,43.644625556],[1.352341667,43.644565833]],[[1.352341667,43.644565833],[1.352511667,43.644513333]],[[1.352511667,43.644513333],[1.352635,43.644476667]],[[1.352635,43.644476667],[1.353045,43.644348333]],[[1.353045,43.644348333],[1.353160833,43.644308333]],[[1.353160833,43.644308333],[1.353221667,43.644286111]],[[1.353221667,43.644286111],[1.353266944,43.644265]],[[1.353266944,43.644265],[1.353305,43.644243611]],[[1.353305,43.644243611],[1.353365556,43.644203056]],[[1.353365556,43.644203056],[1.353419167,43.644163056]],[[1.353419167,43.644163056],[1.353490556,43.644104722]],[[1.353490556,43.644104722],[1.353634722,43.643975556]],[[1.353634722,43.643975556],[1.353666944,43.643938889]],[[1.353666944,43.643938889],[1.353913889,43.643634444]],[[1.353913889,43.643634444],[1.353959444,43.643566111]],[[1.353959444,43.643566111],[1.353985833,43.643509444]],[[1.353985833,43.643509444],[1.354002778,43.643460833]],[[1.354002778,43.643460833],[1.354010278,43.643404444]],[[1.354010278,43.643404444],[1.35401,43.643351111]],[[1.35401,43.643351111],[1.354004444,43.6433]],[[1.354004444,43.6433],[1.35399,43.643253333]],[[1.35399,43.643253333],[1.353966944,43.643205556]],[[1.353966944,43.643205556],[1.35391,43.643118889]],[[1.35391,43.643118889],[1.3538575,43.643055556]],[[1.3538575,43.643055556],[1.353808056,43.643009444]],[[1.353808056,43.643009444],[1.353630833,43.642884167]],[[1.353630833,43.642884167],[1.353243889,43.642616389]],[[1.353243889,43.642616389],[1.352989444,43.642470833]],[[1.352989444,43.642470833],[1.351767778,43.641793889]],[[1.351767778,43.641793889],[1.350506944,43.641096667]],[[1.350506944,43.641096667],[1.350401111,43.641046389]],[[1.350401111,43.641046389],[1.350309167,43.6410125]],[[1.350309167,43.6410125],[1.350206111,43.640986111]],[[1.350206111,43.640986111],[1.350111944,43.640976667]],[[1.350111944,43.640976667],[1.350022222,43.640972222]],[[1.350022222,43.640972222],[1.349930278,43.640978611]],[[1.349930278,43.640978611],[1.349830833,43.640989722]],[[1.349830833,43.640989722],[1.349754444,43.641005278]],[[1.349754444,43.641005278],[1.349674722,43.641025278]],[[1.349674722,43.641025278],[1.349603611,43.641049444]],[[1.349603611,43.641049444],[1.349555278,43.641069444]],[[1.349555278,43.641069444],[1.34948,43.641110278]],[[1.34948,43.641110278],[1.349371389,43.641175278]],[[1.349371389,43.641175278],[1.349295833,43.641231667]],[[1.359115278,43.638289444],[1.3591475,43.638256389]],[[1.359182222,43.638223333],[1.359215278,43.638191667]],[[1.359251111,43.638158611],[1.359281667,43.638128333]],[[1.359316389,43.638095833],[1.359351667,43.638062222]],[[1.359386111,43.638028333],[1.3594175,43.6379975]],[[1.352324722,43.644691111],[1.352502222,43.644653611]],[[1.352502222,43.644653611],[1.352641111,43.644639444]],[[1.352641111,43.644639444],[1.352799444,43.644648056]],[[1.352799444,43.644648056],[1.352973333,43.644676667]],[[1.352973333,43.644676667],[1.3531275,43.644728056]],[[1.3531275,43.644728056],[1.353241111,43.644780278]],[[1.353241111,43.644780278],[1.353343333,43.644846944]],[[1.353343333,43.644846944],[1.353424167,43.64492]],[[1.353424167,43.64492],[1.3534875,43.644988611]],[[1.3534875,43.644988611],[1.353528056,43.645053056]],[[1.353528056,43.645053056],[1.353557778,43.645114722]],[[1.353557778,43.645114722],[1.353591111,43.645213611]],[[1.353591111,43.645213611],[1.353610833,43.645294444]],[[1.353610833,43.645294444],[1.353558056,43.645049444]],[[1.353558056,43.645049444],[1.353508056,43.644813333]],[[1.353508056,43.644813333],[1.353480833,43.644689444]],[[1.353480833,43.644689444],[1.353468333,43.644612222]],[[1.353468333,43.644612222],[1.353474444,43.644548056]],[[1.353474444,43.644548056],[1.353486944,43.6444825]],[[1.353486944,43.6444825],[1.353503889,43.644423056]],[[1.353503889,43.644423056],[1.3535275,43.644366389]],[[1.3535275,43.644366389],[1.353553333,43.644319444]],[[1.353553333,43.644319444],[1.353595278,43.644260833]],[[1.353595278,43.644260833],[1.353640278,43.644206667]],[[1.353640278,43.644206667],[1.353712222,43.6441325]],[[1.353392778,43.645328611],[1.353448889,43.645322222]],[[1.353511667,43.645316389],[1.353563611,43.645310278]],[[1.353620833,43.645303056],[1.353673889,43.645296667]],[[1.353732222,43.645289444],[1.35379,43.645283333]],[[1.35361,43.645289444],[1.353787778,43.6461175]],[[1.353787778,43.6461175],[1.353964722,43.646958889]],[[1.353964722,43.646958889],[1.354141111,43.647771667]],[[1.354141111,43.647771667],[1.354223611,43.648169444]],[[1.354223611,43.648169444],[1.354143056,43.648742778]],[[1.354143056,43.648742778],[1.354006389,43.649748333]],[[1.354006389,43.649748333],[1.353917778,43.650391389]],[[1.353917778,43.650391389],[1.353793056,43.651297778]],[[1.353793056,43.651297778],[1.353566111,43.65288]],[[1.353566111,43.65288],[1.353551667,43.652969167]],[[1.353551667,43.652969167],[1.353200556,43.653604444]],[[1.353200556,43.653604444],[1.352806944,43.6543375]],[[1.352806944,43.6543375],[1.3527075,43.65506]],[[1.3527075,43.65506],[1.352426944,43.657246667]],[[1.352426944,43.657246667],[1.352236667,43.658656944]],[[1.354875,43.648385],[1.354763333,43.648365278]],[[1.354763333,43.648365278],[1.354675278,43.6483275]],[[1.354675278,43.6483275],[1.354588333,43.648274444]],[[1.354588333,43.648274444],[1.354516667,43.648204722]],[[1.354516667,43.648204722],[1.354456667,43.648127778]],[[1.354456667,43.648127778],[1.354369722,43.647859167]],[[1.354369722,43.647859167],[1.354328889,43.647681389]],[[1.354328889,43.647681389],[1.354321667,43.647574444]],[[1.354321667,43.647574444],[1.354331944,43.647476944]],[[1.354331944,43.647476944],[1.354370833,43.647365]],[[1.354370833,43.647365],[1.354441944,43.647266944]],[[1.354441944,43.647266944],[1.354536111,43.647187222]],[[1.354536111,43.647187222],[1.354632778,43.647133056]],[[1.354632778,43.647133056],[1.354762778,43.647084167]],[[1.354762778,43.647084167],[1.354890278,43.647056944]],[[1.354890278,43.647056944],[1.355003056,43.6470475]],[[1.355003056,43.6470475],[1.355189722,43.647052222]],[[1.355189722,43.647052222],[1.356346111,43.6470875]],[[1.356346111,43.6470875],[1.357705556,43.647242222]],[[1.357705556,43.647242222],[1.357805833,43.647260833]],[[1.357805833,43.647260833],[1.357886111,43.647285]],[[1.357886111,43.647285],[1.357962222,43.647319444]],[[1.357962222,43.647319444],[1.3580275,43.647357222]],[[1.3580275,43.647357222],[1.358102778,43.647415]],[[1.358102778,43.647415],[1.358177778,43.6474925]],[[1.358177778,43.6474925],[1.35823,43.647575278]],[[1.35823,43.647575278],[1.358258611,43.647665833]],[[1.358258611,43.647665833],[1.358261944,43.647778889]],[[1.358261944,43.647778889],[1.358248611,43.647984167]],[[1.358248611,43.647984167],[1.358195278,43.648248611]],[[1.358195278,43.648248611],[1.358165278,43.648319722]],[[1.358165278,43.648319722],[1.358128611,43.648373056]],[[1.358128611,43.648373056],[1.3580775,43.648422222]],[[1.3580775,43.648422222],[1.358001111,43.648475556]],[[1.358001111,43.648475556],[1.357916111,43.648528611]],[[1.357856944,43.643927778],[1.357554167,43.644219722]],[[1.357554167,43.644219722],[1.357479722,43.644312778]],[[1.357479722,43.644312778],[1.357454722,43.644368611]],[[1.357454722,43.644368611],[1.357446389,43.644403889]],[[1.357446389,43.644403889],[1.357448611,43.6444425]],[[1.357448611,43.6444425],[1.357458056,43.644488056]],[[1.357458056,43.644488056],[1.357472222,43.644540556]],[[1.357472222,43.644540556],[1.357486944,43.644581667]],[[1.357486944,43.644581667],[1.357520833,43.644631667]],[[1.357520833,43.644631667],[1.357556944,43.6446725]],[[1.357556944,43.6446725],[1.357595,43.644706389]],[[1.357595,43.644706389],[1.357665278,43.6447525]],[[1.357665278,43.6447525],[1.357778611,43.644813056]],[[1.357778611,43.644813056],[1.358233056,43.645061944]],[[1.358233056,43.645061944],[1.358492222,43.645205556]],[[1.358492222,43.645205556],[1.358545,43.645238056]],[[1.358545,43.645238056],[1.358599722,43.645274722]],[[1.358599722,43.645274722],[1.358648333,43.6453125]],[[1.358648333,43.6453125],[1.358686667,43.645349722]],[[1.358686667,43.645349722],[1.358745556,43.64541]],[[1.358745556,43.64541],[1.358791667,43.645464167]],[[1.358791667,43.645464167],[1.358822222,43.645516111]],[[1.358822222,43.645516111],[1.358841944,43.645552778]],[[1.358841944,43.645552778],[1.359070278,43.645566111]],[[1.359089167,43.645640556],[1.358875,43.645619444]],[[1.358875,43.645619444],[1.358881111,43.6456375]],[[1.358881111,43.6456375],[1.358896944,43.645690278]],[[1.358896944,43.645690278],[1.358905556,43.645735278]],[[1.358905556,43.645735278],[1.358911667,43.645783611]],[[1.358911667,43.645783611],[1.358914722,43.645826667]],[[1.358914722,43.645826667],[1.358905556,43.6459725]],[[1.358905556,43.6459725],[1.358846389,43.646860833]],[[1.358846389,43.646860833],[1.358844722,43.646905833]],[[1.358844722,43.646905833],[1.358849722,43.646943889]],[[1.358849722,43.646943889],[1.358860556,43.646985]],[[1.358860556,43.646985],[1.358881944,43.647028889]],[[1.358881944,43.647028889],[1.358911111,43.647073611]],[[1.358911111,43.647073611],[1.358944722,43.647104167]],[[1.358944722,43.647104167],[1.359009444,43.647138333]],[[1.359009444,43.647138333],[1.359079722,43.647165278]],[[1.359079722,43.647165278],[1.359141389,43.647179722]],[[1.359141389,43.647179722],[1.359196667,43.647187778]],[[1.359196667,43.647187778],[1.359231944,43.647189722]],[[1.349186389,43.653198611],[1.349200833,43.653268056]],[[1.349200833,43.653268056],[1.349228889,43.653329444]],[[1.349228889,43.653329444],[1.349271389,43.653391944]],[[1.349271389,43.653391944],[1.349333056,43.653448889]],[[1.349333056,43.653448889],[1.349407778,43.653499167]],[[1.349407778,43.653499167],[1.349484444,43.653537778]],[[1.349484444,43.653537778],[1.349576111,43.653565278]],[[1.349576111,43.653565278],[1.349657222,43.653578611]],[[1.349657222,43.653578611],[1.349828333,43.653591944]],[[1.349828333,43.653591944],[1.35072,43.653657778]],[[1.35072,43.653657778],[1.353183611,43.653835556]],[[1.353183611,43.653835556],[1.353999722,43.653895556]],[[1.353999722,43.653895556],[1.3551075,43.653974167]],[[1.3551075,43.653974167],[1.356509167,43.654076944]],[[1.356509167,43.654076944],[1.357235556,43.6541275]],[[1.357235556,43.6541275],[1.357959444,43.654179167]],[[1.356807778,43.654096389],[1.356882222,43.654096111]],[[1.356882222,43.654096111],[1.356969167,43.654089167]],[[1.356969167,43.654089167],[1.357076111,43.654075]],[[1.357076111,43.654075],[1.3571675,43.6540525]],[[1.3571675,43.6540525],[1.357259722,43.654021389]],[[1.357259722,43.654021389],[1.357329444,43.653991944]],[[1.357329444,43.653991944],[1.357406944,43.653946944]],[[1.357406944,43.653946944],[1.357479722,43.6539]],[[1.357479722,43.6539],[1.357542222,43.653845278]],[[1.357542222,43.653845278],[1.357595,43.653786944]],[[1.357595,43.653786944],[1.357637778,43.653726111]],[[1.357637778,43.653726111],[1.357670556,43.653669167]],[[1.357670556,43.653669167],[1.357691111,43.653617778]],[[1.357691111,43.653617778],[1.357703611,43.653570556]],[[1.357703611,43.653570556],[1.357745833,43.653260556]],[[1.353749167,43.654895],[1.353576111,43.6548725]],[[1.353576111,43.6548725],[1.353490278,43.654853056]],[[1.353490278,43.654853056],[1.35341,43.654824167]],[[1.35341,43.654824167],[1.353353056,43.654781944]],[[1.353353056,43.654781944],[1.353317222,43.654735278]],[[1.353317222,43.654735278],[1.353302778,43.654669722]],[[1.353302778,43.654669722],[1.353309722,43.654613333]],[[1.353309722,43.654613333],[1.353345,43.654516111]],[[1.353345,43.654516111],[1.353416111,43.654382222]],[[1.353416111,43.654382222],[1.353506111,43.654268333]],[[1.353506111,43.654268333],[1.353638889,43.654141389]],[[1.353638889,43.654141389],[1.353679444,43.654113611]],[[1.353679444,43.654113611],[1.353745278,43.654083611]],[[1.353745278,43.654083611],[1.353804167,43.654065556]],[[1.353804167,43.654065556],[1.353854722,43.654053889]],[[1.353854722,43.654053889],[1.353912222,43.654051667]],[[1.353912222,43.654051667],[1.354961111,43.654076944]],[[1.354961111,43.654076944],[1.355463333,43.654111111]],[[1.355463333,43.654111111],[1.355909167,43.654139722]],[[1.355909167,43.654139722],[1.356053056,43.654154444]],[[1.356053056,43.654154444],[1.357211944,43.654289444]],[[1.357211944,43.654289444],[1.357354722,43.654309167]],[[1.357354722,43.654309167],[1.357432778,43.654333333]],[[1.357432778,43.654333333],[1.357508333,43.654360833]],[[1.357508333,43.654360833],[1.357578889,43.654403056]],[[1.357578889,43.654403056],[1.3576325,43.654445]],[[1.3576325,43.654445],[1.357661389,43.654478611]],[[1.357661389,43.654478611],[1.357687222,43.654548333]],[[1.357687222,43.654548333],[1.357695556,43.654621667]],[[1.357695556,43.654621667],[1.357645833,43.654945833]],[[1.357645833,43.654945833],[1.357614444,43.655011944]],[[1.357614444,43.655011944],[1.357563333,43.655065278]],[[1.357563333,43.655065278],[1.357516389,43.655096667]],[[1.357516389,43.655096667],[1.357455556,43.655129722]],[[1.357455556,43.655129722],[1.357398333,43.655151667]],[[1.357398333,43.655151667],[1.357334444,43.655163889]],[[1.357334444,43.655163889],[1.357191111,43.655176389]],[[1.357191111,43.655176389],[1.357033611,43.655175833]],[[1.351313333,43.647654722],[1.351193333,43.648145278]],[[1.351193333,43.648145278],[1.351135556,43.648423333]],[[1.351135556,43.648423333],[1.351136667,43.648533611]],[[1.351136667,43.648533611],[1.351157778,43.648618056]],[[1.351157778,43.648618056],[1.351188889,43.648711667]],[[1.351188889,43.648711667],[1.351243056,43.648817222]],[[1.351243056,43.648817222],[1.351315556,43.648917222]],[[1.351315556,43.648917222],[1.351516389,43.649107778]],[[1.351516389,43.649107778],[1.351818056,43.649377222]],[[1.351818056,43.649377222],[1.352005556,43.649536111]],[[1.352005556,43.649536111],[1.352382222,43.649810833]],[[1.352382222,43.649810833],[1.352748889,43.65007]],[[1.352748889,43.65007],[1.352890278,43.650145556]],[[1.352890278,43.650145556],[1.353019722,43.650185833]],[[1.353019722,43.650185833],[1.353137222,43.650204722]],[[1.353137222,43.650204722],[1.353273333,43.650211111]],[[1.353273333,43.650211111],[1.353410278,43.650200556]],[[1.353410278,43.650200556],[1.353530556,43.650175]],[[1.353530556,43.650175],[1.353631944,43.650136944]],[[1.353631944,43.650136944],[1.353720556,43.650094167]],[[1.353720556,43.650094167],[1.353785278,43.6500525]],[[1.353785278,43.6500525],[1.353860833,43.649991944]],[[1.353860833,43.649991944],[1.353919722,43.649925278]],[[1.353919722,43.649925278],[1.353961389,43.649863056]],[[1.353961389,43.649863056],[1.354000556,43.649771944]],[[1.354363056,43.625979722],[1.354403333,43.625959167]],[[1.354403333,43.625959167],[1.354435556,43.625929167]],[[1.354435556,43.625929167],[1.354443889,43.625884722]],[[1.354443889,43.625884722],[1.354459167,43.625623889]],[[1.354459167,43.625623889],[1.354442222,43.625586667]],[[1.354442222,43.625586667],[1.354408889,43.625557778]],[[1.354408889,43.625557778],[1.354368611,43.625528333]],[[1.354368611,43.625528333],[1.354315833,43.625505]],[[1.354315833,43.625505],[1.354265,43.625493889]],[[1.354265,43.625493889],[1.354210833,43.625488333]],[[1.354145278,43.6251275],[1.3542775,43.625129167]],[[1.3542775,43.625129167],[1.354336667,43.625118611]],[[1.354336667,43.625118611],[1.354385,43.625095833]],[[1.354385,43.625095833],[1.354434444,43.625060278]],[[1.354434444,43.625060278],[1.354470278,43.625016389]],[[1.354470278,43.625016389],[1.354493611,43.624985556]],[[1.354493611,43.624985556],[1.354506389,43.624830556]],[[1.354506389,43.624830556],[1.354510278,43.624698333]],[[1.354510278,43.624698333],[1.354498889,43.624683056]],[[1.354498889,43.624683056],[1.354425556,43.624671389]],[[1.354076111,43.624184444],[1.354094722,43.623940278]],[[1.354094722,43.623940278],[1.354111667,43.623912778]],[[1.354111667,43.623912778],[1.354141111,43.623900833]],[[1.354141111,43.623900833],[1.354248056,43.623910556]],[[1.354248056,43.623910556],[1.354312778,43.623931389]],[[1.354312778,43.623931389],[1.354377222,43.623960278]],[[1.354377222,43.623960278],[1.354424444,43.6240025]],[[1.354424444,43.6240025],[1.354464722,43.624057222]],[[1.354464722,43.624057222],[1.354486111,43.624196389]],[[1.353019167,43.624151944],[1.353033333,43.623954167]],[[1.353033333,43.623954167],[1.353063056,43.623904722]],[[1.353063056,43.623904722],[1.353112222,43.623870556]],[[1.353112222,43.623870556],[1.353156389,43.623862222]],[[1.353156389,43.623862222],[1.353369167,43.623861667]],[[1.353369167,43.623861667],[1.353365,43.624110278]],[[1.348114167,43.624010556],[1.348141944,43.623450556]],[[1.348141944,43.623450556],[1.348154722,43.623436389]],[[1.348154722,43.623436389],[1.348183056,43.623422222]],[[1.348183056,43.623422222],[1.3482275,43.623423333]],[[1.3482275,43.623423333],[1.348393889,43.62343]],[[1.348393889,43.62343],[1.348450833,43.623399167]],[[1.348450833,43.623399167],[1.348488611,43.623361111]],[[1.348488611,43.623361111],[1.348508056,43.623328333]],[[1.348508056,43.623328333],[1.348516389,43.6232875]],[[1.348516389,43.6232875],[1.348520833,43.6232725]],[[1.348723889,43.624031111],[1.348732222,43.623941389]],[[1.348732222,43.623941389],[1.3487725,43.623870556]],[[1.3487725,43.623870556],[1.348835833,43.623820278]],[[1.348835833,43.623820278],[1.348906111,43.623796667]],[[1.348906111,43.623796667],[1.349030833,43.623801111]],[[1.349030833,43.623801111],[1.349095278,43.623829722]],[[1.349095278,43.623829722],[1.349156667,43.623878889]],[[1.349156667,43.623878889],[1.349183333,43.623935278]],[[1.349183333,43.623935278],[1.349189444,43.624011111]],[[1.349788889,43.6240375],[1.3498075,43.6239425]],[[1.3498075,43.6239425],[1.349838611,43.623901389]],[[1.349838611,43.623901389],[1.349915278,43.62385]],[[1.349915278,43.62385],[1.349970556,43.623823611]],[[1.349970556,43.623823611],[1.350097222,43.623833889]],[[1.350097222,43.623833889],[1.3501975,43.623883889]],[[1.3501975,43.623883889],[1.350236944,43.623922222]],[[1.350236944,43.623922222],[1.350250278,43.623983333]],[[1.350250278,43.623983333],[1.350241944,43.624069167]],[[1.351311944,43.624133889],[1.351322778,43.623984167]],[[1.351322778,43.623984167],[1.351306389,43.6239475]],[[1.351306389,43.6239475],[1.351244444,43.623903611]],[[1.351244444,43.623903611],[1.351173333,43.623867222]],[[1.351173333,43.623867222],[1.351093333,43.62386]],[[1.351093333,43.62386],[1.351014722,43.623864167]],[[1.351014722,43.623864167],[1.350951944,43.623886389]],[[1.350951944,43.623886389],[1.350895556,43.623922222]],[[1.350895556,43.623922222],[1.350868056,43.623956111]],[[1.350868056,43.623956111],[1.350852222,43.624126111]],[[1.351928611,43.624119444],[1.351936667,43.624001389]],[[1.351936667,43.624001389],[1.351965278,43.623961667]],[[1.351965278,43.623961667],[1.352010556,43.623924444]],[[1.352010556,43.623924444],[1.352074444,43.623898333]],[[1.352074444,43.623898333],[1.352148889,43.623889444]],[[1.352148889,43.623889444],[1.352229722,43.623895278]],[[1.352229722,43.623895278],[1.352318056,43.623933056]],[[1.352318056,43.623933056],[1.352365,43.623968611]],[[1.352365,43.623968611],[1.352387778,43.624015278]],[[1.352387778,43.624015278],[1.352389444,43.624079444]],[[1.352389444,43.624079444],[1.35239,43.624133333]],[[1.3392275,43.644630278],[1.340019444,43.645050556]],[[1.340019444,43.645050556],[1.340060278,43.645070833]],[[1.340060278,43.645070833],[1.340114722,43.645088333]],[[1.340114722,43.645088333],[1.340179722,43.645100556]],[[1.340179722,43.645100556],[1.340238611,43.645101667]],[[1.340238611,43.645101667],[1.341630833,43.645055278]],[[1.341630833,43.645055278],[1.3416825,43.645048056]],[[1.3416825,43.645048056],[1.341740556,43.645032778]],[[1.341740556,43.645032778],[1.341790556,43.645014444]],[[1.341790556,43.645014444],[1.341841389,43.644986667]],[[1.341841389,43.644986667],[1.341884722,43.644948889]],[[1.341884722,43.644948889],[1.342310556,43.644539167]],[[1.342310556,43.644539167],[1.343757222,43.643159444]],[[1.343757222,43.643159444],[1.343805,43.643119722]],[[1.343805,43.643119722],[1.343847222,43.643093333]],[[1.343847222,43.643093333],[1.343885278,43.643071111]],[[1.343885278,43.643071111],[1.343915556,43.643053056]],[[1.343915556,43.643053056],[1.343952778,43.643025278]],[[1.343952778,43.643025278],[1.344062222,43.642922222]],[[1.344062222,43.642922222],[1.3448975,43.642118611]],[[1.3448975,43.642118611],[1.347835278,43.639296944]],[[1.347835278,43.639296944],[1.353223056,43.634125556]],[[1.353223056,43.634125556],[1.358090556,43.629448611]],[[1.358090556,43.629448611],[1.362810556,43.624919444]],[[1.362810556,43.624919444],[1.3677025,43.620212778]],[[1.3677025,43.620212778],[1.369500556,43.618485556]],[[1.369500556,43.618485556],[1.369580556,43.618429444]],[[1.369580556,43.618429444],[1.369661667,43.6183825]],[[1.369661667,43.6183825],[1.369742778,43.618344167]],[[1.369742778,43.618344167],[1.369819722,43.618313611]],[[1.369819722,43.618313611],[1.369913056,43.618287222]],[[1.369913056,43.618287222],[1.370014444,43.618266389]],[[1.370014444,43.618266389],[1.3701125,43.618255278]],[[1.3701125,43.618255278],[1.370203889,43.618251111]],[[1.370203889,43.618251111],[1.370300556,43.618251389]],[[1.370300556,43.618251389],[1.3704125,43.618267222]],[[1.3704125,43.618267222],[1.370526389,43.618292778]],[[1.370526389,43.618292778],[1.370628056,43.618325]],[[1.370628056,43.618325],[1.3707575,43.6183825]],[[1.3707575,43.6183825],[1.3717875,43.618945556]],[[1.371458056,43.618768056],[1.371523611,43.618808056]],[[1.371523611,43.618808056],[1.3715775,43.618844167]],[[1.3715775,43.618844167],[1.371621944,43.618881389]],[[1.371621944,43.618881389],[1.371656667,43.618918333]],[[1.371656667,43.618918333],[1.371691944,43.618962222]],[[1.371691944,43.618962222],[1.371715556,43.619012222]],[[1.357898333,43.629631667],[1.357834444,43.629671667]],[[1.357834444,43.629671667],[1.357771111,43.629699444]],[[1.357771111,43.629699444],[1.357711667,43.629724167]],[[1.357711667,43.629724167],[1.357628611,43.629745]],[[1.357628611,43.629745],[1.357544722,43.629763889]],[[1.357544722,43.629763889],[1.357461944,43.629772222]],[[1.357461944,43.629772222],[1.356924722,43.629761667]],[[1.356924722,43.629761667],[1.356577778,43.629753056]],[[1.356577778,43.629753056],[1.356697222,43.629765]],[[1.356697222,43.629765],[1.356770278,43.629780833]],[[1.356770278,43.629780833],[1.3568225,43.629796389]],[[1.3568225,43.629796389],[1.356876111,43.629818611]],[[1.356876111,43.629818611],[1.356931111,43.6298475]],[[1.356931111,43.6298475],[1.356990556,43.629888611]],[[1.356990556,43.629888611],[1.357042222,43.629936111]],[[1.357042222,43.629936111],[1.357085,43.6299825]],[[1.357085,43.6299825],[1.357116389,43.630037222]],[[1.357116389,43.630037222],[1.357144167,43.630101944]],[[1.357144167,43.630101944],[1.3571575,43.630165278]],[[1.3571575,43.630165278],[1.357158889,43.630232222]],[[1.357158889,43.630232222],[1.357146944,43.630288333]],[[1.357146944,43.630288333],[1.357128889,43.630334167]],[[1.357128889,43.630334167],[1.357103889,43.630378333]],[[1.357103889,43.630378333],[1.357075833,43.630414167]],[[1.357075833,43.630414167],[1.357049167,43.630452222]],[[1.357049167,43.630452222],[1.357103611,43.630409722]],[[1.357103611,43.630409722],[1.357156944,43.630376944]],[[1.357156944,43.630376944],[1.357214444,43.630346389]],[[1.357214444,43.630346389],[1.357289722,43.630312778]],[[1.357289722,43.630312778],[1.3573625,43.630284167]],[[1.3573625,43.630284167],[1.357443333,43.630260278]],[[1.357443333,43.630260278],[1.357532222,43.630240833]],[[1.357532222,43.630240833],[1.357618889,43.630230278]],[[1.357618889,43.630230278],[1.357713889,43.630223611]],[[1.357713889,43.630223611],[1.357793611,43.630223333]],[[1.357793611,43.630223333],[1.357881389,43.630230278]],[[1.357881389,43.630230278],[1.35798,43.6302425]],[[1.35798,43.6302425],[1.3580725,43.630262222]],[[1.3580725,43.630262222],[1.358155556,43.630291667]],[[1.358155556,43.630291667],[1.358249722,43.6303275]],[[1.358249722,43.6303275],[1.358207222,43.630293333]],[[1.358207222,43.630293333],[1.358161944,43.630259722]],[[1.358161944,43.630259722],[1.358113056,43.630211111]],[[1.358113056,43.630211111],[1.3580675,43.630158611]],[[1.3580675,43.630158611],[1.358020833,43.630099167]],[[1.358020833,43.630099167],[1.357991944,43.630045]],[[1.357991944,43.630045],[1.3579725,43.629996944]],[[1.3579725,43.629996944],[1.357955278,43.629941389]],[[1.357955278,43.629941389],[1.357942778,43.6298675]],[[1.357942778,43.6298675],[1.357939444,43.629808889]],[[1.357939444,43.629808889],[1.357943889,43.629755278]],[[1.357943889,43.629755278],[1.357956389,43.629698889]],[[1.357956389,43.629698889],[1.357973611,43.629634167]],[[1.357973611,43.629634167],[1.358006111,43.629568333]],[[1.358006111,43.629568333],[1.358034444,43.629522778]],[[1.358034444,43.629522778],[1.358077778,43.629468333]],[[1.358077778,43.629468333],[1.358096944,43.629445556]],[[1.370186389,43.619681944],[1.368961667,43.619004167]],[[1.368961667,43.619004167],[1.366948056,43.617901111]],[[1.366948056,43.617901111],[1.366720278,43.617771667]],[[1.366720278,43.617771667],[1.366633056,43.617709444]],[[1.366633056,43.617709444],[1.366562222,43.617641111]],[[1.366562222,43.617641111],[1.366481111,43.617532222]],[[1.366481111,43.617532222],[1.366430556,43.617444722]],[[1.366430556,43.617444722],[1.366383611,43.617298611]],[[1.366383611,43.617298611],[1.366282778,43.616965833]],[[1.366282778,43.616965833],[1.366259444,43.616875278]],[[1.366259444,43.616875278],[1.3662575,43.616795278]],[[1.3662575,43.616795278],[1.366268056,43.616735278]],[[1.366268056,43.616735278],[1.366287222,43.616705833]],[[1.366287222,43.616705833],[1.366335556,43.61665]],[[1.366335556,43.61665],[1.366405,43.616588889]],[[1.366405,43.616588889],[1.366496389,43.616533333]],[[1.366496389,43.616533333],[1.366587778,43.616487778]],[[1.366587778,43.616487778],[1.366678611,43.616460556]],[[1.366678611,43.616460556],[1.366785,43.616435]],[[1.366785,43.616435],[1.366903333,43.616423333]],[[1.366903333,43.616423333],[1.367030556,43.616425833]],[[1.367030556,43.616425833],[1.367153333,43.616443889]],[[1.367153333,43.616443889],[1.367256389,43.616475278]],[[1.367256389,43.616475278],[1.367351111,43.616511389]],[[1.367351111,43.616511389],[1.369301944,43.617585278]],[[1.369301944,43.617585278],[1.370766111,43.618386667]],[[1.369341667,43.617608333],[1.369415556,43.617658889]],[[1.369415556,43.617658889],[1.369473056,43.617706389]],[[1.369473056,43.617706389],[1.369521667,43.617760556]],[[1.369521667,43.617760556],[1.369572778,43.617833333]],[[1.369572778,43.617833333],[1.369617222,43.617911667]],[[1.369617222,43.617911667],[1.369641111,43.617981944]],[[1.369641111,43.617981944],[1.369658889,43.618059722]],[[1.369658889,43.618059722],[1.369654722,43.618144167]],[[1.369654722,43.618144167],[1.369640278,43.618231389]],[[1.369640278,43.618231389],[1.369613889,43.618310278]],[[1.369613889,43.618310278],[1.369577222,43.618381944]],[[1.369577222,43.618381944],[1.369525833,43.618456667]],[[1.369525833,43.618456667],[1.369482778,43.618508611]],[[1.369482778,43.618508611],[1.369438889,43.618569444]],[[1.369438889,43.618569444],[1.369401944,43.618631389]],[[1.369401944,43.618631389],[1.369362778,43.618703611]],[[1.369362778,43.618703611],[1.369340278,43.618785]],[[1.369340278,43.618785],[1.369333333,43.618884167]],[[1.369333333,43.618884167],[1.369343611,43.618966389]],[[1.369343611,43.618966389],[1.369363333,43.619043056]],[[1.369363333,43.619043056],[1.3693975,43.619121111]],[[1.3693975,43.619121111],[1.369443333,43.619196667]],[[1.369443333,43.619196667],[1.369497222,43.619261944]],[[1.369497222,43.619261944],[1.369558889,43.619314444]],[[1.369558889,43.619314444],[1.369652222,43.619384722]],[[1.369616667,43.625845278],[1.370099444,43.625378056]],[[1.370099444,43.625378056],[1.370160556,43.625291389]],[[1.370160556,43.625291389],[1.370185,43.625205556]],[[1.370185,43.625205556],[1.370193333,43.625133056]],[[1.370193333,43.625133056],[1.370181389,43.625047778]],[[1.370181389,43.625047778],[1.370150556,43.624967222]],[[1.370150556,43.624967222],[1.370105833,43.624906389]],[[1.370105833,43.624906389],[1.370041667,43.62484]],[[1.370041667,43.62484],[1.369959444,43.624788889]],[[1.369959444,43.624788889],[1.369891111,43.624750556]],[[1.369891111,43.624750556],[1.369816944,43.624725556]],[[1.369816944,43.624725556],[1.369716111,43.624697778]],[[1.369863889,43.625636111],[1.370339722,43.625174722]],[[1.370339722,43.625174722],[1.370427222,43.625106944]],[[1.370427222,43.625106944],[1.370514167,43.625050556]],[[1.370514167,43.625050556],[1.37061,43.6249975]],[[1.37061,43.6249975],[1.370717222,43.624951389]],[[1.370717222,43.624951389],[1.370845556,43.624909167]],[[1.370845556,43.624909167],[1.370963333,43.624881389]],[[1.370963333,43.624881389],[1.371135278,43.624854722]],[[1.371135278,43.624854722],[1.371340556,43.624846389]],[[1.370426944,43.624760833],[1.370526389,43.624754167]],[[1.370526389,43.624754167],[1.370603889,43.624743611]],[[1.370603889,43.624743611],[1.3706975,43.624717222]],[[1.3706975,43.624717222],[1.370788333,43.624682222]],[[1.370788333,43.624682222],[1.370868889,43.624633611]],[[1.370868889,43.624633611],[1.370963056,43.624546667]],[[1.370963056,43.624546667],[1.371377222,43.624151389]],[[1.371747222,43.624879444],[1.371621944,43.624850556]],[[1.371621944,43.624850556],[1.371553056,43.624823889]],[[1.371553056,43.624823889],[1.371475278,43.62478]],[[1.371475278,43.62478],[1.371401389,43.624721944]],[[1.371401389,43.624721944],[1.371340833,43.624658056]],[[1.371340833,43.624658056],[1.371297222,43.624588333]],[[1.371297222,43.624588333],[1.371274722,43.62452]],[[1.371274722,43.62452],[1.371264444,43.624468889]],[[1.371264444,43.624468889],[1.371263333,43.624404722]],[[1.371263333,43.624404722],[1.371276389,43.624341944]],[[1.371276389,43.624341944],[1.371307222,43.624264722]],[[1.371307222,43.624264722],[1.371366111,43.624193611]],[[1.371366111,43.624193611],[1.371839167,43.623736111]],[[1.374188611,43.621476944],[1.374667222,43.62102]],[[1.374667222,43.62102],[1.374718333,43.62098]],[[1.374718333,43.62098],[1.374780278,43.6209475]],[[1.374780278,43.6209475],[1.374848333,43.620920278]],[[1.374848333,43.620920278],[1.374924722,43.620896667]],[[1.374924722,43.620896667],[1.375009444,43.620880278]],[[1.375009444,43.620880278],[1.3751025,43.620871389]],[[1.3751025,43.620871389],[1.375188056,43.620872222]],[[1.375188056,43.620872222],[1.375267778,43.620884722]],[[1.375267778,43.620884722],[1.375358611,43.620904444]],[[1.375358611,43.620904444],[1.375423333,43.620927778]],[[1.375423333,43.620927778],[1.375464444,43.620942778]],[[1.375464444,43.620942778],[1.375425556,43.620913611]],[[1.375425556,43.620913611],[1.375375556,43.62087]],[[1.375375556,43.62087],[1.375335556,43.620826111]],[[1.375335556,43.620826111],[1.375301667,43.620777222]],[[1.375301667,43.620777222],[1.375282778,43.620736389]],[[1.375282778,43.620736389],[1.375264167,43.620684722]],[[1.375264167,43.620684722],[1.375253056,43.620631944]],[[1.375253056,43.620631944],[1.375256667,43.620585]],[[1.375256667,43.620585],[1.375258889,43.62054]],[[1.375258889,43.62054],[1.375274167,43.620496667]],[[1.375274167,43.620496667],[1.3752925,43.620449167]],[[1.3752925,43.620449167],[1.375318889,43.620401944]],[[1.375318889,43.620401944],[1.375356944,43.620356111]],[[1.375356944,43.620356111],[1.375467222,43.620249722]],[[1.375467222,43.620249722],[1.375828889,43.619900833]],[[1.37417,43.621468611],[1.374644722,43.621007778]],[[1.374644722,43.621007778],[1.374691111,43.62095]],[[1.374691111,43.62095],[1.374719444,43.620892222]],[[1.374719444,43.620892222],[1.374735556,43.620828889]],[[1.374735556,43.620828889],[1.374744722,43.620763333]],[[1.374744722,43.620763333],[1.374736944,43.620708056]],[[1.374736944,43.620708056],[1.374723056,43.620662778]],[[1.374723056,43.620662778],[1.374705278,43.620611111]],[[1.374705278,43.620611111],[1.374682222,43.620573611]],[[1.374682222,43.620573611],[1.374646667,43.620529167]],[[1.374646667,43.620529167],[1.374615,43.620496944]],[[1.374615,43.620496944],[1.374578611,43.620464722]],[[1.374578611,43.620464722],[1.374535556,43.620431389]],[[1.374535556,43.620431389],[1.374596111,43.620453889]],[[1.374596111,43.620453889],[1.374658889,43.620473056]],[[1.374658889,43.620473056],[1.374740278,43.620489444]],[[1.374740278,43.620489444],[1.374819167,43.6205]],[[1.374819167,43.6205],[1.374893056,43.620501111]],[[1.374893056,43.620501111],[1.374958333,43.620494722]],[[1.374958333,43.620494722],[1.375046944,43.620482222]],[[1.375046944,43.620482222],[1.375119722,43.620463056]],[[1.375119722,43.620463056],[1.375194722,43.620434167]],[[1.375194722,43.620434167],[1.375266111,43.620396389]],[[1.375266111,43.620396389],[1.375325833,43.620355278]],[[1.375325833,43.620355278],[1.375810556,43.619891389]],[[1.354132778,43.643726944],[1.354220833,43.643666111]],[[1.354220833,43.643666111],[1.354299444,43.643626111]],[[1.354299444,43.643626111],[1.354399722,43.643581389]],[[1.354399722,43.643581389],[1.354508056,43.643545]],[[1.354508056,43.643545],[1.354618056,43.643520556]],[[1.354618056,43.643520556],[1.354732222,43.643510278]],[[1.354732222,43.643510278],[1.354844444,43.643505833]],[[1.354844444,43.643505833],[1.354935556,43.643510278]],[[1.354935556,43.643510278],[1.355024722,43.643521389]],[[1.355024722,43.643521389],[1.355119444,43.643541389]],[[1.355119444,43.643541389],[1.355198333,43.643556944]],[[1.355198333,43.643556944],[1.3552825,43.643590833]],[[1.3552825,43.643590833],[1.3553425,43.643616667]],[[1.3553425,43.643616667],[1.355261111,43.643555556]],[[1.355261111,43.643555556],[1.355204444,43.643506111]],[[1.355204444,43.643506111],[1.355161389,43.643459444]],[[1.355161389,43.643459444],[1.355121111,43.643410556]],[[1.355121111,43.643410556],[1.355086667,43.643359444]],[[1.355086667,43.643359444],[1.355058056,43.643294444]],[[1.355058056,43.643294444],[1.355038611,43.643231111]],[[1.355038611,43.643231111],[1.355024722,43.643165556]],[[1.355024722,43.643165556],[1.355018889,43.643095556]],[[1.355018889,43.643095556],[1.355021667,43.643025278]],[[1.355021667,43.643025278],[1.355039444,43.64297]],[[1.355039444,43.64297],[1.35506,43.642903056]],[[1.35506,43.642903056],[1.355089167,43.642847222]],[[1.355089167,43.642847222],[1.355123889,43.642791111]],[[1.355123889,43.642791111],[1.355173889,43.642729167]],[[1.355173889,43.642729167],[1.355126944,43.642763889]],[[1.355126944,43.642763889],[1.355078333,43.642798056]],[[1.355078333,43.642798056],[1.355,43.642840833]],[[1.355,43.642840833],[1.354925556,43.642876944]],[[1.354925556,43.642876944],[1.354831389,43.642908056]],[[1.354831389,43.642908056],[1.354749167,43.642929444]],[[1.354749167,43.642929444],[1.354657778,43.642946944]],[[1.354657778,43.642946944],[1.354571667,43.642958056]],[[1.354571667,43.642958056],[1.354461944,43.642961944]],[[1.354461944,43.642961944],[1.354374722,43.642958333]],[[1.354374722,43.642958333],[1.354278333,43.642949167]],[[1.354278333,43.642949167],[1.354182778,43.642930833]],[[1.354182778,43.642930833],[1.354080833,43.642900278]],[[1.354080833,43.642900278],[1.354014167,43.642874167]],[[1.354014167,43.642874167],[1.353931389,43.642839722]],[[1.353931389,43.642839722],[1.353999444,43.64289]],[[1.353999444,43.64289],[1.354061667,43.642938611]],[[1.354061667,43.642938611],[1.354120278,43.642994722]],[[1.354120278,43.642994722],[1.354164167,43.643045556]],[[1.354164167,43.643045556],[1.354196667,43.643095278]],[[1.354196667,43.643095278],[1.354228889,43.643160556]],[[1.354228889,43.643160556],[1.3542575,43.643229722]],[[1.3542575,43.643229722],[1.354268056,43.643293333]],[[1.354268056,43.643293333],[1.354276389,43.643361389]],[[1.354276389,43.643361389],[1.354270556,43.643434722]],[[1.354270556,43.643434722],[1.354256111,43.643496667]],[[1.354256111,43.643496667],[1.3542425,43.643549444]],[[1.3542425,43.643549444],[1.354213889,43.643612222]],[[1.354213889,43.643612222],[1.354180833,43.6436625]],[[1.354180833,43.6436625],[1.354156111,43.643694722]],[[1.354156111,43.643694722],[1.354132778,43.643726944]],[[1.358699444,43.638972222],[1.358586944,43.638965833]],[[1.358640556,43.639008333],[1.358642222,43.638928611]],[[1.358554722,43.639294444],[1.359012222,43.638850556]],[[1.359012222,43.638850556],[1.359084167,43.638768611]],[[1.359084167,43.638768611],[1.359116111,43.638632222]],[[1.359116111,43.638632222],[1.359178333,43.638505]],[[1.359178333,43.638505],[1.359181111,43.638450556]],[[1.359181111,43.638450556],[1.359169444,43.638407778]],[[1.359169444,43.638407778],[1.359157222,43.6383625]],[[1.359157222,43.6383625],[1.3591275,43.638307778]],[[1.3591275,43.638307778],[1.359089167,43.638260556]],[[1.359089167,43.638260556],[1.359028333,43.638208889]],[[1.359028333,43.638208889],[1.358965833,43.638169722]],[[1.358965833,43.638169722],[1.3588825,43.638125278]],[[1.3588825,43.638125278],[1.358525,43.6378575]],[[1.358525,43.6378575],[1.357861389,43.63749]],[[1.358313611,43.637056111],[1.358279167,43.637117222]],[[1.358279167,43.637117222],[1.35827,43.637164722]],[[1.35827,43.637164722],[1.358266389,43.637218333]],[[1.358266389,43.637218333],[1.358272778,43.637255556]],[[1.358272778,43.637255556],[1.358293889,43.637308056]],[[1.358293889,43.637308056],[1.358317778,43.637351667]],[[1.358317778,43.637351667],[1.358349444,43.637386667]],[[1.358349444,43.637386667],[1.358397222,43.637426111]],[[1.358397222,43.637426111],[1.358773889,43.637704167]],[[1.358773889,43.637704167],[1.359171389,43.637860278]],[[1.359171389,43.637860278],[1.359200278,43.637879167]],[[1.359200278,43.637879167],[1.359286389,43.637923611]],[[1.359286389,43.637923611],[1.359335833,43.637942778]],[[1.359335833,43.637942778],[1.359402222,43.637959444]],[[1.359402222,43.637959444],[1.359466111,43.6379725]],[[1.359466111,43.6379725],[1.359530278,43.637974444]],[[1.359530278,43.637974444],[1.359601111,43.637973889]],[[1.359601111,43.637973889],[1.359660833,43.637965278]],[[1.359660833,43.637965278],[1.359723889,43.637952222]],[[1.359723889,43.637952222],[1.359775833,43.637935278]],[[1.359775833,43.637935278],[1.359868889,43.637889444]],[[1.359868889,43.637889444],[1.360359444,43.63755]],[[1.360359444,43.63755],[1.363253611,43.634773889]],[[1.363253611,43.634773889],[1.366569167,43.631589167]],[[1.366569167,43.631589167],[1.366908611,43.631195556]],[[1.366908611,43.631195556],[1.366971111,43.631089167]],[[1.366971111,43.631089167],[1.366986111,43.631011944]],[[1.366986111,43.631011944],[1.366982222,43.630912778]],[[1.366982222,43.630912778],[1.366953889,43.630831944]],[[1.366953889,43.630831944],[1.366921667,43.630773889]],[[1.366921667,43.630773889],[1.36687,43.6307125]],[[1.36687,43.6307125],[1.366797222,43.630648056]],[[1.366797222,43.630648056],[1.366680556,43.630553889]],[[1.366680556,43.630553889],[1.366092222,43.630057778]],[[1.366092222,43.630057778],[1.366038889,43.630026944]],[[1.366038889,43.630026944],[1.365966944,43.630004722]],[[1.365966944,43.630004722],[1.365899444,43.629995833]],[[1.365899444,43.629995833],[1.365835,43.629991944]],[[1.365835,43.629991944],[1.365763333,43.6299975]],[[1.365763333,43.6299975],[1.365701111,43.63001]],[[1.365701111,43.63001],[1.365644444,43.630031111]],[[1.365644444,43.630031111],[1.365598333,43.630055556]],[[1.359390278,43.638865278],[1.364792222,43.6336625]],[[1.364792222,43.6336625],[1.364835556,43.633639722]],[[1.364835556,43.633639722],[1.3648825,43.633626111]],[[1.3648825,43.633626111],[1.364928889,43.633621667]],[[1.364928889,43.633621667],[1.364953611,43.633623333]],[[1.365293889,43.633756389],[1.365318889,43.633733611]],[[1.365335556,43.633716111],[1.365356111,43.633696111]],[[1.365084444,43.633497222],[1.365071667,43.633453611]],[[1.365071667,43.633453611],[1.365078889,43.633411389]],[[1.365078889,43.633411389],[1.365098056,43.633371944]],[[1.365098056,43.633371944],[1.365139722,43.633325556]],[[1.365139722,43.633325556],[1.365350556,43.633140556]],[[1.365350556,43.633140556],[1.365585556,43.632932222]],[[1.365585556,43.632932222],[1.3656975,43.632853056]],[[1.3656975,43.632853056],[1.3658175,43.632786389]],[[1.3658175,43.632786389],[1.365871667,43.63276]],[[1.365871667,43.63276],[1.3659425,43.632738333]],[[1.3659425,43.632738333],[1.366021667,43.632721389]],[[1.366021667,43.632721389],[1.3661,43.632714167]],[[1.3661,43.632714167],[1.366199444,43.632714444]],[[1.366199444,43.632714444],[1.366268611,43.632723056]],[[1.366268611,43.632723056],[1.366338889,43.632738611]],[[1.366338889,43.632738611],[1.366409167,43.632760833]],[[1.366737778,43.632514167],[1.366697222,43.632505556]],[[1.366697222,43.632505556],[1.366638889,43.632476389]],[[1.366638889,43.632476389],[1.366600833,43.63245]],[[1.366600833,43.63245],[1.366566944,43.632415]],[[1.366566944,43.632415],[1.366543056,43.632380278]],[[1.366543056,43.632380278],[1.366515,43.632321111]],[[1.366515,43.632321111],[1.366505556,43.632271111]],[[1.366505556,43.632271111],[1.366503056,43.632219722]],[[1.366503056,43.632219722],[1.366514167,43.632161389]],[[1.366514167,43.632161389],[1.366535278,43.632088333]],[[1.366535278,43.632088333],[1.366574167,43.632020556]],[[1.366574167,43.632020556],[1.366661389,43.631904722]],[[1.366661389,43.631904722],[1.366756944,43.631790833]],[[1.366756944,43.631790833],[1.366881389,43.631666111]],[[1.366881389,43.631666111],[1.367021111,43.631535556]],[[1.367021111,43.631535556],[1.367129167,43.631446667]],[[1.367129167,43.631446667],[1.367229167,43.631371667]],[[1.367229167,43.631371667],[1.367333333,43.6313025]],[[1.367333333,43.6313025],[1.367429722,43.631253889]],[[1.367429722,43.631253889],[1.367543056,43.631217778]],[[1.367543056,43.631217778],[1.367636389,43.631199722]],[[1.367636389,43.631199722],[1.367742222,43.631198333]],[[1.367742222,43.631198333],[1.367816667,43.631205556]],[[1.367816667,43.631205556],[1.367875278,43.631219722]],[[1.367875278,43.631219722],[1.367948333,43.631250556]],[[1.367948333,43.631250556],[1.367980556,43.631274722]],[[1.367980556,43.631274722],[1.367992778,43.631304167]],[[1.367992778,43.631304167],[1.367995,43.631365833]],[[1.367995,43.631365833],[1.367971111,43.631451389]],[[1.366692222,43.629005556],[1.366633889,43.629098889]],[[1.366633889,43.629098889],[1.366596111,43.629183056]],[[1.366596111,43.629183056],[1.36658,43.629256944]],[[1.36658,43.629256944],[1.366575556,43.629338056]],[[1.366575556,43.629338056],[1.3665525,43.629836111]],[[1.3665525,43.629836111],[1.366740556,43.630141667]],[[1.366740556,43.630141667],[1.366796944,43.63021]],[[1.366796944,43.63021],[1.366854167,43.630265833]],[[1.366854167,43.630265833],[1.366927778,43.630316111]],[[1.366927778,43.630316111],[1.367016667,43.6303625]],[[1.367016667,43.6303625],[1.367118889,43.630401389]],[[1.367118889,43.630401389],[1.367212778,43.630421389]],[[1.367212778,43.630421389],[1.367303889,43.630430833]],[[1.367303889,43.630430833],[1.367388889,43.630433611]],[[1.367388889,43.630433611],[1.367489167,43.630423611]],[[1.367489167,43.630423611],[1.367576389,43.630404167]],[[1.367576389,43.630404167],[1.367662222,43.630375556]],[[1.367662222,43.630375556],[1.367743611,43.630333889]],[[1.367743611,43.630333889],[1.367863611,43.630249444]],[[1.367863611,43.630249444],[1.368289444,43.629934444]],[[1.368289444,43.629934444],[1.370916944,43.6274075]],[[1.370916944,43.6274075],[1.372163056,43.626213611]],[[1.372163056,43.626213611],[1.372515833,43.625792778]],[[1.372515833,43.625792778],[1.372558333,43.625716944]],[[1.372558333,43.625716944],[1.372577778,43.625651667]],[[1.372577778,43.625651667],[1.372581944,43.625593056]],[[1.372581944,43.625593056],[1.372575556,43.625519167]],[[1.372575556,43.625519167],[1.372545833,43.625435278]],[[1.372545833,43.625435278],[1.372508611,43.625373611]],[[1.372508611,43.625373611],[1.372469722,43.625330556]],[[1.372469722,43.625330556],[1.37243,43.625292222]],[[1.37243,43.625292222],[1.3722575,43.6251825]],[[1.3722575,43.6251825],[1.372097778,43.625095]],[[1.372097778,43.625095],[1.372016667,43.625070556]],[[1.372016667,43.625070556],[1.371870278,43.625031944]],[[1.371870278,43.625031944],[1.37174,43.625021944]],[[1.37174,43.625021944],[1.371630556,43.625029722]],[[1.371630556,43.625029722],[1.371498889,43.625053056]],[[1.371498889,43.625053056],[1.370790278,43.625220833]],[[1.370790278,43.625220833],[1.370706944,43.625248333]],[[1.370706944,43.625248333],[1.370602778,43.625291111]],[[1.370602778,43.625291111],[1.370550833,43.625319444]],[[1.370550833,43.625319444],[1.370492778,43.625358889]],[[1.370492778,43.625358889],[1.3704475,43.625396111]],[[1.371702778,43.624190833],[1.371696389,43.624435833]],[[1.371696389,43.624435833],[1.371719444,43.624517778]],[[1.371719444,43.624517778],[1.371758611,43.624598611]],[[1.371758611,43.624598611],[1.371811389,43.624663889]],[[1.371811389,43.624663889],[1.371861944,43.624707222]],[[1.371861944,43.624707222],[1.371929722,43.624746389]],[[1.371929722,43.624746389],[1.372033056,43.624789444]],[[1.372033056,43.624789444],[1.372482778,43.624961389]],[[1.372482778,43.624961389],[1.372654167,43.625028056]],[[1.372654167,43.625028056],[1.372751667,43.625051389]],[[1.372751667,43.625051389],[1.372875833,43.625075]],[[1.372875833,43.625075],[1.372988333,43.625083333]],[[1.372988333,43.625083333],[1.373105278,43.625071944]],[[1.373105278,43.625071944],[1.373201389,43.625050278]],[[1.373201389,43.625050278],[1.373299722,43.625014167]],[[1.373299722,43.625014167],[1.373373889,43.624976389]],[[1.373373889,43.624976389],[1.373459722,43.624911111]],[[1.373459722,43.624911111],[1.3738225,43.624619722]],[[1.3738225,43.624619722],[1.375855833,43.622664167]],[[1.375855833,43.622664167],[1.376033056,43.622489722]],[[1.376033056,43.622489722],[1.376352778,43.622113333]],[[1.376352778,43.622113333],[1.376398889,43.622041944]],[[1.376398889,43.622041944],[1.376420278,43.621986389]],[[1.376420278,43.621986389],[1.376434722,43.621912778]],[[1.376434722,43.621912778],[1.376431944,43.621842222]],[[1.376431944,43.621842222],[1.376420556,43.621784444]],[[1.376420556,43.621784444],[1.376389722,43.621715556]],[[1.376389722,43.621715556],[1.376365,43.621678056]],[[1.376365,43.621678056],[1.376324444,43.621630278]],[[1.376324444,43.621630278],[1.376280278,43.621589167]],[[1.376280278,43.621589167],[1.376151111,43.621496944]],[[1.376151111,43.621496944],[1.375984444,43.621379444]],[[1.375984444,43.621379444],[1.375385833,43.621104722]],[[1.375385833,43.621104722],[1.375328889,43.621100556]],[[1.375328889,43.621100556],[1.375273611,43.621098889]],[[1.375273611,43.621098889],[1.375215,43.6211025]],[[1.375215,43.6211025],[1.375151111,43.621109444]],[[1.375151111,43.621109444],[1.375098611,43.621117778]],[[1.375098611,43.621117778],[1.3750375,43.621130556]],[[1.3750375,43.621130556],[1.374978056,43.621148611]],[[1.374978056,43.621148611],[1.374926944,43.621166944]],[[1.374926944,43.621166944],[1.374881111,43.621187778]],[[1.374881111,43.621187778],[1.374829722,43.621211667]],[[1.374829722,43.621211667],[1.374791389,43.621235556]],[[1.374791389,43.621235556],[1.374755278,43.621260278]],[[1.379955556,43.616261111],[1.3800025,43.616228333]],[[1.3800025,43.616228333],[1.380073056,43.616192222]],[[1.380073056,43.616192222],[1.380160556,43.616161667]],[[1.380160556,43.616161667],[1.380247778,43.616140556]],[[1.380247778,43.616140556],[1.380356944,43.616128889]],[[1.380356944,43.616128889],[1.380424444,43.616133056]],[[1.380424444,43.616133056],[1.380594444,43.616185]],[[1.380594444,43.616185],[1.380743611,43.616239444]],[[1.380743611,43.616239444],[1.380951111,43.616335833]],[[1.380951111,43.616335833],[1.381042778,43.616384167]],[[1.381042778,43.616384167],[1.381207778,43.616492778]],[[1.381207778,43.616492778],[1.381374444,43.616631389]],[[1.381374444,43.616631389],[1.381467222,43.616726111]],[[1.381467222,43.616726111],[1.3815225,43.616803056]],[[1.3815225,43.616803056],[1.381537222,43.616837778]],[[1.381537222,43.616837778],[1.381546389,43.616875]],[[1.381546389,43.616875],[1.381546667,43.616905]],[[1.381546667,43.616905],[1.381542778,43.616958333]],[[1.381542778,43.616958333],[1.381526111,43.617013333]],[[1.381526111,43.617013333],[1.381492778,43.617095]],[[1.381492778,43.617095],[1.381427778,43.617205556]],[[1.381427778,43.617205556],[1.381348611,43.617318889]],[[1.381348611,43.617318889],[1.381140556,43.617563333]],[[1.381140556,43.617563333],[1.381088056,43.617617222]],[[1.381088056,43.617617222],[1.380549722,43.618136111]],[[1.380549722,43.618136111],[1.37919,43.619443056]],[[1.37919,43.619443056],[1.377556111,43.621013056]],[[1.377556111,43.621013056],[1.377219167,43.621257778]],[[1.377219167,43.621257778],[1.377153889,43.621294722]],[[1.377153889,43.621294722],[1.377064444,43.621332778]],[[1.377064444,43.621332778],[1.376992778,43.621354722]],[[1.376992778,43.621354722],[1.376922778,43.6213675]],[[1.376922778,43.6213675],[1.376863056,43.621373056]],[[1.376863056,43.621373056],[1.376798333,43.621375556]],[[1.376798333,43.621375556],[1.376748056,43.621373333]],[[1.376748056,43.621373333],[1.376702778,43.621369722]],[[1.376702778,43.621369722],[1.376645833,43.621360833]],[[1.376645833,43.621360833],[1.376588056,43.621348056]],[[1.376588056,43.621348056],[1.376534722,43.621331111]],[[1.376534722,43.621331111],[1.376455278,43.621300833]],[[1.376455278,43.621300833],[1.376174444,43.621184167]],[[1.376174444,43.621184167],[1.375799444,43.620937222]],[[1.375799444,43.620937222],[1.375659722,43.620845278]],[[1.375659722,43.620845278],[1.375631111,43.620791944]],[[1.375631111,43.620791944],[1.375614722,43.620745556]],[[1.375614722,43.620745556],[1.375605,43.620708611]],[[1.375605,43.620708611],[1.375598889,43.620647778]],[[1.375598889,43.620647778],[1.375598889,43.620595278]],[[1.375598889,43.620595278],[1.375608056,43.620539167]],[[1.375608056,43.620539167],[1.375621389,43.620490278]],[[1.375621389,43.620490278],[1.3756375,43.620450833]],[[1.3756375,43.620450833],[1.375664444,43.620401111]],[[1.375664444,43.620401111],[1.375688611,43.620365278]],[[1.375688611,43.620365278],[1.375729167,43.620318056]],[[1.377499722,43.621565278],[1.377418889,43.621518333]],[[1.377418889,43.621518333],[1.380433611,43.618619722]],[[1.380433611,43.618619722],[1.380493889,43.618583333]],[[1.380493889,43.618583333],[1.38055,43.618560833]],[[1.38055,43.618560833],[1.380593333,43.618551111]],[[1.380593333,43.618551111],[1.380631944,43.618546389]],[[1.380985278,43.618639167],[1.381031111,43.618623333]],[[1.381065278,43.618611111],[1.381103611,43.618596944]],[[1.381139444,43.618585556],[1.381174444,43.6185725]],[[1.38121,43.618558889],[1.38125,43.618545833]],[[1.381112222,43.618063889],[1.381141667,43.617982222]],[[1.381141667,43.617982222],[1.38117,43.617928889]],[[1.38117,43.617928889],[1.381214444,43.617865]],[[1.381214444,43.617865],[1.381258333,43.617821111]],[[1.381258333,43.617821111],[1.381776111,43.617322778]],[[1.381776111,43.617322778],[1.3818275,43.617265833]],[[1.3818275,43.617265833],[1.381873333,43.617200278]],[[1.381873333,43.617200278],[1.381899444,43.617149167]],[[1.381899444,43.617149167],[1.381932222,43.617067222]],[[1.381932222,43.617067222],[1.3819475,43.616991111]],[[1.3819475,43.616991111],[1.381951389,43.616913611]],[[1.381951389,43.616913611],[1.381942222,43.616844722]],[[1.381942222,43.616844722],[1.381927778,43.616786111]],[[1.381927778,43.616786111],[1.381909444,43.616733889]],[[1.381909444,43.616733889],[1.381878611,43.616674167]],[[1.381878611,43.616674167],[1.381844167,43.616621111]],[[1.381844167,43.616621111],[1.381809167,43.616573333]],[[1.381809167,43.616573333],[1.381760833,43.616525278]],[[1.381760833,43.616525278],[1.381716389,43.616485278]],[[1.381716389,43.616485278],[1.381672778,43.6164525]],[[1.381672778,43.6164525],[1.381603056,43.616408056]],[[1.381603056,43.616408056],[1.380459167,43.615775]],[[1.366928611,43.630772778],[1.366956389,43.630738889]],[[1.366988056,43.630701389],[1.367015,43.630668333]],[[1.367044167,43.630632222],[1.3670725,43.630599167]],[[1.368271389,43.618623889],[1.368376944,43.618667778]],[[1.368376944,43.618667778],[1.368476944,43.618694722]],[[1.368476944,43.618694722],[1.368573056,43.618711389]],[[1.368573056,43.618711389],[1.368681389,43.618726667]],[[1.368681389,43.618726667],[1.3687875,43.618730556]],[[1.3687875,43.618730556],[1.368908611,43.618726667]],[[1.368908611,43.618726667],[1.369020278,43.618712778]],[[1.369020278,43.618712778],[1.369130278,43.61868]],[[1.369130278,43.61868],[1.369205,43.618649167]],[[1.369205,43.618649167],[1.3692825,43.618619167]],[[1.3692825,43.618619167],[1.369347222,43.6185875]],[[1.369347222,43.6185875],[1.369409444,43.618555833]],[[1.369409444,43.618555833],[1.369448333,43.618528056]],[[1.369448333,43.618528056],[1.369489167,43.618498056]],[[1.368271111,43.618626389],[1.368360556,43.618685556]],[[1.368360556,43.618685556],[1.3684175,43.618739722]],[[1.3684175,43.618739722],[1.368475556,43.6188]],[[1.368475556,43.6188],[1.3685225,43.618876667]],[[1.3685225,43.618876667],[1.368558611,43.618953611]],[[1.368558611,43.618953611],[1.368583056,43.619023333]],[[1.368583056,43.619023333],[1.368592222,43.619104722]],[[1.368592222,43.619104722],[1.368590278,43.619187778]],[[1.368590278,43.619187778],[1.3685725,43.619275278]],[[1.3685725,43.619275278],[1.368538611,43.619351944]],[[1.368538611,43.619351944],[1.368494722,43.619433889]],[[1.368494722,43.619433889],[1.368449444,43.6194925]],[[1.368449444,43.6194925],[1.368429444,43.619515278]],[[1.368429444,43.619515278],[1.368477778,43.61948]],[[1.368477778,43.61948],[1.368542778,43.619434444]],[[1.368542778,43.619434444],[1.3686025,43.619402222]],[[1.3686025,43.619402222],[1.368685,43.619365833]],[[1.368685,43.619365833],[1.368789722,43.619329722]],[[1.368789722,43.619329722],[1.3688975,43.619299167]],[[1.3688975,43.619299167],[1.369009444,43.619284444]],[[1.369009444,43.619284444],[1.369123889,43.619275556]],[[1.369123889,43.619275556],[1.369230278,43.619278889]],[[1.369230278,43.619278889],[1.369358889,43.619293333]],[[1.369358889,43.619293333],[1.369456389,43.619315]],[[1.369456389,43.619315],[1.369536389,43.619339167]],[[1.369536389,43.619339167],[1.36962,43.619372778]],[[1.36962,43.619372778],[1.369664722,43.619393056]],[[1.370107222,43.620891389],[1.370557222,43.620462222]],[[1.370557222,43.620462222],[1.370595556,43.620419444]],[[1.370595556,43.620419444],[1.370626667,43.620358056]],[[1.370626667,43.620358056],[1.370643333,43.620281667]],[[1.370643333,43.620281667],[1.370633056,43.620210833]],[[1.370633056,43.620210833],[1.370601389,43.620138333]],[[1.370601389,43.620138333],[1.370510833,43.619987778]],[[1.370510833,43.619987778],[1.370453333,43.619901667]],[[1.370453333,43.619901667],[1.370409444,43.619853333]],[[1.370409444,43.619853333],[1.370328056,43.6197825]],[[1.370328056,43.6197825],[1.37026,43.619730556]],[[1.37026,43.619730556],[1.370188889,43.619682222]],[[1.370188889,43.619682222],[1.370278889,43.619722222]],[[1.370278889,43.619722222],[1.370365,43.619756111]],[[1.370365,43.619756111],[1.370461944,43.619783611]],[[1.370461944,43.619783611],[1.370566944,43.619804167]],[[1.370566944,43.619804167],[1.370687222,43.619818333]],[[1.370687222,43.619818333],[1.370782778,43.619825278]],[[1.370782778,43.619825278],[1.370908611,43.619831389]],[[1.370908611,43.619831389],[1.371010556,43.619829444]],[[1.371010556,43.619829444],[1.371085278,43.619818611]],[[1.371085278,43.619818611],[1.371178056,43.619796111]],[[1.371178056,43.619796111],[1.371255556,43.619763611]],[[1.371255556,43.619763611],[1.371312778,43.619730833]],[[1.371312778,43.619730833],[1.371346111,43.619704444]],[[1.371346111,43.619704444],[1.371374722,43.619675833]],[[1.345851667,43.643857778],[1.344423333,43.643073611]],[[1.344423333,43.643073611],[1.344356389,43.6430475]],[[1.344356389,43.6430475],[1.344282778,43.643029444]],[[1.344282778,43.643029444],[1.34419,43.643014722]],[[1.34419,43.643014722],[1.344104444,43.643018056]],[[1.344104444,43.643018056],[1.344014722,43.643028611]],[[1.344014722,43.643028611],[1.343959722,43.643047778]],[[1.343959722,43.643047778],[1.3438825,43.643075]],[[1.344623056,43.642385],[1.344584444,43.642433056]],[[1.344584444,43.642433056],[1.344546111,43.642485278]],[[1.344546111,43.642485278],[1.344511667,43.642549167]],[[1.344511667,43.642549167],[1.344486111,43.6426175]],[[1.344486111,43.6426175],[1.344468333,43.642688889]],[[1.344468333,43.642688889],[1.344463611,43.642773889]],[[1.344463611,43.642773889],[1.344474722,43.642846389]],[[1.344474722,43.642846389],[1.344493611,43.64292]],[[1.344493611,43.64292],[1.344527778,43.6429975]],[[1.344527778,43.6429975],[1.344568611,43.64307]],[[1.344568611,43.64307],[1.344621111,43.643134722]],[[1.344621111,43.643134722],[1.344672222,43.643185278]],[[1.344672222,43.643185278],[1.344725278,43.643225]],[[1.344725278,43.643225],[1.344796111,43.643278611]],[[1.342106944,43.644906111],[1.343303056,43.643758333]],[[1.343303056,43.643758333],[1.343706944,43.643411944]],[[1.343706944,43.643411944],[1.343794444,43.643347222]],[[1.343794444,43.643347222],[1.343878056,43.643295833]],[[1.343878056,43.643295833],[1.343944444,43.643265556]],[[1.343944444,43.643265556],[1.344026111,43.643247222]],[[1.344026111,43.643247222],[1.344124167,43.643237778]],[[1.344124167,43.643237778],[1.344213333,43.643235278]],[[1.344213333,43.643235278],[1.344276667,43.643245556]],[[1.344276667,43.643245556],[1.344340556,43.643263056]],[[1.344340556,43.643263056],[1.344437778,43.643302778]],[[1.344437778,43.643302778],[1.345113611,43.643599167]],[[1.345113611,43.643599167],[1.345402222,43.643759722]],[[1.345402222,43.643759722],[1.345551944,43.6438575]],[[1.345551944,43.6438575],[1.345724722,43.643986944]],[[1.345617222,43.643727778],[1.345681111,43.643753889]],[[1.345681111,43.643753889],[1.345734444,43.643770278]],[[1.345734444,43.643770278],[1.345785,43.643783333]],[[1.345785,43.643783333],[1.345843611,43.643793056]],[[1.345843611,43.643793056],[1.345905278,43.643798333]],[[1.348021944,43.639119167],[1.347987778,43.639173611]],[[1.347987778,43.639173611],[1.347968611,43.639221667]],[[1.347968611,43.639221667],[1.347961667,43.639275556]],[[1.347961667,43.639275556],[1.347957778,43.639334444]],[[1.347957778,43.639334444],[1.347962778,43.639395]],[[1.347962778,43.639395],[1.3479775,43.639455833]],[[1.3479775,43.639455833],[1.348005278,43.639515556]],[[1.348005278,43.639515556],[1.348046111,43.639573889]],[[1.348046111,43.639573889],[1.348101111,43.639630556]],[[1.348101111,43.639630556],[1.3481675,43.6396825]],[[1.3481675,43.6396825],[1.348262222,43.639740278]],[[1.348262222,43.639740278],[1.348171389,43.639693333]],[[1.348171389,43.639693333],[1.348113333,43.639666667]],[[1.348113333,43.639666667],[1.348038333,43.639643333]],[[1.348038333,43.639643333],[1.347954167,43.639621944]],[[1.347954167,43.639621944],[1.347872778,43.639610833]],[[1.347872778,43.639610833],[1.347793889,43.639606944]],[[1.347793889,43.639606944],[1.347721389,43.639608056]],[[1.347721389,43.639608056],[1.347656111,43.639616944]],[[1.347656111,43.639616944],[1.347580556,43.639632222]],[[1.347580556,43.639632222],[1.3475275,43.639650278]],[[1.3475275,43.639650278],[1.347470556,43.639675]],[[1.347470556,43.639675],[1.347418889,43.639705833]],[[1.347418889,43.639705833],[1.34738,43.639734444]],[[1.353190556,43.6341575],[1.353155,43.634209722]],[[1.353155,43.634209722],[1.353112778,43.634277778]],[[1.353112778,43.634277778],[1.353083056,43.634342778]],[[1.353083056,43.634342778],[1.353068333,43.634415833]],[[1.353068333,43.634415833],[1.353067222,43.634488611]],[[1.353067222,43.634488611],[1.353076667,43.634560833]],[[1.353076667,43.634560833],[1.353097778,43.634636944]],[[1.353097778,43.634636944],[1.353128056,43.634711389]],[[1.353128056,43.634711389],[1.3531775,43.634782778]],[[1.3531775,43.634782778],[1.353253056,43.634850278]],[[1.353253056,43.634850278],[1.353175833,43.634813611]],[[1.353175833,43.634813611],[1.353086389,43.634781667]],[[1.353086389,43.634781667],[1.352988889,43.634761111]],[[1.352988889,43.634761111],[1.352891389,43.634754444]],[[1.352891389,43.634754444],[1.352816389,43.634755556]],[[1.352816389,43.634755556],[1.352732778,43.634762778]],[[1.352732778,43.634762778],[1.352652778,43.634778333]],[[1.352652778,43.634778333],[1.352578056,43.634803611]],[[1.352578056,43.634803611],[1.35252,43.634826667]],[[1.35252,43.634826667],[1.352448056,43.634868889]],[[1.353251667,43.634851111],[1.354837778,43.635715]],[[1.354837778,43.635715],[1.355056389,43.635820556]],[[1.355056389,43.635820556],[1.355320556,43.635957222]],[[1.355320556,43.635957222],[1.355665278,43.636145556]],[[1.345514444,43.643480556],[1.3454225,43.643443056]],[[1.3454225,43.643443056],[1.345271389,43.643359444]],[[1.345271389,43.643359444],[1.345148889,43.643268611]],[[1.345148889,43.643268611],[1.344785278,43.642983333]],[[1.344785278,43.642983333],[1.344748611,43.642938333]],[[1.344748611,43.642938333],[1.344728611,43.642892778]],[[1.344728611,43.642892778],[1.344718056,43.642805556]],[[1.344718056,43.642805556],[1.34473,43.642672778]],[[1.34473,43.642672778],[1.344765833,43.642576111]],[[1.344765833,43.642576111],[1.344883056,43.642423611]],[[1.344883056,43.642423611],[1.3452225,43.6419975]],[[1.3452225,43.6419975],[1.346762222,43.640515]],[[1.346762222,43.640515],[1.347394167,43.640027222]],[[1.347394167,43.640027222],[1.347521111,43.639962222]],[[1.347521111,43.639962222],[1.347621111,43.639932222]],[[1.347621111,43.639932222],[1.347746944,43.639906111]],[[1.347746944,43.639906111],[1.347851389,43.639895556]],[[1.347851389,43.639895556],[1.347981111,43.639895833]],[[1.347981111,43.639895833],[1.3480625,43.639903611]],[[1.3480625,43.639903611],[1.348178889,43.639942222]],[[1.348178889,43.639942222],[1.348427222,43.640043889]],[[1.348427222,43.640043889],[1.348568333,43.640107222]],[[1.348568333,43.640107222],[1.348669167,43.640165278]],[[1.348669167,43.640165278],[1.348776944,43.640240278]],[[1.348776944,43.640240278],[1.348905,43.640342222]],[[1.348905,43.640342222],[1.348979167,43.640419167]],[[1.348979167,43.640419167],[1.349024722,43.640496389]],[[1.349024722,43.640496389],[1.349049167,43.640584167]],[[1.349049167,43.640584167],[1.349051944,43.640676667]],[[1.349051944,43.640676667],[1.349033056,43.640760556]],[[1.349033056,43.640760556],[1.348991389,43.640833611]],[[1.348991389,43.640833611],[1.348939444,43.640903333]],[[1.348993333,43.640136944],[1.349071944,43.640194722]],[[1.349071944,43.640194722],[1.349135278,43.640248056]],[[1.349135278,43.640248056],[1.349190556,43.640310833]],[[1.349190556,43.640310833],[1.349243333,43.640385556]],[[1.349243333,43.640385556],[1.349275833,43.640453889]],[[1.349275833,43.640453889],[1.349304444,43.640538333]],[[1.349304444,43.640538333],[1.349316111,43.640618889]],[[1.349316111,43.640618889],[1.3493075,43.640755]],[[1.3493075,43.640755],[1.349285833,43.640828889]],[[1.349285833,43.640828889],[1.3492275,43.640940833]],[[1.3492275,43.640940833],[1.349200556,43.640978333]],[[1.349200556,43.640978333],[1.348764722,43.641393889]],[[1.348783056,43.641405833],[1.349232778,43.640974167]],[[1.349232778,43.640974167],[1.349284722,43.640939722]],[[1.349284722,43.640939722],[1.349361111,43.640898056]],[[1.349361111,43.640898056],[1.349434444,43.640865278]],[[1.349434444,43.640865278],[1.349507222,43.640840833]],[[1.349507222,43.640840833],[1.349623889,43.640811389]],[[1.349623889,43.640811389],[1.349691111,43.640798056]],[[1.349691111,43.640798056],[1.349781667,43.640790278]],[[1.349781667,43.640790278],[1.349860556,43.640786111]],[[1.349860556,43.640786111],[1.34995,43.640785833]],[[1.34995,43.640785833],[1.350060833,43.640798889]],[[1.350060833,43.640798889],[1.350170278,43.640819722]],[[1.350170278,43.640819722],[1.350263333,43.640845833]],[[1.350263333,43.640845833],[1.35033,43.640869722]],[[1.35033,43.640869722],[1.350386667,43.640896389]],[[1.350386667,43.640896389],[1.350291111,43.640832222]],[[1.350291111,43.640832222],[1.350223056,43.640775]],[[1.350223056,43.640775],[1.350155833,43.640697778]],[[1.350155833,43.640697778],[1.35011,43.6406225]],[[1.35011,43.6406225],[1.350081667,43.640558611]],[[1.350081667,43.640558611],[1.350065278,43.640496389]],[[1.350065278,43.640496389],[1.350051944,43.6404275]],[[1.350051944,43.6404275],[1.350054722,43.640333889]],[[1.350054722,43.640333889],[1.350075,43.640248333]],[[1.350075,43.640248333],[1.350108056,43.640167778]],[[1.350108056,43.640167778],[1.350146667,43.640101667]],[[1.350146667,43.640101667],[1.350190556,43.640049722]],[[1.350190556,43.640049722],[1.350629444,43.63963]],[[1.353288889,43.623477778],[1.353367222,43.623554722]],[[1.353367222,43.623554722],[1.353399722,43.623570833]],[[1.353399722,43.623570833],[1.353586667,43.623572222]],[[1.353586667,43.623572222],[1.353653889,43.623558889]],[[1.353653889,43.623558889],[1.353678333,43.623538056]],[[1.353678333,43.623538056],[1.353695556,43.623507778]],[[1.353695556,43.623507778],[1.353693611,43.623471944]],[[1.353693611,43.623471944],[1.353685833,43.623453056]],[[1.354203333,43.623451111],[1.354181111,43.623495278]],[[1.354181111,43.623495278],[1.354185833,43.623536389]],[[1.354185833,43.623536389],[1.354200833,43.6235675]],[[1.354200833,43.6235675],[1.354225556,43.623583889]],[[1.354225556,43.623583889],[1.354275833,43.623591944]],[[1.354275833,43.623591944],[1.354284722,43.623411944]],[[1.354454167,43.623460278],[1.354448333,43.623598611]],[[1.354448333,43.623598611],[1.354580833,43.623606389]],[[1.354580833,43.623606389],[1.354643333,43.623601389]],[[1.354643333,43.623601389],[1.3546725,43.62359]],[[1.3546725,43.62359],[1.354698611,43.623566389]],[[1.354698611,43.623566389],[1.3547075,43.623543611]],[[1.3547075,43.623543611],[1.354710556,43.623466111]],[[1.355213889,43.623473056],[1.355202778,43.623544167]],[[1.355202778,43.623544167],[1.355250556,43.623596667]],[[1.355250556,43.623596667],[1.3553025,43.623636389]],[[1.3553025,43.623636389],[1.355348611,43.623658611]],[[1.355348611,43.623658611],[1.355414444,43.623665833]],[[1.355414444,43.623665833],[1.355568333,43.623661111]],[[1.355568333,43.623661111],[1.355664722,43.623651389]],[[1.355664722,43.623651389],[1.3557425,43.623628889]],[[1.3557425,43.623628889],[1.355808333,43.623603056]],[[1.355808333,43.623603056],[1.355872778,43.623561944]],[[1.355872778,43.623561944],[1.355910278,43.6235225]],[[1.355910278,43.6235225],[1.355916667,43.623509722]],[[1.355916667,43.623509722],[1.355904167,43.623499167]],[[1.355904167,43.623499167],[1.355824722,43.62349]],[[1.355824722,43.62349],[1.355725556,43.623491667]],[[1.3565525,43.623598333],[1.356529444,43.623575833]],[[1.356529444,43.623575833],[1.356501111,43.6235275]],[[1.356501111,43.6235275],[1.356492222,43.6234675]],[[1.356492222,43.6234675],[1.356504444,43.623347222]],[[1.356504444,43.623347222],[1.356522222,43.623278056]],[[1.356522222,43.623278056],[1.356571111,43.623205278]],[[1.356571111,43.623205278],[1.356761111,43.622997222]],[[1.356761111,43.622997222],[1.357175,43.622581111]],[[1.357175,43.622581111],[1.357269167,43.622520833]],[[1.357269167,43.622520833],[1.357389167,43.622477222]],[[1.357389167,43.622477222],[1.357516389,43.622456667]],[[1.357516389,43.622456667],[1.357650556,43.6224525]],[[1.357650556,43.6224525],[1.357754722,43.622474167]],[[1.357754722,43.622474167],[1.357834167,43.622499167]],[[1.357834167,43.622499167],[1.357889167,43.622538333]],[[1.357889167,43.622538333],[1.357924444,43.622580556]],[[1.357924444,43.622580556],[1.3579375,43.622629444]],[[1.3579375,43.622629444],[1.357925278,43.622726111]],[[1.356634444,43.622577778],[1.356812222,43.622528889]],[[1.356812222,43.622528889],[1.356869722,43.622496111]],[[1.356869722,43.622496111],[1.35738,43.622021944]],[[1.35738,43.622021944],[1.357502778,43.621911667]],[[1.357502778,43.621911667],[1.357606111,43.621848056]],[[1.357606111,43.621848056],[1.357808611,43.621768333]],[[1.357808611,43.621768333],[1.358065,43.621668889]],[[1.358065,43.621668889],[1.358514722,43.621479167]],[[1.359091944,43.621635556],[1.359042778,43.621649444]],[[1.359042778,43.621649444],[1.358995278,43.621657778]],[[1.358995278,43.621657778],[1.358949167,43.621654722]],[[1.358949167,43.621654722],[1.3589075,43.621646111]],[[1.3589075,43.621646111],[1.358861389,43.621623333]],[[1.358861389,43.621623333],[1.35876,43.621557222]],[[1.35876,43.621557222],[1.358787222,43.621596111]],[[1.358787222,43.621596111],[1.358798611,43.621630556]],[[1.358798611,43.621630556],[1.358802222,43.621663333]],[[1.358802222,43.621663333],[1.358795833,43.621696944]],[[1.358795833,43.621696944],[1.358771667,43.621729444]],[[1.358771667,43.621729444],[1.358740833,43.621749722]],[[1.358740833,43.621749722],[1.358709167,43.621764444]],[[1.358709167,43.621764444],[1.358674722,43.621775556]],[[1.35934,43.621317778],[1.359362222,43.621426667]],[[1.359362222,43.621426667],[1.359398889,43.621529722]],[[1.359398889,43.621529722],[1.359458889,43.621612778]],[[1.359458889,43.621612778],[1.359541111,43.621688889]],[[1.359541111,43.621688889],[1.359648333,43.621761944]],[[1.359648333,43.621761944],[1.359776944,43.621820833]],[[1.359776944,43.621820833],[1.359912778,43.621853611]],[[1.359912778,43.621853611],[1.360026944,43.621872778]],[[1.358715,43.622690833],[1.358525556,43.6225875]],[[1.358525556,43.6225875],[1.358401667,43.622458333]],[[1.358401667,43.622458333],[1.358333889,43.622338889]],[[1.358333889,43.622338889],[1.358335833,43.622266667]],[[1.358335833,43.622266667],[1.358360833,43.622173056]],[[1.358360833,43.622173056],[1.358393056,43.622123056]],[[1.358393056,43.622123056],[1.358480556,43.622079444]],[[1.358480556,43.622079444],[1.358618333,43.62204]],[[1.358618333,43.62204],[1.359011389,43.622023056]],[[1.359011389,43.622023056],[1.361783889,43.621927778]],[[1.361783889,43.621927778],[1.361805833,43.621941389]],[[1.361805833,43.621941389],[1.361826389,43.622011944]],[[1.362065,43.622009167],[1.362036944,43.621935278]],[[1.362036944,43.621935278],[1.362055278,43.621915833]],[[1.362055278,43.621915833],[1.362775833,43.621892778]],[[1.362775833,43.621892778],[1.362792222,43.621901111]],[[1.362792222,43.621901111],[1.362788333,43.621912222]],[[1.362788333,43.621912222],[1.362735,43.621983611]],[[1.363002222,43.621977222],[1.3630575,43.621895]],[[1.3630575,43.621895],[1.363089444,43.621885833]],[[1.363089444,43.621885833],[1.363582222,43.621872222]],[[1.363582222,43.621872222],[1.363594167,43.621888056]],[[1.363594167,43.621888056],[1.363515833,43.621964444]],[[1.363814444,43.621948889],[1.363893333,43.621878056]],[[1.363893333,43.621878056],[1.363923056,43.621868889]],[[1.363923056,43.621868889],[1.364264444,43.621873056]],[[1.364264444,43.621873056],[1.364278611,43.621885278]],[[1.364278611,43.621885278],[1.364275,43.621898333]],[[1.364275,43.621898333],[1.364221667,43.621945556]],[[1.348997778,43.640137778],[1.349078333,43.640172222]],[[1.349078333,43.640172222],[1.349161111,43.640200833]],[[1.349161111,43.640200833],[1.349241944,43.640221944]],[[1.349241944,43.640221944],[1.349326389,43.640236667]],[[1.349326389,43.640236667],[1.349419167,43.6402475]],[[1.349419167,43.6402475],[1.349491111,43.640250556]],[[1.349491111,43.640250556],[1.349569444,43.640249167]],[[1.349569444,43.640249167],[1.349690556,43.640238333]],[[1.349690556,43.640238333],[1.349774167,43.640222778]],[[1.349774167,43.640222778],[1.349860833,43.640199444]],[[1.349860833,43.640199444],[1.349943056,43.640171389]],[[1.349943056,43.640171389],[1.350037222,43.640128333]],[[1.350037222,43.640128333],[1.350118333,43.640082222]],[[1.350118333,43.640082222],[1.3501725,43.640041111]],[[1.3501725,43.640041111],[1.350609167,43.639623611]],[[1.341300556,43.644081111],[1.34186,43.644391111]],[[1.34186,43.644391111],[1.34192,43.6444375]],[[1.34192,43.6444375],[1.341959444,43.644485278]],[[1.341959444,43.644485278],[1.341981111,43.6445425]],[[1.341981111,43.6445425],[1.3419875,43.644602778]],[[1.3419875,43.644602778],[1.341974444,43.644663333]],[[1.341974444,43.644663333],[1.341947222,43.644716944]],[[1.341947222,43.644716944],[1.341913056,43.644755833]],[[1.341913056,43.644755833],[1.341694167,43.644965556]],[[1.341479167,43.643924167],[1.3419875,43.644202778]],[[1.3419875,43.644202778],[1.342075556,43.644244722]],[[1.342075556,43.644244722],[1.342158333,43.644268611]],[[1.342158333,43.644268611],[1.342241111,43.644275556]],[[1.342241111,43.644275556],[1.342333889,43.644266944]],[[1.342333889,43.644266944],[1.342418056,43.6442375]],[[1.342418056,43.6442375],[1.342486111,43.644202778]],[[1.342486111,43.644202778],[1.3425475,43.644149167]],[[1.3425475,43.644149167],[1.343514444,43.643225]],[[1.343514444,43.643225],[1.343661111,43.643098611]],[[1.343661111,43.643098611],[1.343766111,43.643013333]],[[1.343766111,43.643013333],[1.343868056,43.64292]],[[1.343868056,43.64292],[1.344336944,43.642469444]],[[1.344336944,43.642469444],[1.346801389,43.640103889]],[[1.346801389,43.640103889],[1.349527222,43.637485278]],[[1.349527222,43.637485278],[1.349576667,43.637429167]],[[1.349576667,43.637429167],[1.349742778,43.6372]],[[1.349742778,43.6372],[1.349825278,43.637049722]],[[1.349825278,43.637049722],[1.3498475,43.636958333]],[[1.3498475,43.636958333],[1.349846667,43.636886944]],[[1.349846667,43.636886944],[1.349813333,43.636820278]],[[1.349813333,43.636820278],[1.3497625,43.636750556]],[[1.3497625,43.636750556],[1.349670556,43.636664444]],[[1.349670556,43.636664444],[1.349561944,43.636575556]],[[1.349561944,43.636575556],[1.349468333,43.636510556]],[[1.349468333,43.636510556],[1.349026111,43.636230278]],[[1.349026111,43.636230278],[1.3489375,43.6361825]],[[1.3489375,43.6361825],[1.348877778,43.636161111]],[[1.348877778,43.636161111],[1.348796111,43.6361475]],[[1.348796111,43.6361475],[1.3487125,43.636143889]],[[1.3487125,43.636143889],[1.348645,43.636154722]],[[1.348645,43.636154722],[1.348597778,43.636170833]],[[1.348597778,43.636170833],[1.348404444,43.636359444]],[[1.356641667,43.630008611],[1.356704167,43.630077778]],[[1.356704167,43.630077778],[1.356750556,43.630195]],[[1.356750556,43.630195],[1.356771111,43.630278333]],[[1.356771111,43.630278333],[1.356760278,43.6303875]],[[1.356760278,43.6303875],[1.356723889,43.630521944]],[[1.356723889,43.630521944],[1.356685556,43.630603889]],[[1.356685556,43.630603889],[1.356624167,43.630672222]],[[1.356624167,43.630672222],[1.356395556,43.630893611]],[[1.356395556,43.630893611],[1.353971111,43.633218333]],[[1.353971111,43.633218333],[1.351901667,43.635209167]],[[1.351901667,43.635209167],[1.351119722,43.635954722]],[[1.351119722,43.635954722],[1.351019167,43.636043056]],[[1.351019167,43.636043056],[1.350880833,43.636153611]],[[1.350880833,43.636153611],[1.350745556,43.636245278]],[[1.350745556,43.636245278],[1.350595833,43.636341667]],[[1.350595833,43.636341667],[1.350450278,43.636403611]],[[1.350450278,43.636403611],[1.350318889,43.636426389]],[[1.350318889,43.636426389],[1.350179444,43.636427778]],[[1.350179444,43.636427778],[1.350089167,43.636415]],[[1.350089167,43.636415],[1.349978889,43.6363725]],[[1.349978889,43.6363725],[1.349901944,43.6363275]],[[1.349901944,43.6363275],[1.349828333,43.636245556]],[[1.349828333,43.636245556],[1.349784444,43.636176111]],[[1.349784444,43.636176111],[1.349766667,43.6361125]],[[1.349766667,43.6361125],[1.349782222,43.636018889]],[[1.349782222,43.636018889],[1.349804722,43.635933056]],[[1.349804722,43.635933056],[1.349870833,43.635814444]],[[1.349870833,43.635814444],[1.350030278,43.635603611]],[[1.350030278,43.635603611],[1.350186111,43.635432222]],[[1.350186111,43.635432222],[1.35037,43.635244722]],[[1.35037,43.635244722],[1.350726944,43.6348925]],[[1.350726944,43.6348925],[1.352293333,43.633389167]],[[1.352293333,43.633389167],[1.354856111,43.630921944]],[[1.354856111,43.630921944],[1.355004167,43.6301975]],[[1.355004167,43.6301975],[1.35516,43.630050833]],[[1.35516,43.630050833],[1.355277778,43.629981111]],[[1.355277778,43.629981111],[1.355393889,43.629933889]],[[1.355393889,43.629933889],[1.355497222,43.629904444]],[[1.355497222,43.629904444],[1.3556375,43.629880556]],[[1.3556375,43.629880556],[1.355788056,43.629876944]],[[1.355788056,43.629876944],[1.355924167,43.629888611]],[[1.355924167,43.629888611],[1.356431111,43.629930556]],[[1.356431111,43.629930556],[1.356516944,43.629947222]],[[1.356516944,43.629947222],[1.356580278,43.629969444]],[[1.356580278,43.629969444],[1.356618333,43.629987778]],[[1.356618333,43.629987778],[1.356641667,43.630008611]],[[1.349054167,43.632221111],[1.349805278,43.631495]],[[1.349805278,43.631495],[1.350344722,43.6309]],[[1.350344722,43.6309],[1.351386667,43.629892778]],[[1.351386667,43.629892778],[1.351440833,43.629816944]],[[1.351440833,43.629816944],[1.351470556,43.629740556]],[[1.351470556,43.629740556],[1.351511944,43.629680833]],[[1.351511944,43.629680833],[1.351579444,43.62962]],[[1.351579444,43.62962],[1.351661111,43.629578333]],[[1.351661111,43.629578333],[1.3517475,43.629548333]],[[1.3517475,43.629548333],[1.351823333,43.629534444]],[[1.351823333,43.629534444],[1.351885556,43.629530556]],[[1.351885556,43.629530556],[1.354225,43.629569444]],[[1.354225,43.629569444],[1.354539722,43.629574167]],[[1.354539722,43.629574167],[1.355415,43.629663333]],[[1.355415,43.629663333],[1.35579,43.629675833]],[[1.35579,43.629675833],[1.35632,43.629741944]],[[1.35632,43.629741944],[1.356838333,43.629765556]],[[1.356838333,43.629765556],[1.356998056,43.629785556]],[[1.356998056,43.629785556],[1.357140833,43.629815833]],[[1.357140833,43.629815833],[1.357296389,43.629855556]],[[1.357296389,43.629855556],[1.357464722,43.629915278]],[[1.357464722,43.629915278],[1.357644444,43.629996389]],[[1.357644444,43.629996389],[1.357793611,43.630076111]],[[1.357793611,43.630076111],[1.358843611,43.630655556]],[[1.358843611,43.630655556],[1.358958889,43.630733611]],[[1.358958889,43.630733611],[1.359038056,43.630796389]],[[1.359038056,43.630796389],[1.359120556,43.630879167]],[[1.359120556,43.630879167],[1.359186111,43.630963333]],[[1.359186111,43.630963333],[1.359228056,43.631040833]],[[1.359228056,43.631040833],[1.359249722,43.631111944]],[[1.359249722,43.631111944],[1.359251389,43.63119]],[[1.359251389,43.63119],[1.359233889,43.631271111]],[[1.359233889,43.631271111],[1.359204444,43.631347222]],[[1.359204444,43.631347222],[1.359164722,43.631408056]],[[1.359164722,43.631408056],[1.358715556,43.631836667]],[[1.35893,43.631304444],[1.358956667,43.631257778]],[[1.358956667,43.631257778],[1.358950278,43.631177222]],[[1.358950278,43.631177222],[1.358890278,43.630945833]],[[1.358890278,43.630945833],[1.358842778,43.630852222]],[[1.358842778,43.630852222],[1.3587975,43.630801944]],[[1.3587975,43.630801944],[1.358736667,43.630758889]],[[1.358736667,43.630758889],[1.358674167,43.630724167]],[[1.358674167,43.630724167],[1.358338333,43.6305775]],[[1.358338333,43.6305775],[1.35801,43.630455833]],[[1.35801,43.630455833],[1.357870556,43.630424167]],[[1.357870556,43.630424167],[1.357750278,43.630416111]],[[1.357750278,43.630416111],[1.357632222,43.630426667]],[[1.357632222,43.630426667],[1.357503611,43.630446667]],[[1.357503611,43.630446667],[1.357398889,43.630477222]],[[1.357398889,43.630477222],[1.357310556,43.630506389]],[[1.357310556,43.630506389],[1.357208056,43.63056]],[[1.357208056,43.63056],[1.357107778,43.630629444]],[[1.357107778,43.630629444],[1.356818889,43.630857222]],[[1.356818889,43.630857222],[1.355226667,43.632385556]],[[1.355226667,43.632385556],[1.353875,43.6336825]],[[1.353875,43.6336825],[1.353464444,43.634216944]],[[1.353464444,43.634216944],[1.353417222,43.634305]],[[1.353417222,43.634305],[1.353397778,43.634420556]],[[1.353397778,43.634420556],[1.3534,43.634511944]],[[1.3534,43.634511944],[1.353432222,43.634603611]],[[1.353432222,43.634603611],[1.353490556,43.634701944]],[[1.353490556,43.634701944],[1.353564444,43.634774444]],[[1.353564444,43.634774444],[1.353658889,43.634851667]],[[1.353658889,43.634851667],[1.353851667,43.634973056]],[[1.353851667,43.634973056],[1.354095556,43.635091667]],[[1.354095556,43.635091667],[1.354300278,43.635173611]],[[1.354300278,43.635173611],[1.354448611,43.635206944]],[[1.354448611,43.635206944],[1.3545875,43.635214444]],[[1.3545875,43.635214444],[1.354714167,43.635200278]],[[1.354714167,43.635200278],[1.354810278,43.635175556]],[[1.354810278,43.635175556],[1.354885556,43.635146389]],[[1.354885556,43.635146389],[1.354942222,43.635120556]],[[1.354942222,43.635120556],[1.354981389,43.635101389]],[[1.349925556,43.639959722],[1.349789167,43.64002]],[[1.349789167,43.64002],[1.349665833,43.640050556]],[[1.349665833,43.640050556],[1.349516389,43.640062778]],[[1.349516389,43.640062778],[1.349354722,43.640054167]],[[1.349354722,43.640054167],[1.349164722,43.639995278]],[[1.349164722,43.639995278],[1.348984167,43.639923333]],[[1.348984167,43.639923333],[1.348843333,43.639853056]],[[1.348843333,43.639853056],[1.348675833,43.639749444]],[[1.348675833,43.639749444],[1.348490278,43.639608611]],[[1.348490278,43.639608611],[1.348403056,43.639534444]],[[1.348403056,43.639534444],[1.348360556,43.639478056]],[[1.348360556,43.639478056],[1.348333333,43.639396944]],[[1.348333333,43.639396944],[1.348330278,43.639313611]],[[1.348330278,43.639313611],[1.348345,43.639206944]],[[1.348345,43.639206944],[1.348364722,43.639144722]],[[1.348364722,43.639144722],[1.348423611,43.639040556]],[[1.348423611,43.639040556],[1.348839722,43.638523056]],[[1.348839722,43.638523056],[1.350761389,43.636673611]],[[1.350761389,43.636673611],[1.351800833,43.635675556]],[[1.351800833,43.635675556],[1.352449444,43.635183333]],[[1.352449444,43.635183333],[1.352563889,43.635118889]],[[1.352563889,43.635118889],[1.352669167,43.635081944]],[[1.352669167,43.635081944],[1.352779722,43.635054722]],[[1.352779722,43.635054722],[1.352901944,43.635042778]],[[1.352901944,43.635042778],[1.353045278,43.635046111]],[[1.353045278,43.635046111],[1.35315,43.635064722]],[[1.35315,43.635064722],[1.353217778,43.635081111]],[[1.353217778,43.635081111],[1.353533889,43.635202222]],[[1.353533889,43.635202222],[1.353671389,43.63528]],[[1.353671389,43.63528],[1.353771111,43.635347222]],[[1.353771111,43.635347222],[1.353935833,43.635465278]],[[1.353935833,43.635465278],[1.354018056,43.635535833]],[[1.354018056,43.635535833],[1.354074167,43.635613611]],[[1.354074167,43.635613611],[1.354106667,43.635688889]],[[1.354106667,43.635688889],[1.354123889,43.635778056]],[[1.354123889,43.635778056],[1.354114722,43.635861667]],[[1.354114722,43.635861667],[1.354076667,43.635969167]],[[1.3540325,43.635277222],[1.354100833,43.635322222]],[[1.354100833,43.635322222],[1.354158611,43.635369167]],[[1.354158611,43.635369167],[1.354214722,43.635425556]],[[1.354214722,43.635425556],[1.354260556,43.63548]],[[1.354260556,43.63548],[1.354310556,43.635553056]],[[1.354310556,43.635553056],[1.354345278,43.635641667]],[[1.354345278,43.635641667],[1.354366667,43.635723056]],[[1.354366667,43.635723056],[1.354370278,43.635798333]],[[1.354370278,43.635798333],[1.3543625,43.635886389]],[[1.3543625,43.635886389],[1.354341667,43.635970278]],[[1.354341667,43.635970278],[1.354317222,43.636033333]],[[1.354317222,43.636033333],[1.354276944,43.636094722]],[[1.354276944,43.636094722],[1.354227222,43.636148333]],[[1.354227222,43.636148333],[1.353814167,43.636545556]],[[1.353950556,43.636443611],[1.354438889,43.635976389]],[[1.354438889,43.635976389],[1.354506389,43.635932222]],[[1.354506389,43.635932222],[1.3545775,43.635897778]],[[1.3545775,43.635897778],[1.354656111,43.635870833]],[[1.354656111,43.635870833],[1.354751111,43.635847222]],[[1.354751111,43.635847222],[1.354828333,43.635838333]],[[1.354828333,43.635838333],[1.354914444,43.635837222]],[[1.354914444,43.635837222],[1.354988056,43.635840556]],[[1.354988056,43.635840556],[1.355068889,43.635853889]],[[1.355068889,43.635853889],[1.3551475,43.635874444]],[[1.3551475,43.635874444],[1.355228611,43.635909167]],[[1.355228611,43.635909167],[1.3551825,43.635872778]],[[1.3551825,43.635872778],[1.355121111,43.635818889]],[[1.355121111,43.635818889],[1.355071944,43.635753611]],[[1.355071944,43.635753611],[1.355042222,43.635693611]],[[1.355042222,43.635693611],[1.3550225,43.635620833]],[[1.3550225,43.635620833],[1.355017222,43.635543889]],[[1.355017222,43.635543889],[1.355033333,43.635465556]],[[1.355033333,43.635465556],[1.355064722,43.635398889]],[[1.355064722,43.635398889],[1.3550975,43.635342222]],[[1.3550975,43.635342222],[1.355135,43.635305]],[[1.355135,43.635305],[1.355572778,43.634883333]],[[1.354035278,43.635276389],[1.354116389,43.635314167]],[[1.354116389,43.635314167],[1.35421,43.635345833]],[[1.35421,43.635345833],[1.354283611,43.635366111]],[[1.354283611,43.635366111],[1.354370278,43.635383611]],[[1.354370278,43.635383611],[1.354477778,43.635394444]],[[1.354477778,43.635394444],[1.35459,43.635396944]],[[1.35459,43.635396944],[1.354691944,43.635391944]],[[1.354691944,43.635391944],[1.354786944,43.635378056]],[[1.354786944,43.635378056],[1.354868611,43.635359444]],[[1.354868611,43.635359444],[1.354963889,43.635331667]],[[1.354963889,43.635331667],[1.355034444,43.635301389]],[[1.355034444,43.635301389],[1.355106389,43.635269444]],[[1.355106389,43.635269444],[1.355173333,43.635229167]],[[1.355173333,43.635229167],[1.355210556,43.635201944]],[[1.355210556,43.635201944],[1.355658333,43.634772778]],[[1.365572778,43.622261389],[1.365608056,43.622208889]],[[1.365608056,43.622208889],[1.365630278,43.622161111]],[[1.365630278,43.622161111],[1.365646944,43.622109167]],[[1.365646944,43.622109167],[1.365649722,43.6220525]],[[1.365649722,43.6220525],[1.365638056,43.621990278]],[[1.365638056,43.621990278],[1.365615833,43.621934167]],[[1.365615833,43.621934167],[1.365573889,43.621875]],[[1.365573889,43.621875],[1.365531944,43.621835]],[[1.365531944,43.621835],[1.365464444,43.621785278]],[[1.365464444,43.621785278],[1.365395,43.621753056]],[[1.365395,43.621753056],[1.365315833,43.621724444]],[[1.365315833,43.621724444],[1.365231389,43.621712778]],[[1.365231389,43.621712778],[1.365155278,43.621706389]],[[1.365155278,43.621706389],[1.365080833,43.621708889]],[[1.365080833,43.621708889],[1.360897778,43.621854444]],[[1.360897778,43.621854444],[1.360100556,43.621880278]],[[1.360100556,43.621880278],[1.359326667,43.6218175]],[[1.359326667,43.6218175],[1.358761944,43.621772222]],[[1.358761944,43.621772222],[1.358654167,43.621776944]],[[1.358654167,43.621776944],[1.358500278,43.621801111]],[[1.358500278,43.621801111],[1.358386389,43.621836389]],[[1.358386389,43.621836389],[1.358305833,43.621870833]],[[1.358305833,43.621870833],[1.358228333,43.621915556]],[[1.358228333,43.621915556],[1.358154167,43.621968889]],[[1.358154167,43.621968889],[1.358094722,43.622034444]],[[1.358094722,43.622034444],[1.358037778,43.622111944]],[[1.358037778,43.622111944],[1.358003889,43.622191389]],[[1.358003889,43.622191389],[1.357983889,43.622278333]],[[1.357983889,43.622278333],[1.357985833,43.622364444]],[[1.357985833,43.622364444],[1.358006944,43.622460278]],[[1.358006944,43.622460278],[1.358054167,43.622551944]],[[1.358054167,43.622551944],[1.358124722,43.622640833]],[[1.358124722,43.622640833],[1.358215278,43.622714444]],[[1.358215278,43.622714444],[1.358322778,43.622780833]],[[1.358322778,43.622780833],[1.358441944,43.622826667]],[[1.358441944,43.622826667],[1.358567222,43.622863333]],[[1.358567222,43.622863333],[1.358711667,43.622905556]],[[1.358711667,43.622905556],[1.358845,43.622956667]],[[1.358845,43.622956667],[1.358983056,43.623028333]],[[1.358983056,43.623028333],[1.360951667,43.624111111]],[[1.360951667,43.624111111],[1.361525,43.624308056]],[[1.361525,43.624308056],[1.361646667,43.624358889]],[[1.361646667,43.624358889],[1.361753889,43.624423611]],[[1.361753889,43.624423611],[1.361853611,43.6245025]],[[1.361853611,43.6245025],[1.361961111,43.624577222]],[[1.361961111,43.624577222],[1.362073056,43.624645]],[[1.362073056,43.624645],[1.363687778,43.625529167]],[[1.363687778,43.625529167],[1.364135833,43.625776111]],[[1.364135833,43.625776111],[1.3642275,43.625840556]],[[1.3642275,43.625840556],[1.364288333,43.625898333]],[[1.364288333,43.625898333],[1.364333333,43.625956389]],[[1.364333333,43.625956389],[1.364368611,43.626021944]],[[1.364368611,43.626021944],[1.3643975,43.626101944]],[[1.3643975,43.626101944],[1.364407778,43.626193889]],[[1.364407778,43.626193889],[1.364402778,43.626267778]],[[1.364402778,43.626267778],[1.364384722,43.626335278]],[[1.364384722,43.626335278],[1.364353611,43.626404722]],[[1.364353611,43.626404722],[1.36432,43.626455556]],[[1.36432,43.626455556],[1.363876667,43.626882778]],[[1.364141111,43.625776389],[1.364224167,43.625813056]],[[1.364224167,43.625813056],[1.364315278,43.62584]],[[1.364315278,43.62584],[1.364400278,43.625857222]],[[1.364400278,43.625857222],[1.364483889,43.625868611]],[[1.364483889,43.625868611],[1.364572778,43.625871944]],[[1.364572778,43.625871944],[1.36465,43.625867222]],[[1.36465,43.625867222],[1.364739722,43.625854722]],[[1.364739722,43.625854722],[1.364843611,43.625831111]],[[1.364843611,43.625831111],[1.364931944,43.625803333]],[[1.364931944,43.625803333],[1.365008333,43.625768056]],[[1.365008333,43.625768056],[1.365069167,43.625731111]],[[1.365069167,43.625731111],[1.365137222,43.62567]],[[1.365137222,43.62567],[1.365530833,43.625293056]],[[1.364948056,43.625531111],[1.364780833,43.625598056]],[[1.364780833,43.625598056],[1.364636389,43.625634167]],[[1.364636389,43.625634167],[1.364485,43.625651667]],[[1.364485,43.625651667],[1.364315833,43.625645833]],[[1.364315833,43.625645833],[1.364198611,43.625625833]],[[1.364198611,43.625625833],[1.364111389,43.625595556]],[[1.364111389,43.625595556],[1.363990833,43.625513889]],[[1.363990833,43.625513889],[1.3635375,43.625194167]],[[1.3635375,43.625194167],[1.363483056,43.625142778]],[[1.363483056,43.625142778],[1.363443333,43.625087778]],[[1.363443333,43.625087778],[1.363410833,43.625036944]],[[1.363410833,43.625036944],[1.363387222,43.624984444]],[[1.363387222,43.624984444],[1.363371667,43.624928611]],[[1.363371667,43.624928611],[1.363367778,43.624871944]],[[1.363367778,43.624871944],[1.363367222,43.624821389]],[[1.363367222,43.624821389],[1.3633825,43.62475]],[[1.3633825,43.62475],[1.363411944,43.624677222]],[[1.363411944,43.624677222],[1.363454167,43.624606389]],[[1.363454167,43.624606389],[1.363500278,43.624545833]],[[1.363500278,43.624545833],[1.363880278,43.624068889]],[[1.363880278,43.624068889],[1.368033611,43.620080556]],[[1.368033611,43.620080556],[1.368088889,43.620028889]],[[1.368088889,43.620028889],[1.368354167,43.619830556]],[[1.368354167,43.619830556],[1.368638056,43.619621111]],[[1.368638056,43.619621111],[1.368744167,43.619563611]],[[1.368744167,43.619563611],[1.368871389,43.619511667]],[[1.368871389,43.619511667],[1.368959444,43.619491389]],[[1.368959444,43.619491389],[1.369078056,43.619470278]],[[1.369078056,43.619470278],[1.369182778,43.619468056]],[[1.369182778,43.619468056],[1.369250556,43.619475556]],[[1.369250556,43.619475556],[1.3693275,43.619491389]],[[1.3693275,43.619491389],[1.369442778,43.6195225]],[[1.369442778,43.6195225],[1.369814167,43.619666111]],[[1.369814167,43.619666111],[1.3701025,43.619791111]],[[1.3701025,43.619791111],[1.3701425,43.619816389]],[[1.3701425,43.619816389],[1.370185556,43.619856944]],[[1.370185556,43.619856944],[1.370223611,43.619913056]],[[1.370223611,43.619913056],[1.370260833,43.619993333]],[[1.370260833,43.619993333],[1.370307778,43.620125]],[[1.370307778,43.620125],[1.370324444,43.620208333]],[[1.370324444,43.620208333],[1.370325278,43.6202875]],[[1.370325278,43.6202875],[1.370311111,43.620345]],[[1.370311111,43.620345],[1.370301944,43.620393056]],[[1.369623056,43.618954444],[1.369701667,43.619131944]],[[1.369701667,43.619131944],[1.369838056,43.619250833]],[[1.369838056,43.619250833],[1.370048333,43.619404167]],[[1.370048333,43.619404167],[1.370187222,43.619502222]],[[1.370187222,43.619502222],[1.37031,43.619571389]],[[1.37031,43.619571389],[1.370396389,43.619610556]],[[1.370396389,43.619610556],[1.370482778,43.619631111]],[[1.370482778,43.619631111],[1.370586389,43.619641389]],[[1.370586389,43.619641389],[1.37089,43.619632778]],[[1.37089,43.619632778],[1.370969722,43.619624722]],[[1.370969722,43.619624722],[1.371075833,43.619526389]],[[1.371075833,43.619526389],[1.371105556,43.619438889]],[[1.371105556,43.619438889],[1.371127778,43.619321389]],[[1.371127778,43.619321389],[1.371138333,43.619211389]],[[1.371138333,43.619211389],[1.371128889,43.619086389]],[[1.371128889,43.619086389],[1.371085,43.618934722]],[[1.371085,43.618934722],[1.371021944,43.618799167]],[[1.371021944,43.618799167],[1.370943056,43.618683889]],[[1.370943056,43.618683889],[1.370781944,43.618613611]],[[1.370781944,43.618613611],[1.370404722,43.618458333]],[[1.370404722,43.618458333],[1.370333333,43.618440556]],[[1.370333333,43.618440556],[1.370273333,43.618435833]],[[1.370273333,43.618435833],[1.370194722,43.618438889]],[[1.370194722,43.618438889],[1.370017778,43.618468333]],[[1.370017778,43.618468333],[1.369877778,43.618505278]],[[1.369877778,43.618505278],[1.369815833,43.618528056]],[[1.369815833,43.618528056],[1.369757222,43.618558056]],[[1.369757222,43.618558056],[1.3697125,43.618591667]],[[1.3697125,43.618591667],[1.369671667,43.6186525]],[[1.369671667,43.6186525],[1.369645,43.618708056]],[[1.369645,43.618708056],[1.369623333,43.618785833]],[[1.369623333,43.618785833],[1.369615556,43.618854444]],[[1.369615556,43.618854444],[1.369616111,43.618913333]],[[1.369616111,43.618913333],[1.369623056,43.618954444]],[[1.358845,43.630654444],[1.358978611,43.630710278]],[[1.358978611,43.630710278],[1.359141111,43.630765278]],[[1.359141111,43.630765278],[1.359336667,43.630808333]],[[1.359336667,43.630808333],[1.359464722,43.63082]],[[1.359464722,43.63082],[1.359574444,43.630814722]],[[1.359574444,43.630814722],[1.359661944,43.630796667]],[[1.359661944,43.630796667],[1.359743056,43.630776389]],[[1.359743056,43.630776389],[1.359829722,43.630737222]],[[1.359829722,43.630737222],[1.359901667,43.630694167]],[[1.359901667,43.630694167],[1.3599675,43.630636944]],[[1.3599675,43.630636944],[1.360372222,43.630247222]],[[1.359761111,43.630508611],[1.359490278,43.630576111]],[[1.359490278,43.630576111],[1.359357222,43.630596389]],[[1.359357222,43.630596389],[1.359217778,43.630602778]],[[1.359217778,43.630602778],[1.359076389,43.630583889]],[[1.359076389,43.630583889],[1.358971389,43.630559167]],[[1.358971389,43.630559167],[1.358918611,43.630531667]],[[1.358918611,43.630531667],[1.358850833,43.630484722]],[[1.358850833,43.630484722],[1.358409722,43.630168889]],[[1.358409722,43.630168889],[1.358306667,43.630078889]],[[1.358306667,43.630078889],[1.358248333,43.630005833]],[[1.358248333,43.630005833],[1.358230556,43.629968611]],[[1.358230556,43.629968611],[1.358205556,43.629890833]],[[1.358205556,43.629890833],[1.358195833,43.629819167]],[[1.358195833,43.629819167],[1.358199167,43.629750833]],[[1.358199167,43.629750833],[1.358212778,43.629694167]],[[1.358212778,43.629694167],[1.358252222,43.629611944]],[[1.358252222,43.629611944],[1.358303889,43.629531944]],[[1.358303889,43.629531944],[1.358480278,43.629308056]],[[1.358480278,43.629308056],[1.358675278,43.629076111]],[[1.358675278,43.629076111],[1.358761389,43.628982222]],[[1.358761389,43.628982222],[1.359303611,43.628468611]],[[1.359303611,43.628468611],[1.360923056,43.626912778]],[[1.360923056,43.626912778],[1.361813333,43.626062222]],[[1.361813333,43.626062222],[1.362418333,43.625606111]],[[1.362418333,43.625606111],[1.362487778,43.625559444]],[[1.362487778,43.625559444],[1.362576111,43.625519722]],[[1.362576111,43.625519722],[1.362684167,43.625483333]],[[1.362684167,43.625483333],[1.36278,43.625465556]],[[1.36278,43.625465556],[1.362896389,43.625458056]],[[1.362896389,43.625458056],[1.362989444,43.625459722]],[[1.362989444,43.625459722],[1.363085,43.625474167]],[[1.363085,43.625474167],[1.363166389,43.6255025]],[[1.363166389,43.6255025],[1.363883889,43.625801667]],[[1.363883889,43.625801667],[1.363928611,43.625831667]],[[1.363928611,43.625831667],[1.363963611,43.625868333]],[[1.363963611,43.625868333],[1.364005833,43.625919722]],[[1.364005833,43.625919722],[1.364041111,43.625973889]],[[1.364041111,43.625973889],[1.364062778,43.626031389]],[[1.364062778,43.626031389],[1.364075,43.626083611]],[[1.364075,43.626083611],[1.364087778,43.626168611]],[[1.364087778,43.626168611],[1.364081944,43.626250833]],[[1.364081944,43.626250833],[1.364063889,43.626331389]],[[1.364063889,43.626331389],[1.364040556,43.626391667]],[[1.364040556,43.626391667],[1.3640275,43.6264175]],[[1.346441667,43.633301111],[1.346743611,43.633342222]],[[1.346743611,43.633342222],[1.346979167,43.633355833]],[[1.346979167,43.633355833],[1.347178056,43.633342222]],[[1.347178056,43.633342222],[1.347626111,43.633273889]],[[1.347626111,43.633273889],[1.348450833,43.633144722]],[[1.34796,43.633389722],[1.347025833,43.633536667]],[[1.347025833,43.633536667],[1.346932778,43.633973889]],[[1.346932778,43.633973889],[1.346869444,43.634272778]],[[1.346869444,43.634272778],[1.346862222,43.63441]],[[1.346862222,43.63441],[1.346875278,43.634543333]],[[1.346875278,43.634543333],[1.346906944,43.634682222]],[[1.346906944,43.634682222],[1.346968056,43.634818056]],[[1.346968056,43.634818056],[1.347045,43.634919444]],[[1.347045,43.634919444],[1.347141389,43.635014444]],[[1.347141389,43.635014444],[1.347242222,43.635093889]],[[1.347242222,43.635093889],[1.3473675,43.635181111]],[[1.3473675,43.635181111],[1.347495278,43.635256111]],[[1.347495278,43.635256111],[1.34984,43.636538889]],[[1.34984,43.636538889],[1.349919722,43.636593611]],[[1.349919722,43.636593611],[1.349982778,43.636646389]],[[1.349982778,43.636646389],[1.350026944,43.636698889]],[[1.350026944,43.636698889],[1.350059722,43.636755278]],[[1.350059722,43.636755278],[1.350086111,43.636806667]],[[1.350086111,43.636806667],[1.350101944,43.636858889]],[[1.350101944,43.636858889],[1.350105833,43.636913056]],[[1.350105833,43.636913056],[1.350110833,43.636966389]],[[1.350110833,43.636966389],[1.350103611,43.637017778]],[[1.350103611,43.637017778],[1.350088056,43.637068056]],[[1.350088056,43.637068056],[1.350065833,43.637119722]],[[1.350065833,43.637119722],[1.350035278,43.637168333]],[[1.350035278,43.637168333],[1.350004167,43.637215278]],[[1.349844167,43.636539722],[1.349908889,43.636571111]],[[1.349908889,43.636571111],[1.349983056,43.636595556]],[[1.349983056,43.636595556],[1.350065278,43.636619444]],[[1.350065278,43.636619444],[1.350170278,43.636633611]],[[1.350170278,43.636633611],[1.350264167,43.636638056]],[[1.350264167,43.636638056],[1.350357778,43.636633333]],[[1.350357778,43.636633333],[1.350443056,43.636620833]],[[1.350443056,43.636620833],[1.350508889,43.636603889]],[[1.350508889,43.636603889],[1.350588333,43.636579167]],[[1.350588333,43.636579167],[1.350653333,43.636549722]],[[1.350653333,43.636549722],[1.350715,43.636516944]],[[1.350715,43.636516944],[1.350779444,43.63647]],[[1.354534167,43.629575],[1.354608889,43.629588889]],[[1.354608889,43.629588889],[1.354675833,43.629613889]],[[1.354675833,43.629613889],[1.354739444,43.629644444]],[[1.354739444,43.629644444],[1.354794444,43.629686111]],[[1.354794444,43.629686111],[1.354841111,43.629733611]],[[1.354841111,43.629733611],[1.354878333,43.629783333]],[[1.354878333,43.629783333],[1.354896944,43.629839722]],[[1.354896944,43.629839722],[1.354904167,43.629900833]],[[1.354904167,43.629900833],[1.354901389,43.629949167]],[[1.354901389,43.629949167],[1.354923611,43.629897778]],[[1.354923611,43.629897778],[1.354945833,43.629857222]],[[1.354945833,43.629857222],[1.354984722,43.629810833]],[[1.354984722,43.629810833],[1.355036944,43.629771389]],[[1.355036944,43.629771389],[1.355100278,43.629728611]],[[1.355100278,43.629728611],[1.355156111,43.629699444]],[[1.355156111,43.629699444],[1.355212778,43.629683889]],[[1.355212778,43.629683889],[1.355270278,43.629671944]],[[1.355270278,43.629671944],[1.355335,43.629663889]],[[1.355335,43.629663889],[1.355399444,43.629662778]],[[1.354904167,43.629949167],[1.354710556,43.630880556]],[[1.354710556,43.630880556],[1.351204167,43.634257222]],[[1.351204167,43.634257222],[1.349201111,43.636185278]],[[1.348040833,43.636163889],[1.348229722,43.635993889]],[[1.348229722,43.635993889],[1.348248056,43.635955556]],[[1.348248056,43.635955556],[1.348252778,43.635925]],[[1.348252778,43.635925],[1.348239167,43.635879167]],[[1.348239167,43.635879167],[1.348196944,43.635801389]],[[1.348196944,43.635801389],[1.348175833,43.635770833]],[[1.348175833,43.635770833],[1.348139167,43.635743056]],[[1.348139167,43.635743056],[1.348098056,43.635723611]],[[1.348098056,43.635723611],[1.348055278,43.635713889]],[[1.348055278,43.635713889],[1.348015833,43.635717778]],[[1.348015833,43.635717778],[1.347980833,43.635728889]],[[1.347980833,43.635728889],[1.347948056,43.635751389]],[[1.347948056,43.635751389],[1.347729722,43.635954444]],[[1.346399722,43.634329722],[1.346510833,43.634405]],[[1.346510833,43.634405],[1.346580278,43.634473889]],[[1.346580278,43.634473889],[1.346631389,43.634539722]],[[1.346631389,43.634539722],[1.346675556,43.634606944]],[[1.346675556,43.634606944],[1.346742778,43.634724444]],[[1.346742778,43.634724444],[1.346799167,43.634827222]],[[1.346799167,43.634827222],[1.346877222,43.634930833]],[[1.346877222,43.634930833],[1.346955556,43.635016389]],[[1.346955556,43.635016389],[1.347058889,43.635116944]],[[1.347058889,43.635116944],[1.3471375,43.6351825]],[[1.3471375,43.6351825],[1.347223056,43.635239444]],[[1.347223056,43.635239444],[1.347255556,43.635260278]],[[1.347255556,43.635260278],[1.347283889,43.635287778]],[[1.347283889,43.635287778],[1.347294722,43.635318056]],[[1.347294722,43.635318056],[1.347292778,43.635347778]],[[1.347292778,43.635347778],[1.347277222,43.635376667]],[[1.347277222,43.635376667],[1.347218056,43.635449167]],[[1.347218056,43.635449167],[1.347072222,43.635593889]],[[1.366199722,43.620936389],[1.366273333,43.620973056]],[[1.366273333,43.620973056],[1.366359722,43.620993889]],[[1.366359722,43.620993889],[1.366442222,43.620995833]],[[1.366442222,43.620995833],[1.366517222,43.620985278]],[[1.366517222,43.620985278],[1.366582222,43.620965]],[[1.366582222,43.620965],[1.36664,43.620927778]],[[1.36664,43.620927778],[1.366742778,43.620851667]],[[1.366742778,43.620851667],[1.367225,43.620488889]],[[1.367225,43.620488889],[1.367776389,43.61996]],[[1.367776389,43.61996],[1.368269167,43.619340278]],[[1.368269167,43.619340278],[1.368306944,43.619269444]],[[1.368306944,43.619269444],[1.368318611,43.619216111]],[[1.368318611,43.619216111],[1.368325,43.619100278]],[[1.368325,43.619100278],[1.368307778,43.619013333]],[[1.368307778,43.619013333],[1.368271944,43.618930833]],[[1.368271944,43.618930833],[1.368226944,43.618865556]],[[1.368226944,43.618865556],[1.368180278,43.618816944]],[[1.368180278,43.618816944],[1.368098889,43.618758611]],[[1.368098889,43.618758611],[1.367543056,43.618365556]],[[1.367543056,43.618365556],[1.366183333,43.617609444]],[[1.366183333,43.617609444],[1.366155833,43.617596111]],[[1.366155833,43.617596111],[1.366133333,43.6175925]],[[1.366133333,43.6175925],[1.366114722,43.617597222]],[[1.366114722,43.617597222],[1.3660925,43.61761]],[[1.3660925,43.61761],[1.366082778,43.617622778]],[[1.366082778,43.617622778],[1.366073333,43.617650278]],[[1.366073333,43.617650278],[1.366033889,43.617965]],[[1.366033889,43.617965],[1.366034444,43.618013056]],[[1.366034444,43.618013056],[1.3660625,43.618488333]],[[1.3660625,43.618488333],[1.366199722,43.620936389]],[[1.364509167,43.621940556],[1.364573333,43.621884722]],[[1.364573333,43.621884722],[1.364596389,43.621879722]],[[1.364596389,43.621879722],[1.36467,43.62188]],[[1.36467,43.62188],[1.36505,43.621893333]],[[1.36505,43.621893333],[1.365099722,43.621905556]],[[1.365099722,43.621905556],[1.365148889,43.621925833]],[[1.365148889,43.621925833],[1.365202778,43.621954722]],[[1.365202778,43.621954722],[1.365247778,43.621984167]],[[1.365247778,43.621984167],[1.365281667,43.622019444]],[[1.365281667,43.622019444],[1.365297222,43.622053333]],[[1.365297222,43.622053333],[1.365310278,43.622100833]],[[1.365310278,43.622100833],[1.365307778,43.622142222]],[[1.365307778,43.622142222],[1.365296944,43.622186944]],[[1.365296944,43.622186944],[1.365265833,43.622255278]],[[1.365265833,43.622255278],[1.365231944,43.622300556]],[[1.365231944,43.622300556],[1.364883333,43.622736944]],[[1.364883333,43.622736944],[1.364843889,43.622779722]],[[1.364843889,43.622779722],[1.363624722,43.623951667]],[[1.363624722,43.623951667],[1.363134167,43.624319167]],[[1.363134167,43.624319167],[1.363023056,43.624399722]],[[1.363023056,43.624399722],[1.3629425,43.624445278]],[[1.3629425,43.624445278],[1.36287,43.624479444]],[[1.36287,43.624479444],[1.362783056,43.624508056]],[[1.362783056,43.624508056],[1.362696111,43.624526389]],[[1.362696111,43.624526389],[1.362605556,43.624534722]],[[1.362605556,43.624534722],[1.362501111,43.624536667]],[[1.362501111,43.624536667],[1.362424167,43.624528056]],[[1.362424167,43.624528056],[1.362353889,43.624506111]],[[1.362353889,43.624506111],[1.362278889,43.624474722]],[[1.362278889,43.624474722],[1.362207778,43.624440556]],[[1.347291667,43.626573889],[1.349441389,43.626634722]],[[1.349441389,43.626634722],[1.349876667,43.626677222]],[[1.349876667,43.626677222],[1.350108889,43.626697222]],[[1.350108889,43.626697222],[1.350327778,43.626704722]],[[1.350327778,43.626704722],[1.352850556,43.626788333]],[[1.352850556,43.626788333],[1.353511667,43.626806944]],[[1.353511667,43.626806944],[1.354628889,43.626842778]],[[1.354628889,43.626842778],[1.354772778,43.626835833]],[[1.354772778,43.626835833],[1.354878056,43.626822778]],[[1.354878056,43.626822778],[1.355019167,43.626804444]],[[1.355019167,43.626804444],[1.355144722,43.626803056]],[[1.355144722,43.626803056],[1.355260833,43.626816944]],[[1.355260833,43.626816944],[1.355389444,43.626843333]],[[1.355389444,43.626843333],[1.355476667,43.626874722]],[[1.355476667,43.626874722],[1.355568056,43.626921667]],[[1.355568056,43.626921667],[1.355662778,43.626976389]],[[1.355662778,43.626976389],[1.355815556,43.627057778]],[[1.355815556,43.627057778],[1.357266389,43.627852778]],[[1.356298889,43.6275325],[1.356465,43.62762]],[[1.356465,43.62762],[1.356554444,43.627699722]],[[1.356554444,43.627699722],[1.356642222,43.627795556]],[[1.356642222,43.627795556],[1.356686389,43.627888333]],[[1.356686389,43.627888333],[1.3567,43.627991389]],[[1.3567,43.627991389],[1.356682778,43.628090833]],[[1.356682778,43.628090833],[1.356643333,43.628168611]],[[1.356643333,43.628168611],[1.356316667,43.628561667]],[[1.356316667,43.628561667],[1.356238056,43.628691944]],[[1.356238056,43.628691944],[1.356194722,43.62884]],[[1.356194722,43.62884],[1.356100278,43.629177222]],[[1.356100278,43.629177222],[1.356063333,43.6293125]],[[1.356063333,43.6293125],[1.356013056,43.629378889]],[[1.356013056,43.629378889],[1.355939722,43.629420556]],[[1.355939722,43.629420556],[1.355853056,43.629443056]],[[1.355853056,43.629443056],[1.355752778,43.629449444]],[[1.355752778,43.629449444],[1.355676944,43.629430556]],[[1.355676944,43.629430556],[1.355590833,43.629389167]],[[1.355590833,43.629389167],[1.355539444,43.629348056]],[[1.355539444,43.629348056],[1.355506667,43.629301111]],[[1.355506667,43.629301111],[1.355498611,43.629262778]],[[1.355498611,43.629262778],[1.35549,43.629193611]],[[1.357309167,43.62743],[1.357488333,43.627351944]],[[1.357488333,43.627351944],[1.357635556,43.627316667]],[[1.357635556,43.627316667],[1.357868056,43.627277778]],[[1.357868056,43.627277778],[1.358132222,43.627235]],[[1.358132222,43.627235],[1.358325833,43.627182222]],[[1.358325833,43.627182222],[1.3584875,43.627116389]],[[1.3584875,43.627116389],[1.358592222,43.627056667]],[[1.358592222,43.627056667],[1.358718056,43.6269675]],[[1.358718056,43.6269675],[1.358895,43.6268075]],[[1.358895,43.6268075],[1.359436944,43.626286111]],[[1.359436944,43.626286111],[1.359608611,43.626088889]],[[1.359608611,43.626088889],[1.359697222,43.625966944]],[[1.359697222,43.625966944],[1.3597375,43.625892222]],[[1.3597375,43.625892222],[1.359749167,43.625829167]],[[1.359749167,43.625829167],[1.359751389,43.625774722]],[[1.359751389,43.625774722],[1.359620833,43.625707778]],[[1.359620833,43.625707778],[1.359504167,43.625814444]],[[1.356338056,43.629741944],[1.356400556,43.628688333]],[[1.356400556,43.628688333],[1.357375833,43.627748889]],[[1.357375833,43.627748889],[1.357627222,43.627548611]],[[1.357627222,43.627548611],[1.357717778,43.627489444]],[[1.357717778,43.627489444],[1.357800556,43.627448333]],[[1.357800556,43.627448333],[1.357885,43.627421667]],[[1.357885,43.627421667],[1.3579725,43.627399167]],[[1.3579725,43.627399167],[1.3583075,43.627336111]],[[1.3583075,43.627336111],[1.35841,43.627305278]],[[1.35841,43.627305278],[1.358511667,43.627266389]],[[1.358511667,43.627266389],[1.358631111,43.627204722]],[[1.358631111,43.627204722],[1.3588225,43.627045833]],[[1.3588225,43.627045833],[1.359084444,43.626799722]],[[1.359084444,43.626799722],[1.36016,43.625765556]],[[1.348185556,43.623625278],[1.351607222,43.6237175]],[[1.351607222,43.6237175],[1.353830278,43.623775]],[[1.353830278,43.623775],[1.354679444,43.6237875]],[[1.354679444,43.6237875],[1.355868611,43.623821111]],[[1.355868611,43.623821111],[1.356981944,43.622576111]],[[1.356981944,43.622576111],[1.357145278,43.622413611]],[[1.357145278,43.622413611],[1.357251667,43.622345556]],[[1.357251667,43.622345556],[1.357357778,43.622304722]],[[1.357357778,43.622304722],[1.357445278,43.622276389]],[[1.357445278,43.622276389],[1.357571667,43.622263333]],[[1.357571667,43.622263333],[1.357691944,43.622270833]],[[1.357691944,43.622270833],[1.357826111,43.622294722]],[[1.357826111,43.622294722],[1.357952778,43.622331389]],[[1.357952778,43.622331389],[1.358097222,43.622393889]],[[1.358097222,43.622393889],[1.358181389,43.622451944]],[[1.358181389,43.622451944],[1.358248611,43.622516667]],[[1.358248611,43.622516667],[1.358289167,43.622565278]],[[1.358289167,43.622565278],[1.3583425,43.622658333]],[[1.3583425,43.622658333],[1.358382222,43.622748056]],[[1.358382222,43.622748056],[1.358394444,43.622840833]],[[1.358394444,43.622840833],[1.358388056,43.622943056]],[[1.358388056,43.622943056],[1.35829,43.623323889]],[[1.35829,43.623323889],[1.358288889,43.623428056]],[[1.358288889,43.623428056],[1.358324444,43.623523889]],[[1.358324444,43.623523889],[1.358379444,43.623593889]],[[1.358379444,43.623593889],[1.358475556,43.623667778]],[[1.358475556,43.623667778],[1.358623333,43.623749444]],[[1.358623333,43.623749444],[1.359950556,43.62448]],[[1.359950556,43.62448],[1.360039722,43.624507222]],[[1.360039722,43.624507222],[1.360154444,43.624521944]],[[1.360154444,43.624521944],[1.360258333,43.624521389]],[[1.360258333,43.624521389],[1.360341111,43.624505833]],[[1.360341111,43.624505833],[1.360505833,43.624446389]],[[1.360505833,43.624446389],[1.361014167,43.624268611]],[[1.361014167,43.624268611],[1.361094722,43.624252222]],[[1.361094722,43.624252222],[1.361200833,43.624249722]],[[1.361200833,43.624249722],[1.361297222,43.624257778]],[[1.361297222,43.624257778],[1.361408333,43.624276111]],[[1.361408333,43.624276111],[1.361496667,43.6243]],[[1.353415,43.620377778],[1.354707778,43.620327778]],[[1.354707778,43.620327778],[1.354069444,43.619970278]],[[1.354069444,43.619970278],[1.3535575,43.619985833]],[[1.3535575,43.619985833],[1.352505278,43.619994722]],[[1.354703611,43.620328056],[1.359266111,43.620155278]],[[1.358915,43.6129725],[1.359166111,43.616625]],[[1.359166111,43.616625],[1.3593025,43.617050278]],[[1.3593025,43.617050278],[1.359336389,43.617595]],[[1.359336389,43.617595],[1.359248333,43.617911389]],[[1.359248333,43.617911389],[1.359168333,43.6188525]],[[1.359168333,43.6188525],[1.359189444,43.619074167]],[[1.359189444,43.619074167],[1.359343611,43.621291111]],[[1.359343611,43.621291111],[1.359330833,43.6213475]],[[1.359330833,43.6213475],[1.359308056,43.621411944]],[[1.359308056,43.621411944],[1.359269167,43.621471111]],[[1.359269167,43.621471111],[1.359222222,43.621533889]],[[1.359222222,43.621533889],[1.359157222,43.621592778]],[[1.359157222,43.621592778],[1.359076667,43.621650556]],[[1.359076667,43.621650556],[1.3589875,43.621700833]],[[1.3589875,43.621700833],[1.358898889,43.621736667]],[[1.358898889,43.621736667],[1.3588275,43.621755]],[[1.3588275,43.621755],[1.358688611,43.621775278]],[[1.358688611,43.621775278],[1.358500833,43.621798333]],[[1.358500833,43.621798333],[1.358405,43.621815556]],[[1.358405,43.621815556],[1.358262778,43.621849722]],[[1.358262778,43.621849722],[1.358096667,43.621896111]],[[1.358096667,43.621896111],[1.35794,43.621951389]],[[1.35794,43.621951389],[1.357780833,43.622017778]],[[1.357780833,43.622017778],[1.357623611,43.622085833]],[[1.357623611,43.622085833],[1.357480278,43.622162222]],[[1.357480278,43.622162222],[1.357331111,43.622258333]],[[1.357331111,43.622258333],[1.357234444,43.622333889]],[[1.357234444,43.622333889],[1.357145833,43.622414167]],[[1.356109722,43.623547778],[1.360155556,43.6257625]],[[1.360155556,43.6257625],[1.360544722,43.625926389]],[[1.360544722,43.625926389],[1.360628333,43.625974444]],[[1.360628333,43.625974444],[1.360721667,43.626042778]],[[1.360721667,43.626042778],[1.360793611,43.626113889]],[[1.360793611,43.626113889],[1.3608525,43.626194444]],[[1.3608525,43.626194444],[1.360897222,43.626277778]],[[1.360897222,43.626277778],[1.360929722,43.626358056]],[[1.360929722,43.626358056],[1.360943889,43.626445556]],[[1.360943889,43.626445556],[1.360942778,43.626541667]],[[1.360942778,43.626541667],[1.36092,43.626635278]],[[1.36092,43.626635278],[1.360885,43.626718056]],[[1.360885,43.626718056],[1.3608425,43.626790556]],[[1.3608425,43.626790556],[1.360790278,43.626858333]],[[1.360623611,43.625972222],[1.360715278,43.626011389]],[[1.360715278,43.626011389],[1.360787778,43.626035278]],[[1.360787778,43.626035278],[1.360878889,43.626056944]],[[1.360878889,43.626056944],[1.360995556,43.626077222]],[[1.360995556,43.626077222],[1.361105556,43.626085278]],[[1.361105556,43.626085278],[1.361220278,43.626082778]],[[1.361220278,43.626082778],[1.361318611,43.626074722]],[[1.361318611,43.626074722],[1.361420556,43.626054167]],[[1.361420556,43.626054167],[1.361514444,43.626027778]],[[1.361514444,43.626027778],[1.361611111,43.625993611]],[[1.361611111,43.625993611],[1.361698611,43.62595]],[[1.361698611,43.62595],[1.361760556,43.625911111]],[[1.361760556,43.625911111],[1.361813056,43.625874167]],[[1.354676111,43.623788889],[1.354505278,43.626851389]],[[1.360825,43.625812778],[1.361017222,43.625856111]],[[1.361017222,43.625856111],[1.361199167,43.625861944]],[[1.361199167,43.625861944],[1.361365833,43.625843333]],[[1.361365833,43.625843333],[1.361498889,43.625804444]],[[1.361498889,43.625804444],[1.361615278,43.625742778]],[[1.361615278,43.625742778],[1.361734444,43.625659167]],[[1.361734444,43.625659167],[1.361853611,43.625559722]],[[1.361853611,43.625559722],[1.361945556,43.625457222]],[[1.361945556,43.625457222],[1.362025,43.625354167]],[[1.362025,43.625354167],[1.362068333,43.625275]],[[1.362068333,43.625275],[1.362095278,43.625151111]],[[1.362095278,43.625151111],[1.362086389,43.625051667]],[[1.362086389,43.625051667],[1.362045556,43.624948889]],[[1.362045556,43.624948889],[1.36199,43.624871667]],[[1.36199,43.624871667],[1.361936944,43.6248175]],[[1.361936944,43.6248175],[1.361873333,43.624771111]],[[1.362017778,43.624611389],[1.362095556,43.624665278]],[[1.362095556,43.624665278],[1.3621725,43.624730278]],[[1.3621725,43.624730278],[1.362232222,43.624796389]],[[1.362232222,43.624796389],[1.362277778,43.624868056]],[[1.362277778,43.624868056],[1.362311944,43.624945278]],[[1.362311944,43.624945278],[1.362339444,43.625029167]],[[1.362339444,43.625029167],[1.362352778,43.625103611]],[[1.362352778,43.625103611],[1.362348889,43.625178333]],[[1.362348889,43.625178333],[1.362338056,43.6252575]],[[1.362338056,43.6252575],[1.362308333,43.625333889]],[[1.362308333,43.625333889],[1.362275556,43.625405]],[[1.362275556,43.625405],[1.362226111,43.625468889]],[[1.362226111,43.625468889],[1.362187222,43.625516944]],[[1.362187222,43.625516944],[1.362284444,43.625441389]],[[1.362284444,43.625441389],[1.362369722,43.625392778]],[[1.362369722,43.625392778],[1.362461389,43.625351667]],[[1.362461389,43.625351667],[1.362567778,43.625314722]],[[1.362567778,43.625314722],[1.362677778,43.625287222]],[[1.362677778,43.625287222],[1.362795833,43.625276111]],[[1.362795833,43.625276111],[1.362920556,43.625268611]],[[1.362920556,43.625268611],[1.363053333,43.6252775]],[[1.363053333,43.6252775],[1.363186389,43.625296389]],[[1.363186389,43.625296389],[1.363309167,43.625335556]],[[1.363309167,43.625335556],[1.363413333,43.62538]],[[1.363413333,43.62538],[1.363312778,43.625305833]],[[1.363312778,43.625305833],[1.363239722,43.625228889]],[[1.363239722,43.625228889],[1.363186667,43.625158889]],[[1.363186667,43.625158889],[1.363142222,43.625082778]],[[1.363142222,43.625082778],[1.363116667,43.625009722]],[[1.363116667,43.625009722],[1.363100278,43.624943611]],[[1.363100278,43.624943611],[1.363096944,43.624872778]],[[1.363096944,43.624872778],[1.363098889,43.624796944]],[[1.363098889,43.624796944],[1.363114722,43.624728611]],[[1.363114722,43.624728611],[1.363147222,43.624649722]],[[1.363147222,43.624649722],[1.363195278,43.624566111]],[[1.363195278,43.624566111],[1.363262778,43.6244825]],[[1.363262778,43.6244825],[1.363176389,43.6245475]],[[1.363176389,43.6245475],[1.363088889,43.624600556]],[[1.363088889,43.624600556],[1.363005833,43.624636389]],[[1.363005833,43.624636389],[1.362920278,43.624668889]],[[1.362920278,43.624668889],[1.362818889,43.624698611]],[[1.362818889,43.624698611],[1.362719444,43.624715833]],[[1.362719444,43.624715833],[1.362578333,43.624728333]],[[1.362578333,43.624728333],[1.362439444,43.624730833]],[[1.362439444,43.624730833],[1.362331944,43.624716111]],[[1.362331944,43.624716111],[1.3622325,43.624693889]],[[1.3622325,43.624693889],[1.362160833,43.624670833]],[[1.362160833,43.624670833],[1.362086667,43.6246425]],[[1.362086667,43.6246425],[1.362017778,43.624611389]],[[1.365092222,43.621708889],[1.365204167,43.621693056]],[[1.365204167,43.621693056],[1.365330833,43.621663333]],[[1.365330833,43.621663333],[1.365428056,43.621628611]],[[1.365428056,43.621628611],[1.365536667,43.621580833]],[[1.365536667,43.621580833],[1.365641944,43.621517778]],[[1.365641944,43.621517778],[1.3657325,43.621446111]],[[1.3657325,43.621446111],[1.36581,43.621371389]],[[1.36581,43.621371389],[1.365867778,43.621294722]],[[1.365867778,43.621294722],[1.365908056,43.6212175]],[[1.365908056,43.6212175],[1.365942222,43.621127222]],[[1.365942222,43.621127222],[1.365965,43.621026111]],[[1.365965,43.621026111],[1.365947778,43.621474167]],[[1.365947778,43.621474167],[1.365933333,43.621591667]],[[1.365933333,43.621591667],[1.365905833,43.621709167]],[[1.365905833,43.621709167],[1.365875278,43.621814722]],[[1.365875278,43.621814722],[1.365826667,43.621920556]],[[1.365826667,43.621920556],[1.365766389,43.622022222]],[[1.365766389,43.622022222],[1.365703333,43.622111389]],[[1.365703333,43.622111389],[1.365638889,43.622197222]],[[1.365169167,43.621705556],[1.365321111,43.621700556]],[[1.365321111,43.621700556],[1.365494722,43.621691667]],[[1.365494722,43.621691667],[1.365630278,43.621675]],[[1.365630278,43.621675],[1.365799444,43.621640833]],[[1.365799444,43.621640833],[1.365954167,43.621600556]],[[1.365954167,43.621600556],[1.366099722,43.621547778]],[[1.366099722,43.621547778],[1.366236667,43.621491667]],[[1.366236667,43.621491667],[1.366380556,43.621415]],[[1.366380556,43.621415],[1.366487778,43.621348611]],[[1.366487778,43.621348611],[1.366605278,43.621265556]],[[1.3644925,43.621237222],[1.364493056,43.621269444]],[[1.364493056,43.621269444],[1.364580278,43.621393333]],[[1.364580278,43.621393333],[1.364631111,43.621443056]],[[1.364631111,43.621443056],[1.364686389,43.621476944]],[[1.364686389,43.621476944],[1.364749444,43.621502222]],[[1.364749444,43.621502222],[1.364819722,43.621515833]],[[1.364819722,43.621515833],[1.364924722,43.621526389]],[[1.364924722,43.621526389],[1.365022778,43.621525]],[[1.365022778,43.621525],[1.365103056,43.621513611]],[[1.365103056,43.621513611],[1.3652,43.621494722]],[[1.3652,43.621494722],[1.3652925,43.621463889]],[[1.3652925,43.621463889],[1.365386667,43.621417778]],[[1.365386667,43.621417778],[1.365461944,43.621368333]],[[1.365461944,43.621368333],[1.365510278,43.621328889]],[[1.365510278,43.621328889],[1.365103889,43.621180556]],[[1.365963611,43.621027222],[1.365911667,43.619392778]],[[1.365911667,43.619392778],[1.365788889,43.617729167]],[[1.365788889,43.617729167],[1.366266389,43.616731944]],[[1.366266389,43.616731944],[1.366453056,43.616335556]],[[1.366453056,43.616335556],[1.366451944,43.616261111]],[[1.366451944,43.616261111],[1.366407778,43.615696944]],[[1.366407778,43.615696944],[1.366396944,43.615651111]],[[1.366396944,43.615651111],[1.366381111,43.615618056]],[[1.366381111,43.615618056],[1.36635,43.615573056]],[[1.36635,43.615573056],[1.365284444,43.614436944]],[[1.365284444,43.614436944],[1.364561944,43.613053889]],[[1.364561944,43.613053889],[1.363253889,43.612832778]],[[1.363253889,43.612832778],[1.359838333,43.612940833]],[[1.359838333,43.612940833],[1.358295556,43.612991667]],[[1.358295556,43.612991667],[1.358151111,43.613004722]],[[1.358151111,43.613004722],[1.357952778,43.613048889]],[[1.357952778,43.613048889],[1.357731389,43.613105556]],[[1.357731389,43.613105556],[1.356552222,43.613398056]],[[1.356552222,43.613398056],[1.356441667,43.613408333]],[[1.356441667,43.613408333],[1.356233056,43.6134175]],[[1.361169167,43.614305833],[1.361065,43.612905556]],[[1.363882778,43.612940833],[1.363866389,43.6124625]],[[1.364561389,43.6130525],[1.364517778,43.612434722]],[[1.366356389,43.615583889],[1.367106111,43.616378056]],[[1.367106111,43.616378056],[1.367360556,43.616517778]],[[1.363426111,43.621208611],[1.363034167,43.621404167]],[[1.363034167,43.621404167],[1.363106389,43.621460833]],[[1.363106389,43.621460833],[1.3631875,43.621506389]],[[1.3631875,43.621506389],[1.363257778,43.621535278]],[[1.363257778,43.621535278],[1.363346389,43.621558889]],[[1.363346389,43.621558889],[1.363462222,43.621575833]],[[1.363462222,43.621575833],[1.363573611,43.621572222]],[[1.363573611,43.621572222],[1.363661667,43.621566667]],[[1.363661667,43.621566667],[1.363734167,43.621545]],[[1.363734167,43.621545],[1.363791667,43.621514722]],[[1.363791667,43.621514722],[1.363847778,43.621471667]],[[1.363847778,43.621471667],[1.363906944,43.621407778]],[[1.363906944,43.621407778],[1.364010556,43.621257778]],[[1.359101389,43.615772778],[1.362562222,43.615641667]],[[1.362562222,43.615641667],[1.362621111,43.616523611]],[[1.362621111,43.616523611],[1.362392778,43.617515556]],[[1.362392778,43.617515556],[1.362669444,43.621304167]],[[1.362669444,43.621304167],[1.362691389,43.621372222]],[[1.362691389,43.621372222],[1.362724722,43.621440278]],[[1.362724722,43.621440278],[1.362784722,43.621520833]],[[1.362784722,43.621520833],[1.362852222,43.621578333]],[[1.362852222,43.621578333],[1.362925833,43.621635556]],[[1.362925833,43.621635556],[1.363015833,43.621683056]],[[1.363015833,43.621683056],[1.363098611,43.621716111]],[[1.363098611,43.621716111],[1.363190833,43.621743056]],[[1.363190833,43.621743056],[1.363258889,43.621755]],[[1.363258889,43.621755],[1.3633225,43.621764167]],[[1.3633225,43.621764167],[1.363394444,43.621768611]],[[1.362006667,43.621815],[1.362085833,43.621803889]],[[1.362085833,43.621803889],[1.362161389,43.621786389]],[[1.362161389,43.621786389],[1.362233333,43.621765]],[[1.362233333,43.621765],[1.362300556,43.621738333]],[[1.362300556,43.621738333],[1.362375556,43.6217025]],[[1.362375556,43.6217025],[1.362440833,43.621658889]],[[1.362440833,43.621658889],[1.362501111,43.621611944]],[[1.362501111,43.621611944],[1.362555,43.621559167]],[[1.362555,43.621559167],[1.362597778,43.621503889]],[[1.362597778,43.621503889],[1.362629722,43.621443611]],[[1.362629722,43.621443611],[1.362648889,43.621391944]],[[1.362648889,43.621391944],[1.362666111,43.621346667]],[[1.362666111,43.621346667],[1.362671667,43.621304444]],[[1.359988889,43.621353056],[1.359763889,43.621359722]],[[1.359763889,43.621359722],[1.359726667,43.621370833]],[[1.359726667,43.621370833],[1.359710833,43.621390556]],[[1.359710833,43.621390556],[1.359713333,43.621423889]],[[1.359713333,43.621423889],[1.359748889,43.621497222]],[[1.359748889,43.621497222],[1.359816111,43.621557222]],[[1.359816111,43.621557222],[1.359900278,43.621609167]],[[1.359900278,43.621609167],[1.360026389,43.621667222]],[[1.360026389,43.621667222],[1.36012,43.621691111]],[[1.36012,43.621691111],[1.360355833,43.621709722]],[[1.360355833,43.621709722],[1.361053611,43.621729444]],[[1.361053611,43.621729444],[1.361841944,43.6216475]],[[1.361841944,43.6216475],[1.362010833,43.621615556]],[[1.362010833,43.621615556],[1.362121389,43.621578333]],[[1.362121389,43.621578333],[1.36222,43.621520833]],[[1.36222,43.621520833],[1.362295833,43.621451944]],[[1.362295833,43.621451944],[1.362346667,43.621384167]],[[1.362346667,43.621384167],[1.362376111,43.621330278]],[[1.362376111,43.621330278],[1.3623725,43.621298611]],[[1.3623725,43.621298611],[1.3623525,43.621280833]],[[1.3623525,43.621280833],[1.362325833,43.621271667]],[[1.362325833,43.621271667],[1.362283056,43.621269167]],[[1.362283056,43.621269167],[1.362043611,43.621273889]],[[1.354198056,43.617025833],[1.354426111,43.620143889]],[[1.354264444,43.620648056],[1.354259444,43.620607778]],[[1.354259444,43.620607778],[1.354258333,43.620574444]],[[1.354258333,43.620574444],[1.354273611,43.6205325]],[[1.354273611,43.6205325],[1.354304167,43.620495833]],[[1.354304167,43.620495833],[1.354345833,43.620473611]],[[1.354345833,43.620473611],[1.354406667,43.620460556]],[[1.354406667,43.620460556],[1.354896111,43.620443611]],[[1.354896111,43.620443611],[1.356180833,43.620391667]],[[1.356180833,43.620391667],[1.356315556,43.620413889]],[[1.356315556,43.620413889],[1.356848889,43.620505556]],[[1.356848889,43.620505556],[1.356935,43.620508333]],[[1.356935,43.620508333],[1.357360278,43.620497778]],[[1.357360278,43.620497778],[1.357382222,43.6206625]],[[1.357653611,43.620651389],[1.357647222,43.620490833]],[[1.357647222,43.620490833],[1.357667778,43.620483889]],[[1.357667778,43.620483889],[1.358451667,43.620460833]],[[1.358451667,43.620460833],[1.358597778,43.620478889]],[[1.358597778,43.620478889],[1.358705,43.620509722]],[[1.358705,43.620509722],[1.358806944,43.620545833]],[[1.358806944,43.620545833],[1.358943611,43.620616667]],[[1.358943611,43.620616667],[1.359035833,43.620689444]],[[1.359035833,43.620689444],[1.359107222,43.6207575]],[[1.359107222,43.6207575],[1.3591525,43.620818889]],[[1.3591525,43.620818889],[1.359174722,43.620868889]],[[1.359174722,43.620868889],[1.359046944,43.620888611]],[[1.359046944,43.620888611],[1.3589375,43.620868333]],[[1.3589375,43.620868333],[1.358824444,43.620843056]],[[1.358824444,43.620843056],[1.358799722,43.620835278]],[[1.358663611,43.621386944],[1.358687778,43.621398056]],[[1.358687778,43.621398056],[1.359062222,43.621218611]],[[1.359062222,43.621218611],[1.359118333,43.621189167]],[[1.359118333,43.621189167],[1.359162222,43.621153333]],[[1.359162222,43.621153333],[1.359183889,43.621124444]],[[1.359183889,43.621124444],[1.359184722,43.621078611]],[[1.359184722,43.621078611],[1.359076389,43.621068056]],[[1.359076389,43.621068056],[1.358936389,43.621065]],[[1.358936389,43.621065],[1.3588025,43.621067222]],[[1.359301667,43.617044444],[1.362529167,43.616920833]],[[1.357818056,43.613076944],[1.357615,43.610057778]],[[1.357615,43.610057778],[1.358880833,43.609967222]],[[1.358880833,43.609967222],[1.360097222,43.609926389]],[[1.347600556,43.634038611],[1.347487778,43.633944167]],[[1.347487778,43.633944167],[1.347459167,43.633876944]],[[1.347459167,43.633876944],[1.347455,43.6338025]],[[1.347455,43.6338025],[1.34747,43.6337375]],[[1.34747,43.6337375],[1.347505278,43.633679722]],[[1.347505278,43.633679722],[1.347560833,43.633629722]],[[1.347560833,43.633629722],[1.347646944,43.633584167]],[[1.347646944,43.633584167],[1.347729722,43.633561389]],[[1.347729722,43.633561389],[1.347800278,43.633555]],[[1.347800278,43.633555],[1.347865556,43.633556111]],[[1.347865556,43.633556111],[1.347943611,43.633563889]],[[1.347943611,43.633563889],[1.348016111,43.633587778]],[[1.348016111,43.633587778],[1.34806,43.633611111]],[[1.347314722,43.634304444],[1.347271944,43.63431]],[[1.347271944,43.63431],[1.347246111,43.634316667]],[[1.347246111,43.634316667],[1.347227778,43.634331111]],[[1.347227778,43.634331111],[1.347163889,43.634416111]],[[1.347163889,43.634416111],[1.347108889,43.634499167]],[[1.347108889,43.634499167],[1.347092222,43.634564722]],[[1.347092222,43.634564722],[1.347085,43.634625833]],[[1.347085,43.634625833],[1.347092222,43.634690556]],[[1.347092222,43.634690556],[1.347111111,43.634763611]],[[1.347111111,43.634763611],[1.347131111,43.634821111]],[[1.347131111,43.634821111],[1.347154444,43.634868611]],[[1.347154444,43.634868611],[1.347207778,43.634930833]],[[1.347207778,43.634930833],[1.347256944,43.634978056]],[[1.347256944,43.634978056],[1.347321667,43.635021111]],[[1.347321667,43.635021111],[1.348656667,43.635759722]],[[1.348656667,43.635759722],[1.34874,43.6357975]],[[1.34874,43.6357975],[1.348828333,43.635827222]],[[1.348828333,43.635827222],[1.348904167,43.635844722]],[[1.348904167,43.635844722],[1.34899,43.635855278]],[[1.34899,43.635855278],[1.349095,43.635855833]],[[1.349095,43.635855833],[1.349225556,43.635839444]],[[1.349225556,43.635839444],[1.349313889,43.635814167]],[[1.349313889,43.635814167],[1.349384722,43.635786389]],[[1.349384722,43.635786389],[1.349445278,43.635745278]],[[1.349445278,43.635745278],[1.349491667,43.635698889]],[[1.349491667,43.635698889],[1.349516667,43.635658889]],[[1.349516667,43.635658889],[1.349534722,43.635614722]],[[1.349534722,43.635614722],[1.349541389,43.635552222]],[[1.349541389,43.635552222],[1.349527778,43.635491111]],[[1.349527778,43.635491111],[1.349504722,43.635444722]],[[1.349504722,43.635444722],[1.349465833,43.635405278]],[[1.349465833,43.635405278],[1.349391111,43.63536]],[[1.34962,43.635135278],[1.349690833,43.635177222]],[[1.349690833,43.635177222],[1.349751389,43.635193889]],[[1.349751389,43.635193889],[1.349838056,43.635199722]],[[1.349838056,43.635199722],[1.349911111,43.635196667]],[[1.349911111,43.635196667],[1.349991944,43.635181389]],[[1.349991944,43.635181389],[1.350061667,43.635147778]],[[1.350061667,43.635147778],[1.350113889,43.635116111]],[[1.350113889,43.635116111],[1.350159444,43.635081389]],[[1.350159444,43.635081389],[1.350191667,43.635041111]],[[1.350191667,43.635041111],[1.350208611,43.634999722]],[[1.350208611,43.634999722],[1.350222222,43.634942222]],[[1.350222222,43.634942222],[1.350217778,43.634885]],[[1.350217778,43.634885],[1.350200278,43.634838333]],[[1.350200278,43.634838333],[1.350178611,43.634797778]],[[1.350178611,43.634797778],[1.350147778,43.6347675]],[[1.350147778,43.6347675],[1.350056667,43.634713333]],[[1.350287778,43.6344875],[1.350355833,43.634526389]],[[1.350355833,43.634526389],[1.350419167,43.634546111]],[[1.350419167,43.634546111],[1.350511111,43.634553889]],[[1.350511111,43.634553889],[1.350604167,43.634546944]],[[1.350604167,43.634546944],[1.350677222,43.63453]],[[1.350677222,43.63453],[1.350746667,43.6344975]],[[1.350746667,43.6344975],[1.350797222,43.634465556]],[[1.350797222,43.634465556],[1.350838889,43.634424722]],[[1.350838889,43.634424722],[1.350875278,43.634369167]],[[1.350875278,43.634369167],[1.35089,43.634322778]],[[1.35089,43.634322778],[1.350894167,43.634275833]],[[1.350894167,43.634275833],[1.350888889,43.634231389]],[[1.350888889,43.634231389],[1.350867222,43.634181111]],[[1.350867222,43.634181111],[1.350838889,43.634140278]],[[1.350838889,43.634140278],[1.350808056,43.634112778]],[[1.350808056,43.634112778],[1.350762222,43.6340825]],[[1.350762222,43.6340825],[1.350725556,43.634062778]],[[1.35097,43.633830556],[1.351046389,43.633879722]],[[1.351046389,43.633879722],[1.35112,43.633905556]],[[1.35112,43.633905556],[1.351201111,43.633909167]],[[1.351201111,43.633909167],[1.351278056,43.633900833]],[[1.351278056,43.633900833],[1.351351389,43.633878333]],[[1.351351389,43.633878333],[1.351405833,43.633838333]],[[1.351405833,43.633838333],[1.351440833,43.633799722]],[[1.351440833,43.633799722],[1.3514575,43.633761111]],[[1.3514575,43.633761111],[1.351461111,43.633723056]],[[1.351461111,43.633723056],[1.351451667,43.633675278]],[[1.351451667,43.633675278],[1.351425278,43.633630833]],[[1.351425278,43.633630833],[1.351394722,43.633601389]],[[1.351394722,43.633601389],[1.351320556,43.633556667]],[[1.351320556,43.633556667],[1.351233611,43.633504167]]]}},{"type":"Feature","id":"line.surface_markings.002","properties":{"name":"Surface marking line 002","layer":"Guidance lines","category":"Surface marking lines","object_type":"Line","style_id":"line.surface_markings","airport":"LFBO","geometry_role":"linework","vsmr_group_ids":[[]]},"geometry":{"type":"MultiLineString","coordinates":[[[1.345578333,43.64469],[1.345542778,43.644503611]],[[1.345542778,43.644503611],[1.345282222,43.644528056]],[[1.345803333,43.644471111],[1.345768611,43.644285278]],[[1.345768611,43.644285278],[1.345505833,43.644312778]],[[1.346028056,43.644257778],[1.346007222,43.644158611]],[[1.345731944,43.644095556],[1.345867778,43.644081944]],[[1.3725575,43.618583889],[1.372523611,43.618588889]],[[1.372523611,43.618588889],[1.372513889,43.618555833]],[[1.372552778,43.618778889],[1.372297222,43.618805278]],[[1.372297222,43.618805278],[1.372259167,43.618616944]],[[1.372329722,43.6189925],[1.372191944,43.619007778]],[[1.372054167,43.618925],[1.372036667,43.6188325]]]}},{"type":"Feature","id":"line.taxiway_centerline.003","properties":{"name":"Taxiway centerline 003","layer":"Guidance lines","category":"Taxiway centerlines","object_type":"Line","style_id":"line.taxiway_centerline","airport":"LFBO","geometry_role":"linework","vsmr_group_ids":[[]]},"geometry":{"type":"MultiLineString","coordinates":[[[1.351011389,43.648279167],[1.350969722,43.648460278]],[[1.350969722,43.648460278],[1.350976667,43.648599722]],[[1.350976667,43.648599722],[1.351011111,43.648720278]],[[1.351011111,43.648720278],[1.351074722,43.648832778]],[[1.351074722,43.648832778],[1.351136111,43.648920278]],[[1.351136111,43.648920278],[1.351225556,43.649013333]],[[1.351225556,43.649013333],[1.3518025,43.649526389]],[[1.3518025,43.649526389],[1.351965278,43.649663056]],[[1.351965278,43.649663056],[1.352485,43.650020278]],[[1.352485,43.650020278],[1.352830556,43.650211111]],[[1.352830556,43.650211111],[1.353100833,43.650326944]],[[1.353100833,43.650326944],[1.353264722,43.650383333]],[[1.353264722,43.650383333],[1.353418056,43.650442778]],[[1.353418056,43.650442778],[1.353468889,43.650470278]],[[1.353468889,43.650470278],[1.353528056,43.650522778]],[[1.353528056,43.650522778],[1.353578333,43.650568056]],[[1.353578333,43.650568056],[1.353630278,43.650664722]],[[1.353630278,43.650664722],[1.353647778,43.650746944]],[[1.353647778,43.650746944],[1.353648333,43.650805833]],[[1.353648333,43.650805833],[1.353653611,43.651023611]],[[1.353653611,43.651023611],[1.353635278,43.651332222]],[[1.353635278,43.651332222],[1.353573056,43.651820556]],[[1.353573056,43.651820556],[1.353461667,43.652382222]],[[1.353461667,43.652382222],[1.353387222,43.652748333]],[[1.353387222,43.652748333],[1.353353889,43.652919167]],[[1.353353889,43.652919167],[1.353255833,43.653127778]],[[1.353255833,43.653127778],[1.353104722,43.653381944]],[[1.353104722,43.653381944],[1.353001667,43.653510278]],[[1.353001667,43.653510278],[1.352913889,43.653576111]],[[1.352913889,43.653576111],[1.352788056,43.653634722]],[[1.352788056,43.653634722],[1.352655,43.653674444]],[[1.352655,43.653674444],[1.352505278,43.653682778]],[[1.352505278,43.653682778],[1.352341944,43.653671944]],[[1.352341944,43.653671944],[1.352239722,43.653657778]],[[1.352239722,43.653657778],[1.352116944,43.65363]],[[1.352116944,43.65363],[1.352013056,43.653583056]],[[1.352013056,43.653583056],[1.351939722,43.653528056]],[[1.351939722,43.653528056],[1.351888056,43.653466111]],[[1.351888056,43.653466111],[1.351850833,43.653403611]],[[1.351850833,43.653403611],[1.351833889,43.653351944]],[[1.351833889,43.653351944],[1.351833611,43.653276944]],[[1.351833611,43.653276944],[1.351858333,43.653070556]]]}},{"type":"Feature","id":"line.taxiway_green.001","properties":{"name":"Green taxiway guidance line 001","layer":"Guidance lines","category":"Green taxiway guidance lines","object_type":"Line","style_id":"line.taxiway_green","airport":"LFBO","geometry_role":"linework","vsmr_group_ids":[[]]},"geometry":{"type":"MultiLineString","coordinates":[[[1.375701667,43.623006667],[1.375745833,43.622981667]],[[1.375745833,43.622981667],[1.375791389,43.622966389]],[[1.375791389,43.622966389],[1.37584,43.622954167]],[[1.37584,43.622954167],[1.37588,43.622948889]],[[1.37588,43.622948889],[1.375945,43.622944167]],[[1.375945,43.622944167],[1.376001389,43.622949444]],[[1.376001389,43.622949444],[1.376055,43.622958889]],[[1.376055,43.622958889],[1.376104444,43.622973611]],[[1.376104444,43.622973611],[1.3761425,43.622988889]],[[1.3761425,43.622988889],[1.376103611,43.622964444]],[[1.376103611,43.622964444],[1.376077778,43.622936944]],[[1.376077778,43.622936944],[1.376053333,43.622905556]],[[1.376053333,43.622905556],[1.376036667,43.622878056]],[[1.376036667,43.622878056],[1.376021111,43.622844722]],[[1.376021111,43.622844722],[1.3760175,43.62281]],[[1.3760175,43.62281],[1.376015,43.622778333]],[[1.376015,43.622778333],[1.37602,43.622748333]],[[1.376140556,43.622986667],[1.377659722,43.623823889]],[[1.377659722,43.623823889],[1.377745556,43.623850833]],[[1.377745556,43.623850833],[1.377826111,43.623869167]],[[1.377826111,43.623869167],[1.377902222,43.623875]],[[1.377902222,43.623875],[1.377977778,43.623866944]],[[1.377977778,43.623866944],[1.378048611,43.623845833]],[[1.378048611,43.623845833],[1.378104167,43.623821667]],[[1.378104167,43.623821667],[1.378153333,43.623784444]],[[1.378153333,43.623784444],[1.378233333,43.623710556]],[[1.378233333,43.623710556],[1.379876667,43.622183333]],[[1.379876667,43.622183333],[1.380908056,43.621186389]],[[1.380908056,43.621186389],[1.3810725,43.621025833]],[[1.3810725,43.621025833],[1.381145,43.620945833]],[[1.381145,43.620945833],[1.381209167,43.620855833]],[[1.381209167,43.620855833],[1.381289167,43.620762222]],[[1.381289167,43.620762222],[1.381354167,43.620690278]],[[1.381354167,43.620690278],[1.381395278,43.620654167]],[[1.381395278,43.620654167],[1.381420278,43.6206375]],[[1.380994722,43.621105],[1.381059722,43.621042778]],[[1.381059722,43.621042778],[1.381114722,43.6210075]],[[1.381114722,43.6210075],[1.381161667,43.620986944]],[[1.381161667,43.620986944],[1.381225556,43.620965556]],[[1.381225556,43.620965556],[1.381302222,43.620955833]],[[1.381302222,43.620955833],[1.381383056,43.620958056]],[[1.381383056,43.620958056],[1.381437778,43.620964444]],[[1.381437778,43.620964444],[1.381493056,43.620978889]]]}},{"type":"Feature","id":"line.taxiway_centerline.004","properties":{"name":"Taxiway centerline 004","layer":"Guidance lines","category":"Taxiway centerlines","object_type":"Line","style_id":"line.taxiway_centerline","airport":"LFBO","geometry_role":"linework","vsmr_group_ids":[[]]},"geometry":{"type":"MultiLineString","coordinates":[[[1.354231944,43.653065833],[1.354123611,43.653058889]],[[1.354123611,43.653058889],[1.354022222,43.653068889]],[[1.354022222,43.653068889],[1.353939167,43.653087778]],[[1.353939167,43.653087778],[1.353865556,43.653116389]],[[1.353865556,43.653116389],[1.3538175,43.653155833]],[[1.3538175,43.653155833],[1.353790278,43.653196389]],[[1.353790278,43.653196389],[1.3537775,43.653266944]],[[1.3537775,43.653266944],[1.353772778,43.6533425]],[[1.353772778,43.6533425],[1.353786111,43.653388889]],[[1.353786111,43.653388889],[1.353826389,43.653455]],[[1.353826389,43.653455],[1.353893889,43.653546944]],[[1.353893889,43.653546944],[1.353980833,43.653619444]],[[1.353980833,43.653619444],[1.354090278,43.653680556]],[[1.354090278,43.653680556],[1.354169167,43.653710556]],[[1.354169167,43.653710556],[1.354260278,43.653738889]],[[1.354260278,43.653738889],[1.354496667,43.653768889]],[[1.354496667,43.653768889],[1.355473611,43.653885278]],[[1.355473611,43.653885278],[1.355626667,43.653891111]],[[1.355626667,43.653891111],[1.355961111,43.653903333]],[[1.355961111,43.653903333],[1.356598889,43.653918611]],[[1.356598889,43.653918611],[1.356836111,43.653922778]],[[1.356836111,43.653922778],[1.35701,43.653898056]],[[1.35701,43.653898056],[1.357139722,43.653858889]],[[1.357139722,43.653858889],[1.357268056,43.653784722]],[[1.357268056,43.653784722],[1.357386944,43.653687778]],[[1.357386944,43.653687778],[1.357439722,43.653619444]],[[1.357439722,43.653619444],[1.357462222,43.653560833]],[[1.357462222,43.653560833],[1.357460556,43.653503611]],[[1.357460556,43.653503611],[1.357445278,43.653441111]],[[1.357445278,43.653441111],[1.3574125,43.653383611]],[[1.3574125,43.653383611],[1.357378611,43.653348611]],[[1.357378611,43.653348611],[1.357336667,43.653318889]],[[1.357336667,43.653318889],[1.357251944,43.653289444]],[[1.357251944,43.653289444],[1.357104444,43.653254722]],[[1.357104444,43.653254722],[1.357059167,43.65325]],[[1.357059167,43.65325],[1.357023889,43.653248611]],[[1.357026944,43.644540278],[1.357603333,43.643985278]],[[1.357603333,43.643985278],[1.357814167,43.643727778]],[[1.356571389,43.644290278],[1.357168611,43.643726667]],[[1.357168611,43.643726667],[1.35758,43.643555833]],[[1.356133611,43.644048611],[1.3569025,43.643311667]],[[1.3569025,43.643311667],[1.357495,43.643320833]],[[1.357293889,43.643168056],[1.356410278,43.643142778]],[[1.356410278,43.643142778],[1.356139722,43.6434125]]]}},{"type":"Feature","id":"line.stand_entry.002","properties":{"name":"Stand entry line 002","layer":"Guidance lines","category":"Stand entry lines","object_type":"Line","style_id":"line.stand_entry","airport":"LFBO","geometry_role":"linework","vsmr_group_ids":[[]]},"geometry":{"type":"MultiLineString","coordinates":[[[1.357960833,43.643545833],[1.358388889,43.643023889]],[[1.357802222,43.643325],[1.358568889,43.643330556]],[[1.357818611,43.6434575],[1.358581111,43.643147222]]]}},{"type":"Feature","id":"line.taxiway_centerline.005","properties":{"name":"Taxiway centerline 005","layer":"Guidance lines","category":"Taxiway centerlines","object_type":"Line","style_id":"line.taxiway_centerline","airport":"LFBO","geometry_role":"linework","vsmr_group_ids":[[]]},"geometry":{"type":"MultiLineString","coordinates":[[[1.383873333,43.617890833],[1.383655,43.618103333]],[[1.383655,43.618103333],[1.383639167,43.618121389]],[[1.383639167,43.618121389],[1.383627778,43.618139722]],[[1.383627778,43.618139722],[1.383618333,43.618165278]],[[1.383618333,43.618165278],[1.383608611,43.618203056]],[[1.383608611,43.618203056],[1.383605556,43.618231944]],[[1.383605556,43.618231944],[1.383606667,43.618260278]],[[1.383606667,43.618260278],[1.383617222,43.618291111]],[[1.383617222,43.618291111],[1.383635556,43.618325556]],[[1.383635556,43.618325556],[1.383701111,43.618451111]],[[1.383701111,43.618451111],[1.383715,43.6184825]],[[1.383715,43.6184825],[1.3837225,43.618514722]],[[1.3837225,43.618514722],[1.383727222,43.618543611]],[[1.383727222,43.618543611],[1.383723333,43.618565833]],[[1.383723333,43.618565833],[1.383715,43.618592222]],[[1.383715,43.618592222],[1.383701111,43.6186325]]]}},{"type":"Feature","id":"line.taxiway_orange.001","properties":{"name":"Orange taxiway guidance line 001","layer":"Guidance lines","category":"Orange taxiway guidance lines","object_type":"Line","style_id":"line.taxiway_orange","airport":"LFBO","geometry_role":"linework","vsmr_group_ids":[[]]},"geometry":{"type":"MultiLineString","coordinates":[[[1.3770575,43.627144167],[1.377578333,43.627429444]]]}},{"type":"Feature","id":"line.stand_entry.003","properties":{"name":"Stand entry line 003","layer":"Guidance lines","category":"Stand entry lines","object_type":"Line","style_id":"line.stand_entry","airport":"LFBO","geometry_role":"linework","vsmr_group_ids":[[]]},"geometry":{"type":"MultiLineString","coordinates":[[[1.376505833,43.627378333],[1.377221667,43.627771944]]]}},{"type":"Feature","id":"line.taxiway_blue.001","properties":{"name":"Blue taxiway guidance line 001","layer":"Guidance lines","category":"Blue taxiway guidance lines","object_type":"Line","style_id":"line.taxiway_blue","airport":"LFBO","geometry_role":"linework","vsmr_group_ids":[[]]},"geometry":{"type":"MultiLineString","coordinates":[[[1.376150833,43.627721111],[1.376866667,43.628113611]],[[1.375794167,43.628061667],[1.376510556,43.628455556]]]}},{"type":"Feature","id":"line.stand_entry.004","properties":{"name":"Stand entry line 004","layer":"Guidance lines","category":"Stand entry lines","object_type":"Line","style_id":"line.stand_entry","airport":"LFBO","geometry_role":"linework","vsmr_group_ids":[[]]},"geometry":{"type":"MultiLineString","coordinates":[[[1.375523889,43.628450278],[1.376153889,43.628796944]]]}},{"type":"Feature","id":"line.taxiway_orange.002","properties":{"name":"Orange taxiway guidance line 002","layer":"Guidance lines","category":"Orange taxiway guidance lines","object_type":"Line","style_id":"line.taxiway_orange","airport":"LFBO","geometry_role":"linework","vsmr_group_ids":[[]]},"geometry":{"type":"MultiLineString","coordinates":[[[1.375132778,43.627014444],[1.375853333,43.627313889]]]}},{"type":"Feature","id":"line.stand_entry.005","properties":{"name":"Stand entry line 005","layer":"Guidance lines","category":"Stand entry lines","object_type":"Line","style_id":"line.stand_entry","airport":"LFBO","geometry_role":"linework","vsmr_group_ids":[[]]},"geometry":{"type":"MultiLineString","coordinates":[[[1.374810556,43.627325833],[1.375476944,43.627602222]]]}},{"type":"Feature","id":"line.taxiway_orange.003","properties":{"name":"Orange taxiway guidance line 003","layer":"Guidance lines","category":"Orange taxiway guidance lines","object_type":"Line","style_id":"line.taxiway_orange","airport":"LFBO","geometry_role":"linework","vsmr_group_ids":[[]]},"geometry":{"type":"MultiLineString","coordinates":[[[1.374465833,43.627657222],[1.375079722,43.627911667]],[[1.374204722,43.6278425],[1.374278889,43.627831389]],[[1.374352778,43.627820278],[1.374426667,43.627809167]],[[1.374500556,43.627798056],[1.374574444,43.627786944]],[[1.374648333,43.627775833],[1.374722222,43.627764722]],[[1.374796389,43.627753611],[1.374870278,43.6277425]],[[1.374944167,43.627731389],[1.375018056,43.627720278]],[[1.375091944,43.627709167],[1.375165833,43.627698056]],[[1.375239722,43.627686944],[1.375313889,43.627675833]],[[1.375387778,43.627664722],[1.375461667,43.627653611]],[[1.375535556,43.6276425],[1.375609444,43.627631389]]]}},{"type":"Feature","id":"line.stand_entry.006","properties":{"name":"Stand entry line 006","layer":"Guidance lines","category":"Stand entry lines","object_type":"Line","style_id":"line.stand_entry","airport":"LFBO","geometry_role":"linework","vsmr_group_ids":[[]]},"geometry":{"type":"MultiLineString","coordinates":[[[1.374289444,43.625820556],[1.375015,43.625113889]],[[1.374846111,43.625862222],[1.374816667,43.625812222]],[[1.374787222,43.6257625],[1.3747575,43.6257125]],[[1.374728056,43.625662778],[1.374698333,43.625613056]],[[1.374668889,43.625563056],[1.374639167,43.625513333]],[[1.374609722,43.625463333],[1.374580278,43.625413611]],[[1.374550556,43.625363611],[1.374521111,43.625313889]],[[1.374491389,43.625264167],[1.374461944,43.625214167]],[[1.3744325,43.625164444],[1.374402778,43.625114444]],[[1.374373333,43.625064722],[1.374343611,43.625015]],[[1.374314167,43.624965],[1.374284722,43.624915278]],[[1.374524722,43.625934167],[1.375265278,43.625223611]],[[1.374034444,43.625682222],[1.374750278,43.625000278]],[[1.375225833,43.624715833],[1.375526389,43.624150556]],[[1.375462222,43.624825556],[1.376185833,43.624498611]],[[1.375283611,43.628630278],[1.375393611,43.629228333]],[[1.374411389,43.628348056],[1.374972222,43.628939167]],[[1.373683611,43.628408056],[1.374331667,43.628831944]],[[1.373345,43.628733333],[1.374063333,43.6291975]],[[1.3728175,43.629232778],[1.373713333,43.629326944]],[[1.372641667,43.629396111],[1.373315556,43.629912778]],[[1.372259167,43.629750556],[1.372811389,43.630054722]],[[1.372099167,43.629902778],[1.372874722,43.629980556]],[[1.371920278,43.630075833],[1.372726944,43.630510833]],[[1.371480833,43.630498056],[1.371512222,43.630511389]],[[1.371512222,43.630511389],[1.37154,43.630520833]],[[1.37154,43.630520833],[1.371569444,43.630528056]],[[1.371569444,43.630528056],[1.3716,43.630533333]],[[1.3716,43.630533333],[1.372305278,43.630618056]]]}},{"type":"Feature","id":"line.taxiway_orange.004","properties":{"name":"Orange taxiway guidance line 004","layer":"Guidance lines","category":"Orange taxiway guidance lines","object_type":"Line","style_id":"line.taxiway_orange","airport":"LFBO","geometry_role":"linework","vsmr_group_ids":[[]]},"geometry":{"type":"MultiLineString","coordinates":[[[1.371432778,43.630603889],[1.371495278,43.630698056]],[[1.371495278,43.630698056],[1.371522778,43.630742778]],[[1.371522778,43.630742778],[1.371536389,43.630778611]],[[1.371536389,43.630778611],[1.3715425,43.630821389]],[[1.3715425,43.630821389],[1.3716275,43.631500833]],[[1.3708575,43.630627778],[1.370893889,43.630665833]],[[1.370928333,43.630703611],[1.370963611,43.630742222]],[[1.370999167,43.630778889],[1.371034167,43.630816389]],[[1.371068889,43.630855],[1.371103889,43.630892778]],[[1.371141389,43.630930833],[1.371175278,43.630968611]],[[1.371210278,43.631006944],[1.371245833,43.631044444]],[[1.371282222,43.631082222],[1.371316667,43.63112]],[[1.371352222,43.631159722],[1.3713875,43.631196944]],[[1.371423333,43.631234722],[1.371459167,43.631272222]],[[1.371495556,43.631310833],[1.371530833,43.631349167]],[[1.371559167,43.631379722],[1.371584722,43.631405833]]]}},{"type":"Feature","id":"line.stand_entry.007","properties":{"name":"Stand entry line 007","layer":"Guidance lines","category":"Stand entry lines","object_type":"Line","style_id":"line.stand_entry","airport":"LFBO","geometry_role":"linework","vsmr_group_ids":[[]]},"geometry":{"type":"MultiLineString","coordinates":[[[1.370682222,43.630658611],[1.371192222,43.631345]],[[1.370260833,43.630755833],[1.370608056,43.631414722]]]}},{"type":"Feature","id":"line.taxiway_orange.005","properties":{"name":"Orange taxiway guidance line 005","layer":"Guidance lines","category":"Orange taxiway guidance lines","object_type":"Line","style_id":"line.taxiway_orange","airport":"LFBO","geometry_role":"linework","vsmr_group_ids":[[]]},"geometry":{"type":"MultiLineString","coordinates":[[[1.369650833,43.631008611],[1.369692222,43.631022778]],[[1.369748056,43.631041389],[1.369804722,43.63106]],[[1.369860278,43.631078056],[1.369918056,43.631097222]],[[1.369975278,43.631116111],[1.370031667,43.631135]],[[1.370088889,43.631153611],[1.370145278,43.631172222]],[[1.370201944,43.631191389],[1.3702575,43.63121]],[[1.370316111,43.631228889],[1.370373333,43.631247778]],[[1.370436389,43.631268333],[1.370486389,43.631285]],[[1.370543611,43.631304167],[1.370601389,43.631322778]],[[1.370663333,43.631343611],[1.370715556,43.631359722]],[[1.370778333,43.631380833],[1.370829444,43.631397222]]]}},{"type":"Feature","id":"line.stand_entry.008","properties":{"name":"Stand entry line 008","layer":"Guidance lines","category":"Stand entry lines","object_type":"Line","style_id":"line.stand_entry","airport":"LFBO","geometry_role":"linework","vsmr_group_ids":[[]]},"geometry":{"type":"MultiLineString","coordinates":[[[1.369415278,43.631154444],[1.370330833,43.631451944]],[[1.369033056,43.631479167],[1.369884444,43.631696667]]]}},{"type":"Feature","id":"line.taxiway_orange.006","properties":{"name":"Orange taxiway guidance line 006","layer":"Guidance lines","category":"Orange taxiway guidance lines","object_type":"Line","style_id":"line.taxiway_orange","airport":"LFBO","geometry_role":"linework","vsmr_group_ids":[[]]},"geometry":{"type":"MultiLineString","coordinates":[[[1.368803889,43.631761944],[1.368859444,43.631758056]],[[1.368920833,43.631752778],[1.368981111,43.631747222]],[[1.369049444,43.631740833],[1.369104444,43.631735278]],[[1.369172222,43.631729167],[1.369227778,43.631723889]],[[1.369289167,43.631717778],[1.369351111,43.631712222]],[[1.3694175,43.631705],[1.369473333,43.6317]],[[1.369533889,43.631694167],[1.369595278,43.631688333]],[[1.369662778,43.631681667],[1.369718056,43.631676944]],[[1.369755,43.631673056],[1.369809167,43.631667778]],[[1.3698775,43.631660833],[1.3699325,43.631656111]]]}},{"type":"Feature","id":"line.stand_entry.009","properties":{"name":"Stand entry line 009","layer":"Guidance lines","category":"Stand entry lines","object_type":"Line","style_id":"line.stand_entry","airport":"LFBO","geometry_role":"linework","vsmr_group_ids":[[]]},"geometry":{"type":"MultiLineString","coordinates":[[[1.368648611,43.632069722],[1.369621667,43.631878333]],[[1.368155,43.6326875],[1.369427222,43.632259444]]]}},{"type":"Feature","id":"line.taxiway_purple.001","properties":{"name":"Purple taxiway guidance line 001","layer":"Guidance lines","category":"Purple taxiway guidance lines","object_type":"Line","style_id":"line.taxiway_purple","airport":"LFBO","geometry_role":"linework","vsmr_group_ids":[[]]},"geometry":{"type":"MultiLineString","coordinates":[[[1.368485833,43.633078611],[1.368537778,43.63303]],[[1.368595556,43.632974722],[1.368648333,43.632925833]],[[1.36871,43.632866944],[1.368761944,43.632818333]],[[1.368823056,43.632760278],[1.368875556,43.632711111]],[[1.368936667,43.632653056],[1.368989722,43.632603611]]]}},{"type":"Feature","id":"line.taxiway_orange.007","properties":{"name":"Orange taxiway guidance line 007","layer":"Guidance lines","category":"Orange taxiway guidance lines","object_type":"Line","style_id":"line.taxiway_orange","airport":"LFBO","geometry_role":"linework","vsmr_group_ids":[[]]},"geometry":{"type":"MultiLineString","coordinates":[[[1.370000278,43.631649167],[1.370061111,43.631643611]]]}},{"type":"Feature","id":"line.taxiway_purple.002","properties":{"name":"Purple taxiway guidance line 002","layer":"Guidance lines","category":"Purple taxiway guidance lines","object_type":"Line","style_id":"line.taxiway_purple","airport":"LFBO","geometry_role":"linework","vsmr_group_ids":[[]]},"geometry":{"type":"MultiLineString","coordinates":[[[1.369050278,43.632546389],[1.369104444,43.632495]],[[1.369165833,43.632436667],[1.369216944,43.632388333]],[[1.369283056,43.6323275],[1.369327778,43.632283889]],[[1.369388333,43.632225833],[1.369441944,43.632176944]]]}},{"type":"Feature","id":"line.stand_entry.010","properties":{"name":"Stand entry line 010","layer":"Guidance lines","category":"Stand entry lines","object_type":"Line","style_id":"line.stand_entry","airport":"LFBO","geometry_role":"linework","vsmr_group_ids":[[]]},"geometry":{"type":"MultiLineString","coordinates":[[[1.368509167,43.633424722],[1.369371667,43.632536389]],[[1.369017778,43.6334075],[1.369894722,43.632877222]]]}},{"type":"Feature","id":"line.taxiway_orange.008","properties":{"name":"Orange taxiway guidance line 008","layer":"Guidance lines","category":"Orange taxiway guidance lines","object_type":"Line","style_id":"line.taxiway_orange","airport":"LFBO","geometry_role":"linework","vsmr_group_ids":[[]]},"geometry":{"type":"MultiLineString","coordinates":[[[1.369487222,43.633593611],[1.370260278,43.633246667]]]}},{"type":"Feature","id":"line.taxiway_centerline.006","properties":{"name":"Taxiway centerline 006","layer":"Guidance lines","category":"Taxiway centerlines","object_type":"Line","style_id":"line.taxiway_centerline","airport":"LFBO","geometry_role":"linework","vsmr_group_ids":[[]]},"geometry":{"type":"MultiLineString","coordinates":[[[1.380311111,43.615927778],[1.380384444,43.615934167]],[[1.380384444,43.615934167],[1.380465833,43.615949722]],[[1.380465833,43.615949722],[1.380527222,43.615966667]],[[1.380527222,43.615966667],[1.380585278,43.615988056]],[[1.380585278,43.615988056],[1.380658333,43.616025833]],[[1.380658333,43.616025833],[1.381003333,43.616214722]],[[1.381003333,43.616214722],[1.381512222,43.616494722]],[[1.381512222,43.616494722],[1.381561667,43.616527222]],[[1.381561667,43.616527222],[1.381616389,43.616569722]],[[1.381616389,43.616569722],[1.381662222,43.616613056]],[[1.381662222,43.616613056],[1.381696944,43.616655]],[[1.381696944,43.616655],[1.381727222,43.616698889]],[[1.381727222,43.616698889],[1.381750833,43.616742222]],[[1.381750833,43.616742222],[1.3817725,43.616788611]],[[1.3817725,43.616788611],[1.381786944,43.616839444]],[[1.381786944,43.616839444],[1.381796944,43.6168975]],[[1.381796944,43.6168975],[1.381798889,43.616960833]],[[1.381798889,43.616960833],[1.381785556,43.617026389]],[[1.381785556,43.617026389],[1.381764167,43.617095]],[[1.381764167,43.617095],[1.381731667,43.617154722]],[[1.381731667,43.617154722],[1.381692222,43.617215]],[[1.381692222,43.617215],[1.381647222,43.617266389]],[[1.381647222,43.617266389],[1.381202222,43.617689167]],[[1.381202222,43.617689167],[1.378161944,43.620614444]],[[1.378161944,43.620614444],[1.377325833,43.6214175]],[[1.377325833,43.6214175],[1.376613889,43.622116944]],[[1.376613889,43.622116944],[1.375908889,43.622796944]],[[1.375908889,43.622796944],[1.372510278,43.626060278]],[[1.372510278,43.626060278],[1.370659722,43.627837778]],[[1.370659722,43.627837778],[1.369501389,43.628950833]],[[1.369501389,43.628950833],[1.367890556,43.630500556]],[[1.367890556,43.630500556],[1.3671925,43.631169722]],[[1.3671925,43.631169722],[1.366365278,43.631962778]],[[1.366365278,43.631962778],[1.362066667,43.636095]],[[1.362066667,43.636095],[1.359969722,43.638110556]],[[1.359969722,43.638110556],[1.359233889,43.638832778]],[[1.359233889,43.638832778],[1.358314722,43.639707778]],[[1.358314722,43.639707778],[1.356120833,43.641814167]],[[1.356120833,43.641814167],[1.355155833,43.642744167]],[[1.355155833,43.642744167],[1.353666944,43.644175556]],[[1.353666944,43.644175556],[1.353614722,43.644224722]],[[1.353614722,43.644224722],[1.353554444,43.644280556]],[[1.353554444,43.644280556],[1.353498889,43.644323611]],[[1.353498889,43.644323611],[1.353435278,43.644363889]],[[1.353435278,43.644363889],[1.353377778,43.644395]],[[1.353377778,43.644395],[1.353318611,43.644423611]],[[1.353318611,43.644423611],[1.353239444,43.644451667]],[[1.353239444,43.644451667],[1.353174722,43.644471389]],[[1.353174722,43.644471389],[1.349619167,43.645371944]],[[1.349619167,43.645371944],[1.349431111,43.645420833]],[[1.349431111,43.645420833],[1.349278056,43.645453889]],[[1.349278056,43.645453889],[1.349153889,43.645466389]],[[1.349153889,43.645466389],[1.349028333,43.645466111]],[[1.349028333,43.645466111],[1.348909444,43.645455278]],[[1.348909444,43.645455278],[1.348789722,43.645431944]],[[1.348789722,43.645431944],[1.348691111,43.645402778]],[[1.348691111,43.645402778],[1.348600556,43.645366111]],[[1.348600556,43.645366111],[1.348535,43.645331389]],[[1.348535,43.645331389],[1.347553611,43.644793889]],[[1.347553611,43.644793889],[1.346309167,43.6441125]],[[1.346375,43.644054167],[1.346384167,43.644077222]],[[1.346384167,43.644077222],[1.346401944,43.644103333]],[[1.346401944,43.644103333],[1.346421667,43.644129444]],[[1.346421667,43.644129444],[1.346449167,43.644159722]],[[1.346449167,43.644159722],[1.346475278,43.644186389]],[[1.346475278,43.644186389],[1.346511111,43.644216667]],[[1.346511111,43.644216667],[1.346554444,43.644246944]],[[1.372253611,43.619186944],[1.372469444,43.619294722]],[[1.372469444,43.619294722],[1.373125278,43.619658611]],[[1.373125278,43.619658611],[1.376498333,43.621511667]],[[1.376498333,43.621511667],[1.376552778,43.621548056]],[[1.376552778,43.621548056],[1.376591667,43.621580556]],[[1.376591667,43.621580556],[1.376627778,43.621618333]],[[1.376627778,43.621618333],[1.37666,43.621658889]],[[1.37666,43.621658889],[1.376686111,43.621701389]],[[1.376686111,43.621701389],[1.376706944,43.621749167]],[[1.376706944,43.621749167],[1.376720556,43.621799444]],[[1.376720556,43.621799444],[1.376725,43.621851389]],[[1.376725,43.621851389],[1.376721389,43.621905]],[[1.376721389,43.621905],[1.376711111,43.621953333]],[[1.376711111,43.621953333],[1.376691389,43.622001944]],[[1.376691389,43.622001944],[1.376672778,43.622042222]],[[1.376672778,43.622042222],[1.376643611,43.622082222]],[[1.376643611,43.622082222],[1.376606389,43.622122778]],[[1.369505556,43.628946667],[1.369471389,43.628989444]],[[1.369471389,43.628989444],[1.369443333,43.629033056]],[[1.369443333,43.629033056],[1.369418611,43.629085833]],[[1.369418611,43.629085833],[1.369403611,43.629138333]],[[1.369403611,43.629138333],[1.369397778,43.629185]],[[1.369397778,43.629185],[1.369401111,43.629238889]],[[1.369401111,43.629238889],[1.369409444,43.629288611]],[[1.369409444,43.629288611],[1.369426389,43.629336944]],[[1.369426389,43.629336944],[1.369451667,43.629380278]],[[1.369451667,43.629380278],[1.369479722,43.629421667]],[[1.369479722,43.629421667],[1.369519722,43.629468333]],[[1.369519722,43.629468333],[1.369556111,43.629500278]],[[1.369556111,43.629500278],[1.369601111,43.629534444]],[[1.369601111,43.629534444],[1.369650833,43.629563333]],[[1.369650833,43.629563333],[1.369742778,43.629614167]],[[1.369742778,43.629614167],[1.370786111,43.630189167]],[[1.370786111,43.630189167],[1.370842222,43.630206944]],[[1.370842222,43.630206944],[1.370904722,43.630221944]],[[1.370904722,43.630221944],[1.370969444,43.630227778]],[[1.370969444,43.630227778],[1.371030833,43.630224444]],[[1.371030833,43.630224444],[1.371079167,43.630215278]],[[1.371079167,43.630215278],[1.371141667,43.630202222]],[[1.371141667,43.630202222],[1.371230278,43.630171111]],[[1.371230278,43.630171111],[1.371296944,43.630141944]],[[1.371296944,43.630141944],[1.371350833,43.6301125]],[[1.371350833,43.6301125],[1.371401389,43.630074167]],[[1.371401389,43.630074167],[1.371467778,43.630010556]],[[1.371467778,43.630010556],[1.371961111,43.62954]],[[1.371961111,43.62954],[1.372396944,43.629135]],[[1.372396944,43.629135],[1.373034722,43.628534722]],[[1.373034722,43.628534722],[1.373598333,43.62799]],[[1.373598333,43.62799],[1.374619167,43.627011944]],[[1.374619167,43.627011944],[1.374925556,43.626716389]],[[1.374925556,43.626716389],[1.374965556,43.626681944]],[[1.374965556,43.626681944],[1.375004444,43.626657222]],[[1.375004444,43.626657222],[1.375053056,43.626636389]],[[1.375053056,43.626636389],[1.375101944,43.626621111]],[[1.375101944,43.626621111],[1.375157778,43.626610556]],[[1.375157778,43.626610556],[1.375213889,43.6266025]],[[1.375213889,43.6266025],[1.375286944,43.626607222]],[[1.375286944,43.626607222],[1.375345833,43.626618611]],[[1.375345833,43.626618611],[1.3753975,43.626633056]],[[1.3753975,43.626633056],[1.3754575,43.626661111]],[[1.3754575,43.626661111],[1.376180833,43.627059444]],[[1.376180833,43.627059444],[1.376252222,43.627098056]],[[1.376252222,43.627098056],[1.376294722,43.627133056]],[[1.376294722,43.627133056],[1.376324444,43.627169167]],[[1.376324444,43.627169167],[1.376344167,43.627214444]],[[1.376344167,43.627214444],[1.376351389,43.627259444]],[[1.376351389,43.627259444],[1.376348611,43.627298889]],[[1.376348611,43.627298889],[1.376336389,43.6273375]],[[1.376336389,43.6273375],[1.376306667,43.627384167]],[[1.376306667,43.627384167],[1.376202222,43.627483333]],[[1.376202222,43.627483333],[1.375432778,43.628225556]],[[1.375432778,43.628225556],[1.375383056,43.628263333]],[[1.375383056,43.628263333],[1.375313333,43.628293333]],[[1.375313333,43.628293333],[1.375252778,43.628310556]],[[1.375252778,43.628310556],[1.37518,43.628315278]],[[1.37518,43.628315278],[1.37513,43.628312778]],[[1.37513,43.628312778],[1.375075556,43.628300278]],[[1.375075556,43.628300278],[1.374056389,43.628045]],[[1.374056389,43.628045],[1.373952778,43.628019722]],[[1.373952778,43.628019722],[1.373873056,43.628000556]],[[1.373873056,43.628000556],[1.373810556,43.627992222]],[[1.373810556,43.627992222],[1.373756667,43.627994444]],[[1.373756667,43.627994444],[1.373701944,43.627998333]],[[1.373701944,43.627998333],[1.373650278,43.628010556]],[[1.373650278,43.628010556],[1.373609444,43.628024167]],[[1.373609444,43.628024167],[1.373569444,43.628041111]],[[1.373569444,43.628041111],[1.373536944,43.628061944]],[[1.373536944,43.628061944],[1.3735,43.628085]],[[1.365813889,43.625046111],[1.366223889,43.624655278]],[[1.366223889,43.624655278],[1.366318889,43.624571111]],[[1.366318889,43.624571111],[1.366366111,43.6245375]],[[1.366366111,43.6245375],[1.366431111,43.6245025]],[[1.366431111,43.6245025],[1.366486389,43.624481389]],[[1.366486389,43.624481389],[1.366541111,43.624463889]],[[1.366541111,43.624463889],[1.366595278,43.624451111]],[[1.366595278,43.624451111],[1.36665,43.624443611]],[[1.36665,43.624443611],[1.36671,43.624437222]],[[1.36671,43.624437222],[1.366773333,43.624436389]],[[1.366773333,43.624436389],[1.367630833,43.624509722]],[[1.367630833,43.624509722],[1.369673333,43.624693889]],[[1.369673333,43.624693889],[1.371751111,43.624881111]],[[1.371751111,43.624881111],[1.371930556,43.624903056]],[[1.371930556,43.624903056],[1.372013889,43.624918611]],[[1.372013889,43.624918611],[1.372121944,43.624950278]],[[1.372121944,43.624950278],[1.372210556,43.624981111]],[[1.372210556,43.624981111],[1.372293333,43.625016111]],[[1.372293333,43.625016111],[1.372668333,43.625221944]],[[1.372668333,43.625221944],[1.373494722,43.625677222]],[[1.373494722,43.625677222],[1.374551944,43.626257222]],[[1.374551944,43.626257222],[1.374621944,43.626291944]],[[1.374621944,43.626291944],[1.375318056,43.626598056]],[[1.375318056,43.626598056],[1.375398056,43.6266325]],[[1.374604722,43.626283611],[1.3746625,43.626322778]],[[1.3746625,43.626322778],[1.374706944,43.626356111]],[[1.374706944,43.626356111],[1.374744167,43.626394444]],[[1.374744167,43.626394444],[1.374779722,43.626438333]],[[1.374779722,43.626438333],[1.374806944,43.626485]],[[1.374806944,43.626485],[1.3748275,43.626530556]],[[1.3748275,43.626530556],[1.374839722,43.626580278]],[[1.374839722,43.626580278],[1.374845,43.626626944]],[[1.374845,43.626626944],[1.374847778,43.626674722]],[[1.374847778,43.626674722],[1.374838333,43.626718611]],[[1.374838333,43.626718611],[1.374826944,43.626761389]],[[1.374826944,43.626761389],[1.374805556,43.626802778]],[[1.374805556,43.626802778],[1.374788056,43.626833333]],[[1.374788056,43.626833333],[1.374771944,43.6268575]],[[1.374771944,43.6268575],[1.374746389,43.626888056]],[[1.371034167,43.630223889],[1.370744444,43.630256667]],[[1.370744444,43.630256667],[1.370451944,43.630305278]],[[1.370451944,43.630305278],[1.370266111,43.630347222]],[[1.370266111,43.630347222],[1.37006,43.630403333]],[[1.37006,43.630403333],[1.369830556,43.630480556]],[[1.369830556,43.630480556],[1.369604722,43.630573333]],[[1.369604722,43.630573333],[1.369396111,43.630673056]],[[1.369396111,43.630673056],[1.369231667,43.630765556]],[[1.369231667,43.630765556],[1.369101944,43.630845]],[[1.369101944,43.630845],[1.368976667,43.6309325]],[[1.368976667,43.6309325],[1.368888333,43.630998611]],[[1.368888333,43.630998611],[1.368717222,43.631144722]],[[1.368717222,43.631144722],[1.368586111,43.631274722]],[[1.368586111,43.631274722],[1.368514167,43.6313575]],[[1.368514167,43.6313575],[1.368406389,43.631491944]],[[1.368406389,43.631491944],[1.368314444,43.631625556]],[[1.368314444,43.631625556],[1.368251667,43.631733889]],[[1.368251667,43.631733889],[1.368177778,43.63188]],[[1.368177778,43.63188],[1.368123611,43.632013889]],[[1.368123611,43.632013889],[1.3680925,43.632095833]],[[1.3680925,43.632095833],[1.368068889,43.632129167]],[[1.368068889,43.632129167],[1.367993611,43.6322025]],[[1.367993611,43.6322025],[1.367493056,43.632686111]],[[1.367493056,43.632686111],[1.367455556,43.632730833]],[[1.367455556,43.632730833],[1.367428333,43.632781944]],[[1.367428333,43.632781944],[1.367419722,43.632821944]],[[1.367419722,43.632821944],[1.367418333,43.632856389]],[[1.367418333,43.632856389],[1.367423611,43.632898333]],[[1.367423611,43.632898333],[1.367435,43.632931944]],[[1.367435,43.632931944],[1.367454167,43.632967222]],[[1.367454167,43.632967222],[1.367481667,43.633000278]],[[1.367481667,43.633000278],[1.3675125,43.633028333]],[[1.3675125,43.633028333],[1.367547778,43.633054722]],[[1.367547778,43.633054722],[1.367604444,43.633085833]],[[1.367604444,43.633085833],[1.368239444,43.633422778]],[[1.368239444,43.633422778],[1.369058611,43.633856389]],[[1.365017778,43.633257222],[1.364989167,43.633293056]],[[1.364989167,43.633293056],[1.364968611,43.633326667]],[[1.364968611,43.633326667],[1.364958611,43.633360278]],[[1.364958611,43.633360278],[1.364953611,43.633393333]],[[1.364953611,43.633393333],[1.364953889,43.633433333]],[[1.364953889,43.633433333],[1.364963889,43.633465]],[[1.364963889,43.633465],[1.364980556,43.633495278]],[[1.364980556,43.633495278],[1.365002222,43.633531111]],[[1.365002222,43.633531111],[1.365035833,43.633564722]],[[1.365035833,43.633564722],[1.36508,43.633593333]],[[1.36508,43.633593333],[1.365192778,43.633655833]],[[1.365192778,43.633655833],[1.367021111,43.634660278]],[[1.367021111,43.634660278],[1.3670625,43.634690833]],[[1.3670625,43.634690833],[1.367095833,43.634726667]],[[1.367095833,43.634726667],[1.3671225,43.634763889]],[[1.3671225,43.634763889],[1.367138333,43.634803889]],[[1.367138333,43.634803889],[1.367148333,43.63485]],[[1.367148333,43.63485],[1.367146667,43.634895556]],[[1.367146667,43.634895556],[1.367135833,43.634966944]],[[1.367021944,43.634659167],[1.367062778,43.634675556]],[[1.367062778,43.634675556],[1.3671075,43.634686944]],[[1.3671075,43.634686944],[1.367156944,43.634698611]],[[1.367156944,43.634698611],[1.367203056,43.634703056]],[[1.367203056,43.634703056],[1.3672475,43.634701389]],[[1.3672475,43.634701389],[1.367302222,43.6346975]],[[1.367302222,43.6346975],[1.36735,43.634687778]],[[1.36735,43.634687778],[1.367378056,43.634684167]],[[1.367378056,43.634684167],[1.367403056,43.634685833]],[[1.367403056,43.634685833],[1.367428611,43.634690278]],[[1.367428611,43.634690278],[1.3674525,43.634698333]],[[1.3674525,43.634698333],[1.367468611,43.634707222]],[[1.367468611,43.634707222],[1.367480278,43.634715556]],[[1.364616389,43.633644444],[1.364665556,43.633604444]],[[1.364665556,43.633604444],[1.364712778,43.6335825]],[[1.364712778,43.6335825],[1.364756944,43.6335675]],[[1.364756944,43.6335675],[1.364803611,43.633554167]],[[1.364803611,43.633554167],[1.364853889,43.633548611]],[[1.364853889,43.633548611],[1.364906944,43.633547778]],[[1.364906944,43.633547778],[1.364952222,43.6335525]],[[1.364952222,43.6335525],[1.365008056,43.633561111]],[[1.365008056,43.633561111],[1.365040278,43.633571944]],[[1.365040278,43.633571944],[1.365073889,43.633589444]],[[1.366343056,43.631984722],[1.366307778,43.632028056]],[[1.366307778,43.632028056],[1.366275833,43.632079444]],[[1.366275833,43.632079444],[1.366256667,43.63212]],[[1.366256667,43.63212],[1.366245278,43.63216]],[[1.366245278,43.63216],[1.366234444,43.632208611]],[[1.366234444,43.632208611],[1.366234444,43.632252778]],[[1.366234444,43.632252778],[1.366238333,43.632295]],[[1.366238333,43.632295],[1.366249167,43.6323375]],[[1.366249167,43.6323375],[1.366265278,43.632380833]],[[1.366265278,43.632380833],[1.366281944,43.632417778]],[[1.366281944,43.632417778],[1.366306944,43.632454444]],[[1.366306944,43.632454444],[1.366334722,43.632490278]],[[1.366334722,43.632490278],[1.366373611,43.632527778]],[[1.366373611,43.632527778],[1.366415556,43.632560278]],[[1.366415556,43.632560278],[1.366459167,43.632590278]],[[1.366459167,43.632590278],[1.366413056,43.632568889]],[[1.366413056,43.632568889],[1.366373056,43.632552778]],[[1.366373056,43.632552778],[1.366321111,43.632537222]],[[1.366321111,43.632537222],[1.366261944,43.632524444]],[[1.366261944,43.632524444],[1.366194444,43.632513333]],[[1.366194444,43.632513333],[1.366141111,43.632510278]],[[1.366141111,43.632510278],[1.366073889,43.63251]],[[1.366073889,43.63251],[1.366028333,43.632514444]],[[1.366028333,43.632514444],[1.36597,43.63252]],[[1.36597,43.63252],[1.365911667,43.632531667]],[[1.365911667,43.632531667],[1.365851667,43.632549722]],[[1.365851667,43.632549722],[1.365811111,43.632565]],[[1.365811111,43.632565],[1.365768889,43.632581667]],[[1.365768889,43.632581667],[1.365731389,43.632600833]],[[1.365731389,43.632600833],[1.365708889,43.632615]],[[1.365708889,43.632615],[1.365681111,43.632631944]],[[1.365681111,43.632631944],[1.365631944,43.632668611]],[[1.36646,43.63259],[1.366678889,43.632708333]],[[1.366678889,43.632708333],[1.366728889,43.632731667]],[[1.366728889,43.632731667],[1.36678,43.632748333]],[[1.36678,43.632748333],[1.366847778,43.632763611]],[[1.366847778,43.632763611],[1.367033056,43.632798889]],[[1.367033056,43.632798889],[1.367083056,43.632815556]],[[1.367083056,43.632815556],[1.36713,43.632835278]],[[1.36713,43.632835278],[1.367168611,43.632855278]],[[1.367168611,43.632855278],[1.367213056,43.632880278]],[[1.367213056,43.632880278],[1.367561389,43.633062222]],[[1.367031389,43.632799444],[1.367098889,43.632811111]],[[1.367098889,43.632811111],[1.367143889,43.632815556]],[[1.367143889,43.632815556],[1.367181944,43.632816111]],[[1.367181944,43.632816111],[1.367224722,43.632813611]],[[1.367224722,43.632813611],[1.367276667,43.632805278]],[[1.367276667,43.632805278],[1.367334444,43.63279]],[[1.367334444,43.63279],[1.3673725,43.632774722]],[[1.3673725,43.632774722],[1.367412222,43.632751667]],[[1.367412222,43.632751667],[1.367440833,43.632733611]],[[1.367440833,43.632733611],[1.367493333,43.632684444]],[[1.367919167,43.633994167],[1.368228889,43.633693889]],[[1.368228889,43.633693889],[1.368252778,43.633666111]],[[1.368252778,43.633666111],[1.368270833,43.633627778]],[[1.368270833,43.633627778],[1.3682825,43.633596389]],[[1.3682825,43.633596389],[1.368283333,43.633571389]],[[1.368283333,43.633571389],[1.368283333,43.633550833]],[[1.348261111,43.63974],[1.349801944,43.640576667]],[[1.349801944,43.640576667],[1.351572222,43.641544167]],[[1.351572222,43.641544167],[1.35382,43.642780556]],[[1.35382,43.642780556],[1.354122222,43.642945278]],[[1.354122222,43.642945278],[1.354650278,43.643234444]],[[1.354650278,43.643234444],[1.355271111,43.643578056]],[[1.355271111,43.643578056],[1.357044167,43.644549167]],[[1.357044167,43.644549167],[1.358308889,43.645246667]],[[1.358308889,43.645246667],[1.358470833,43.645339444]],[[1.358470833,43.645339444],[1.358536111,43.645389722]],[[1.358536111,43.645389722],[1.358596667,43.645446111]],[[1.358596667,43.645446111],[1.358649167,43.645511111]],[[1.358649167,43.645511111],[1.358694722,43.645575278]],[[1.358694722,43.645575278],[1.358726944,43.645649167]],[[1.358726944,43.645649167],[1.358751667,43.645736111]],[[1.358751667,43.645736111],[1.358760556,43.645810278]],[[1.358760556,43.645810278],[1.358756111,43.645895833]],[[1.358756111,43.645895833],[1.358593333,43.647097778]],[[1.358593333,43.647097778],[1.357898333,43.652165556]],[[1.357898333,43.652165556],[1.357746944,43.653263611]],[[1.357746944,43.653263611],[1.358058889,43.654625]],[[1.358058889,43.654625],[1.358084444,43.654770278]],[[1.358084444,43.654770278],[1.358088889,43.654846667]],[[1.358088889,43.654846667],[1.358078889,43.654902222]],[[1.358078889,43.654902222],[1.357767222,43.6571475]],[[1.357767222,43.6571475],[1.357670278,43.657833611]],[[1.357670278,43.657833611],[1.357653611,43.657883611]],[[1.357653611,43.657883611],[1.357620833,43.657928056]],[[1.357620833,43.657928056],[1.357580556,43.657965833]],[[1.357580556,43.657965833],[1.357526111,43.658003056]],[[1.357526111,43.658003056],[1.357456944,43.658029722]],[[1.357456944,43.658029722],[1.357373611,43.658046667]],[[1.357373611,43.658046667],[1.357288611,43.658057222]],[[1.3739575,43.627651111],[1.373919167,43.627694444]],[[1.373919167,43.627694444],[1.373894167,43.627736111]],[[1.373894167,43.627736111],[1.373881389,43.627783333]],[[1.373881389,43.627783333],[1.373883611,43.627836389]],[[1.373883611,43.627836389],[1.373895556,43.627882222]],[[1.373895556,43.627882222],[1.3739175,43.627923889]],[[1.3739175,43.627923889],[1.3739525,43.627967222]],[[1.3739525,43.627967222],[1.373991944,43.628003889]],[[1.373991944,43.628003889],[1.374036111,43.628026389]],[[1.374036111,43.628026389],[1.374091944,43.628055833]],[[1.376936389,43.621799444],[1.376906667,43.621846667]],[[1.376906667,43.621846667],[1.376891111,43.621892778]],[[1.376891111,43.621892778],[1.376887222,43.621937778]],[[1.376887222,43.621937778],[1.376887778,43.6219725]],[[1.376887778,43.6219725],[1.376898056,43.622012778]],[[1.376898056,43.622012778],[1.376918333,43.622050833]],[[1.376918333,43.622050833],[1.376947222,43.622087778]],[[1.376947222,43.622087778],[1.376977778,43.622119167]],[[1.376977778,43.622119167],[1.377018889,43.622146667]],[[1.377018889,43.622146667],[1.376953889,43.622121944]],[[1.376953889,43.622121944],[1.376896111,43.622108889]],[[1.376896111,43.622108889],[1.376829167,43.622103056]],[[1.376829167,43.622103056],[1.376775278,43.622102222]],[[1.376775278,43.622102222],[1.3767175,43.622111111]],[[1.3767175,43.622111111],[1.376650278,43.622129444]],[[1.376650278,43.622129444],[1.376595278,43.622153333]],[[1.376595278,43.622153333],[1.376558611,43.622175]],[[1.376558611,43.622175],[1.376537778,43.622191111]],[[1.377016667,43.622145556],[1.378993889,43.623230278]]]}},{"type":"Feature","id":"line.stand_entry.011","properties":{"name":"Stand entry line 011","layer":"Guidance lines","category":"Stand entry lines","object_type":"Line","style_id":"line.stand_entry","airport":"LFBO","geometry_role":"linework","vsmr_group_ids":[[]]},"geometry":{"type":"MultiLineString","coordinates":[[[1.3754675,43.623585833],[1.375579722,43.6236175]],[[1.37567,43.623638889],[1.375774167,43.6236675]],[[1.375859167,43.623688889],[1.375978889,43.623720833]],[[1.376081667,43.623746389],[1.376191944,43.623773889]],[[1.376289444,43.623801389],[1.376377222,43.623824167]],[[1.376473056,43.623849167],[1.3765575,43.623871111]],[[1.376647778,43.623893889],[1.376741667,43.623919167]],[[1.376830833,43.623942778],[1.376935278,43.623969722]],[[1.376488611,43.623329722],[1.375849444,43.623947778]],[[1.376946667,43.623578056],[1.376301111,43.624194444]],[[1.377395,43.623830556],[1.376755556,43.624446111]],[[1.377853889,43.624076667],[1.377206944,43.624696111]],[[1.378126667,43.624061667],[1.378901667,43.62332]],[[1.377883889,43.62381],[1.378578333,43.623140556]],[[1.377513333,43.623606667],[1.3782125,43.622939167]],[[1.3773725,43.622480556],[1.376680833,43.623150833]],[[1.377791667,43.622708889],[1.377096111,43.623376667]],[[1.377556389,43.622304722],[1.377975,43.6219025]],[[1.377975556,43.622533611],[1.378394167,43.622133333]],[[1.378394167,43.622764722],[1.378821111,43.622351389]],[[1.379181667,43.6225625],[1.378760833,43.622965833]],[[1.379086111,43.623141944],[1.3795175,43.622727222]],[[1.378671944,43.622882778],[1.378805,43.622863333]],[[1.378911944,43.622851111],[1.379020556,43.622836667]],[[1.37914,43.6228225],[1.379260833,43.622806389]],[[1.379358333,43.622793056],[1.379471667,43.6227775]],[[1.379548889,43.622769167],[1.379621389,43.62276]],[[1.377773333,43.624034722],[1.377710833,43.624096944]],[[1.377650278,43.624156944],[1.377582778,43.624221667]],[[1.3775375,43.624265],[1.377473333,43.624326389]],[[1.377416111,43.624381944],[1.377349722,43.624446667]],[[1.377289722,43.624502222],[1.377224444,43.624564722]],[[1.377183611,43.624603889],[1.377133889,43.624651389]],[[1.376536389,43.624313333],[1.376603611,43.624249722]],[[1.376676667,43.6241775],[1.376745556,43.624111944]],[[1.376806667,43.624054167],[1.376869444,43.623991944]],[[1.376929167,43.623932778],[1.376987778,43.623877778]],[[1.377043611,43.623825556],[1.3770975,43.623771389]],[[1.377148611,43.623723611],[1.377173056,43.623700833]],[[1.376564722,43.6233725],[1.376507222,43.623428611]],[[1.37646,43.623474722],[1.376396667,43.623533333]],[[1.376351111,43.623579167],[1.376281111,43.623643889]],[[1.3762375,43.623686389],[1.37617,43.623753611]],[[1.376131111,43.623790556],[1.376063611,43.623854167]],[[1.3759275,43.623985556],[1.376001667,43.623915556]],[[1.380406111,43.621490556],[1.380163611,43.621358611]],[[1.380131111,43.621748056],[1.379891944,43.621615556]],[[1.379877222,43.6220125],[1.379620833,43.621871667]],[[1.379615,43.622275278],[1.379359444,43.622134722]],[[1.381273889,43.619918889],[1.381721667,43.620115833]],[[1.382038056,43.61975],[1.381754444,43.620045278]],[[1.381967222,43.620705833],[1.38188,43.620812222]],[[1.382186944,43.620805],[1.382106944,43.620903333]],[[1.383380278,43.621601389],[1.383252222,43.621643611]],[[1.383263889,43.621410278],[1.383115278,43.621463056]],[[1.382413889,43.620891944],[1.382326389,43.620997778]],[[1.382636944,43.620987222],[1.382551944,43.621094167]],[[1.382864722,43.621082778],[1.382774167,43.621192778]],[[1.383133889,43.621199444],[1.382998889,43.621290556]],[[1.381643889,43.621531944],[1.381703056,43.621510556]],[[1.381749167,43.6214975],[1.381828889,43.621470833]],[[1.381888889,43.621451389],[1.3819775,43.621418056]],[[1.381841111,43.621748056],[1.381920556,43.621721389]],[[1.381991389,43.621696111],[1.382087778,43.621662778]],[[1.382161111,43.621640556],[1.382253889,43.621611111]],[[1.38231,43.621587778],[1.382360556,43.6215675]],[[1.38207,43.621953333],[1.382161667,43.621921944]],[[1.382226389,43.621901389],[1.382306944,43.621872778]],[[1.382380278,43.621848611],[1.382450833,43.621825]],[[1.382507222,43.621805278],[1.382570556,43.621782778]],[[1.382625833,43.621764444],[1.382682222,43.621743056]],[[1.3838475,43.619043611],[1.384098333,43.619439444]]]}},{"type":"Feature","id":"line.taxiway_centerline.007","properties":{"name":"Taxiway centerline 007","layer":"Guidance lines","category":"Taxiway centerlines","object_type":"Line","style_id":"line.taxiway_centerline","airport":"LFBO","geometry_role":"linework","vsmr_group_ids":[[]]},"geometry":{"type":"MultiLineString","coordinates":[[[1.3803775,43.618483333],[1.38045,43.618435556]],[[1.38045,43.618435556],[1.380511111,43.618409167]],[[1.380511111,43.618409167],[1.380574722,43.618388333]],[[1.380574722,43.618388333],[1.380643056,43.618376667]],[[1.380643056,43.618376667],[1.380710833,43.618373333]],[[1.380710833,43.618373333],[1.380785833,43.618378333]],[[1.380785833,43.618378333],[1.3808525,43.618389722]],[[1.3808525,43.618389722],[1.380911667,43.618409167]],[[1.380911667,43.618409167],[1.380976667,43.618438333]],[[1.380976667,43.618438333],[1.381032222,43.618475278]],[[1.381032222,43.618475278],[1.381078889,43.618519444]],[[1.381078889,43.618519444],[1.381140833,43.618613611]],[[1.381140833,43.618613611],[1.381171944,43.618683333]],[[1.381171944,43.618683333],[1.381200556,43.6187575]],[[1.381200556,43.6187575],[1.381221944,43.618844722]],[[1.381221944,43.618844722],[1.381231389,43.618940278]],[[1.381231389,43.618940278],[1.381225278,43.619035833]],[[1.381225278,43.619035833],[1.381195833,43.619163889]],[[1.381195833,43.619163889],[1.381128611,43.619311944]],[[1.381128611,43.619311944],[1.381050556,43.619420833]],[[1.381050556,43.619420833],[1.380952778,43.619520556]],[[1.380952778,43.619520556],[1.380851667,43.619607222]],[[1.380851667,43.619607222],[1.380745833,43.619677222]],[[1.380745833,43.619677222],[1.380628889,43.619744444]],[[1.380628889,43.619744444],[1.380563333,43.619787222]],[[1.380563333,43.619787222],[1.38051,43.619835833]],[[1.38051,43.619835833],[1.380454722,43.619909722]],[[1.380454722,43.619909722],[1.380423056,43.619985556]],[[1.380423056,43.619985556],[1.380411667,43.620058889]],[[1.380411667,43.620058889],[1.380419444,43.620126667]],[[1.380419444,43.620126667],[1.380433611,43.620187778]],[[1.380433611,43.620187778],[1.380468056,43.620252222]],[[1.380468056,43.620252222],[1.380538611,43.620359167]],[[1.380538611,43.620359167],[1.380560556,43.620414167]],[[1.380560556,43.620414167],[1.380568333,43.620471944]],[[1.380568333,43.620471944],[1.380563889,43.620526111]],[[1.380563889,43.620526111],[1.380540278,43.620587778]],[[1.380540278,43.620587778],[1.380506667,43.620634167]],[[1.380506667,43.620634167],[1.3804475,43.620694167]],[[1.3804475,43.620694167],[1.379194444,43.621903889]],[[1.380540556,43.620361111],[1.381011944,43.621098889]],[[1.381011944,43.621098889],[1.381019444,43.621154722]],[[1.381019444,43.621154722],[1.381016111,43.621199722]],[[1.381016111,43.621199722],[1.381003889,43.62125]],[[1.381003889,43.62125],[1.380978333,43.621307778]],[[1.380978333,43.621307778],[1.380935278,43.621363333]],[[1.380935278,43.621363333],[1.3808425,43.62145]],[[1.3808425,43.62145],[1.379685556,43.622565833]],[[1.380685833,43.620588611],[1.380728056,43.620625278]],[[1.380728056,43.620625278],[1.380773889,43.620660833]],[[1.380773889,43.620660833],[1.380845556,43.620700278]],[[1.380845556,43.620700278],[1.380940278,43.620741389]],[[1.380940278,43.620741389],[1.382605278,43.621458611]],[[1.382605278,43.621458611],[1.382642778,43.621476389]],[[1.382642778,43.621476389],[1.382676111,43.621498611]],[[1.382676111,43.621498611],[1.382704722,43.621530556]],[[1.382704722,43.621530556],[1.382736389,43.621572778]],[[1.382736389,43.621572778],[1.382947778,43.621898889]],[[1.380923611,43.620735833],[1.380976111,43.620750278]],[[1.380976111,43.620750278],[1.381029167,43.620756944]],[[1.381029167,43.620756944],[1.381071667,43.620753611]],[[1.381071667,43.620753611],[1.381120278,43.620739444]],[[1.381120278,43.620739444],[1.381805,43.620502778]],[[1.381805,43.620502778],[1.381846389,43.620486944]],[[1.381846389,43.620486944],[1.381868889,43.620470556]],[[1.381868889,43.620470556],[1.381892222,43.620440556]],[[1.381892222,43.620440556],[1.381906111,43.6204075]],[[1.381906111,43.6204075],[1.381906111,43.620368056]],[[1.381906111,43.620368056],[1.381895278,43.620326389]],[[1.381895278,43.620326389],[1.381882222,43.620278611]],[[1.381882222,43.620278611],[1.381871944,43.620236667]],[[1.381871944,43.620236667],[1.381852778,43.620201111]],[[1.381852778,43.620201111],[1.381823333,43.620177222]],[[1.381823333,43.620177222],[1.381783611,43.620156111]],[[1.381783611,43.620156111],[1.381733333,43.620141111]],[[1.381733333,43.620141111],[1.381681111,43.620138611]],[[1.381681111,43.620138611],[1.381637222,43.620143611]],[[1.381637222,43.620143611],[1.381581944,43.620164444]],[[1.381581944,43.620164444],[1.381335556,43.620259722]],[[1.381866944,43.620227778],[1.381920556,43.620033611]]]}},{"type":"Feature","id":"line.stand_entry.012","properties":{"name":"Stand entry line 012","layer":"Guidance lines","category":"Stand entry lines","object_type":"Line","style_id":"line.stand_entry","airport":"LFBO","geometry_role":"linework","vsmr_group_ids":[[]]},"geometry":{"type":"MultiLineString","coordinates":[[[1.381719167,43.619703889],[1.381903889,43.619978611]]]}},{"type":"Feature","id":"line.taxiway_centerline.008","properties":{"name":"Taxiway centerline 008","layer":"Guidance lines","category":"Taxiway centerlines","object_type":"Line","style_id":"line.taxiway_centerline","airport":"LFBO","geometry_role":"linework","vsmr_group_ids":[[]]},"geometry":{"type":"MultiLineString","coordinates":[[[1.381780833,43.6205125],[1.381816111,43.620506944]],[[1.381816111,43.620506944],[1.381859444,43.620508889]],[[1.381859444,43.620508889],[1.381899444,43.620516944]],[[1.381899444,43.620516944],[1.381959444,43.620542222]],[[1.381959444,43.620542222],[1.383183611,43.621072222]],[[1.383183611,43.621072222],[1.383250278,43.621104722]],[[1.383250278,43.621104722],[1.383290556,43.621138611]],[[1.383290556,43.621138611],[1.383360556,43.621251111]],[[1.383373889,43.621266111],[1.383390556,43.6212925]],[[1.383405833,43.621315833],[1.383422222,43.621340278]],[[1.383437778,43.621365],[1.383453333,43.621389167]],[[1.383467778,43.621414444],[1.383483889,43.621439722]],[[1.38112,43.617773611],[1.381070556,43.617829444]],[[1.381070556,43.617829444],[1.381040278,43.617868056]],[[1.381040278,43.617868056],[1.3810175,43.617908333]],[[1.3810175,43.617908333],[1.380995278,43.617949722]],[[1.380995278,43.617949722],[1.380976667,43.617998333]],[[1.380976667,43.617998333],[1.380963056,43.618039444]],[[1.380963056,43.618039444],[1.380952778,43.618086944]],[[1.380952778,43.618086944],[1.380948333,43.618139167]],[[1.380948333,43.618139167],[1.380948333,43.618195833]],[[1.380948333,43.618195833],[1.380956389,43.618249444]],[[1.380956389,43.618249444],[1.380969444,43.618303889]],[[1.380969444,43.618303889],[1.380985556,43.618348611]],[[1.380985556,43.618348611],[1.381010556,43.618406389]],[[1.381010556,43.618406389],[1.3810425,43.618460556]],[[1.3810425,43.618460556],[1.381085,43.618528056]],[[1.381142778,43.618614167],[1.381200278,43.618688056]],[[1.381200278,43.618688056],[1.381247778,43.618741111]],[[1.381247778,43.618741111],[1.381302778,43.618791944]],[[1.381302778,43.618791944],[1.381365556,43.618843056]],[[1.381365556,43.618843056],[1.381432778,43.618888611]],[[1.381432778,43.618888611],[1.381500278,43.618928333]],[[1.381500278,43.618928333],[1.381569167,43.618965278]],[[1.381569167,43.618965278],[1.381643889,43.618998611]],[[1.381643889,43.618998611],[1.3817175,43.619028889]],[[1.3817175,43.619028889],[1.381784722,43.619049722]],[[1.381784722,43.619049722],[1.381859444,43.619072222]],[[1.381859444,43.619072222],[1.3819325,43.619088611]],[[1.3819325,43.619088611],[1.382,43.619103611]],[[1.382,43.619103611],[1.382075278,43.619115556]],[[1.382075278,43.619115556],[1.382159444,43.619124722]],[[1.382159444,43.619124722],[1.382223333,43.619128056]],[[1.382223333,43.619128056],[1.382296389,43.619128333]],[[1.382296389,43.619128333],[1.382372778,43.619128056]],[[1.382372778,43.619128056],[1.3824475,43.619124722]],[[1.3824475,43.619124722],[1.382498056,43.619119444]],[[1.382498056,43.619119444],[1.382568333,43.619110556]],[[1.382568333,43.619110556],[1.382634722,43.619098056]],[[1.382634722,43.619098056],[1.382719444,43.619074167]],[[1.382719444,43.619074167],[1.383749167,43.6187275]],[[1.383749167,43.6187275],[1.3850275,43.618298333]],[[1.3850275,43.618298333],[1.385109722,43.618274167]],[[1.385109722,43.618274167],[1.385206944,43.618255]],[[1.385206944,43.618255],[1.385301111,43.618247222]],[[1.385301111,43.618247222],[1.385402778,43.618248889]],[[1.385402778,43.618248889],[1.385492778,43.618258333]],[[1.385492778,43.618258333],[1.385574167,43.618272778]],[[1.385574167,43.618272778],[1.385673056,43.618301389]],[[1.385673056,43.618301389],[1.385754722,43.618333056]],[[1.385754722,43.618333056],[1.38584,43.618378889]],[[1.38584,43.618378889],[1.385915556,43.618431389]],[[1.385915556,43.618431389],[1.385969167,43.618481111]],[[1.385969167,43.618481111],[1.386011111,43.618532222]],[[1.386011111,43.618532222],[1.38607,43.618621111]],[[1.38607,43.618621111],[1.386191389,43.618811944]],[[1.386191389,43.618811944],[1.386221389,43.618856944]],[[1.386221389,43.618856944],[1.386261667,43.618900278]],[[1.386261667,43.618900278],[1.386311944,43.618949167]],[[1.386311944,43.618949167],[1.386371667,43.618989167]],[[1.386371667,43.618989167],[1.386436667,43.619027778]],[[1.386436667,43.619027778],[1.386506111,43.619059167]],[[1.386506111,43.619059167],[1.386588611,43.619089444]],[[1.386588611,43.619089444],[1.386914722,43.619193889]],[[1.386914722,43.619193889],[1.387853333,43.619494167]],[[1.387853333,43.619494167],[1.387938333,43.6195225]],[[1.387938333,43.6195225],[1.388,43.619547778]],[[1.388,43.619547778],[1.388028889,43.619571667]],[[1.388028889,43.619571667],[1.388044722,43.619606667]],[[1.388044722,43.619606667],[1.388053056,43.619656667]],[[1.388053056,43.619656667],[1.388044444,43.619704444]],[[1.388044444,43.619704444],[1.388023889,43.619751111]],[[1.388023889,43.619751111],[1.387981667,43.619796389]],[[1.387981667,43.619796389],[1.387932222,43.619831389]],[[1.387932222,43.619831389],[1.387818611,43.619873611]],[[1.387818611,43.619873611],[1.387666944,43.619925556]],[[1.387666944,43.619925556],[1.387619722,43.619933889]],[[1.387619722,43.619933889],[1.387568611,43.619934722]],[[1.387568611,43.619934722],[1.387524722,43.619928611]],[[1.387524722,43.619928611],[1.387475833,43.619913611]],[[1.387475833,43.619913611],[1.387439444,43.619890556]],[[1.387439444,43.619890556],[1.387411944,43.619863611]],[[1.387411944,43.619863611],[1.387016667,43.619253889]],[[1.387016667,43.619253889],[1.386991667,43.619232222]],[[1.386991667,43.619232222],[1.386971111,43.619219167]],[[1.386971111,43.619219167],[1.386941111,43.6192025]],[[1.387011111,43.619226111],[1.387121389,43.619275833]],[[1.387121389,43.619275833],[1.387184444,43.619316389]],[[1.387184444,43.619316389],[1.387235556,43.619363333]],[[1.387235556,43.619363333],[1.387261667,43.619395556]],[[1.387261667,43.619395556],[1.387305556,43.619466111]],[[1.387305556,43.619466111],[1.387495833,43.619760556]],[[1.387495833,43.619760556],[1.387544167,43.619810556]],[[1.387544167,43.619810556],[1.387594167,43.619843889]],[[1.387594167,43.619843889],[1.3876575,43.619866389]],[[1.3876575,43.619866389],[1.387720556,43.619874722]],[[1.387720556,43.619874722],[1.387781111,43.619875556]],[[1.387781111,43.619875556],[1.387839167,43.619866389]],[[1.387904722,43.619996667],[1.387560833,43.619468611]],[[1.387560833,43.619468611],[1.387523333,43.619429167]],[[1.387523333,43.619429167],[1.387490833,43.6194025]],[[1.387490833,43.6194025],[1.387455833,43.61938]],[[1.387455833,43.61938],[1.387419444,43.619360278]],[[1.387419444,43.619360278],[1.387386389,43.619345]],[[1.385231111,43.6182525],[1.385286944,43.618239167]],[[1.385286944,43.618239167],[1.385353056,43.618209444]],[[1.385353056,43.618209444],[1.385831944,43.617971111]],[[1.385831944,43.617971111],[1.385949722,43.617913889]],[[1.385949722,43.617913889],[1.386084722,43.617860278]],[[1.386084722,43.617860278],[1.386251389,43.617803333]],[[1.386251389,43.617803333],[1.386358611,43.617769444]],[[1.386358611,43.617769444],[1.386419167,43.617760833]],[[1.386419167,43.617760833],[1.386489722,43.61776]],[[1.386489722,43.61776],[1.386931667,43.617768611]],[[1.386931667,43.617768611],[1.386976389,43.617776111]],[[1.386976389,43.617776111],[1.387009722,43.617791944]],[[1.387009722,43.617791944],[1.387046944,43.617820556]],[[1.387046944,43.617820556],[1.387063056,43.61785]],[[1.387063056,43.61785],[1.387063889,43.617883056]],[[1.387063889,43.617883056],[1.387052778,43.617917778]],[[1.387052778,43.617917778],[1.387025556,43.617947222]],[[1.387025556,43.617947222],[1.387002222,43.617961389]],[[1.387002222,43.617961389],[1.386832778,43.6180175]],[[1.386832778,43.6180175],[1.386797778,43.6180225]],[[1.386797778,43.6180225],[1.386756944,43.61802]],[[1.386756944,43.61802],[1.38672,43.618009167]],[[1.38672,43.618009167],[1.386677778,43.6179875]],[[1.386677778,43.6179875],[1.386658889,43.617961944]],[[1.386658889,43.617961944],[1.386572778,43.617832778]],[[1.386572778,43.617832778],[1.386544722,43.617805833]],[[1.386544722,43.617805833],[1.386512778,43.617786944]],[[1.386512778,43.617786944],[1.386475556,43.617775278]],[[1.386475556,43.617775278],[1.386438611,43.617768333]],[[1.386438611,43.617768333],[1.3863925,43.617763889]],[[1.376344444,43.627350556],[1.376380833,43.627314444]],[[1.376380833,43.627314444],[1.376424722,43.62727]],[[1.376424722,43.62727],[1.376472778,43.627231111]],[[1.376472778,43.627231111],[1.376520278,43.627206667]],[[1.376520278,43.627206667],[1.376572778,43.6271925]],[[1.376572778,43.6271925],[1.376934444,43.627078056]],[[1.376294722,43.627123333],[1.376356944,43.627154444]],[[1.376356944,43.627154444],[1.3764275,43.627176667]],[[1.3764275,43.627176667],[1.376491667,43.627186389]],[[1.376491667,43.627186389],[1.376541389,43.627186944]],[[1.376541389,43.627186944],[1.376585,43.6271825]],[[1.376585,43.6271825],[1.376628889,43.627174444]],[[1.368534722,43.630926389],[1.368396111,43.630969444]],[[1.368396111,43.630969444],[1.368319722,43.630978056]],[[1.368319722,43.630978056],[1.368289722,43.630975833]],[[1.368289722,43.630975833],[1.3682575,43.630968889]],[[1.3682575,43.630968889],[1.368214722,43.630949444]],[[1.368214722,43.630949444],[1.368173611,43.630922222]],[[1.368173611,43.630922222],[1.368146667,43.630896667]],[[1.368146667,43.630896667],[1.368124444,43.630854444]],[[1.368124444,43.630854444],[1.368098333,43.630793333]],[[1.368098333,43.630793333],[1.368085556,43.63073]],[[1.368085556,43.63073],[1.368085278,43.630670278]],[[1.368085278,43.630670278],[1.368101111,43.630616111]],[[1.368101111,43.630616111],[1.3681225,43.630563333]],[[1.3681225,43.630563333],[1.368153611,43.630510278]],[[1.368153611,43.630510278],[1.36819,43.630458889]],[[1.36819,43.630458889],[1.368289722,43.63033]],[[1.368289722,43.63033],[1.368405278,43.630202778]],[[1.368405278,43.630202778],[1.368639722,43.629983333]],[[1.368639722,43.629983333],[1.368798333,43.629854167]],[[1.368798333,43.629854167],[1.368932222,43.62977]],[[1.368932222,43.62977],[1.369033056,43.629722222]],[[1.369033056,43.629722222],[1.369115556,43.629693333]],[[1.369115556,43.629693333],[1.369212222,43.629674444]],[[1.369212222,43.629674444],[1.369313333,43.629671389]],[[1.369313333,43.629671389],[1.369402222,43.629679444]],[[1.369402222,43.629679444],[1.369455556,43.629686667]],[[1.369455556,43.629686667],[1.369528611,43.629728611]],[[1.369528611,43.629728611],[1.3695625,43.629756111]],[[1.3695625,43.629756111],[1.3695725,43.629783056]],[[1.3695725,43.629783056],[1.369577222,43.629813611]],[[1.369577222,43.629813611],[1.369572778,43.629891389]],[[1.366366111,43.632724722],[1.366398611,43.632692778]],[[1.366421667,43.632672778],[1.366451944,43.632643056]],[[1.366481667,43.632614722],[1.366514722,43.632583056]],[[1.3665425,43.632554444],[1.366573889,43.632524722]],[[1.366599722,43.632500556],[1.366629167,43.632471111]],[[1.367919722,43.631235],[1.3679525,43.631203056]],[[1.367973333,43.631180556],[1.368006944,43.631149444]],[[1.368031111,43.631125556],[1.368059167,43.631098889]],[[1.368081667,43.631077778],[1.368113056,43.631046667]],[[1.368140833,43.631021111],[1.368168611,43.630993889]],[[1.368194722,43.630968889],[1.368214444,43.63095]],[[1.370116389,43.630388889],[1.370183333,43.630358889]],[[1.370183333,43.630358889],[1.370217778,43.630334444]],[[1.370217778,43.630334444],[1.370256389,43.630301111]],[[1.370256389,43.630301111],[1.370285278,43.630267222]],[[1.370285278,43.630267222],[1.370308611,43.630228333]],[[1.370308611,43.630228333],[1.370325833,43.630189167]],[[1.370325833,43.630189167],[1.370328889,43.630145278]],[[1.370328889,43.630145278],[1.370326111,43.6301075]],[[1.370326111,43.6301075],[1.3703175,43.630074167]],[[1.3703175,43.630074167],[1.370298889,43.630037222]],[[1.370298889,43.630037222],[1.370273611,43.630001389]],[[1.370273611,43.630001389],[1.370211944,43.629934444]],[[1.370211944,43.629934444],[1.370131944,43.629847222]],[[1.370131944,43.629847222],[1.370083333,43.629803056]],[[1.370694444,43.629943611],[1.370798333,43.629969722]],[[1.370798333,43.629969722],[1.370886944,43.629982778]],[[1.370886944,43.629982778],[1.370976944,43.629983333]],[[1.370976944,43.629983333],[1.371075556,43.629974444]],[[1.371075556,43.629974444],[1.371165556,43.629955833]],[[1.371165556,43.629955833],[1.3712275,43.629936111]],[[1.3712275,43.629936111],[1.371313056,43.629898611]],[[1.371313056,43.629898611],[1.371542778,43.629738056]],[[1.371542778,43.629738056],[1.371693889,43.6295375]],[[1.371693889,43.6295375],[1.3717325,43.629471389]],[[1.3717325,43.629471389],[1.3717525,43.62941]],[[1.3717525,43.62941],[1.371759444,43.629355278]],[[1.371759444,43.629355278],[1.371754444,43.629286111]],[[1.371754444,43.629286111],[1.371738056,43.6292175]],[[1.371738056,43.6292175],[1.37171,43.629161111]],[[1.37171,43.629161111],[1.371680833,43.629116944]],[[1.371680833,43.629116944],[1.37164,43.629073333]],[[1.37164,43.629073333],[1.371580833,43.629026667]],[[1.371580833,43.629026667],[1.37153,43.628991944]],[[1.37153,43.628991944],[1.371460556,43.628954722]],[[1.371460556,43.628954722],[1.370885278,43.628639722]],[[1.370885278,43.628639722],[1.3707825,43.628597778]],[[1.3707825,43.628597778],[1.3707025,43.628571944]],[[1.3707025,43.628571944],[1.370627778,43.628557778]],[[1.370627778,43.628557778],[1.370545278,43.628548611]],[[1.370545278,43.628548611],[1.370456944,43.628548333]],[[1.370456944,43.628548333],[1.370380556,43.628555]],[[1.370380556,43.628555],[1.3703175,43.628565833]],[[1.3703175,43.628565833],[1.370260556,43.628579167]],[[1.370260556,43.628579167],[1.370206667,43.628598056]],[[1.370206667,43.628598056],[1.370150556,43.628622778]],[[1.370150556,43.628622778],[1.370109722,43.628643889]],[[1.370109722,43.628643889],[1.370075278,43.628665556]],[[1.370075278,43.628665556],[1.369896944,43.628797778]],[[1.369896944,43.628797778],[1.369873611,43.628815556]],[[1.369873611,43.628815556],[1.369845556,43.628843056]],[[1.369845556,43.628843056],[1.369807778,43.628888611]],[[1.369807778,43.628888611],[1.369751389,43.628975833]],[[1.369751389,43.628975833],[1.369717222,43.629039722]],[[1.369717222,43.629039722],[1.369698056,43.629088333]],[[1.369698056,43.629088333],[1.369686111,43.629142222]],[[1.369686111,43.629142222],[1.369681944,43.629183056]],[[1.369681944,43.629183056],[1.369681667,43.629216944]],[[1.369681667,43.629216944],[1.369696111,43.629271389]],[[1.369696111,43.629271389],[1.3697125,43.629310278]],[[1.3697125,43.629310278],[1.369730556,43.629348889]],[[1.369730556,43.629348889],[1.369759722,43.629385556]],[[1.369759722,43.629385556],[1.369807778,43.629439444]],[[1.369807778,43.629439444],[1.369848889,43.6294775]],[[1.369848889,43.6294775],[1.369891944,43.629505278]],[[1.369891944,43.629505278],[1.370506667,43.62984]],[[1.370506667,43.62984],[1.370694444,43.629943611]],[[1.369501944,43.629710833],[1.369535278,43.629679167]],[[1.369569167,43.629646389],[1.369601667,43.629615556]],[[1.36964,43.629578889],[1.369669722,43.629550556]],[[1.369707222,43.629514444],[1.369737222,43.629486111]],[[1.369768611,43.629456111],[1.369795556,43.629428889]],[[1.370702222,43.628560556],[1.370735556,43.628528056]],[[1.370770278,43.628494167],[1.370802222,43.628463333]],[[1.370835,43.628430556],[1.370868611,43.628399444]],[[1.370903333,43.628364722],[1.370936667,43.628334167]],[[1.370956944,43.628313889],[1.370985556,43.628286389]],[[1.371730833,43.628733611],[1.371118889,43.628392778]],[[1.371118889,43.628392778],[1.371046111,43.628340556]],[[1.371046111,43.628340556],[1.370989167,43.628288056]],[[1.370989167,43.628288056],[1.370934167,43.628221111]],[[1.370934167,43.628221111],[1.370905,43.628165833]],[[1.370905,43.628165833],[1.370883611,43.628101111]],[[1.370883611,43.628101111],[1.370879722,43.628038611]],[[1.370879722,43.628038611],[1.370880833,43.6279775]],[[1.370880833,43.6279775],[1.370897778,43.62793]],[[1.370897778,43.62793],[1.370918889,43.627870833]],[[1.370918889,43.627870833],[1.370968889,43.627795278]],[[1.370968889,43.627795278],[1.371224444,43.627479167]],[[1.371224444,43.627479167],[1.372485,43.626266944]],[[1.372485,43.626266944],[1.372869167,43.625981389]],[[1.372869167,43.625981389],[1.372937778,43.625943056]],[[1.372937778,43.625943056],[1.373052222,43.625898333]],[[1.373052222,43.625898333],[1.373146944,43.625875556]],[[1.373146944,43.625875556],[1.373246111,43.625864722]],[[1.373246111,43.625864722],[1.37336,43.6258675]],[[1.37336,43.6258675],[1.373466389,43.625886667]],[[1.373466389,43.625886667],[1.373565278,43.625913611]],[[1.373565278,43.625913611],[1.373689167,43.625959722]],[[1.373689167,43.625959722],[1.3738,43.626009167]],[[1.3738,43.626009167],[1.374261667,43.626256944]],[[1.374261667,43.626256944],[1.3743725,43.62633]],[[1.3743725,43.62633],[1.374458611,43.626399444]],[[1.374458611,43.626399444],[1.374511667,43.626463611]],[[1.374511667,43.626463611],[1.374544444,43.626523333]],[[1.374544444,43.626523333],[1.3745725,43.626593611]],[[1.3745725,43.626593611],[1.374580556,43.626661389]],[[1.374580556,43.626661389],[1.374568056,43.626746389]],[[1.374568056,43.626746389],[1.374544722,43.626810556]],[[1.374544722,43.626810556],[1.374515,43.626866944]],[[1.374515,43.626866944],[1.374471389,43.626922222]],[[1.374471389,43.626922222],[1.374038611,43.627401944]],[[1.374038611,43.627401944],[1.373158333,43.628249722]],[[1.373158333,43.628249722],[1.3725825,43.628713611]],[[1.3725825,43.628713611],[1.372518333,43.628754722]],[[1.372518333,43.628754722],[1.372446111,43.628788333]],[[1.372446111,43.628788333],[1.372375,43.6288125]],[[1.372375,43.6288125],[1.372309722,43.628828889]],[[1.372309722,43.628828889],[1.372235278,43.628839722]],[[1.372235278,43.628839722],[1.372166944,43.628844167]],[[1.372166944,43.628844167],[1.372106389,43.6288425]],[[1.372106389,43.6288425],[1.372055556,43.628838333]],[[1.372055556,43.628838333],[1.3720025,43.6288325]],[[1.3720025,43.6288325],[1.371935556,43.628818333]],[[1.371935556,43.628818333],[1.371886111,43.628801944]],[[1.371886111,43.628801944],[1.371838056,43.628784722]],[[1.371838056,43.628784722],[1.371789167,43.628763611]],[[1.371789167,43.628763611],[1.371730833,43.628733611]],[[1.373489167,43.625880556],[1.373520833,43.625849444]],[[1.373555833,43.6258175],[1.37359,43.625785]],[[1.3736225,43.625752778],[1.373654722,43.625721389]],[[1.373691944,43.625686389],[1.373724167,43.625655]],[[1.373757222,43.6256225],[1.373791111,43.625590556]],[[1.372529444,43.625393056],[1.372561667,43.625362778]],[[1.372597778,43.625328889],[1.3726275,43.625299444]],[[1.3726625,43.625266389],[1.372694722,43.625236111]],[[1.372730833,43.625199167],[1.37276,43.625171944]],[[1.372798056,43.625134722],[1.372829444,43.625105278]],[[1.372935,43.625945],[1.372880833,43.625914722]],[[1.372834444,43.625889444],[1.372792778,43.625866389]],[[1.372744167,43.625840833],[1.372703889,43.625816944]],[[1.372656111,43.625791111],[1.372614722,43.625768333]],[[1.372574722,43.625745833],[1.372550833,43.625732778]],[[1.373738056,43.625235556],[1.373695,43.625211389]],[[1.373651389,43.625186111],[1.373606667,43.625161111]],[[1.373559722,43.6251375],[1.373517778,43.625114167]],[[1.373470833,43.6250875],[1.373428889,43.625064722]],[[1.373381944,43.62504],[1.373341389,43.625016667]],[[1.367365556,43.631285556],[1.367317778,43.631259167]],[[1.367289444,43.631245],[1.367245,43.631220278]],[[1.367216389,43.631204444],[1.367175,43.631181667]],[[1.367127778,43.631156944],[1.367086111,43.631133333]],[[1.367040278,43.631108611],[1.366996667,43.631083611]],[[1.366995556,43.628387222],[1.366553333,43.628812778]],[[1.366553333,43.628812778],[1.366483611,43.628884167]],[[1.366483611,43.628884167],[1.366412222,43.628983056]],[[1.366412222,43.628983056],[1.366361389,43.629081944]],[[1.366361389,43.629081944],[1.366323056,43.629179444]],[[1.366323056,43.629179444],[1.366305,43.629289167]],[[1.366305,43.629289167],[1.366300278,43.629375278]],[[1.366300278,43.629375278],[1.366314444,43.629495556]],[[1.366314444,43.629495556],[1.366431389,43.630086111]],[[1.366431389,43.630086111],[1.366394167,43.630023889]],[[1.366394167,43.630023889],[1.366356667,43.629979444]],[[1.366356667,43.629979444],[1.3663075,43.629935556]],[[1.3663075,43.629935556],[1.366242222,43.629888889]],[[1.366242222,43.629888889],[1.366167778,43.6298525]],[[1.366167778,43.6298525],[1.3660825,43.629819444]],[[1.3660825,43.629819444],[1.3659975,43.629800556]],[[1.3659975,43.629800556],[1.365918611,43.629790833]],[[1.365918611,43.629790833],[1.365825,43.629788056]],[[1.365825,43.629788056],[1.365746944,43.629794167]],[[1.365746944,43.629794167],[1.365664444,43.629806389]],[[1.365664444,43.629806389],[1.365599167,43.629825556]],[[1.365599167,43.629825556],[1.365536667,43.629848611]],[[1.365536667,43.629848611],[1.365478333,43.629874167]],[[1.365478333,43.629874167],[1.365427778,43.629904722]],[[1.365427778,43.629904722],[1.365366389,43.629954444]],[[1.365366389,43.629954444],[1.364904167,43.630396389]],[[1.366429722,43.630084722],[1.366456389,43.630149167]],[[1.366456389,43.630149167],[1.366489722,43.630208889]],[[1.366489722,43.630208889],[1.366530833,43.630266667]],[[1.366530833,43.630266667],[1.36658,43.630323333]],[[1.36658,43.630323333],[1.366639167,43.630375]],[[1.366639167,43.630375],[1.366691111,43.630415]],[[1.366691111,43.630415],[1.366758889,43.630458889]],[[1.366758889,43.630458889],[1.366828611,43.630493056]],[[1.366828611,43.630493056],[1.367055,43.630586111]],[[1.367055,43.630586111],[1.367448611,43.630758056]],[[1.367448611,43.630758056],[1.367561389,43.630818333]],[[1.367561389,43.630818333],[1.368026111,43.631074722]],[[1.368026111,43.631074722],[1.368254167,43.631198333]],[[1.368254167,43.631198333],[1.368323056,43.631243889]],[[1.368323056,43.631243889],[1.368361111,43.631283056]],[[1.368361111,43.631283056],[1.368390278,43.631324444]],[[1.368390278,43.631324444],[1.368405278,43.631374167]],[[1.368405278,43.631374167],[1.36841,43.631428333]],[[1.36841,43.631428333],[1.368403611,43.6314725]],[[1.368403611,43.6314725],[1.368386389,43.631517222]],[[1.368386389,43.631517222],[1.368373611,43.631538889]],[[1.368254167,43.631197778],[1.368324722,43.631220278]],[[1.368324722,43.631220278],[1.368386389,43.631231667]],[[1.368386389,43.631231667],[1.368445833,43.631233889]],[[1.368445833,43.631233889],[1.3685075,43.631230833]],[[1.3685075,43.631230833],[1.368573889,43.631218056]],[[1.368573889,43.631218056],[1.368621944,43.631200278]],[[1.368621944,43.631200278],[1.368657778,43.631183611]],[[1.368657778,43.631183611],[1.368705556,43.631156111]],[[1.367017222,43.63057],[1.367074444,43.630605833]],[[1.367074444,43.630605833],[1.36712,43.63064]],[[1.36712,43.63064],[1.367167222,43.630685278]],[[1.367167222,43.630685278],[1.367206944,43.6307325]],[[1.367206944,43.6307325],[1.367243611,43.6307875]],[[1.367243611,43.6307875],[1.367264722,43.630846111]],[[1.367264722,43.630846111],[1.367277222,43.630906389]],[[1.367277222,43.630906389],[1.367273611,43.630966667]],[[1.367273611,43.630966667],[1.367259722,43.631031944]],[[1.367259722,43.631031944],[1.367245556,43.631081944]],[[1.367245556,43.631081944],[1.367218333,43.6311275]],[[1.367218333,43.6311275],[1.367189722,43.631170556]],[[1.367189722,43.631170556],[1.367236111,43.631135]],[[1.367236111,43.631135],[1.367285556,43.631101389]],[[1.367285556,43.631101389],[1.367336389,43.631071667]],[[1.367336389,43.631071667],[1.367397222,43.631048056]],[[1.367397222,43.631048056],[1.367456667,43.631029167]],[[1.367456667,43.631029167],[1.367528889,43.631010278]],[[1.367528889,43.631010278],[1.367608056,43.631000556]],[[1.367608056,43.631000556],[1.367693056,43.630998889]],[[1.367693056,43.630998889],[1.367783611,43.631003333]],[[1.367783611,43.631003333],[1.367858889,43.631017222]],[[1.367858889,43.631017222],[1.367923889,43.631035278]],[[1.367923889,43.631035278],[1.367992778,43.631059722]],[[1.367992778,43.631059722],[1.368031389,43.631077222]],[[1.368031389,43.631077222],[1.367967222,43.631030833]],[[1.367967222,43.631030833],[1.367918056,43.630988611]],[[1.367918056,43.630988611],[1.367875833,43.630935278]],[[1.367875833,43.630935278],[1.367840556,43.630879722]],[[1.367840556,43.630879722],[1.367825,43.630834167]],[[1.367825,43.630834167],[1.367812222,43.630778056]],[[1.367812222,43.630778056],[1.367806111,43.630726389]],[[1.367806111,43.630726389],[1.367814722,43.630664444]],[[1.367814722,43.630664444],[1.367828611,43.630612222]],[[1.367828611,43.630612222],[1.367855,43.630560833]],[[1.367855,43.630560833],[1.3678775,43.630524167]],[[1.3678775,43.630524167],[1.367903056,43.630487222]],[[1.367903056,43.630487222],[1.367855833,43.630528333]],[[1.367855833,43.630528333],[1.367810278,43.630557778]],[[1.367810278,43.630557778],[1.367763333,43.630586944]],[[1.367763333,43.630586944],[1.367711111,43.63061]],[[1.367711111,43.63061],[1.367665278,43.630625556]],[[1.367665278,43.630625556],[1.367614444,43.630640556]],[[1.367614444,43.630640556],[1.367558889,43.630653611]],[[1.367558889,43.630653611],[1.367505278,43.63066]],[[1.367505278,43.63066],[1.367445833,43.630665556]],[[1.367445833,43.630665556],[1.367388611,43.630666389]],[[1.367388611,43.630666389],[1.367327222,43.630662222]],[[1.367327222,43.630662222],[1.367260278,43.6306525]],[[1.367260278,43.6306525],[1.367210833,43.630641667]],[[1.367210833,43.630641667],[1.367178611,43.630632778]],[[1.367178611,43.630632778],[1.367121111,43.630614167]],[[1.370692222,43.627806389],[1.37066,43.6278475]],[[1.37066,43.6278475],[1.370629722,43.627891667]],[[1.370629722,43.627891667],[1.370605,43.627939444]],[[1.370605,43.627939444],[1.370590278,43.627996111]],[[1.370590278,43.627996111],[1.370582778,43.628046111]],[[1.370582778,43.628046111],[1.370585278,43.628095556]],[[1.370585278,43.628095556],[1.370593333,43.628143611]],[[1.370593333,43.628143611],[1.370605833,43.62819]],[[1.370605833,43.62819],[1.370631944,43.628238056]],[[1.370631944,43.628238056],[1.3706575,43.628280556]],[[1.3706575,43.628280556],[1.370694167,43.628321667]],[[1.370694167,43.628321667],[1.3707325,43.628358056]],[[1.3707325,43.628358056],[1.370775556,43.628390278]],[[1.370775556,43.628390278],[1.370825833,43.628421389]],[[1.370825833,43.628421389],[1.370784722,43.628400833]],[[1.370784722,43.628400833],[1.370740556,43.628381389]],[[1.370740556,43.628381389],[1.370692778,43.628365278]],[[1.370692778,43.628365278],[1.370644167,43.628351667]],[[1.370644167,43.628351667],[1.370584167,43.628341111]],[[1.370584167,43.628341111],[1.370533333,43.628335833]],[[1.370533333,43.628335833],[1.370471667,43.628331111]],[[1.370471667,43.628331111],[1.370414722,43.6283325]],[[1.370414722,43.6283325],[1.370357778,43.628336667]],[[1.370357778,43.628336667],[1.370300278,43.628346111]],[[1.370300278,43.628346111],[1.370238333,43.628360833]],[[1.370238333,43.628360833],[1.370187778,43.628375278]],[[1.370187778,43.628375278],[1.370136389,43.628393889]],[[1.370136389,43.628393889],[1.370086389,43.628420833]],[[1.370086389,43.628420833],[1.3700425,43.628444722]],[[1.3700425,43.628444722],[1.369998611,43.628473333]],[[1.370849722,43.628433333],[1.371818056,43.628965833]],[[1.371818056,43.628965833],[1.371877778,43.629006389]],[[1.371877778,43.629006389],[1.371921389,43.629047222]],[[1.371921389,43.629047222],[1.371959167,43.6290875]],[[1.371959167,43.6290875],[1.371988056,43.629132778]],[[1.371988056,43.629132778],[1.372011111,43.629177222]],[[1.372011111,43.629177222],[1.372030556,43.629234444]],[[1.372030556,43.629234444],[1.372038611,43.629285]],[[1.372038611,43.629285],[1.372038056,43.629337222]],[[1.372038056,43.629337222],[1.372028056,43.629388056]],[[1.372028056,43.629388056],[1.372015556,43.629436667]],[[1.372015556,43.629436667],[1.371998611,43.6294725]],[[1.371998611,43.6294725],[1.371969722,43.629519444]],[[1.371969722,43.629519444],[1.371933056,43.629563333]],[[1.371825556,43.628970278],[1.371873056,43.628992778]],[[1.371873056,43.628992778],[1.371916944,43.629008611]],[[1.371916944,43.629008611],[1.371966667,43.629024444]],[[1.371966667,43.629024444],[1.3720225,43.629037222]],[[1.3720225,43.629037222],[1.372078333,43.629047778]],[[1.372078333,43.629047778],[1.372138056,43.629052778]],[[1.372138056,43.629052778],[1.372185833,43.629053333]],[[1.372185833,43.629053333],[1.3722375,43.629051944]],[[1.3722375,43.629051944],[1.372292222,43.629047778]],[[1.372292222,43.629047778],[1.3723425,43.62904]],[[1.3723425,43.62904],[1.372402222,43.629026667]],[[1.372402222,43.629026667],[1.372454444,43.629010556]],[[1.372454444,43.629010556],[1.372506389,43.628988611]],[[1.372506389,43.628988611],[1.372564444,43.628959722]],[[1.372564444,43.628959722],[1.372614444,43.62893]],[[1.368808333,43.6296175],[1.368854444,43.629584167]],[[1.368854444,43.629584167],[1.368909444,43.629554167]],[[1.368909444,43.629554167],[1.368958056,43.629529167]],[[1.368958056,43.629529167],[1.369015556,43.629508611]],[[1.369015556,43.629508611],[1.369069167,43.6294925]],[[1.369069167,43.6294925],[1.369123333,43.629481111]],[[1.369123333,43.629481111],[1.369177778,43.629473889]],[[1.369177778,43.629473889],[1.369230833,43.629470278]],[[1.369230833,43.629470278],[1.369286111,43.629469167]],[[1.369286111,43.629469167],[1.369346944,43.629471944]],[[1.369346944,43.629471944],[1.369398611,43.629478889]],[[1.369398611,43.629478889],[1.369450556,43.629488611]],[[1.369450556,43.629488611],[1.369493889,43.629499444]],[[1.369493889,43.629499444],[1.369545,43.629513889]],[[1.369545,43.629513889],[1.369589722,43.629531944]],[[1.369589722,43.629531944],[1.369626111,43.629549722]],[[1.355663611,43.636144722],[1.357497222,43.6371525]],[[1.3572475,43.637013611],[1.357321944,43.637046944]],[[1.357321944,43.637046944],[1.3574,43.637069722]],[[1.3574,43.637069722],[1.357470556,43.637085278]],[[1.357470556,43.637085278],[1.357518611,43.63709]],[[1.357518611,43.63709],[1.357558056,43.637093611]],[[1.357959444,43.637406944],[1.359248333,43.638114167]],[[1.359248333,43.638114167],[1.359309444,43.638138611]],[[1.359309444,43.638138611],[1.359358611,43.638153333]],[[1.359358611,43.638153333],[1.359418333,43.638168333]],[[1.359418333,43.638168333],[1.359483889,43.638177778]],[[1.359483889,43.638177778],[1.359553611,43.638184444]],[[1.359553611,43.638184444],[1.359625,43.638184444]],[[1.359625,43.638184444],[1.359688056,43.638177778]],[[1.359688056,43.638177778],[1.3597475,43.638169167]],[[1.3597475,43.638169167],[1.359792222,43.638156389]],[[1.359792222,43.638156389],[1.359841944,43.638141389]],[[1.359841944,43.638141389],[1.359883333,43.638127222]],[[1.359883333,43.638127222],[1.359931667,43.638106667]],[[1.359931667,43.638106667],[1.359973056,43.638083333]],[[1.359973056,43.638083333],[1.360009167,43.638060556]],[[1.360009167,43.638060556],[1.360045833,43.638035833]],[[1.358016944,43.637344167],[1.358033611,43.637374167]],[[1.358033611,43.637374167],[1.358059167,43.637409444]],[[1.358059167,43.637409444],[1.3580825,43.637438889]],[[1.3580825,43.637438889],[1.358111944,43.637469444]],[[1.358111944,43.637469444],[1.358145556,43.637500278]],[[1.358145556,43.637500278],[1.358187778,43.637531389]],[[1.359247778,43.638113889],[1.359307222,43.638156111]],[[1.359307222,43.638156111],[1.359346944,43.638191667]],[[1.359346944,43.638191667],[1.359379444,43.638228611]],[[1.359379444,43.638228611],[1.359410556,43.638272778]],[[1.359410556,43.638272778],[1.359437222,43.638318611]],[[1.359437222,43.638318611],[1.359453611,43.638365556]],[[1.359453611,43.638365556],[1.359463056,43.638413056]],[[1.359463056,43.638413056],[1.359468611,43.638458056]],[[1.359468611,43.638458056],[1.359463056,43.638503611]],[[1.359463056,43.638503611],[1.359455556,43.638547778]],[[1.359455556,43.638547778],[1.359439444,43.63859]],[[1.359439444,43.63859],[1.359420278,43.6386325]],[[1.359420278,43.6386325],[1.359395,43.638666944]],[[1.359395,43.638666944],[1.359363056,43.638705]],[[1.376051389,43.622659722],[1.376021389,43.622715556]],[[1.376021389,43.622715556],[1.376008611,43.622760278]],[[1.376008611,43.622760278],[1.376004722,43.622805833]],[[1.376004722,43.622805833],[1.376013333,43.622850278]],[[1.376013333,43.622850278],[1.376034444,43.622896944]],[[1.376034444,43.622896944],[1.376065278,43.622938611]],[[1.376065278,43.622938611],[1.376109444,43.62298]],[[1.376109444,43.62298],[1.376148333,43.623005]],[[1.376148333,43.623005],[1.376100278,43.622983611]],[[1.376100278,43.622983611],[1.376039444,43.622965278]],[[1.376039444,43.622965278],[1.375986389,43.622955833]],[[1.375986389,43.622955833],[1.375930278,43.622952778]],[[1.375930278,43.622952778],[1.375860833,43.622956944]],[[1.375860833,43.622956944],[1.375797778,43.622968611]],[[1.375797778,43.622968611],[1.375738611,43.622990278]],[[1.375738611,43.622990278],[1.375691944,43.623015278]],[[1.375691944,43.623015278],[1.375654444,43.623041111]],[[1.376148056,43.623005556],[1.37811,43.624081111]],[[1.374434444,43.624215278],[1.374398611,43.624271111]],[[1.374398611,43.624271111],[1.374381667,43.624311944]],[[1.374381667,43.624311944],[1.374380278,43.624361389]],[[1.374380278,43.624361389],[1.374385,43.624410556]],[[1.374385,43.624410556],[1.374409167,43.624460278]],[[1.374409167,43.624460278],[1.374442778,43.624505833]],[[1.374442778,43.624505833],[1.374479167,43.6245375]],[[1.374479167,43.6245375],[1.374516944,43.624566111]],[[1.374516944,43.624566111],[1.374475833,43.624548889]],[[1.374475833,43.624548889],[1.374425278,43.624531667]],[[1.374425278,43.624531667],[1.374373889,43.624520278]],[[1.374373889,43.624520278],[1.374309167,43.624516111]],[[1.374309167,43.624516111],[1.37425,43.624517778]],[[1.37425,43.624517778],[1.3741925,43.624528333]],[[1.3741925,43.624528333],[1.374140556,43.624543611]],[[1.374140556,43.624543611],[1.3740975,43.624560833]],[[1.3740975,43.624560833],[1.374065556,43.624578333]],[[1.374065556,43.624578333],[1.374028611,43.624603333]],[[1.374516944,43.624566111],[1.375439167,43.625071667]],[[1.372659167,43.625218056],[1.372727778,43.625269167]],[[1.372727778,43.625269167],[1.372768333,43.625309722]],[[1.372768333,43.625309722],[1.372804722,43.625352222]],[[1.372804722,43.625352222],[1.372831667,43.625391667]],[[1.372831667,43.625391667],[1.372849722,43.625431667]],[[1.372849722,43.625431667],[1.372863889,43.6254775]],[[1.372863889,43.6254775],[1.372870556,43.625517778]],[[1.372870556,43.625517778],[1.372875556,43.625565]],[[1.372875556,43.625565],[1.372872778,43.625610833]],[[1.372872778,43.625610833],[1.372860556,43.625656389]],[[1.372860556,43.625656389],[1.372841111,43.625701944]],[[1.372841111,43.625701944],[1.372826111,43.625736667]],[[1.372826111,43.625736667],[1.372802222,43.625770556]],[[1.372802222,43.625770556],[1.372768889,43.625815]],[[1.372768889,43.625815],[1.372822222,43.625771111]],[[1.372822222,43.625771111],[1.372869444,43.625745]],[[1.372869444,43.625745],[1.372917778,43.625720833]],[[1.372917778,43.625720833],[1.372971389,43.625697222]],[[1.372971389,43.625697222],[1.373031111,43.62568]],[[1.373031111,43.62568],[1.373091389,43.625665556]],[[1.373091389,43.625665556],[1.373146667,43.625657778]],[[1.373146667,43.625657778],[1.373203333,43.625653611]],[[1.373203333,43.625653611],[1.373258333,43.6256525]],[[1.373258333,43.6256525],[1.373315833,43.625654167]],[[1.373315833,43.625654167],[1.373377778,43.625662222]],[[1.373377778,43.625662222],[1.373443611,43.625676667]],[[1.373443611,43.625676667],[1.373494722,43.625691111]],[[1.373494722,43.625691111],[1.373536389,43.625703889]],[[1.373536389,43.625703889],[1.373595,43.625731944]],[[1.373595,43.625731944],[1.373540278,43.625695278]],[[1.373540278,43.625695278],[1.373503611,43.6256625]],[[1.373503611,43.6256625],[1.373468889,43.625629444]],[[1.373468889,43.625629444],[1.373435,43.625588611]],[[1.373435,43.625588611],[1.373413056,43.625550556]],[[1.373413056,43.625550556],[1.373392778,43.625502778]],[[1.373392778,43.625502778],[1.373379722,43.625456389]],[[1.373379722,43.625456389],[1.373373333,43.6254175]],[[1.373373333,43.6254175],[1.373373611,43.625361667]],[[1.373373611,43.625361667],[1.37338,43.625308056]],[[1.37338,43.625308056],[1.373394722,43.625260833]],[[1.373394722,43.625260833],[1.373419722,43.625210278]],[[1.373419722,43.625210278],[1.3734425,43.625175278]],[[1.3734425,43.625175278],[1.373468611,43.62514]],[[1.373468611,43.62514],[1.373430278,43.625166667]],[[1.373430278,43.625166667],[1.3733825,43.625195556]],[[1.3733825,43.625195556],[1.373336111,43.625221389]],[[1.373336111,43.625221389],[1.373285278,43.625242222]],[[1.373285278,43.625242222],[1.373234167,43.625258611]],[[1.373234167,43.625258611],[1.373184444,43.625271944]],[[1.373184444,43.625271944],[1.373137222,43.625280556]],[[1.373137222,43.625280556],[1.373066667,43.625290278]],[[1.373066667,43.625290278],[1.372995278,43.625291944]],[[1.372995278,43.625291944],[1.372931389,43.62529]],[[1.372931389,43.62529],[1.372867222,43.62528]],[[1.372867222,43.62528],[1.372811111,43.625270556]],[[1.372811111,43.625270556],[1.372757778,43.625256111]],[[1.372757778,43.625256111],[1.372705833,43.625236667]],[[1.372705833,43.625236667],[1.372659167,43.625218056]],[[1.376491667,43.621508333],[1.376553333,43.621535]],[[1.376553333,43.621535],[1.376619444,43.621555833]],[[1.376619444,43.621555833],[1.376679722,43.621570556]],[[1.376679722,43.621570556],[1.376742222,43.621581389]],[[1.376742222,43.621581389],[1.376804167,43.621585556]],[[1.376804167,43.621585556],[1.376871389,43.621586389]],[[1.376871389,43.621586389],[1.376944444,43.62158]],[[1.376944444,43.62158],[1.377009722,43.621568611]],[[1.377009722,43.621568611],[1.377074722,43.621553611]],[[1.377074722,43.621553611],[1.377138889,43.621531667]],[[1.377138889,43.621531667],[1.377189167,43.6215075]],[[1.377189167,43.6215075],[1.377236111,43.621483611]],[[1.377236111,43.621483611],[1.377284444,43.621451667]],[[1.377284444,43.621451667],[1.377316944,43.621425278]],[[1.350571667,43.6400175],[1.350483333,43.640106389]],[[1.350483333,43.640106389],[1.350430556,43.640173611]],[[1.350430556,43.640173611],[1.350379167,43.640264444]],[[1.350379167,43.640264444],[1.350350833,43.640343611]],[[1.350350833,43.640343611],[1.350333611,43.6404125]],[[1.350333611,43.6404125],[1.350334167,43.640495556]],[[1.350334167,43.640495556],[1.350346944,43.64057]],[[1.350346944,43.64057],[1.350371389,43.640635833]],[[1.350371389,43.640635833],[1.350421111,43.640722778]],[[1.350421111,43.640722778],[1.350476389,43.640794444]],[[1.350476389,43.640794444],[1.3505125,43.640821667]],[[1.3505125,43.640821667],[1.350712778,43.640930833]],[[1.350712778,43.640930833],[1.351186111,43.641194722]],[[1.351186111,43.641194722],[1.352719444,43.642034444]],[[1.352719444,43.642034444],[1.352793333,43.642061667]],[[1.352793333,43.642061667],[1.352875833,43.642085278]],[[1.352875833,43.642085278],[1.352957222,43.6421025]],[[1.352957222,43.6421025],[1.353029722,43.642113333]],[[1.35347,43.642342222],[1.353287778,43.642354167]],[[1.353287778,43.642354167],[1.3537575,43.642553333]],[[1.3537575,43.642553333],[1.354068889,43.642683889]],[[1.354068889,43.642683889],[1.354205,43.642735]],[[1.354205,43.642735],[1.354300278,43.642756389]],[[1.354300278,43.642756389],[1.354396389,43.642766667]],[[1.354396389,43.642766667],[1.354495833,43.642770278]],[[1.354495833,43.642770278],[1.354596111,43.642765556]],[[1.354596111,43.642765556],[1.354699444,43.642744167]],[[1.354699444,43.642744167],[1.354783889,43.642716667]],[[1.354783889,43.642716667],[1.354862778,43.6426825]],[[1.354862778,43.6426825],[1.354927778,43.642648611]],[[1.354927778,43.642648611],[1.354965,43.642621667]],[[1.355403333,43.642819167],[1.355365833,43.642866667]],[[1.355365833,43.642866667],[1.3553175,43.642957778]],[[1.3553175,43.642957778],[1.355292222,43.643037778]],[[1.355292222,43.643037778],[1.355279167,43.643100833]],[[1.355279167,43.643100833],[1.355280833,43.6431525]],[[1.355280833,43.6431525],[1.355304444,43.643261944]],[[1.355304444,43.643261944],[1.355325833,43.643303611]],[[1.355325833,43.643303611],[1.355343333,43.643319722]],[[1.355343333,43.643319722],[1.355393889,43.643352222]],[[1.355393889,43.643352222],[1.355521944,43.643415833]],[[1.355521944,43.643415833],[1.355558611,43.6434275]],[[1.355558611,43.6434275],[1.355598333,43.643431944]],[[1.355598333,43.643431944],[1.355719444,43.64344]],[[1.355719444,43.64344],[1.355815833,43.643444167]],[[1.3533075,43.642275833],[1.353230556,43.642220833]],[[1.353229722,43.642279444],[1.353304722,43.642218333]],[[1.353916111,43.643115278],[1.353957222,43.6430775]],[[1.353985833,43.643045278],[1.354016667,43.643016667]],[[1.354053333,43.6429825],[1.354085556,43.642951667]],[[1.354121389,43.642916667],[1.354153056,43.642886389]],[[1.354188889,43.642851944],[1.354221667,43.642821667]],[[1.354257222,43.642786944],[1.354291111,43.642754167]],[[1.354487222,43.643765556],[1.354443333,43.643741111]],[[1.354413056,43.643725],[1.354368889,43.643700278]],[[1.354321389,43.643674167],[1.354278611,43.643651111]],[[1.354232778,43.643625833],[1.354186111,43.643601111]],[[1.354141667,43.643576944],[1.354099167,43.643552222]],[[1.354050278,43.643525556],[1.354008611,43.643502778]],[[1.355309167,43.642977778],[1.355260556,43.642948611]],[[1.355215556,43.642923333],[1.3551725,43.642900278]],[[1.355126111,43.642875278],[1.355081389,43.642850556]],[[1.355036111,43.642825278],[1.354976389,43.642792222]],[[1.354928333,43.642767778],[1.354884444,43.6427425]],[[1.354839722,43.642716944],[1.354816111,43.642703056]],[[1.355028333,43.643720278],[1.355057778,43.643691667]],[[1.355092222,43.643657778],[1.355124722,43.643625833]],[[1.355160833,43.6435925],[1.355193889,43.643560556]],[[1.355227222,43.6435275],[1.355261667,43.643494444]],[[1.355295,43.643461667],[1.355328056,43.643429722]],[[1.355364167,43.643396389],[1.355396944,43.643365556]],[[1.357407778,43.637241111],[1.356013056,43.636479444]],[[1.356013056,43.636479444],[1.355779722,43.636347222]],[[1.355779722,43.636347222],[1.355284444,43.636132778]],[[1.355284444,43.636132778],[1.355209167,43.636104167]],[[1.355209167,43.636104167],[1.355138333,43.636080833]],[[1.355138333,43.636080833],[1.355013611,43.63605]],[[1.355013611,43.63605],[1.3549575,43.636043889]],[[1.3549575,43.636043889],[1.354908056,43.636048611]],[[1.354908056,43.636048611],[1.354844444,43.636059167]],[[1.354844444,43.636059167],[1.354776111,43.636076667]],[[1.354776111,43.636076667],[1.354720278,43.6360975]],[[1.354720278,43.6360975],[1.3546625,43.636123611]],[[1.3546625,43.636123611],[1.354561389,43.636183333]],[[1.355888333,43.634910556],[1.355818056,43.634987222]],[[1.355818056,43.634987222],[1.355765556,43.635062222]],[[1.355765556,43.635062222],[1.355726944,43.6351375]],[[1.355726944,43.6351375],[1.355691667,43.635218056]],[[1.355691667,43.635218056],[1.355661389,43.63532]],[[1.355661389,43.63532],[1.355648056,43.635415833]],[[1.355648056,43.635415833],[1.355638333,43.6354775]],[[1.355638333,43.6354775],[1.355638889,43.635552222]],[[1.355638889,43.635552222],[1.355648333,43.635634167]],[[1.355648333,43.635634167],[1.355665278,43.635710278]],[[1.355665278,43.635710278],[1.355694722,43.635811944]],[[1.355694722,43.635811944],[1.355740556,43.635918333]],[[1.355740556,43.635918333],[1.355810556,43.636018889]],[[1.355810556,43.636018889],[1.355915278,43.636139167]],[[1.355915278,43.636139167],[1.355969167,43.636176111]],[[1.355969167,43.636176111],[1.356058889,43.636225556]],[[1.356058889,43.636225556],[1.356708056,43.636581389]],[[1.356708056,43.636581389],[1.357395833,43.636868889]],[[1.357395833,43.636868889],[1.357466389,43.636885]],[[1.357466389,43.636885],[1.357529167,43.636893056]],[[1.357529167,43.636893056],[1.357604444,43.636889722]],[[1.357604444,43.636889722],[1.357675,43.636882778]],[[1.357675,43.636882778],[1.357751667,43.636861944]],[[1.357751667,43.636861944],[1.357810278,43.636838333]],[[1.357810278,43.636838333],[1.357865278,43.636809167]],[[1.366248056,43.624949722],[1.366536389,43.624841944]],[[1.366536389,43.624841944],[1.366965278,43.62472]],[[1.366965278,43.62472],[1.367243889,43.624650278]],[[1.367243889,43.624650278],[1.367382222,43.624630833]],[[1.367382222,43.624630833],[1.367588611,43.624629722]],[[1.367588611,43.624629722],[1.368633333,43.624710278]],[[1.368633333,43.624710278],[1.369317778,43.624811667]],[[1.369317778,43.624811667],[1.3694325,43.624845556]],[[1.3694325,43.624845556],[1.369530278,43.624893333]],[[1.369530278,43.624893333],[1.369603333,43.624950556]],[[1.369603333,43.624950556],[1.369661667,43.625018333]],[[1.369661667,43.625018333],[1.369696389,43.625092222]],[[1.369696389,43.625092222],[1.369713333,43.625182778]],[[1.369713333,43.625182778],[1.369703333,43.625286111]],[[1.369703333,43.625286111],[1.369676389,43.625394722]],[[1.369676389,43.625394722],[1.3696425,43.625498056]],[[1.367465556,43.623786944],[1.367457222,43.623959167]],[[1.367457222,43.623959167],[1.367476111,43.624091111]],[[1.367476111,43.624091111],[1.3675125,43.624171389]],[[1.3675125,43.624171389],[1.367564444,43.62423]],[[1.367564444,43.62423],[1.367640833,43.6243]],[[1.367640833,43.6243],[1.367776667,43.624367222]],[[1.367776667,43.624367222],[1.367873056,43.624389722]],[[1.367873056,43.624389722],[1.368024167,43.624416111]],[[1.368024167,43.624416111],[1.369276944,43.624552222]],[[1.369276944,43.624552222],[1.369401111,43.624561944]],[[1.369401111,43.624561944],[1.370103056,43.624596111]],[[1.370103056,43.624596111],[1.370225,43.624592222]],[[1.370225,43.624592222],[1.370349722,43.624576667]],[[1.370349722,43.624576667],[1.370453611,43.624558611]],[[1.370453611,43.624558611],[1.370533056,43.624534167]],[[1.370533056,43.624534167],[1.370641111,43.624498333]],[[1.370641111,43.624498333],[1.370698889,43.624473333]],[[1.372203056,43.619249722],[1.372268333,43.619251389]],[[1.372268333,43.619251389],[1.372343889,43.619267222]],[[1.372343889,43.619267222],[1.372448611,43.619296944]],[[1.372448611,43.619296944],[1.372523611,43.619326389]],[[1.372343611,43.619094722],[1.372561667,43.619206667]],[[1.372561667,43.619206667],[1.373238889,43.619580833]],[[1.373238889,43.619580833],[1.374075833,43.620037222]],[[1.374075833,43.620037222],[1.374480278,43.620260556]],[[1.374480278,43.620260556],[1.374605,43.6202725]],[[1.374605,43.6202725],[1.374758056,43.620265278]],[[1.374758056,43.620265278],[1.374969444,43.620221667]],[[1.374969444,43.620221667],[1.375070833,43.620183333]],[[1.375070833,43.620183333],[1.375181667,43.620134722]],[[1.375181667,43.620134722],[1.375253333,43.620100278]],[[1.371805278,43.619618333],[1.371886667,43.619548611]],[[1.371886667,43.619548611],[1.371946111,43.619515]],[[1.371946111,43.619515],[1.372018889,43.619485556]],[[1.372018889,43.619485556],[1.372167222,43.619440556]],[[1.372167222,43.619440556],[1.372308611,43.619466389]],[[1.372308611,43.619466389],[1.372496944,43.619515833]],[[1.372496944,43.619515833],[1.372637222,43.619565833]],[[1.372637222,43.619565833],[1.372870556,43.619663611]],[[1.372870556,43.619663611],[1.372989722,43.619718333]],[[1.372989722,43.619718333],[1.373376944,43.619933611]],[[1.373376944,43.619933611],[1.374301111,43.620439722]],[[1.374301111,43.620439722],[1.374365556,43.620568056]],[[1.374365556,43.620568056],[1.374395556,43.620671944]],[[1.374395556,43.620671944],[1.374393333,43.620711111]],[[1.374393333,43.620711111],[1.374361389,43.620834722]],[[1.374361389,43.620834722],[1.374312778,43.621003611]],[[1.381007222,43.621094167],[1.381513056,43.621875556]],[[1.381513056,43.621875556],[1.381559722,43.621918889]],[[1.381559722,43.621918889],[1.381617222,43.621968611]],[[1.381617222,43.621968611],[1.381854444,43.622144167]],[[1.381657222,43.621998611],[1.381671111,43.622022222]],[[1.381671111,43.622022222],[1.381680556,43.622046389]],[[1.381680556,43.622046389],[1.381681667,43.622071111]],[[1.381681667,43.622071111],[1.381673056,43.6220925]],[[1.381673056,43.6220925],[1.3816575,43.622114444]],[[1.3816575,43.622114444],[1.381637778,43.622135278]],[[1.381637778,43.622135278],[1.381619444,43.622145833]]]}},{"type":"Feature","id":"line.stand_entry.013","properties":{"name":"Stand entry line 013","layer":"Guidance lines","category":"Stand entry lines","object_type":"Line","style_id":"line.stand_entry","airport":"LFBO","geometry_role":"linework","vsmr_group_ids":[[]]},"geometry":{"type":"MultiLineString","coordinates":[[[1.381380833,43.622229722],[1.381617778,43.622146389]]]}},{"type":"Feature","id":"line.surface_markings.003","properties":{"name":"Surface marking line 003","layer":"Guidance lines","category":"Surface marking lines","object_type":"Line","style_id":"line.surface_markings","airport":"LFBO","geometry_role":"linework","vsmr_group_ids":[[]]},"geometry":{"type":"MultiLineString","coordinates":[[[1.38608,43.615639722],[1.386145833,43.615578889]],[[1.386361667,43.615802778],[1.386428611,43.615741389]],[[1.3862325,43.615712222],[1.386245833,43.615646111]],[[1.386245833,43.615646111],[1.386316389,43.615685833]],[[1.386316389,43.615685833],[1.3862325,43.615712222]],[[1.386565833,43.615479167],[1.3866325,43.615517778]],[[1.3866325,43.615517778],[1.386443889,43.615694167]],[[1.386443889,43.615694167],[1.386204722,43.615555556]],[[1.386204722,43.615555556],[1.386394444,43.615382222]],[[1.386394444,43.615382222],[1.386461111,43.615418611]],[[1.386406667,43.615338889],[1.386471667,43.615279167]],[[1.386471667,43.615279167],[1.386521944,43.615307778]],[[1.386584722,43.615344167],[1.386638333,43.615375278]],[[1.386700833,43.615410833],[1.386753333,43.615440556]],[[1.386753333,43.615440556],[1.386690278,43.615499167]],[[1.386366389,43.615556944],[1.386432778,43.615493889]],[[1.386409444,43.615579444],[1.3864725,43.615519444]],[[1.386399722,43.615525556],[1.386441389,43.615549444]],[[1.386471667,43.615437222],[1.3864925,43.615448333]],[[1.3864925,43.615448333],[1.3865025,43.615438333]],[[1.3865025,43.615438333],[1.386500278,43.615420556]],[[1.386500278,43.615420556],[1.386521944,43.615419722]],[[1.386521944,43.615419722],[1.386548056,43.615394167]],[[1.386548056,43.615394167],[1.386530556,43.615383889]],[[1.386521667,43.615467222],[1.386542222,43.615479444]],[[1.386542222,43.615479444],[1.386560556,43.615461667]],[[1.386560556,43.615461667],[1.386565833,43.615425278]],[[1.386565833,43.615425278],[1.386579444,43.6154125]],[[1.386579444,43.6154125],[1.386601111,43.615425]],[[1.383876667,43.617675556],[1.383811111,43.617734444]],[[1.383811111,43.617734444],[1.3838675,43.617765833]],[[1.383925,43.617798889],[1.383983889,43.617833056]],[[1.384044167,43.617868056],[1.384095,43.617897778]],[[1.384095,43.617897778],[1.384160278,43.617836389]],[[1.384085556,43.617744444],[1.3841725,43.617794167]],[[1.3841725,43.617794167],[1.384359444,43.617620556]],[[1.384359444,43.617620556],[1.384120556,43.617483056]],[[1.384120556,43.617483056],[1.383931389,43.617657222]],[[1.383931389,43.617657222],[1.383991944,43.617692778]],[[1.384133611,43.617437222],[1.384205833,43.6173725]],[[1.384418889,43.617598056],[1.384486111,43.617536389]],[[1.384248056,43.617486944],[1.384325,43.617531667]],[[1.384325,43.617531667],[1.384338056,43.617460833]],[[1.384338056,43.617460833],[1.384248056,43.617486944]],[[1.38401,43.617784167],[1.384075,43.617726111]],[[1.384075,43.617726111],[1.384078333,43.617731944]],[[1.384087222,43.617655833],[1.384156389,43.617593333]],[[1.384135833,43.617683333],[1.384204167,43.617620556]],[[1.3841225,43.617624444],[1.38417,43.617652222]],[[1.384033333,43.617698889],[1.383999444,43.617749722]],[[1.383999444,43.617749722],[1.383970278,43.617731667]],[[1.383960556,43.617751111],[1.384001111,43.617714444]],[[1.384456944,43.6171425],[1.384516944,43.617081389]],[[1.384738889,43.617301111],[1.384801667,43.617241944]],[[1.385063056,43.617001944],[1.385130278,43.616941389]],[[1.384785,43.616841667],[1.384846944,43.616781667]],[[1.385173889,43.616475],[1.385109722,43.616536389]],[[1.385388056,43.616701389],[1.385460556,43.616637222]],[[1.385431944,43.616235833],[1.385500278,43.616175833]],[[1.385719167,43.616396944],[1.385785833,43.616336111]],[[1.385758333,43.615933611],[1.385827222,43.615871944]],[[1.386043056,43.616095],[1.386110278,43.616033889]]]}},{"type":"Feature","id":"line.taxiway_blue.002","properties":{"name":"Blue taxiway guidance line 002","layer":"Guidance lines","category":"Blue taxiway guidance lines","object_type":"Line","style_id":"line.taxiway_blue","airport":"LFBO","geometry_role":"linework","vsmr_group_ids":[[]]},"geometry":{"type":"MultiLineString","coordinates":[[[1.346818056,43.643721111],[1.349594722,43.641056944]],[[1.350359167,43.640318611],[1.354776944,43.636079167]],[[1.355711389,43.6351825],[1.366439167,43.624881111]],[[1.367469167,43.623891111],[1.372068333,43.619476111]],[[1.345899167,43.643710556],[1.349039444,43.640694167]],[[1.349731111,43.640031944],[1.354106389,43.635830278]],[[1.354784167,43.635177222],[1.358943611,43.631183889]],[[1.359615278,43.630540833],[1.364075278,43.626254722]],[[1.364753056,43.6256025],[1.370315278,43.620258611]],[[1.35872,43.636308333],[1.358331944,43.636680278]],[[1.358331944,43.636680278],[1.358230278,43.636778889]],[[1.358230278,43.636778889],[1.358206667,43.636795556]],[[1.358206667,43.636795556],[1.358175,43.636814444]],[[1.358175,43.636814444],[1.358062778,43.636853056]],[[1.358062778,43.636853056],[1.357521667,43.637016944]],[[1.357521667,43.637016944],[1.357494167,43.637035556]],[[1.357494167,43.637035556],[1.357474444,43.637064167]],[[1.357474444,43.637064167],[1.357468056,43.637095278]],[[1.357468056,43.637095278],[1.357473611,43.637139167]],[[1.357473611,43.637139167],[1.357485556,43.637186944]],[[1.357485556,43.637186944],[1.357510833,43.637229722]],[[1.357510833,43.637229722],[1.357548056,43.637267222]],[[1.357548056,43.637267222],[1.357601389,43.637302778]],[[1.357601389,43.637302778],[1.357663611,43.637327778]],[[1.357663611,43.637327778],[1.357728889,43.637343889]],[[1.357728889,43.637343889],[1.357777778,43.637349167]],[[1.357777778,43.637349167],[1.3578225,43.637346667]],[[1.3578225,43.637346667],[1.357879167,43.63734]],[[1.357879167,43.63734],[1.3579375,43.637325]],[[1.3579375,43.637325],[1.357984444,43.637306389]],[[1.358103056,43.637000833],[1.358117222,43.637059444]],[[1.358117222,43.637059444],[1.358121389,43.637102778]],[[1.358121389,43.637102778],[1.358115278,43.637152778]],[[1.358115278,43.637152778],[1.358103611,43.637190833]],[[1.358103611,43.637190833],[1.358093611,43.637213889]]]}},{"type":"Feature","id":"line.taxiway_centerline.009","properties":{"name":"Taxiway centerline 009","layer":"Guidance lines","category":"Taxiway centerlines","object_type":"Line","style_id":"line.taxiway_centerline","airport":"LFBO","geometry_role":"linework","vsmr_group_ids":[[]]},"geometry":{"type":"MultiLineString","coordinates":[[[1.349155556,43.645708889],[1.349255833,43.645699167]],[[1.349203333,43.645664444],[1.349216389,43.645741667]],[[1.3671075,43.632813889],[1.367413611,43.632869167]],[[1.356580278,43.629501667],[1.356540833,43.629455278]],[[1.356540833,43.629455278],[1.356513056,43.629409167]],[[1.356513056,43.629409167],[1.356509722,43.6293575]],[[1.356509722,43.6293575],[1.356539722,43.628837778]],[[1.356539722,43.628837778],[1.356568056,43.628750278]],[[1.356568056,43.628750278],[1.356631111,43.628656667]],[[1.356631111,43.628656667],[1.356749722,43.628521944]],[[1.356749722,43.628521944],[1.357451944,43.627847778]],[[1.357451944,43.627847778],[1.357791389,43.627575833]],[[1.357791389,43.627575833],[1.3579075,43.627523611]],[[1.3579075,43.627523611],[1.358000278,43.627498611]],[[1.358000278,43.627498611],[1.358293611,43.627446667]],[[1.358293611,43.627446667],[1.358457778,43.627404167]],[[1.358457778,43.627404167],[1.3586275,43.627331111]],[[1.3586275,43.627331111],[1.358791389,43.627238611]],[[1.358791389,43.627238611],[1.358948889,43.627103889]],[[1.358948889,43.627103889],[1.359123056,43.626932778]],[[1.359123056,43.626932778],[1.359670833,43.626406944]],[[1.359670833,43.626406944],[1.359834444,43.626272222]],[[1.359834444,43.626272222],[1.360085,43.626089167]],[[1.360085,43.626089167],[1.360180556,43.626046111]],[[1.360180556,43.626046111],[1.360314722,43.626026111]],[[1.360314722,43.626026111],[1.360377778,43.626028889]],[[1.360377778,43.626028889],[1.3605825,43.626180556]],[[1.3605825,43.626180556],[1.360646667,43.626247222]],[[1.360646667,43.626247222],[1.3606975,43.626344167]],[[1.3606975,43.626344167],[1.360713889,43.626444444]],[[1.360713889,43.626444444],[1.360698611,43.626556944]],[[1.360698611,43.626556944],[1.36067,43.626635278]],[[1.36067,43.626635278],[1.360221389,43.627210278]],[[1.360221389,43.627210278],[1.360151944,43.627291111]],[[1.360151944,43.627291111],[1.358496944,43.628878056]],[[1.358496944,43.628878056],[1.357940833,43.629298611]],[[1.357940833,43.629298611],[1.357659167,43.629474167]],[[1.357659167,43.629474167],[1.357479167,43.629551944]],[[1.357479167,43.629551944],[1.357234444,43.629622778]],[[1.357234444,43.629622778],[1.357083889,43.629646111]],[[1.357083889,43.629646111],[1.356935556,43.629644722]],[[1.356935556,43.629644722],[1.356828889,43.629628889]],[[1.356828889,43.629628889],[1.356714722,43.62959]],[[1.356714722,43.62959],[1.356625556,43.629534722]],[[1.356625556,43.629534722],[1.356580278,43.629501667]]]}},{"type":"Feature","id":"line.stand_entry.014","properties":{"name":"Stand entry line 014","layer":"Guidance lines","category":"Stand entry lines","object_type":"Line","style_id":"line.stand_entry","airport":"LFBO","geometry_role":"linework","vsmr_group_ids":[[]]},"geometry":{"type":"MultiLineString","coordinates":[[[1.36637,43.614861944],[1.3672275,43.614633889]],[[1.366118611,43.614267222],[1.366798333,43.614040833]],[[1.365646944,43.613995],[1.366226389,43.613799722]],[[1.365802778,43.613196111],[1.366063333,43.613191111]],[[1.366063333,43.613191111],[1.366866667,43.61298]],[[1.356420278,43.613164722],[1.356418056,43.6130525]],[[1.356418056,43.6130525],[1.356773056,43.612611111]],[[1.357234167,43.613050833],[1.356844444,43.612585278]],[[1.357583056,43.612528889],[1.356915833,43.612549444]],[[1.357855556,43.611363333],[1.358195556,43.611353333]],[[1.357241111,43.611571111],[1.357662222,43.611553889]],[[1.357196944,43.611205833],[1.357626944,43.611189444]],[[1.357595556,43.610823611],[1.357144444,43.610841111]],[[1.357581111,43.6104625],[1.357144167,43.610475278]],[[1.357645833,43.611919722],[1.357233611,43.611936389]],[[1.357597222,43.610012222],[1.357054722,43.610031944]],[[1.357974444,43.613413889],[1.358064167,43.614797222]],[[1.358663333,43.612563611],[1.358684722,43.612863056]],[[1.359499444,43.612871944],[1.359478611,43.6126525]],[[1.361322778,43.614205278],[1.361660556,43.614366389]],[[1.361660556,43.614366389],[1.361984722,43.614633056]],[[1.361411111,43.614037778],[1.362067222,43.614005]],[[1.361416944,43.613251111],[1.362111111,43.613798611]],[[1.36098,43.613451389],[1.360682222,43.613461111]],[[1.3610525,43.613833889],[1.360726944,43.613846111]],[[1.361081667,43.614304167],[1.360755,43.614315556]],[[1.362676667,43.613158333],[1.362429444,43.613521389]],[[1.363293611,43.613086111],[1.362975278,43.613539167]],[[1.366161111,43.613388056],[1.365447222,43.613631389]],[[1.3643575,43.613685556],[1.363406944,43.613722778]],[[1.363585833,43.613885278],[1.364242778,43.613858333]],[[1.363313333,43.614511667],[1.364439167,43.614469444]],[[1.365471111,43.615031667],[1.364628056,43.615065556]],[[1.365319167,43.61523],[1.364096389,43.615275278]],[[1.364531667,43.615457778],[1.365335833,43.615425833]],[[1.365548889,43.615804444],[1.3645875,43.615843889]],[[1.365252778,43.616016111],[1.364295833,43.616050833]],[[1.365204722,43.616215],[1.364568333,43.616241111]],[[1.365214444,43.616605278],[1.364570278,43.616633333]],[[1.365263889,43.616801111],[1.36438,43.616834722]],[[1.364579167,43.617015],[1.365302222,43.616989722]],[[1.365277778,43.617458333],[1.364325,43.617494167]],[[1.365249444,43.61751],[1.3643575,43.617543056]],[[1.364663611,43.617845833],[1.365346111,43.6178225]],[[1.359969167,43.615578611],[1.359720556,43.615017778]],[[1.359858611,43.615967222],[1.359896667,43.616511111]],[[1.360474722,43.615941667],[1.360511389,43.616464722]],[[1.360834722,43.615937222],[1.361270833,43.616304167]],[[1.3614,43.616296944],[1.361769167,43.615934444]],[[1.360411944,43.615591944],[1.360377778,43.615113889]],[[1.360711944,43.615444444],[1.360983056,43.615150833]],[[1.361230833,43.615118889],[1.361630556,43.615450556]],[[1.361966111,43.615408889],[1.361939722,43.6149775]],[[1.362521944,43.615347222],[1.362494167,43.614910833]],[[1.362859722,43.615445556],[1.363334167,43.615136389]],[[1.363474444,43.615700833],[1.362871389,43.615725833]],[[1.362848889,43.616121667],[1.36349,43.616097778]],[[1.362313611,43.616175556],[1.361802778,43.616268333]],[[1.362876111,43.616510556],[1.363526389,43.616483333]],[[1.3635425,43.616880556],[1.3628725,43.616901389]],[[1.361165,43.617523889],[1.361973056,43.617493333]],[[1.361103611,43.617839167],[1.361925556,43.617805833]],[[1.361320278,43.618142222],[1.3618675,43.618119722]],[[1.361150556,43.618475],[1.36184,43.618448611]],[[1.361286944,43.618994167],[1.361962778,43.618961111]],[[1.361255556,43.619643889],[1.3619525,43.6196175]],[[1.361209167,43.620296389],[1.362012222,43.620268056]],[[1.362012222,43.620268056],[1.362012222,43.620268056]],[[1.361480556,43.620803889],[1.362056389,43.620784722]],[[1.361212222,43.620945278],[1.362021944,43.620915556]],[[1.362015278,43.621187222],[1.361590833,43.621208889]],[[1.361382222,43.621101944],[1.3617525,43.621178611]],[[1.358185833,43.616614167],[1.358165556,43.616323889]],[[1.35827,43.616571389],[1.358256667,43.616355]],[[1.358065278,43.616586667],[1.358051389,43.616352222]],[[1.357812222,43.617011944],[1.357795278,43.616755278]]]}},{"type":"Feature","id":"line.taxiway_centerline.010","properties":{"name":"Taxiway centerline 010","layer":"Guidance lines","category":"Taxiway centerlines","object_type":"Line","style_id":"line.taxiway_centerline","airport":"LFBO","geometry_role":"linework","vsmr_group_ids":[[]]},"geometry":{"type":"MultiLineString","coordinates":[[[1.357781944,43.616679444],[1.359166389,43.616628333]]]}},{"type":"Feature","id":"line.stand_entry.015","properties":{"name":"Stand entry line 015","layer":"Guidance lines","category":"Stand entry lines","object_type":"Line","style_id":"line.stand_entry","airport":"LFBO","geometry_role":"linework","vsmr_group_ids":[[]]},"geometry":{"type":"MultiLineString","coordinates":[[[1.3629475,43.617486667],[1.363690278,43.617460556]],[[1.362655278,43.617541944],[1.363541111,43.617509444]],[[1.362752222,43.617861944],[1.363438611,43.617837222]],[[1.362742222,43.618189444],[1.363613889,43.618155556]],[[1.362683056,43.618231944],[1.363729444,43.618193056]],[[1.362831111,43.618831389],[1.363683611,43.618796667]],[[1.362995,43.619484444],[1.3639,43.61945]],[[1.362891111,43.6201375],[1.363844722,43.620103611]],[[1.363275,43.620861944],[1.363985833,43.620529167]],[[1.3642325,43.621161389],[1.3641925,43.620612222]],[[1.364430833,43.620529444],[1.365273889,43.620844167]],[[1.364530833,43.620090278],[1.365180833,43.620066944]],[[1.364480278,43.619443889],[1.365304444,43.619420833]],[[1.36426,43.618821667],[1.365178333,43.618786944]],[[1.364375833,43.618176944],[1.365238333,43.618141944]],[[1.364319167,43.618230833],[1.365126667,43.618198333]],[[1.357498611,43.620334722],[1.357524167,43.620719167]],[[1.3599275,43.617570556],[1.360556111,43.617548056]],[[1.360001667,43.617878889],[1.360533333,43.617863056]],[[1.359818889,43.618197222],[1.360381389,43.618176944]],[[1.360072222,43.618515278],[1.360575278,43.618497778]],[[1.360016111,43.619038056],[1.360726944,43.619013333]],[[1.359836944,43.619699444],[1.360724167,43.619664444]],[[1.359905278,43.620343333],[1.360784167,43.620309722]],[[1.359835556,43.620866667],[1.360464722,43.620845833]],[[1.359899444,43.620995556],[1.360788056,43.620961667]],[[1.359028889,43.620978889],[1.358347778,43.621001111]],[[1.358341944,43.620686111],[1.3589575,43.620981111]],[[1.358762778,43.621560556],[1.358325556,43.621251111]],[[1.359650833,43.621269722],[1.360044167,43.621256111]],[[1.360044167,43.621256111],[1.360409722,43.621132222]],[[1.367022778,43.615978611],[1.367665833,43.615806667]],[[1.348419444,43.624061667],[1.348444167,43.623672778]],[[1.348946944,43.623251389],[1.348979722,43.622683889]],[[1.349969167,43.622690833],[1.349939722,43.623263889]],[[1.350929722,43.623289167],[1.350960833,43.622746667]],[[1.351921389,43.623326111],[1.351951944,43.622749722]],[[1.352915278,43.623354167],[1.352947778,43.622783333]],[[1.353923056,43.623726389],[1.353944722,43.623379722]],[[1.349485556,43.624079167],[1.3495075,43.623699722]],[[1.350549722,43.624117778],[1.350569722,43.623726111]],[[1.351613611,43.624140278],[1.351634444,43.623756111]],[[1.352699167,43.624162778],[1.352716111,43.623784444]],[[1.355607778,43.624154167],[1.3556225,43.623855556]],[[1.35494,43.623737778],[1.354962778,43.623401389]],[[1.356181111,43.6227075],[1.356010833,43.622622778]],[[1.356010833,43.622622778],[1.356047222,43.622036389]],[[1.353164722,43.620434167],[1.352517222,43.620613611]],[[1.353338333,43.620500556],[1.352996667,43.621030278]],[[1.353464444,43.621274444],[1.353806944,43.620758611]],[[1.353806944,43.620758611],[1.354056389,43.6211725]],[[1.354241667,43.621163056],[1.354081667,43.620895556]],[[1.354081667,43.620895556],[1.353806667,43.620760833]],[[1.353806667,43.620760833],[1.353651111,43.620512778]],[[1.347785833,43.627055278],[1.347809722,43.626660833]],[[1.347822778,43.6270525],[1.347846111,43.626661111]],[[1.349045278,43.626735556],[1.349025556,43.627157778]],[[1.349025556,43.627157778],[1.349384167,43.626813889]],[[1.348983889,43.627100556],[1.349005,43.626748056]],[[1.350476944,43.627137222],[1.350498333,43.626774167]],[[1.353028333,43.626860833],[1.353005,43.627235833]],[[1.352182778,43.626840556],[1.352162778,43.627229167]],[[1.351337778,43.626831667],[1.351317222,43.627183889]],[[1.354093333,43.627226111],[1.354111944,43.626871944]],[[1.3549775,43.627191944],[1.3549975,43.626843333]],[[1.359121389,43.625645278],[1.358648056,43.626101667]],[[1.3573125,43.62536],[1.357763889,43.624925278]],[[1.356649167,43.624985833],[1.357130833,43.624523889]],[[1.352464444,43.629377222],[1.352484722,43.628971667]],[[1.353305278,43.629428333],[1.353325833,43.629008333]],[[1.354146111,43.629442222],[1.354170833,43.629033611]],[[1.355246667,43.629546111],[1.355267222,43.629130278]],[[1.3519375,43.630098056],[1.352604167,43.630466667]],[[1.351332222,43.630608889],[1.35205,43.631000278]],[[1.350814722,43.631154444],[1.3515225,43.631540833]],[[1.349868889,43.632215278],[1.350258889,43.632421944]],[[1.349580833,43.632507778],[1.3500525,43.632768333]],[[1.3501125,43.631886667],[1.350561944,43.632130833]],[[1.350404167,43.631591944],[1.350941667,43.631884167]],[[1.350260556,43.631746389],[1.350886111,43.632090833]],[[1.3533525,43.630053333],[1.354023056,43.63042]],[[1.3529625,43.630667222],[1.353655556,43.631042222]],[[1.352440833,43.631213056],[1.3531325,43.631590278]],[[1.351853889,43.631728056],[1.352542222,43.632103611]],[[1.3515925,43.632238056],[1.352124722,43.632531389]],[[1.3512825,43.632311944],[1.351963056,43.632684444]],[[1.351304167,43.632538333],[1.351864167,43.632842222]],[[1.3510375,43.6328475],[1.351518056,43.633109444]],[[1.350763333,43.632919722],[1.351274167,43.633202222]],[[1.350700278,43.6331175],[1.351204167,43.633397778]],[[1.350053056,43.6335225],[1.350787222,43.633924167]],[[1.349435833,43.634199444],[1.349978611,43.634495278]],[[1.348690278,43.634804444],[1.349331667,43.635158889]],[[1.3475775,43.634194444],[1.3483275,43.634603056]],[[1.348207222,43.633525556],[1.348993611,43.633958333]],[[1.346342222,43.633443333],[1.346848611,43.633721944]],[[1.345753889,43.634087222],[1.346078056,43.63411]]]}},{"type":"Feature","id":"line.taxiway_green.002","properties":{"name":"Green taxiway guidance line 002","layer":"Guidance lines","category":"Green taxiway guidance lines","object_type":"Line","style_id":"line.taxiway_green","airport":"LFBO","geometry_role":"linework","vsmr_group_ids":[[]]},"geometry":{"type":"MultiLineString","coordinates":[[[1.358350278,43.622694167],[1.358356667,43.622742778]],[[1.358356667,43.622742778],[1.358344167,43.622791111]],[[1.358344167,43.622791111],[1.358314167,43.622833611]],[[1.358314167,43.622833611],[1.358148333,43.6229925]],[[1.358148333,43.6229925],[1.357775,43.623353056]],[[1.357775,43.623353056],[1.357751667,43.623407778]],[[1.357751667,43.623407778],[1.357776944,43.623477222]],[[1.357776944,43.623477222],[1.357816389,43.623538889]],[[1.357816389,43.623538889],[1.357878889,43.623586667]],[[1.357878889,43.623586667],[1.357956667,43.623634444]],[[1.357956667,43.623634444],[1.359719167,43.624605556]],[[1.359719167,43.624605556],[1.359807222,43.624635]],[[1.359807222,43.624635],[1.359902778,43.624644444]],[[1.359902778,43.624644444],[1.360001111,43.624625833]],[[1.360001111,43.624625833],[1.360133889,43.624582222]],[[1.360133889,43.624582222],[1.360246389,43.6245375]],[[1.360246389,43.6245375],[1.360346111,43.624502778]],[[1.358432778,43.622821111],[1.358522222,43.622823056]],[[1.358522222,43.622823056],[1.358603889,43.622818056]],[[1.358603889,43.622818056],[1.358676389,43.622792222]],[[1.358676389,43.622792222],[1.358754444,43.622761111]],[[1.358754444,43.622761111],[1.358826944,43.622753611]],[[1.358826944,43.622753611],[1.358922778,43.622759167]],[[1.358922778,43.622759167],[1.359022222,43.622799167]],[[1.359022222,43.622799167],[1.359156389,43.622871389]],[[1.359156389,43.622871389],[1.360531667,43.623632222]],[[1.360531667,43.623632222],[1.360579167,43.62367]],[[1.360579167,43.62367],[1.360603889,43.623716389]],[[1.360603889,43.623716389],[1.360615833,43.623765833]],[[1.360615833,43.623765833],[1.360623333,43.623815278]],[[1.360623333,43.623815278],[1.360650833,43.623864722]],[[1.360650833,43.623864722],[1.360690278,43.623900833]],[[1.360690278,43.623900833],[1.361204722,43.624191944]]]}},{"type":"Feature","id":"line.stand_entry.016","properties":{"name":"Stand entry line 016","layer":"Guidance lines","category":"Stand entry lines","object_type":"Line","style_id":"line.stand_entry","airport":"LFBO","geometry_role":"linework","vsmr_group_ids":[[]]},"geometry":{"type":"MultiLineString","coordinates":[[[1.347586944,43.636871667],[1.348164444,43.636319722]],[[1.346826944,43.636322222],[1.347375833,43.635798611]],[[1.347156944,43.635709167],[1.346784167,43.636063611]],[[1.347578056,43.635905278],[1.347165,43.636299444]],[[1.341900556,43.644285556],[1.341414444,43.644019167]],[[1.341037222,43.64498],[1.341015278,43.644695278]],[[1.339410833,43.64486],[1.339228611,43.645041944]],[[1.339788333,43.645021111],[1.339589167,43.645218056]],[[1.339269444,43.64459],[1.339461667,43.644407778]],[[1.3398125,43.644903889],[1.340004444,43.644714444]],[[1.356949167,43.646150556],[1.358002778,43.646223889]],[[1.357168333,43.646280556],[1.357916944,43.646335]],[[1.357293889,43.646056389],[1.357994444,43.646112778]],[[1.351174444,43.649086389],[1.349127778,43.650550833]],[[1.34966,43.651046111],[1.351640278,43.649631111]],[[1.352299444,43.650071111],[1.350618889,43.651271667]],[[1.350618889,43.651271667],[1.350472778,43.651365556]],[[1.352255833,43.649352222],[1.352753889,43.6489975]],[[1.352753889,43.6489975],[1.352531111,43.648795]],[[1.353666111,43.617045278],[1.354133889,43.617028056]],[[1.353569722,43.617740278],[1.354173056,43.6177225]],[[1.354463889,43.617478333],[1.354881111,43.617467222]],[[1.354450833,43.618276389],[1.354871389,43.618259722]],[[1.353653056,43.618485556],[1.354091944,43.618471389]],[[1.353699722,43.619180556],[1.354175556,43.619163611]],[[1.354516944,43.619391111],[1.354963889,43.619376944]],[[1.354508056,43.61883],[1.354916944,43.618814722]],[[1.361848333,43.647844167],[1.361788611,43.6482575]],[[1.361567222,43.647841111],[1.361514444,43.648244722]],[[1.362435,43.64787],[1.362379722,43.648250833]],[[1.362598333,43.647887778],[1.362551944,43.648224722]],[[1.362706389,43.647906389],[1.362656944,43.648260278]],[[1.362786944,43.647875556],[1.362741389,43.648221389]],[[1.357237222,43.647906389],[1.358065556,43.647970278]],[[1.357148333,43.655334722],[1.357808333,43.655385]],[[1.357080556,43.656207778],[1.357619444,43.656248611]],[[1.356938889,43.657075278],[1.357533056,43.6571175]],[[1.352102778,43.656578889],[1.349762222,43.656411389]],[[1.352117778,43.655899444],[1.349691667,43.655721944]],[[1.352180278,43.655026667],[1.349774444,43.654850556]],[[1.350269167,43.653338611],[1.350308056,43.653028889]],[[1.351567222,43.653505833],[1.351615833,43.653150556]],[[1.349193889,43.653092222],[1.349220278,43.652903056]],[[1.352940278,43.654983056],[1.353560833,43.655028333]],[[1.352813056,43.655848333],[1.353398611,43.655897222]],[[1.352734167,43.656725556],[1.353295,43.6567675]],[[1.352588889,43.657731389],[1.353151389,43.657770833]],[[1.358447778,43.649549167],[1.359024444,43.649589167]],[[1.3585675,43.648716667],[1.359206667,43.648766389]],[[1.357621111,43.648673889],[1.357129167,43.6486325]],[[1.357855833,43.648919722],[1.357047778,43.648861111]],[[1.357611111,43.648785556],[1.357035556,43.648741389]],[[1.357579722,43.649648889],[1.357002222,43.649605556]],[[1.3573525,43.650496667],[1.356464722,43.650429167]],[[1.35733,43.650380833],[1.3566675,43.650329444]],[[1.357225833,43.650606944],[1.356562778,43.65056]],[[1.357282222,43.651238056],[1.356364722,43.651173889]],[[1.357221111,43.6513475],[1.356268056,43.651279722]],[[1.356225833,43.651397222],[1.357210556,43.651466944]],[[1.3562375,43.652145833],[1.357181944,43.652216667]],[[1.3561375,43.653003611],[1.357006944,43.653065833]],[[1.35795,43.6526075],[1.358637778,43.652658056]],[[1.356151111,43.652023056],[1.356885833,43.652076389]],[[1.356283333,43.652266667],[1.357062778,43.652322222]],[[1.358238333,43.651317778],[1.358893056,43.651364444]]]}},{"type":"Feature","id":"line.taxiway_centerline.011","properties":{"name":"Taxiway centerline 011","layer":"Guidance lines","category":"Taxiway centerlines","object_type":"Line","style_id":"line.taxiway_centerline","airport":"LFBO","geometry_role":"linework","vsmr_group_ids":[[]]},"geometry":{"type":"MultiLineString","coordinates":[[[1.358796389,43.652526944],[1.358640833,43.652508056]],[[1.358640833,43.652508056],[1.358228333,43.652398889]],[[1.358228333,43.652398889],[1.358123611,43.652318333]],[[1.358123611,43.652318333],[1.358094444,43.652255278]],[[1.358094444,43.652255278],[1.358092778,43.652191944]],[[1.358092778,43.652191944],[1.358163056,43.651702222]],[[1.358163056,43.651702222],[1.358191667,43.65166]],[[1.358191667,43.65166],[1.358232222,43.651628889]],[[1.358232222,43.651628889],[1.358264444,43.651615556]],[[1.35846,43.650735],[1.358398056,43.650672222]],[[1.358398056,43.650672222],[1.35855,43.649825833]],[[1.35855,43.649825833],[1.358612778,43.649798611]],[[1.358612778,43.649798611],[1.358696667,43.649780278]],[[1.358696667,43.649780278],[1.358848056,43.64976]],[[1.358848056,43.64976],[1.359114167,43.649753333]]]}},{"type":"Feature","id":"line.stand_entry.017","properties":{"name":"Stand entry line 017","layer":"Guidance lines","category":"Stand entry lines","object_type":"Line","style_id":"line.stand_entry","airport":"LFBO","geometry_role":"linework","vsmr_group_ids":[[]]},"geometry":{"type":"MultiLineString","coordinates":[[[1.354353056,43.652871944],[1.355303611,43.652941111]],[[1.354492778,43.652021111],[1.355453333,43.652092222]],[[1.354557222,43.6512775],[1.355515,43.651340556]],[[1.3546125,43.6510475],[1.355553889,43.651117222]],[[1.354596944,43.651164444],[1.355545,43.6512325]],[[1.354939167,43.648598611],[1.355529167,43.648645556]],[[1.354849167,43.6493375],[1.355614722,43.649393889]],[[1.354809444,43.649450556],[1.355688333,43.649516111]],[[1.354806667,43.649567778],[1.355744722,43.649639722]],[[1.354733333,43.650426667],[1.355681111,43.650494722]],[[1.354774444,43.6503125],[1.355605556,43.650370833]],[[1.354726944,43.650193333],[1.355508611,43.650253889]],[[1.363090556,43.64794],[1.363050278,43.648257222]],[[1.363482222,43.647938056],[1.363589722,43.648283611]],[[1.356722778,43.658045278],[1.357179444,43.6580625]],[[1.364155833,43.622147778],[1.363470556,43.622800556]],[[1.361978889,43.622121944],[1.362075556,43.622426389]],[[1.362786389,43.622094444],[1.362514167,43.6224625]],[[1.363512222,43.622101389],[1.362991944,43.622595278]]]}},{"type":"Feature","id":"line.taxiway_centerline.012","properties":{"name":"Taxiway centerline 012","layer":"Guidance lines","category":"Taxiway centerlines","object_type":"Line","style_id":"line.taxiway_centerline","airport":"LFBO","geometry_role":"linework","vsmr_group_ids":[[]]},"geometry":{"type":"MultiLineString","coordinates":[[[1.355058333,43.619539722],[1.355057222,43.61954]],[[1.355057222,43.61954],[1.354792778,43.619552778]],[[1.354792778,43.619552778],[1.35482,43.619895833]],[[1.35482,43.619895833],[1.354828889,43.619909444]],[[1.354828889,43.619909444],[1.354849444,43.619921667]],[[1.354849444,43.619921667],[1.354873889,43.619933333]],[[1.354873889,43.619933333],[1.354895,43.619938333]],[[1.354895,43.619938333],[1.354918611,43.619941389]],[[1.354918611,43.619941389],[1.355075556,43.619938056]]]}},{"type":"Feature","id":"line.stand_entry.018","properties":{"name":"Stand entry line 018","layer":"Guidance lines","category":"Stand entry lines","object_type":"Line","style_id":"line.stand_entry","airport":"LFBO","geometry_role":"linework","vsmr_group_ids":[[]]},"geometry":{"type":"MultiLineString","coordinates":[[[1.354747778,43.616535],[1.354278056,43.616660278]]]}},{"type":"Feature","id":"line.taxiway_centerline.013","properties":{"name":"Taxiway centerline 013","layer":"Guidance lines","category":"Taxiway centerlines","object_type":"Line","style_id":"line.taxiway_centerline","airport":"LFBO","geometry_role":"linework","vsmr_group_ids":[[]]},"geometry":{"type":"MultiLineString","coordinates":[[[1.35509,43.6291325],[1.355081389,43.629285278]],[[1.355081389,43.629285278],[1.35507,43.629350556]],[[1.35507,43.629350556],[1.355043333,43.629405]],[[1.355043333,43.629405],[1.355001667,43.629442778]],[[1.355001667,43.629442778],[1.354949167,43.629461389]],[[1.354949167,43.629461389],[1.354878333,43.6294675]],[[1.354878333,43.6294675],[1.354529722,43.629454167]],[[1.354529722,43.629454167],[1.3544775,43.629448611]],[[1.3544775,43.629448611],[1.354456389,43.629433889]],[[1.354456389,43.629433889],[1.354441389,43.629421667]],[[1.354441389,43.629421667],[1.354377778,43.629173611]],[[1.354377778,43.629173611],[1.354382222,43.629082778]]]}},{"type":"Feature","id":"line.stand_entry.019","properties":{"name":"Stand entry line 019","layer":"Guidance lines","category":"Stand entry lines","object_type":"Line","style_id":"line.stand_entry","airport":"LFBO","geometry_role":"linework","vsmr_group_ids":[[]]},"geometry":{"type":"MultiLineString","coordinates":[[[1.353984167,43.628958056],[1.353980278,43.629026944]],[[1.353980278,43.629026944],[1.353932778,43.629164444]],[[1.353932778,43.629164444],[1.353869444,43.629375833]],[[1.353869444,43.629375833],[1.353848056,43.629406111]],[[1.353848056,43.629406111],[1.353809444,43.629426389]],[[1.353809444,43.629426389],[1.353761389,43.629430278]],[[1.353761389,43.629430278],[1.353708611,43.629431389]],[[1.353708611,43.629431389],[1.353645278,43.629424167]],[[1.353645278,43.629424167],[1.353616389,43.629408056]],[[1.353616389,43.629408056],[1.353593889,43.629390833]],[[1.353593889,43.629390833],[1.353583333,43.629361667]],[[1.353583333,43.629361667],[1.35351,43.629001667]],[[1.35351,43.629001667],[1.353511111,43.628947778]]]}},{"type":"Feature","id":"line.taxiway_centerline.014","properties":{"name":"Taxiway centerline 014","layer":"Guidance lines","category":"Taxiway centerlines","object_type":"Line","style_id":"line.taxiway_centerline","airport":"LFBO","geometry_role":"linework","vsmr_group_ids":[[]]},"geometry":{"type":"MultiLineString","coordinates":[[[1.353145278,43.628942778],[1.353138889,43.628985]],[[1.353138889,43.628985],[1.353031111,43.629371944]],[[1.353031111,43.629371944],[1.353010278,43.629391944]],[[1.353010278,43.629391944],[1.352992222,43.629401667]],[[1.352992222,43.629401667],[1.352948611,43.629407778]],[[1.352948611,43.629407778],[1.352887778,43.629411111]],[[1.352887778,43.629411111],[1.352814722,43.629405556]],[[1.352814722,43.629405556],[1.352763056,43.629394167]],[[1.352763056,43.629394167],[1.352737778,43.629371389]],[[1.352737778,43.629371389],[1.352723611,43.629330278]],[[1.352723611,43.629330278],[1.352669444,43.628990833]],[[1.352669444,43.628990833],[1.352673333,43.628920833]],[[1.352308333,43.628906667],[1.352307222,43.628983611]],[[1.352307222,43.628983611],[1.352174167,43.629347778]],[[1.352174167,43.629347778],[1.352138333,43.629377222]],[[1.352138333,43.629377222],[1.3520975,43.629387222]],[[1.3520975,43.629387222],[1.351999722,43.629394722]],[[1.351999722,43.629394722],[1.351888889,43.629407222]],[[1.351888889,43.629407222],[1.351749722,43.629433889]],[[1.351749722,43.629433889],[1.35161,43.629470556]],[[1.35161,43.629470556],[1.351515556,43.629515]],[[1.351515556,43.629515],[1.351429722,43.629574722]],[[1.351429722,43.629574722],[1.351362778,43.629638889]],[[1.351362778,43.629638889],[1.351318611,43.629721944]],[[1.351318611,43.629721944],[1.351289444,43.629789444]],[[1.351289444,43.629789444],[1.351211944,43.629883889]],[[1.351211944,43.629883889],[1.350392222,43.630688611]],[[1.350392222,43.630688611],[1.350239444,43.630839444]],[[1.350239444,43.630839444],[1.349721389,43.631411944]],[[1.349721389,43.631411944],[1.349656111,43.631477778]],[[1.349656111,43.631477778],[1.348883889,43.632223056]],[[1.348883889,43.632223056],[1.349427778,43.632516944]],[[1.349611667,43.632415833],[1.349501111,43.632359444]],[[1.349501111,43.632359444],[1.349460833,43.632323056]],[[1.349460833,43.632323056],[1.3494475,43.632271667]],[[1.3494475,43.632271667],[1.349447778,43.632246389]],[[1.349447778,43.632246389],[1.349457778,43.632223611]],[[1.349457778,43.632223611],[1.349483333,43.632203889]],[[1.349483333,43.632203889],[1.349513333,43.632186667]],[[1.349513333,43.632186667],[1.349542778,43.632178611]],[[1.349542778,43.632178611],[1.349581389,43.632175833]],[[1.349581389,43.632175833],[1.349604722,43.632181111]],[[1.349604722,43.632181111],[1.349664167,43.632198611]],[[1.349664167,43.632198611],[1.349773056,43.632255]],[[1.35062,43.631222222],[1.350578056,43.631205556]],[[1.350578056,43.631205556],[1.350521111,43.631199722]],[[1.350521111,43.631199722],[1.350439722,43.631199444]],[[1.350439722,43.631199444],[1.350374167,43.631223056]],[[1.350374167,43.631223056],[1.350321389,43.631264722]],[[1.350321389,43.631264722],[1.350294167,43.631306667]],[[1.350294167,43.631306667],[1.350290833,43.631346944]],[[1.350290833,43.631346944],[1.350301667,43.631388889]],[[1.350301667,43.631388889],[1.350326667,43.631418889]],[[1.350326667,43.631418889],[1.350353056,43.631445278]],[[1.350353056,43.631445278],[1.350376944,43.631468333]],[[1.349927778,43.631893333],[1.349875556,43.631864722]],[[1.349875556,43.631864722],[1.349834722,43.631853889]],[[1.349834722,43.631853889],[1.349778333,43.631844444]],[[1.349778333,43.631844444],[1.349720278,43.631852222]],[[1.349720278,43.631852222],[1.349678056,43.631882778]],[[1.349678056,43.631882778],[1.349654167,43.631918889]],[[1.349654167,43.631918889],[1.349663056,43.631966667]],[[1.349663056,43.631966667],[1.349695,43.632006111]],[[1.349695,43.632006111],[1.349748611,43.632036111]],[[1.349748611,43.632036111],[1.349907778,43.632129167]],[[1.351155,43.630713611],[1.351126667,43.630706667]],[[1.351126667,43.630706667],[1.351076389,43.630707222]],[[1.351076389,43.630707222],[1.351036389,43.630727778]],[[1.351036389,43.630727778],[1.351009167,43.630754444]],[[1.351009167,43.630754444],[1.351005556,43.630786111]],[[1.351005556,43.630786111],[1.351022222,43.630833889]],[[1.353059722,43.631749722],[1.353146667,43.631805556]],[[1.353146667,43.631805556],[1.353207222,43.631870556]],[[1.353207222,43.631870556],[1.353237222,43.631934444]],[[1.353237222,43.631934444],[1.353244444,43.631971667]],[[1.353244444,43.631971667],[1.353223333,43.632022778]],[[1.353223333,43.632022778],[1.353185,43.632067778]],[[1.353185,43.632067778],[1.353125278,43.632109167]],[[1.353125278,43.632109167],[1.353045833,43.632131389]],[[1.353045833,43.632131389],[1.352973889,43.632135278]],[[1.352973889,43.632135278],[1.352893889,43.632121667]],[[1.352893889,43.632121667],[1.352828611,43.632096667]],[[1.352828611,43.632096667],[1.352766389,43.632068333]],[[1.352766389,43.632068333],[1.352733889,43.632045556]],[[1.352539722,43.632255556],[1.352604167,43.6322975]],[[1.352604167,43.6322975],[1.352658889,43.632336111]],[[1.352658889,43.632336111],[1.352708056,43.6323875]],[[1.352708056,43.6323875],[1.352727778,43.632436111]],[[1.352727778,43.632436111],[1.352726389,43.632498056]],[[1.352726389,43.632498056],[1.352695556,43.632538889]],[[1.352695556,43.632538889],[1.352663889,43.632569444]],[[1.352663889,43.632569444],[1.352615833,43.6325925]],[[1.352615833,43.6325925],[1.352561667,43.632601667]],[[1.352561667,43.632601667],[1.352493056,43.632605278]],[[1.352493056,43.632605278],[1.352408889,43.632586389]],[[1.352408889,43.632586389],[1.352350278,43.632566389]],[[1.352350278,43.632566389],[1.352293889,43.632533611]],[[1.352293889,43.632533611],[1.352261667,43.632512778]],[[1.351831389,43.632936111],[1.352028611,43.633040556]],[[1.352028611,43.633040556],[1.352058056,43.633074722]],[[1.352058056,43.633074722],[1.3520675,43.633113056]],[[1.3520675,43.633113056],[1.352056111,43.633151389]],[[1.352056111,43.633151389],[1.352025556,43.633185556]],[[1.352025556,43.633185556],[1.351984444,43.633203611]],[[1.351984444,43.633203611],[1.351935,43.633211667]],[[1.351935,43.633211667],[1.351882222,43.6332025]],[[1.351882222,43.6332025],[1.351833333,43.6331825]],[[1.351833333,43.6331825],[1.351662222,43.633088333]],[[1.3436725,43.643441667],[1.343638611,43.643422222]],[[1.343618889,43.643411944],[1.343584167,43.643391944]],[[1.343558889,43.643375833],[1.343523333,43.643355278]],[[1.343499167,43.643345278],[1.343468333,43.643326944]],[[1.358768056,43.652818333],[1.358526111,43.652810278]],[[1.358526111,43.652810278],[1.358376667,43.652831111]],[[1.358376667,43.652831111],[1.358236944,43.652883611]],[[1.358236944,43.652883611],[1.358133889,43.652948889]],[[1.358133889,43.652948889],[1.358040278,43.653052222]],[[1.358040278,43.653052222],[1.357982222,43.653130833]],[[1.357982222,43.653130833],[1.357953056,43.653272222]],[[1.357953056,43.653272222],[1.357969444,43.653348333]],[[1.357969444,43.653348333],[1.358190833,43.654070278]],[[1.358190833,43.654070278],[1.358273333,43.654344167]],[[1.358273333,43.654344167],[1.35828,43.654493611]],[[1.35828,43.654493611],[1.358206111,43.655026667]],[[1.358206111,43.655026667],[1.357812222,43.657908889]],[[1.357812222,43.657908889],[1.357771389,43.658011667]],[[1.357771389,43.658011667],[1.357712778,43.658086944]],[[1.357712778,43.658086944],[1.357639167,43.658152778]],[[1.357639167,43.658152778],[1.357548889,43.658204722]],[[1.351393056,43.653030278],[1.351360556,43.6532475]],[[1.351360556,43.6532475],[1.351305833,43.653373056]],[[1.351305833,43.653373056],[1.351206667,43.653453889]],[[1.351206667,43.653453889],[1.351091111,43.653518889]],[[1.351091111,43.653518889],[1.350957222,43.653548611]],[[1.350957222,43.653548611],[1.350794444,43.653553889]],[[1.350794444,43.653553889],[1.350664167,43.653511944]],[[1.350664167,43.653511944],[1.350552222,43.653446944]],[[1.350552222,43.653446944],[1.350489167,43.653366389]],[[1.350489167,43.653366389],[1.350445833,43.653270833]],[[1.350445833,43.653270833],[1.350441944,43.653163056]],[[1.350441944,43.653163056],[1.350481389,43.652913889]],[[1.350177778,43.652888333],[1.350142222,43.653153889]],[[1.350142222,43.653153889],[1.350115833,43.653248333]],[[1.350115833,43.653248333],[1.350063611,43.653328611]],[[1.350063611,43.653328611],[1.349964722,43.6534075]],[[1.349964722,43.6534075],[1.349839444,43.653461944]],[[1.349839444,43.653461944],[1.349704444,43.653481667]],[[1.349704444,43.653481667],[1.349616111,43.653466667]],[[1.349616111,43.653466667],[1.349505556,43.653409722]],[[1.349505556,43.653409722],[1.349409167,43.653324444]],[[1.349409167,43.653324444],[1.349355278,43.653223611]],[[1.349355278,43.653223611],[1.3493425,43.653116944]],[[1.3493425,43.653116944],[1.349351389,43.653016389]],[[1.349351389,43.653016389],[1.349378611,43.652834444]],[[1.3490775,43.652818611],[1.349007778,43.653284722]],[[1.349007778,43.653284722],[1.349005556,43.653344722]],[[1.349005556,43.653344722],[1.349027222,43.653411111]],[[1.349027222,43.653411111],[1.349065556,43.653493333]],[[1.349065556,43.653493333],[1.349147222,43.653568056]],[[1.349147222,43.653568056],[1.349246944,43.653622778]],[[1.349246944,43.653622778],[1.349338056,43.6536525]],[[1.349338056,43.6536525],[1.349436944,43.653671389]],[[1.349436944,43.653671389],[1.349443611,43.653671667]],[[1.349443611,43.653671667],[1.349664167,43.653691111]],[[1.349664167,43.653691111],[1.352253611,43.653871389]],[[1.352253611,43.653871389],[1.352394167,43.653904167]],[[1.352394167,43.653904167],[1.352509444,43.653964722]],[[1.352509444,43.653964722],[1.352603056,43.654037222]],[[1.352603056,43.654037222],[1.352670833,43.654139167]],[[1.352670833,43.654139167],[1.352692778,43.654262778]],[[1.352692778,43.654262778],[1.352642778,43.654589444]],[[1.352642778,43.654589444],[1.352609167,43.654791667]],[[1.352609167,43.654791667],[1.352543889,43.654894722]],[[1.352543889,43.654894722],[1.352448056,43.654940278]],[[1.352448056,43.654940278],[1.352374444,43.654950278]],[[1.352374444,43.654950278],[1.352014444,43.654923056]],[[1.352026667,43.655105278],[1.352331111,43.655124167]],[[1.352331111,43.655124167],[1.352432222,43.655150833]],[[1.352432222,43.655150833],[1.352493889,43.655205]],[[1.352493889,43.655205],[1.3525325,43.655283889]],[[1.3525325,43.655283889],[1.352532222,43.655424444]],[[1.352532222,43.655424444],[1.3525075,43.655586111]],[[1.3525075,43.655586111],[1.352469722,43.655701389]],[[1.352469722,43.655701389],[1.352420556,43.655758889]],[[1.352420556,43.655758889],[1.352354722,43.655802222]],[[1.352354722,43.655802222],[1.352273889,43.655817222]],[[1.352273889,43.655817222],[1.351825833,43.6557925]],[[1.351803056,43.655956111],[1.352273889,43.6560025]],[[1.352273889,43.6560025],[1.352351667,43.656033056]],[[1.352351667,43.656033056],[1.352406111,43.656091667]],[[1.352406111,43.656091667],[1.352424444,43.656171111]],[[1.352424444,43.656171111],[1.352411667,43.656284444]],[[1.352411667,43.656284444],[1.352390833,43.656369722]],[[1.352390833,43.656369722],[1.352328333,43.656426389]],[[1.352328333,43.656426389],[1.352244167,43.656469167]],[[1.352244167,43.656469167],[1.352141944,43.656495833]],[[1.352141944,43.656495833],[1.351734722,43.656467222]],[[1.351711111,43.656640556],[1.352113056,43.656673611]],[[1.352113056,43.656673611],[1.352259722,43.656735556]],[[1.352259722,43.656735556],[1.352331667,43.6568575]],[[1.352331667,43.6568575],[1.352085833,43.658695556]],[[1.352085833,43.658695556],[1.352496667,43.658736111]],[[1.352496667,43.658736111],[1.352578889,43.658120278]],[[1.352578889,43.658120278],[1.352665,43.658017778]],[[1.352665,43.658017778],[1.352760833,43.657971389]],[[1.352760833,43.657971389],[1.353180278,43.657923333]],[[1.353180278,43.657923333],[1.353367222,43.657927778]],[[1.353499444,43.656922778],[1.353331111,43.656919444]],[[1.353331111,43.656919444],[1.352897778,43.656965556]],[[1.352897778,43.656965556],[1.35279,43.657021111]],[[1.35279,43.657021111],[1.352716111,43.657116389]],[[1.352716111,43.657116389],[1.352684722,43.6572975]],[[1.352684722,43.6572975],[1.352705833,43.657430833]],[[1.352705833,43.657430833],[1.352790556,43.657497778]],[[1.352790556,43.657497778],[1.352911389,43.657550556]],[[1.352911389,43.657550556],[1.353142222,43.657605]],[[1.353142222,43.657605],[1.353289167,43.657638056]],[[1.353289167,43.657638056],[1.353391944,43.657645556]],[[1.353711111,43.655186111],[1.353608333,43.6551775]],[[1.353608333,43.6551775],[1.353130278,43.655226111]],[[1.353130278,43.655226111],[1.353029444,43.655280556]],[[1.353029444,43.655280556],[1.352971944,43.655350556]],[[1.352971944,43.655350556],[1.352939722,43.655436944]],[[1.352939722,43.655436944],[1.352952778,43.6555225]],[[1.352952778,43.6555225],[1.353003056,43.655597222]],[[1.353003056,43.655597222],[1.353100278,43.655656667]],[[1.353100278,43.655656667],[1.353378611,43.655728611]],[[1.353378611,43.655728611],[1.353553611,43.655768611]],[[1.353553611,43.655768611],[1.353648056,43.655777222]],[[1.353601111,43.656053611],[1.353498333,43.656049167]],[[1.353498333,43.656049167],[1.353010556,43.656096944]],[[1.353010556,43.656096944],[1.352906944,43.656156111]],[[1.352906944,43.656156111],[1.352837778,43.656228889]],[[1.352837778,43.656228889],[1.352827222,43.656305]],[[1.352827222,43.656305],[1.352843056,43.656403889]],[[1.352843056,43.656403889],[1.352875,43.656461389]],[[1.352875,43.656461389],[1.352974722,43.656517778]],[[1.352974722,43.656517778],[1.353140556,43.656568056]],[[1.353140556,43.656568056],[1.353377222,43.656627778]],[[1.353377222,43.656627778],[1.353534444,43.656651667]]]}},{"type":"Feature","id":"label.gates_stands.001","properties":{"name":"A10","layer":"Labels","category":"Gate and stand labels","object_type":"Label","style_id":"label.gates_stands","airport":"LFBO","geometry_role":"text_label","text-field":"A10","vsmr_group_ids":[[]]},"geometry":{"type":"Point","coordinates":[1.377849167,43.622021667]}},{"type":"Feature","id":"label.gates_stands.002","properties":{"name":"A12","layer":"Labels","category":"Gate and stand labels","object_type":"Label","style_id":"label.gates_stands","airport":"LFBO","geometry_role":"text_label","text-field":"A12","vsmr_group_ids":[[]]},"geometry":{"type":"Point","coordinates":[1.378265556,43.622253056]}},{"type":"Feature","id":"label.gates_stands.003","properties":{"name":"A13","layer":"Labels","category":"Gate and stand labels","object_type":"Label","style_id":"label.gates_stands","airport":"LFBO","geometry_role":"text_label","text-field":"A13","vsmr_group_ids":[[]]},"geometry":{"type":"Point","coordinates":[1.378683889,43.622483611]}},{"type":"Feature","id":"label.gates_stands.004","properties":{"name":"A14","layer":"Labels","category":"Gate and stand labels","object_type":"Label","style_id":"label.gates_stands","airport":"LFBO","geometry_role":"text_label","text-field":"A14","vsmr_group_ids":[[]]},"geometry":{"type":"Point","coordinates":[1.379052778,43.622685833]}},{"type":"Feature","id":"label.gates_stands.005","properties":{"name":"A15","layer":"Labels","category":"Gate and stand labels","object_type":"Label","style_id":"label.gates_stands","airport":"LFBO","geometry_role":"text_label","text-field":"A15","vsmr_group_ids":[[]]},"geometry":{"type":"Point","coordinates":[1.379376667,43.622862778]}},{"type":"Feature","id":"label.gates_stands.006","properties":{"name":"A16","layer":"Labels","category":"Gate and stand labels","object_type":"Label","style_id":"label.gates_stands","airport":"LFBO","geometry_role":"text_label","text-field":"A16","vsmr_group_ids":[[]]},"geometry":{"type":"Point","coordinates":[1.379135,43.622820278]}},{"type":"Feature","id":"label.gates_stands.007","properties":{"name":"A20","layer":"Labels","category":"Gate and stand labels","object_type":"Label","style_id":"label.gates_stands","airport":"LFBO","geometry_role":"text_label","text-field":"A20","vsmr_group_ids":[[]]},"geometry":{"type":"Point","coordinates":[1.377204444,43.622643611]}},{"type":"Feature","id":"label.gates_stands.008","properties":{"name":"A22","layer":"Labels","category":"Gate and stand labels","object_type":"Label","style_id":"label.gates_stands","airport":"LFBO","geometry_role":"text_label","text-field":"A22","vsmr_group_ids":[[]]},"geometry":{"type":"Point","coordinates":[1.377620556,43.622874722]}},{"type":"Feature","id":"label.gates_stands.009","properties":{"name":"A23","layer":"Labels","category":"Gate and stand labels","object_type":"Label","style_id":"label.gates_stands","airport":"LFBO","geometry_role":"text_label","text-field":"A23","vsmr_group_ids":[[]]},"geometry":{"type":"Point","coordinates":[1.378038333,43.623102222]}},{"type":"Feature","id":"label.gates_stands.010","properties":{"name":"A24","layer":"Labels","category":"Gate and stand labels","object_type":"Label","style_id":"label.gates_stands","airport":"LFBO","geometry_role":"text_label","text-field":"A24","vsmr_group_ids":[[]]},"geometry":{"type":"Point","coordinates":[1.378408333,43.623306389]}},{"type":"Feature","id":"label.gates_stands.011","properties":{"name":"A25","layer":"Labels","category":"Gate and stand labels","object_type":"Label","style_id":"label.gates_stands","airport":"LFBO","geometry_role":"text_label","text-field":"A25","vsmr_group_ids":[[]]},"geometry":{"type":"Point","coordinates":[1.378730278,43.623482778]}},{"type":"Feature","id":"label.gates_stands.012","properties":{"name":"AEROSPATIALE","layer":"Labels","category":"Gate and stand labels","object_type":"Label","style_id":"label.gates_stands","airport":"LFBO","geometry_role":"text_label","text-field":"AEROSPATIALE","vsmr_group_ids":[[]]},"geometry":{"type":"Point","coordinates":[1.359831111,43.618011389]}},{"type":"Feature","id":"label.gates_stands.013","properties":{"name":"ATE","layer":"Labels","category":"Gate and stand labels","object_type":"Label","style_id":"label.gates_stands","airport":"LFBO","geometry_role":"text_label","text-field":"ATE","vsmr_group_ids":[[]]},"geometry":{"type":"Point","coordinates":[1.3396225,43.644828333]}},{"type":"Feature","id":"label.gates_stands.014","properties":{"name":"Aire","layer":"Labels","category":"Gate and stand labels","object_type":"Label","style_id":"label.gates_stands","airport":"LFBO","geometry_role":"text_label","text-field":"Aire","vsmr_group_ids":[[]]},"geometry":{"type":"Point","coordinates":[1.347674444,43.631798333]}},{"type":"Feature","id":"label.gates_stands.015","properties":{"name":"B10","layer":"Labels","category":"Gate and stand labels","object_type":"Label","style_id":"label.gates_stands","airport":"LFBO","geometry_role":"text_label","text-field":"B10","vsmr_group_ids":[[]]},"geometry":{"type":"Point","coordinates":[1.376028611,43.623772222]}},{"type":"Feature","id":"label.gates_stands.016","properties":{"name":"B11","layer":"Labels","category":"Gate and stand labels","object_type":"Label","style_id":"label.gates_stands","airport":"LFBO","geometry_role":"text_label","text-field":"B11","vsmr_group_ids":[[]]},"geometry":{"type":"Point","coordinates":[1.376398056,43.623828333]}},{"type":"Feature","id":"label.gates_stands.017","properties":{"name":"B12","layer":"Labels","category":"Gate and stand labels","object_type":"Label","style_id":"label.gates_stands","airport":"LFBO","geometry_role":"text_label","text-field":"B12","vsmr_group_ids":[[]]},"geometry":{"type":"Point","coordinates":[1.376487778,43.624015833]}},{"type":"Feature","id":"label.gates_stands.018","properties":{"name":"B13","layer":"Labels","category":"Gate and stand labels","object_type":"Label","style_id":"label.gates_stands","airport":"LFBO","geometry_role":"text_label","text-field":"B13","vsmr_group_ids":[[]]},"geometry":{"type":"Point","coordinates":[1.37695,43.624260556]}},{"type":"Feature","id":"label.gates_stands.019","properties":{"name":"B14","layer":"Labels","category":"Gate and stand labels","object_type":"Label","style_id":"label.gates_stands","airport":"LFBO","geometry_role":"text_label","text-field":"B14","vsmr_group_ids":[[]]},"geometry":{"type":"Point","coordinates":[1.377410556,43.624503611]}},{"type":"Feature","id":"label.gates_stands.020","properties":{"name":"B20","layer":"Labels","category":"Gate and stand labels","object_type":"Label","style_id":"label.gates_stands","airport":"LFBO","geometry_role":"text_label","text-field":"B20","vsmr_group_ids":[[]]},"geometry":{"type":"Point","coordinates":[1.377013333,43.622829167]}},{"type":"Feature","id":"label.gates_stands.021","properties":{"name":"B21","layer":"Labels","category":"Gate and stand labels","object_type":"Label","style_id":"label.gates_stands","airport":"LFBO","geometry_role":"text_label","text-field":"B21","vsmr_group_ids":[[]]},"geometry":{"type":"Point","coordinates":[1.376211111,43.623712222]}},{"type":"Feature","id":"label.gates_stands.022","properties":{"name":"B22","layer":"Labels","category":"Gate and stand labels","object_type":"Label","style_id":"label.gates_stands","airport":"LFBO","geometry_role":"text_label","text-field":"B22","vsmr_group_ids":[[]]},"geometry":{"type":"Point","coordinates":[1.377431111,43.623058889]}},{"type":"Feature","id":"label.gates_stands.023","properties":{"name":"B24","layer":"Labels","category":"Gate and stand labels","object_type":"Label","style_id":"label.gates_stands","airport":"LFBO","geometry_role":"text_label","text-field":"B24","vsmr_group_ids":[[]]},"geometry":{"type":"Point","coordinates":[1.378211667,43.623495833]}},{"type":"Feature","id":"label.gates_stands.024","properties":{"name":"B25","layer":"Labels","category":"Gate and stand labels","object_type":"Label","style_id":"label.gates_stands","airport":"LFBO","geometry_role":"text_label","text-field":"B25","vsmr_group_ids":[[]]},"geometry":{"type":"Point","coordinates":[1.37853,43.623675833]}},{"type":"Feature","id":"label.gates_stands.025","properties":{"name":"B31","layer":"Labels","category":"Gate and stand labels","object_type":"Label","style_id":"label.gates_stands","airport":"LFBO","geometry_role":"text_label","text-field":"B31","vsmr_group_ids":[[]]},"geometry":{"type":"Point","coordinates":[1.376833611,43.624026111]}},{"type":"Feature","id":"label.gates_stands.026","properties":{"name":"B41","layer":"Labels","category":"Gate and stand labels","object_type":"Label","style_id":"label.gates_stands","airport":"LFBO","geometry_role":"text_label","text-field":"B41","vsmr_group_ids":[[]]},"geometry":{"type":"Point","coordinates":[1.377433611,43.62436]}},{"type":"Feature","id":"label.gates_stands.027","properties":{"name":"BIKINI","layer":"Labels","category":"Gate and stand labels","object_type":"Label","style_id":"label.gates_stands","airport":"LFBO","geometry_role":"text_label","text-field":"BIKINI","vsmr_group_ids":[[]]},"geometry":{"type":"Point","coordinates":[1.359301389,43.623700556]}},{"type":"Feature","id":"label.gates_stands.028","properties":{"name":"C1","layer":"Labels","category":"Gate and stand labels","object_type":"Label","style_id":"label.gates_stands","airport":"LFBO","geometry_role":"text_label","text-field":"C1","vsmr_group_ids":[[]]},"geometry":{"type":"Point","coordinates":[1.380265833,43.621412222]}},{"type":"Feature","id":"label.gates_stands.029","properties":{"name":"C2","layer":"Labels","category":"Gate and stand labels","object_type":"Label","style_id":"label.gates_stands","airport":"LFBO","geometry_role":"text_label","text-field":"C2","vsmr_group_ids":[[]]},"geometry":{"type":"Point","coordinates":[1.379998056,43.621670833]}},{"type":"Feature","id":"label.gates_stands.030","properties":{"name":"C3","layer":"Labels","category":"Gate and stand labels","object_type":"Label","style_id":"label.gates_stands","airport":"LFBO","geometry_role":"text_label","text-field":"C3","vsmr_group_ids":[[]]},"geometry":{"type":"Point","coordinates":[1.379724722,43.62193]}},{"type":"Feature","id":"label.gates_stands.031","properties":{"name":"C4","layer":"Labels","category":"Gate and stand labels","object_type":"Label","style_id":"label.gates_stands","airport":"LFBO","geometry_role":"text_label","text-field":"C4","vsmr_group_ids":[[]]},"geometry":{"type":"Point","coordinates":[1.379455833,43.622188889]}},{"type":"Feature","id":"label.gates_stands.032","properties":{"name":"CEV","layer":"Labels","category":"Gate and stand labels","object_type":"Label","style_id":"label.gates_stands","airport":"LFBO","geometry_role":"text_label","text-field":"CEV","vsmr_group_ids":[[]]},"geometry":{"type":"Point","coordinates":[1.387771667,43.619758056]}},{"type":"Feature","id":"label.gates_stands.033","properties":{"name":"D10","layer":"Labels","category":"Gate and stand labels","object_type":"Label","style_id":"label.gates_stands","airport":"LFBO","geometry_role":"text_label","text-field":"D10","vsmr_group_ids":[[]]},"geometry":{"type":"Point","coordinates":[1.375506389,43.624563889]}},{"type":"Feature","id":"label.gates_stands.034","properties":{"name":"D12","layer":"Labels","category":"Gate and stand labels","object_type":"Label","style_id":"label.gates_stands","airport":"LFBO","geometry_role":"text_label","text-field":"D12","vsmr_group_ids":[[]]},"geometry":{"type":"Point","coordinates":[1.375797222,43.624767222]}},{"type":"Feature","id":"label.gates_stands.035","properties":{"name":"D20","layer":"Labels","category":"Gate and stand labels","object_type":"Label","style_id":"label.gates_stands","airport":"LFBO","geometry_role":"text_label","text-field":"D20","vsmr_group_ids":[[]]},"geometry":{"type":"Point","coordinates":[1.374734444,43.625163889]}},{"type":"Feature","id":"label.gates_stands.036","properties":{"name":"D21","layer":"Labels","category":"Gate and stand labels","object_type":"Label","style_id":"label.gates_stands","airport":"LFBO","geometry_role":"text_label","text-field":"D21","vsmr_group_ids":[[]]},"geometry":{"type":"Point","coordinates":[1.374311111,43.625537778]}},{"type":"Feature","id":"label.gates_stands.037","properties":{"name":"D22","layer":"Labels","category":"Gate and stand labels","object_type":"Label","style_id":"label.gates_stands","airport":"LFBO","geometry_role":"text_label","text-field":"D22","vsmr_group_ids":[[]]},"geometry":{"type":"Point","coordinates":[1.3751925,43.625421667]}},{"type":"Feature","id":"label.gates_stands.038","properties":{"name":"D23","layer":"Labels","category":"Gate and stand labels","object_type":"Label","style_id":"label.gates_stands","airport":"LFBO","geometry_role":"text_label","text-field":"D23","vsmr_group_ids":[[]]},"geometry":{"type":"Point","coordinates":[1.374713333,43.625904444]}},{"type":"Feature","id":"label.gates_stands.039","properties":{"name":"D31","layer":"Labels","category":"Gate and stand labels","object_type":"Label","style_id":"label.gates_stands","airport":"LFBO","geometry_role":"text_label","text-field":"D31","vsmr_group_ids":[[]]},"geometry":{"type":"Point","coordinates":[1.374291667,43.625222222]}},{"type":"Feature","id":"label.gates_stands.040","properties":{"name":"D41","layer":"Labels","category":"Gate and stand labels","object_type":"Label","style_id":"label.gates_stands","airport":"LFBO","geometry_role":"text_label","text-field":"D41","vsmr_group_ids":[[]]},"geometry":{"type":"Point","coordinates":[1.3749725,43.625313056]}},{"type":"Feature","id":"label.gates_stands.041","properties":{"name":"D51","layer":"Labels","category":"Gate and stand labels","object_type":"Label","style_id":"label.gates_stands","airport":"LFBO","geometry_role":"text_label","text-field":"D51","vsmr_group_ids":[[]]},"geometry":{"type":"Point","coordinates":[1.374596111,43.625696389]}},{"type":"Feature","id":"label.gates_stands.042","properties":{"name":"DSNA","layer":"Labels","category":"Gate and stand labels","object_type":"Label","style_id":"label.gates_stands","airport":"LFBO","geometry_role":"text_label","text-field":"DSNA","vsmr_group_ids":[[]]},"geometry":{"type":"Point","coordinates":[1.387049167,43.617913611]}},{"type":"Feature","id":"label.gates_stands.043","properties":{"name":"E10","layer":"Labels","category":"Gate and stand labels","object_type":"Label","style_id":"label.gates_stands","airport":"LFBO","geometry_role":"text_label","text-field":"E10","vsmr_group_ids":[[]]},"geometry":{"type":"Point","coordinates":[1.3755325,43.629089722]}},{"type":"Feature","id":"label.gates_stands.044","properties":{"name":"E20","layer":"Labels","category":"Gate and stand labels","object_type":"Label","style_id":"label.gates_stands","airport":"LFBO","geometry_role":"text_label","text-field":"E20","vsmr_group_ids":[[]]},"geometry":{"type":"Point","coordinates":[1.375026944,43.629056111]}},{"type":"Feature","id":"label.gates_stands.045","properties":{"name":"E30","layer":"Labels","category":"Gate and stand labels","object_type":"Label","style_id":"label.gates_stands","airport":"LFBO","geometry_role":"text_label","text-field":"E30","vsmr_group_ids":[[]]},"geometry":{"type":"Point","coordinates":[1.374444167,43.628899444]}},{"type":"Feature","id":"label.gates_stands.046","properties":{"name":"E40","layer":"Labels","category":"Gate and stand labels","object_type":"Label","style_id":"label.gates_stands","airport":"LFBO","geometry_role":"text_label","text-field":"E40","vsmr_group_ids":[[]]},"geometry":{"type":"Point","coordinates":[1.373856111,43.628906667]}},{"type":"Feature","id":"label.gates_stands.047","properties":{"name":"E42","layer":"Labels","category":"Gate and stand labels","object_type":"Label","style_id":"label.gates_stands","airport":"LFBO","geometry_role":"text_label","text-field":"E42","vsmr_group_ids":[[]]},"geometry":{"type":"Point","coordinates":[1.373443333,43.629201667]}},{"type":"Feature","id":"label.gates_stands.048","properties":{"name":"E50","layer":"Labels","category":"Gate and stand labels","object_type":"Label","style_id":"label.gates_stands","airport":"LFBO","geometry_role":"text_label","text-field":"E50","vsmr_group_ids":[[]]},"geometry":{"type":"Point","coordinates":[1.373123611,43.629616111]}},{"type":"Feature","id":"label.gates_stands.049","properties":{"name":"E52","layer":"Labels","category":"Gate and stand labels","object_type":"Label","style_id":"label.gates_stands","airport":"LFBO","geometry_role":"text_label","text-field":"E52","vsmr_group_ids":[[]]},"geometry":{"type":"Point","coordinates":[1.372463333,43.630030556]}},{"type":"Feature","id":"label.gates_stands.050","properties":{"name":"E54","layer":"Labels","category":"Gate and stand labels","object_type":"Label","style_id":"label.gates_stands","airport":"LFBO","geometry_role":"text_label","text-field":"E54","vsmr_group_ids":[[]]},"geometry":{"type":"Point","coordinates":[1.372643889,43.62984]}},{"type":"Feature","id":"label.gates_stands.051","properties":{"name":"E60","layer":"Labels","category":"Gate and stand labels","object_type":"Label","style_id":"label.gates_stands","airport":"LFBO","geometry_role":"text_label","text-field":"E60","vsmr_group_ids":[[]]},"geometry":{"type":"Point","coordinates":[1.372401667,43.630231944]}},{"type":"Feature","id":"label.gates_stands.052","properties":{"name":"E62","layer":"Labels","category":"Gate and stand labels","object_type":"Label","style_id":"label.gates_stands","airport":"LFBO","geometry_role":"text_label","text-field":"E62","vsmr_group_ids":[[]]},"geometry":{"type":"Point","coordinates":[1.372061111,43.630511944]}},{"type":"Feature","id":"label.gates_stands.053","properties":{"name":"F10","layer":"Labels","category":"Gate and stand labels","object_type":"Label","style_id":"label.gates_stands","airport":"LFBO","geometry_role":"text_label","text-field":"F10","vsmr_group_ids":[[]]},"geometry":{"type":"Point","coordinates":[1.375913611,43.628860833]}},{"type":"Feature","id":"label.gates_stands.054","properties":{"name":"F20","layer":"Labels","category":"Gate and stand labels","object_type":"Label","style_id":"label.gates_stands","airport":"LFBO","geometry_role":"text_label","text-field":"F20","vsmr_group_ids":[[]]},"geometry":{"type":"Point","coordinates":[1.376260278,43.628475833]}},{"type":"Feature","id":"label.gates_stands.055","properties":{"name":"F30","layer":"Labels","category":"Gate and stand labels","object_type":"Label","style_id":"label.gates_stands","airport":"LFBO","geometry_role":"text_label","text-field":"F30","vsmr_group_ids":[[]]},"geometry":{"type":"Point","coordinates":[1.376614722,43.628114167]}},{"type":"Feature","id":"label.gates_stands.056","properties":{"name":"F40","layer":"Labels","category":"Gate and stand labels","object_type":"Label","style_id":"label.gates_stands","airport":"LFBO","geometry_role":"text_label","text-field":"F40","vsmr_group_ids":[[]]},"geometry":{"type":"Point","coordinates":[1.376961389,43.62777]}},{"type":"Feature","id":"label.gates_stands.057","properties":{"name":"F50","layer":"Labels","category":"Gate and stand labels","object_type":"Label","style_id":"label.gates_stands","airport":"LFBO","geometry_role":"text_label","text-field":"F50","vsmr_group_ids":[[]]},"geometry":{"type":"Point","coordinates":[1.377299722,43.627431667]}},{"type":"Feature","id":"label.gates_stands.058","properties":{"name":"G10","layer":"Labels","category":"Gate and stand labels","object_type":"Label","style_id":"label.gates_stands","airport":"LFBO","geometry_role":"text_label","text-field":"G10","vsmr_group_ids":[[]]},"geometry":{"type":"Point","coordinates":[1.381515278,43.620186111]}},{"type":"Feature","id":"label.gates_stands.059","properties":{"name":"G12","layer":"Labels","category":"Gate and stand labels","object_type":"Label","style_id":"label.gates_stands","airport":"LFBO","geometry_role":"text_label","text-field":"G12","vsmr_group_ids":[[]]},"geometry":{"type":"Point","coordinates":[1.381792778,43.619818889]}},{"type":"Feature","id":"label.gates_stands.060","properties":{"name":"G20","layer":"Labels","category":"Gate and stand labels","object_type":"Label","style_id":"label.gates_stands","airport":"LFBO","geometry_role":"text_label","text-field":"G20","vsmr_group_ids":[[]]},"geometry":{"type":"Point","coordinates":[1.381930556,43.620749167]}},{"type":"Feature","id":"label.gates_stands.061","properties":{"name":"G21","layer":"Labels","category":"Gate and stand labels","object_type":"Label","style_id":"label.gates_stands","airport":"LFBO","geometry_role":"text_label","text-field":"G21","vsmr_group_ids":[[]]},"geometry":{"type":"Point","coordinates":[1.382156111,43.620840833]}},{"type":"Feature","id":"label.gates_stands.062","properties":{"name":"G22","layer":"Labels","category":"Gate and stand labels","object_type":"Label","style_id":"label.gates_stands","airport":"LFBO","geometry_role":"text_label","text-field":"G22","vsmr_group_ids":[[]]},"geometry":{"type":"Point","coordinates":[1.38238,43.620935]}},{"type":"Feature","id":"label.gates_stands.063","properties":{"name":"G23","layer":"Labels","category":"Gate and stand labels","object_type":"Label","style_id":"label.gates_stands","airport":"LFBO","geometry_role":"text_label","text-field":"G23","vsmr_group_ids":[[]]},"geometry":{"type":"Point","coordinates":[1.382600278,43.621029722]}},{"type":"Feature","id":"label.gates_stands.064","properties":{"name":"G24","layer":"Labels","category":"Gate and stand labels","object_type":"Label","style_id":"label.gates_stands","airport":"LFBO","geometry_role":"text_label","text-field":"G24","vsmr_group_ids":[[]]},"geometry":{"type":"Point","coordinates":[1.382821667,43.621128889]}},{"type":"Feature","id":"label.gates_stands.065","properties":{"name":"G25","layer":"Labels","category":"Gate and stand labels","object_type":"Label","style_id":"label.gates_stands","airport":"LFBO","geometry_role":"text_label","text-field":"G25","vsmr_group_ids":[[]]},"geometry":{"type":"Point","coordinates":[1.383065556,43.621242778]}},{"type":"Feature","id":"label.gates_stands.066","properties":{"name":"G26","layer":"Labels","category":"Gate and stand labels","object_type":"Label","style_id":"label.gates_stands","airport":"LFBO","geometry_role":"text_label","text-field":"G26","vsmr_group_ids":[[]]},"geometry":{"type":"Point","coordinates":[1.3832,43.621430833]}},{"type":"Feature","id":"label.gates_stands.067","properties":{"name":"G27","layer":"Labels","category":"Gate and stand labels","object_type":"Label","style_id":"label.gates_stands","airport":"LFBO","geometry_role":"text_label","text-field":"G27","vsmr_group_ids":[[]]},"geometry":{"type":"Point","coordinates":[1.383318056,43.621619167]}},{"type":"Feature","id":"label.gates_stands.068","properties":{"name":"G30","layer":"Labels","category":"Gate and stand labels","object_type":"Label","style_id":"label.gates_stands","airport":"LFBO","geometry_role":"text_label","text-field":"G30","vsmr_group_ids":[[]]},"geometry":{"type":"Point","coordinates":[1.382268611,43.621885278]}},{"type":"Feature","id":"label.gates_stands.069","properties":{"name":"G31","layer":"Labels","category":"Gate and stand labels","object_type":"Label","style_id":"label.gates_stands","airport":"LFBO","geometry_role":"text_label","text-field":"G31","vsmr_group_ids":[[]]},"geometry":{"type":"Point","coordinates":[1.382023889,43.621689444]}},{"type":"Feature","id":"label.gates_stands.070","properties":{"name":"G32","layer":"Labels","category":"Gate and stand labels","object_type":"Label","style_id":"label.gates_stands","airport":"LFBO","geometry_role":"text_label","text-field":"G32","vsmr_group_ids":[[]]},"geometry":{"type":"Point","coordinates":[1.381766389,43.621490833]}},{"type":"Feature","id":"label.gates_stands.071","properties":{"name":"G40","layer":"Labels","category":"Gate and stand labels","object_type":"Label","style_id":"label.gates_stands","airport":"LFBO","geometry_role":"text_label","text-field":"G40","vsmr_group_ids":[[]]},"geometry":{"type":"Point","coordinates":[1.381618611,43.622258333]}},{"type":"Feature","id":"label.gates_stands.072","properties":{"name":"H.ZIEGLER","layer":"Labels","category":"Gate and stand labels","object_type":"Label","style_id":"label.gates_stands","airport":"LFBO","geometry_role":"text_label","text-field":"H.ZIEGLER","vsmr_group_ids":[[]]},"geometry":{"type":"Point","coordinates":[1.347674444,43.631542222]}},{"type":"Feature","id":"label.gates_stands.073","properties":{"name":"J.L.LAGARDERE","layer":"Labels","category":"Gate and stand labels","object_type":"Label","style_id":"label.gates_stands","airport":"LFBO","geometry_role":"text_label","text-field":"J.L.LAGARDERE","vsmr_group_ids":[[]]},"geometry":{"type":"Point","coordinates":[1.355114722,43.656176111]}},{"type":"Feature","id":"label.gates_stands.074","properties":{"name":"K11","layer":"Labels","category":"Gate and stand labels","object_type":"Label","style_id":"label.gates_stands","airport":"LFBO","geometry_role":"text_label","text-field":"K11","vsmr_group_ids":[[]]},"geometry":{"type":"Point","coordinates":[1.37511,43.627694444]}},{"type":"Feature","id":"label.gates_stands.075","properties":{"name":"K12","layer":"Labels","category":"Gate and stand labels","object_type":"Label","style_id":"label.gates_stands","airport":"LFBO","geometry_role":"text_label","text-field":"K12","vsmr_group_ids":[[]]},"geometry":{"type":"Point","coordinates":[1.374933056,43.627878889]}},{"type":"Feature","id":"label.gates_stands.076","properties":{"name":"K22","layer":"Labels","category":"Gate and stand labels","object_type":"Label","style_id":"label.gates_stands","airport":"LFBO","geometry_role":"text_label","text-field":"K22","vsmr_group_ids":[[]]},"geometry":{"type":"Point","coordinates":[1.375405833,43.627425833]}},{"type":"Feature","id":"label.gates_stands.077","properties":{"name":"K32","layer":"Labels","category":"Gate and stand labels","object_type":"Label","style_id":"label.gates_stands","airport":"LFBO","geometry_role":"text_label","text-field":"K32","vsmr_group_ids":[[]]},"geometry":{"type":"Point","coordinates":[1.375655833,43.627128333]}},{"type":"Feature","id":"label.gates_stands.078","properties":{"name":"LANDES","layer":"Labels","category":"Gate and stand labels","object_type":"Label","style_id":"label.gates_stands","airport":"LFBO","geometry_role":"text_label","text-field":"LANDES","vsmr_group_ids":[[]]},"geometry":{"type":"Point","coordinates":[1.3609775,43.615288611]}},{"type":"Feature","id":"label.gates_stands.079","properties":{"name":"MORVAN","layer":"Labels","category":"Gate and stand labels","object_type":"Label","style_id":"label.gates_stands","airport":"LFBO","geometry_role":"text_label","text-field":"MORVAN","vsmr_group_ids":[[]]},"geometry":{"type":"Point","coordinates":[1.364216667,43.620836667]}},{"type":"Feature","id":"label.gates_stands.080","properties":{"name":"PYRENEES","layer":"Labels","category":"Gate and stand labels","object_type":"Label","style_id":"label.gates_stands","airport":"LFBO","geometry_role":"text_label","text-field":"PYRENEES","vsmr_group_ids":[[]]},"geometry":{"type":"Point","coordinates":[1.363733611,43.612776389]}},{"type":"Feature","id":"label.gates_stands.081","properties":{"name":"Parking C.ADER","layer":"Labels","category":"Gate and stand labels","object_type":"Label","style_id":"label.gates_stands","airport":"LFBO","geometry_role":"text_label","text-field":"Parking C.ADER","vsmr_group_ids":[[]]},"geometry":{"type":"Point","coordinates":[1.350974167,43.624706667]}},{"type":"Feature","id":"label.gates_stands.082","properties":{"name":"QUERCY","layer":"Labels","category":"Gate and stand labels","object_type":"Label","style_id":"label.gates_stands","airport":"LFBO","geometry_role":"text_label","text-field":"QUERCY","vsmr_group_ids":[[]]},"geometry":{"type":"Point","coordinates":[1.363675833,43.614895556]}},{"type":"Feature","id":"label.gates_stands.083","properties":{"name":"ROMEO","layer":"Labels","category":"Gate and stand labels","object_type":"Label","style_id":"label.gates_stands","airport":"LFBO","geometry_role":"text_label","text-field":"ROMEO","vsmr_group_ids":[[]]},"geometry":{"type":"Point","coordinates":[1.368065,43.633820278]}},{"type":"Feature","id":"label.gates_stands.084","properties":{"name":"ST MARTIN (1)","layer":"Labels","category":"Gate and stand labels","object_type":"Label","style_id":"label.gates_stands","airport":"LFBO","geometry_role":"text_label","text-field":"ST MARTIN","vsmr_group_ids":[[]]},"geometry":{"type":"Point","coordinates":[1.359813611,43.617737778]}},{"type":"Feature","id":"label.gates_stands.085","properties":{"name":"ST MARTIN (2)","layer":"Labels","category":"Gate and stand labels","object_type":"Label","style_id":"label.gates_stands","airport":"LFBO","geometry_role":"text_label","text-field":"ST MARTIN","vsmr_group_ids":[[]]},"geometry":{"type":"Point","coordinates":[1.3548775,43.658000833]}},{"type":"Feature","id":"label.gates_stands.086","properties":{"name":"TARN","layer":"Labels","category":"Gate and stand labels","object_type":"Label","style_id":"label.gates_stands","airport":"LFBO","geometry_role":"text_label","text-field":"TARN","vsmr_group_ids":[[]]},"geometry":{"type":"Point","coordinates":[1.361087778,43.6138]}},{"type":"Feature","id":"label.gates_stands.087","properties":{"name":"U10","layer":"Labels","category":"Gate and stand labels","object_type":"Label","style_id":"label.gates_stands","airport":"LFBO","geometry_role":"text_label","text-field":"U10","vsmr_group_ids":[[]]},"geometry":{"type":"Point","coordinates":[1.371749167,43.631195833]}},{"type":"Feature","id":"label.gates_stands.088","properties":{"name":"U11","layer":"Labels","category":"Gate and stand labels","object_type":"Label","style_id":"label.gates_stands","airport":"LFBO","geometry_role":"text_label","text-field":"U11","vsmr_group_ids":[[]]},"geometry":{"type":"Point","coordinates":[1.371362222,43.630983056]}},{"type":"Feature","id":"label.gates_stands.089","properties":{"name":"U12","layer":"Labels","category":"Gate and stand labels","object_type":"Label","style_id":"label.gates_stands","airport":"LFBO","geometry_role":"text_label","text-field":"U12","vsmr_group_ids":[[]]},"geometry":{"type":"Point","coordinates":[1.370878333,43.631125]}},{"type":"Feature","id":"label.gates_stands.090","properties":{"name":"U20","layer":"Labels","category":"Gate and stand labels","object_type":"Label","style_id":"label.gates_stands","airport":"LFBO","geometry_role":"text_label","text-field":"U20","vsmr_group_ids":[[]]},"geometry":{"type":"Point","coordinates":[1.370565278,43.631061667]}},{"type":"Feature","id":"label.gates_stands.091","properties":{"name":"U21","layer":"Labels","category":"Gate and stand labels","object_type":"Label","style_id":"label.gates_stands","airport":"LFBO","geometry_role":"text_label","text-field":"U21","vsmr_group_ids":[[]]},"geometry":{"type":"Point","coordinates":[1.370223889,43.63111]}},{"type":"Feature","id":"label.gates_stands.092","properties":{"name":"U22","layer":"Labels","category":"Gate and stand labels","object_type":"Label","style_id":"label.gates_stands","airport":"LFBO","geometry_role":"text_label","text-field":"U22","vsmr_group_ids":[[]]},"geometry":{"type":"Point","coordinates":[1.369893889,43.6314125]}},{"type":"Feature","id":"label.gates_stands.093","properties":{"name":"U30","layer":"Labels","category":"Gate and stand labels","object_type":"Label","style_id":"label.gates_stands","airport":"LFBO","geometry_role":"text_label","text-field":"U30","vsmr_group_ids":[[]]},"geometry":{"type":"Point","coordinates":[1.369529444,43.631516944]}},{"type":"Feature","id":"label.gates_stands.094","properties":{"name":"U31","layer":"Labels","category":"Gate and stand labels","object_type":"Label","style_id":"label.gates_stands","airport":"LFBO","geometry_role":"text_label","text-field":"U31","vsmr_group_ids":[[]]},"geometry":{"type":"Point","coordinates":[1.369375833,43.631789444]}},{"type":"Feature","id":"label.gates_stands.095","properties":{"name":"U32","layer":"Labels","category":"Gate and stand labels","object_type":"Label","style_id":"label.gates_stands","airport":"LFBO","geometry_role":"text_label","text-field":"U32","vsmr_group_ids":[[]]},"geometry":{"type":"Point","coordinates":[1.369102778,43.632084444]}},{"type":"Feature","id":"label.gates_stands.096","properties":{"name":"U40","layer":"Labels","category":"Gate and stand labels","object_type":"Label","style_id":"label.gates_stands","airport":"LFBO","geometry_role":"text_label","text-field":"U40","vsmr_group_ids":[[]]},"geometry":{"type":"Point","coordinates":[1.369000278,43.632300833]}},{"type":"Feature","id":"label.gates_stands.097","properties":{"name":"U41","layer":"Labels","category":"Gate and stand labels","object_type":"Label","style_id":"label.gates_stands","airport":"LFBO","geometry_role":"text_label","text-field":"U41","vsmr_group_ids":[[]]},"geometry":{"type":"Point","coordinates":[1.368749722,43.632670556]}},{"type":"Feature","id":"label.gates_stands.098","properties":{"name":"U42","layer":"Labels","category":"Gate and stand labels","object_type":"Label","style_id":"label.gates_stands","airport":"LFBO","geometry_role":"text_label","text-field":"U42","vsmr_group_ids":[[]]},"geometry":{"type":"Point","coordinates":[1.369023056,43.632849722]}},{"type":"Feature","id":"label.gates_stands.099","properties":{"name":"V10","layer":"Labels","category":"Gate and stand labels","object_type":"Label","style_id":"label.gates_stands","airport":"LFBO","geometry_role":"text_label","text-field":"V10","vsmr_group_ids":[[]]},"geometry":{"type":"Point","coordinates":[1.369449722,43.63307]}},{"type":"Feature","id":"label.gates_stands.100","properties":{"name":"V12","layer":"Labels","category":"Gate and stand labels","object_type":"Label","style_id":"label.gates_stands","airport":"LFBO","geometry_role":"text_label","text-field":"V12","vsmr_group_ids":[[]]},"geometry":{"type":"Point","coordinates":[1.369841111,43.633383056]}},{"type":"Feature","id":"label.gates_stands.101","properties":{"name":"VENDEE","layer":"Labels","category":"Gate and stand labels","object_type":"Label","style_id":"label.gates_stands","airport":"LFBO","geometry_role":"text_label","text-field":"VENDEE","vsmr_group_ids":[[]]},"geometry":{"type":"Point","coordinates":[1.361006944,43.620945833]}},{"type":"Feature","id":"label.taxiways.001","properties":{"name":"H","layer":"Labels","category":"Taxiway labels","object_type":"Label","style_id":"label.taxiways","airport":"LFBO","geometry_role":"text_label","text-field":"H","vsmr_group_ids":[[]]},"geometry":{"type":"Point","coordinates":[1.386448889,43.615478333]}},{"type":"Feature","id":"label.taxiways.002","properties":{"name":"J1","layer":"Labels","category":"Taxiway labels","object_type":"Label","style_id":"label.taxiways","airport":"LFBO","geometry_role":"text_label","text-field":"J1","vsmr_group_ids":[[]]},"geometry":{"type":"Point","coordinates":[1.356337778,43.646993889]}},{"type":"Feature","id":"label.taxiways.003","properties":{"name":"J2","layer":"Labels","category":"Taxiway labels","object_type":"Label","style_id":"label.taxiways","airport":"LFBO","geometry_role":"text_label","text-field":"J2","vsmr_group_ids":[[]]},"geometry":{"type":"Point","coordinates":[1.360205,43.647431389]}},{"type":"Feature","id":"label.taxiways.004","properties":{"name":"J3","layer":"Labels","category":"Taxiway labels","object_type":"Label","style_id":"label.taxiways","airport":"LFBO","geometry_role":"text_label","text-field":"J3","vsmr_group_ids":[[]]},"geometry":{"type":"Point","coordinates":[1.355614444,43.654019722]}},{"type":"Feature","id":"label.taxiways.005","properties":{"name":"J4","layer":"Labels","category":"Taxiway labels","object_type":"Label","style_id":"label.taxiways","airport":"LFBO","geometry_role":"text_label","text-field":"J4","vsmr_group_ids":[[]]},"geometry":{"type":"Point","coordinates":[1.352896389,43.650108889]}},{"type":"Feature","id":"label.taxiways.006","properties":{"name":"L1","layer":"Labels","category":"Taxiway labels","object_type":"Label","style_id":"label.taxiways","airport":"LFBO","geometry_role":"text_label","text-field":"L1","vsmr_group_ids":[[]]},"geometry":{"type":"Point","coordinates":[1.354142778,43.648925556]}},{"type":"Feature","id":"label.taxiways.007","properties":{"name":"L2","layer":"Labels","category":"Taxiway labels","object_type":"Label","style_id":"label.taxiways","airport":"LFBO","geometry_role":"text_label","text-field":"L2","vsmr_group_ids":[[]]},"geometry":{"type":"Point","coordinates":[1.358260278,43.6492225]}},{"type":"Feature","id":"label.taxiways.008","properties":{"name":"M10","layer":"Labels","category":"Taxiway labels","object_type":"Label","style_id":"label.taxiways","airport":"LFBO","geometry_role":"text_label","text-field":"M10","vsmr_group_ids":[[]]},"geometry":{"type":"Point","coordinates":[1.350549444,43.641648889]}},{"type":"Feature","id":"label.taxiways.009","properties":{"name":"M11","layer":"Labels","category":"Taxiway labels","object_type":"Label","style_id":"label.taxiways","airport":"LFBO","geometry_role":"text_label","text-field":"M11","vsmr_group_ids":[[]]},"geometry":{"type":"Point","coordinates":[1.348260556,43.644507778]}},{"type":"Feature","id":"label.taxiways.010","properties":{"name":"M2","layer":"Labels","category":"Taxiway labels","object_type":"Label","style_id":"label.taxiways","airport":"LFBO","geometry_role":"text_label","text-field":"M2","vsmr_group_ids":[[]]},"geometry":{"type":"Point","coordinates":[1.372931389,43.620182778]}},{"type":"Feature","id":"label.taxiways.011","properties":{"name":"M4","layer":"Labels","category":"Taxiway labels","object_type":"Label","style_id":"label.taxiways","airport":"LFBO","geometry_role":"text_label","text-field":"M4","vsmr_group_ids":[[]]},"geometry":{"type":"Point","coordinates":[1.368307222,43.625009722]}},{"type":"Feature","id":"label.taxiways.012","properties":{"name":"M8","layer":"Labels","category":"Taxiway labels","object_type":"Label","style_id":"label.taxiways","airport":"LFBO","geometry_role":"text_label","text-field":"M8","vsmr_group_ids":[[]]},"geometry":{"type":"Point","coordinates":[1.355600833,43.6368075]}},{"type":"Feature","id":"label.taxiways.013","properties":{"name":"N1","layer":"Labels","category":"Taxiway labels","object_type":"Label","style_id":"label.taxiways","airport":"LFBO","geometry_role":"text_label","text-field":"N1","vsmr_group_ids":[[]]},"geometry":{"type":"Point","coordinates":[1.380918333,43.616903333]}},{"type":"Feature","id":"label.taxiways.014","properties":{"name":"N2","layer":"Labels","category":"Taxiway labels","object_type":"Label","style_id":"label.taxiways","airport":"LFBO","geometry_role":"text_label","text-field":"N2","vsmr_group_ids":[[]]},"geometry":{"type":"Point","coordinates":[1.375716389,43.621785556]}},{"type":"Feature","id":"label.taxiways.015","properties":{"name":"N4","layer":"Labels","category":"Taxiway labels","object_type":"Label","style_id":"label.taxiways","airport":"LFBO","geometry_role":"text_label","text-field":"N4","vsmr_group_ids":[[]]},"geometry":{"type":"Point","coordinates":[1.371863056,43.625449722]}},{"type":"Feature","id":"label.taxiways.016","properties":{"name":"N6","layer":"Labels","category":"Taxiway labels","object_type":"Label","style_id":"label.taxiways","airport":"LFBO","geometry_role":"text_label","text-field":"N6","vsmr_group_ids":[[]]},"geometry":{"type":"Point","coordinates":[1.366122778,43.6307575]}},{"type":"Feature","id":"label.taxiways.017","properties":{"name":"N8","layer":"Labels","category":"Taxiway labels","object_type":"Label","style_id":"label.taxiways","airport":"LFBO","geometry_role":"text_label","text-field":"N8","vsmr_group_ids":[[]]},"geometry":{"type":"Point","coordinates":[1.358124722,43.638219444]}},{"type":"Feature","id":"label.taxiways.018","properties":{"name":"P10","layer":"Labels","category":"Taxiway labels","object_type":"Label","style_id":"label.taxiways","airport":"LFBO","geometry_role":"text_label","text-field":"P10","vsmr_group_ids":[[]]},"geometry":{"type":"Point","coordinates":[1.379255556,43.619550556]}},{"type":"Feature","id":"label.taxiways.019","properties":{"name":"P100","layer":"Labels","category":"Taxiway labels","object_type":"Label","style_id":"label.taxiways","airport":"LFBO","geometry_role":"text_label","text-field":"P100","vsmr_group_ids":[[]]},"geometry":{"type":"Point","coordinates":[1.353837778,43.644011111]}},{"type":"Feature","id":"label.taxiways.020","properties":{"name":"P101","layer":"Labels","category":"Taxiway labels","object_type":"Label","style_id":"label.taxiways","airport":"LFBO","geometry_role":"text_label","text-field":"P101","vsmr_group_ids":[[]]},"geometry":{"type":"Point","coordinates":[1.350806944,43.645065556]}},{"type":"Feature","id":"label.taxiways.021","properties":{"name":"P20","layer":"Labels","category":"Taxiway labels","object_type":"Label","style_id":"label.taxiways","airport":"LFBO","geometry_role":"text_label","text-field":"P20","vsmr_group_ids":[[]]},"geometry":{"type":"Point","coordinates":[1.374885,43.623821111]}},{"type":"Feature","id":"label.taxiways.022","properties":{"name":"P40","layer":"Labels","category":"Taxiway labels","object_type":"Label","style_id":"label.taxiways","airport":"LFBO","geometry_role":"text_label","text-field":"P40","vsmr_group_ids":[[]]},"geometry":{"type":"Point","coordinates":[1.3715725,43.6269275]}},{"type":"Feature","id":"label.taxiways.023","properties":{"name":"P50","layer":"Labels","category":"Taxiway labels","object_type":"Label","style_id":"label.taxiways","airport":"LFBO","geometry_role":"text_label","text-field":"P50","vsmr_group_ids":[[]]},"geometry":{"type":"Point","coordinates":[1.369694167,43.6287625]}},{"type":"Feature","id":"label.taxiways.024","properties":{"name":"P55","layer":"Labels","category":"Taxiway labels","object_type":"Label","style_id":"label.taxiways","airport":"LFBO","geometry_role":"text_label","text-field":"P55","vsmr_group_ids":[[]]},"geometry":{"type":"Point","coordinates":[1.3682375,43.630124167]}},{"type":"Feature","id":"label.taxiways.025","properties":{"name":"P60","layer":"Labels","category":"Taxiway labels","object_type":"Label","style_id":"label.taxiways","airport":"LFBO","geometry_role":"text_label","text-field":"P60","vsmr_group_ids":[[]]},"geometry":{"type":"Point","coordinates":[1.36666,43.631664444]}},{"type":"Feature","id":"label.taxiways.026","properties":{"name":"P65","layer":"Labels","category":"Taxiway labels","object_type":"Label","style_id":"label.taxiways","airport":"LFBO","geometry_role":"text_label","text-field":"P65","vsmr_group_ids":[[]]},"geometry":{"type":"Point","coordinates":[1.365218889,43.633023333]}},{"type":"Feature","id":"label.taxiways.027","properties":{"name":"P70","layer":"Labels","category":"Taxiway labels","object_type":"Label","style_id":"label.taxiways","airport":"LFBO","geometry_role":"text_label","text-field":"P70","vsmr_group_ids":[[]]},"geometry":{"type":"Point","coordinates":[1.362340278,43.635817778]}},{"type":"Feature","id":"label.taxiways.028","properties":{"name":"P90","layer":"Labels","category":"Taxiway labels","object_type":"Label","style_id":"label.taxiways","airport":"LFBO","geometry_role":"text_label","text-field":"P90","vsmr_group_ids":[[]]},"geometry":{"type":"Point","coordinates":[1.357296667,43.640688333]}},{"type":"Feature","id":"label.taxiways.029","properties":{"name":"S10","layer":"Labels","category":"Taxiway labels","object_type":"Label","style_id":"label.taxiways","airport":"LFBO","geometry_role":"text_label","text-field":"S10","vsmr_group_ids":[[]]},"geometry":{"type":"Point","coordinates":[1.348072222,43.640372222]}},{"type":"Feature","id":"label.taxiways.030","properties":{"name":"S11","layer":"Labels","category":"Taxiway labels","object_type":"Label","style_id":"label.taxiways","airport":"LFBO","geometry_role":"text_label","text-field":"S11","vsmr_group_ids":[[]]},"geometry":{"type":"Point","coordinates":[1.345405556,43.642808889]}},{"type":"Feature","id":"label.taxiways.031","properties":{"name":"S2","layer":"Labels","category":"Taxiway labels","object_type":"Label","style_id":"label.taxiways","airport":"LFBO","geometry_role":"text_label","text-field":"S2","vsmr_group_ids":[[]]},"geometry":{"type":"Point","coordinates":[1.371368611,43.618064444]}},{"type":"Feature","id":"label.taxiways.032","properties":{"name":"S20","layer":"Labels","category":"Taxiway labels","object_type":"Label","style_id":"label.taxiways","airport":"LFBO","geometry_role":"text_label","text-field":"S20","vsmr_group_ids":[[]]},"geometry":{"type":"Point","coordinates":[1.369115,43.617544167]}},{"type":"Feature","id":"label.taxiways.033","properties":{"name":"S3","layer":"Labels","category":"Taxiway labels","object_type":"Label","style_id":"label.taxiways","airport":"LFBO","geometry_role":"text_label","text-field":"S3","vsmr_group_ids":[[]]},"geometry":{"type":"Point","coordinates":[1.369423611,43.620023333]}},{"type":"Feature","id":"label.taxiways.034","properties":{"name":"S30","layer":"Labels","category":"Taxiway labels","object_type":"Label","style_id":"label.taxiways","airport":"LFBO","geometry_role":"text_label","text-field":"S30","vsmr_group_ids":[[]]},"geometry":{"type":"Point","coordinates":[1.36804,43.618515]}},{"type":"Feature","id":"label.taxiways.035","properties":{"name":"S32","layer":"Labels","category":"Taxiway labels","object_type":"Label","style_id":"label.taxiways","airport":"LFBO","geometry_role":"text_label","text-field":"S32","vsmr_group_ids":[[]]},"geometry":{"type":"Point","coordinates":[1.36578,43.620926389]}},{"type":"Feature","id":"label.taxiways.036","properties":{"name":"S35 (1)","layer":"Labels","category":"Taxiway labels","object_type":"Label","style_id":"label.taxiways","airport":"LFBO","geometry_role":"text_label","text-field":"S35","vsmr_group_ids":[[]]},"geometry":{"type":"Point","coordinates":[1.364958333,43.621714444]}},{"type":"Feature","id":"label.taxiways.037","properties":{"name":"S35 (2)","layer":"Labels","category":"Taxiway labels","object_type":"Label","style_id":"label.taxiways","airport":"LFBO","geometry_role":"text_label","text-field":"S35","vsmr_group_ids":[[]]},"geometry":{"type":"Point","coordinates":[1.360986667,43.621844167]}},{"type":"Feature","id":"label.taxiways.038","properties":{"name":"S35 (3)","layer":"Labels","category":"Taxiway labels","object_type":"Label","style_id":"label.taxiways","airport":"LFBO","geometry_role":"text_label","text-field":"S35","vsmr_group_ids":[[]]},"geometry":{"type":"Point","coordinates":[1.357084167,43.622444722]}},{"type":"Feature","id":"label.taxiways.039","properties":{"name":"S4","layer":"Labels","category":"Taxiway labels","object_type":"Label","style_id":"label.taxiways","airport":"LFBO","geometry_role":"text_label","text-field":"S4","vsmr_group_ids":[[]]},"geometry":{"type":"Point","coordinates":[1.363127778,43.625997222]}},{"type":"Feature","id":"label.taxiways.040","properties":{"name":"S40","layer":"Labels","category":"Taxiway labels","object_type":"Label","style_id":"label.taxiways","airport":"LFBO","geometry_role":"text_label","text-field":"S40","vsmr_group_ids":[[]]},"geometry":{"type":"Point","coordinates":[1.362133333,43.6246825]}},{"type":"Feature","id":"label.taxiways.041","properties":{"name":"S50","layer":"Labels","category":"Taxiway labels","object_type":"Label","style_id":"label.taxiways","airport":"LFBO","geometry_role":"text_label","text-field":"S50","vsmr_group_ids":[[]]},"geometry":{"type":"Point","coordinates":[1.360713056,43.626011111]}},{"type":"Feature","id":"label.taxiways.042","properties":{"name":"S6","layer":"Labels","category":"Taxiway labels","object_type":"Label","style_id":"label.taxiways","airport":"LFBO","geometry_role":"text_label","text-field":"S6","vsmr_group_ids":[[]]},"geometry":{"type":"Point","coordinates":[1.357952778,43.630988056]}},{"type":"Feature","id":"label.taxiways.043","properties":{"name":"S60","layer":"Labels","category":"Taxiway labels","object_type":"Label","style_id":"label.taxiways","airport":"LFBO","geometry_role":"text_label","text-field":"S60","vsmr_group_ids":[[]]},"geometry":{"type":"Point","coordinates":[1.356705833,43.629814444]}},{"type":"Feature","id":"label.taxiways.044","properties":{"name":"S8","layer":"Labels","category":"Taxiway labels","object_type":"Label","style_id":"label.taxiways","airport":"LFBO","geometry_role":"text_label","text-field":"S8","vsmr_group_ids":[[]]},"geometry":{"type":"Point","coordinates":[1.353153889,43.635610556]}},{"type":"Feature","id":"label.taxiways.045","properties":{"name":"S90","layer":"Labels","category":"Taxiway labels","object_type":"Label","style_id":"label.taxiways","airport":"LFBO","geometry_role":"text_label","text-field":"S90","vsmr_group_ids":[[]]},"geometry":{"type":"Point","coordinates":[1.349809444,43.636504444]}},{"type":"Feature","id":"label.taxiways.046","properties":{"name":"T10","layer":"Labels","category":"Taxiway labels","object_type":"Label","style_id":"label.taxiways","airport":"LFBO","geometry_role":"text_label","text-field":"T10","vsmr_group_ids":[[]]},"geometry":{"type":"Point","coordinates":[1.381523889,43.618275]}},{"type":"Feature","id":"label.taxiways.047","properties":{"name":"T101","layer":"Labels","category":"Taxiway labels","object_type":"Label","style_id":"label.taxiways","airport":"LFBO","geometry_role":"text_label","text-field":"T101","vsmr_group_ids":[[]]},"geometry":{"type":"Point","coordinates":[1.353629167,43.645586667]}},{"type":"Feature","id":"label.taxiways.048","properties":{"name":"T11","layer":"Labels","category":"Taxiway labels","object_type":"Label","style_id":"label.taxiways","airport":"LFBO","geometry_role":"text_label","text-field":"T11","vsmr_group_ids":[[]]},"geometry":{"type":"Point","coordinates":[1.381954722,43.619073333]}},{"type":"Feature","id":"label.taxiways.049","properties":{"name":"T12","layer":"Labels","category":"Taxiway labels","object_type":"Label","style_id":"label.taxiways","airport":"LFBO","geometry_role":"text_label","text-field":"T12","vsmr_group_ids":[[]]},"geometry":{"type":"Point","coordinates":[1.381034444,43.619403333]}},{"type":"Feature","id":"label.taxiways.050","properties":{"name":"T20","layer":"Labels","category":"Taxiway labels","object_type":"Label","style_id":"label.taxiways","airport":"LFBO","geometry_role":"text_label","text-field":"T20","vsmr_group_ids":[[]]},"geometry":{"type":"Point","coordinates":[1.378007222,43.622692778]}},{"type":"Feature","id":"label.taxiways.051","properties":{"name":"T21","layer":"Labels","category":"Taxiway labels","object_type":"Label","style_id":"label.taxiways","airport":"LFBO","geometry_role":"text_label","text-field":"T21","vsmr_group_ids":[[]]},"geometry":{"type":"Point","coordinates":[1.377144722,43.623508611]}},{"type":"Feature","id":"label.taxiways.052","properties":{"name":"T22","layer":"Labels","category":"Taxiway labels","object_type":"Label","style_id":"label.taxiways","airport":"LFBO","geometry_role":"text_label","text-field":"T22","vsmr_group_ids":[[]]},"geometry":{"type":"Point","coordinates":[1.375159167,43.624948889]}},{"type":"Feature","id":"label.taxiways.053","properties":{"name":"T40","layer":"Labels","category":"Taxiway labels","object_type":"Label","style_id":"label.taxiways","airport":"LFBO","geometry_role":"text_label","text-field":"T40","vsmr_group_ids":[[]]},"geometry":{"type":"Point","coordinates":[1.374104722,43.625956389]}},{"type":"Feature","id":"label.taxiways.054","properties":{"name":"T41","layer":"Labels","category":"Taxiway labels","object_type":"Label","style_id":"label.taxiways","airport":"LFBO","geometry_role":"text_label","text-field":"T41","vsmr_group_ids":[[]]},"geometry":{"type":"Point","coordinates":[1.374543333,43.627230278]}},{"type":"Feature","id":"label.taxiways.055","properties":{"name":"T42","layer":"Labels","category":"Taxiway labels","object_type":"Label","style_id":"label.taxiways","airport":"LFBO","geometry_role":"text_label","text-field":"T42","vsmr_group_ids":[[]]},"geometry":{"type":"Point","coordinates":[1.375874444,43.626826667]}},{"type":"Feature","id":"label.taxiways.056","properties":{"name":"T43","layer":"Labels","category":"Taxiway labels","object_type":"Label","style_id":"label.taxiways","airport":"LFBO","geometry_role":"text_label","text-field":"T43","vsmr_group_ids":[[]]},"geometry":{"type":"Point","coordinates":[1.374498889,43.628179722]}},{"type":"Feature","id":"label.taxiways.057","properties":{"name":"T44","layer":"Labels","category":"Taxiway labels","object_type":"Label","style_id":"label.taxiways","airport":"LFBO","geometry_role":"text_label","text-field":"T44","vsmr_group_ids":[[]]},"geometry":{"type":"Point","coordinates":[1.375746944,43.627776944]}},{"type":"Feature","id":"label.taxiways.058","properties":{"name":"T50","layer":"Labels","category":"Taxiway labels","object_type":"Label","style_id":"label.taxiways","airport":"LFBO","geometry_role":"text_label","text-field":"T50","vsmr_group_ids":[[]]},"geometry":{"type":"Point","coordinates":[1.371274167,43.628678889]}},{"type":"Feature","id":"label.taxiways.059","properties":{"name":"T51","layer":"Labels","category":"Taxiway labels","object_type":"Label","style_id":"label.taxiways","airport":"LFBO","geometry_role":"text_label","text-field":"T51","vsmr_group_ids":[[]]},"geometry":{"type":"Point","coordinates":[1.371756667,43.629839167]}},{"type":"Feature","id":"label.taxiways.060","properties":{"name":"T55","layer":"Labels","category":"Taxiway labels","object_type":"Label","style_id":"label.taxiways","airport":"LFBO","geometry_role":"text_label","text-field":"T55","vsmr_group_ids":[[]]},"geometry":{"type":"Point","coordinates":[1.369625556,43.629591944]}},{"type":"Feature","id":"label.taxiways.061","properties":{"name":"T60","layer":"Labels","category":"Taxiway labels","object_type":"Label","style_id":"label.taxiways","airport":"LFBO","geometry_role":"text_label","text-field":"T60","vsmr_group_ids":[[]]},"geometry":{"type":"Point","coordinates":[1.367983611,43.631074444]}},{"type":"Feature","id":"label.taxiways.062","properties":{"name":"T61","layer":"Labels","category":"Taxiway labels","object_type":"Label","style_id":"label.taxiways","airport":"LFBO","geometry_role":"text_label","text-field":"T61","vsmr_group_ids":[[]]},"geometry":{"type":"Point","coordinates":[1.369641111,43.630543056]}},{"type":"Feature","id":"label.taxiways.063","properties":{"name":"T65","layer":"Labels","category":"Taxiway labels","object_type":"Label","style_id":"label.taxiways","airport":"LFBO","geometry_role":"text_label","text-field":"T65","vsmr_group_ids":[[]]},"geometry":{"type":"Point","coordinates":[1.366489444,43.632627222]}},{"type":"Feature","id":"label.taxiways.064","properties":{"name":"T70","layer":"Labels","category":"Taxiway labels","object_type":"Label","style_id":"label.taxiways","airport":"LFBO","geometry_role":"text_label","text-field":"T70","vsmr_group_ids":[[]]},"geometry":{"type":"Point","coordinates":[1.3658175,43.634272778]}},{"type":"Feature","id":"label.taxiways.065","properties":{"name":"T71","layer":"Labels","category":"Taxiway labels","object_type":"Label","style_id":"label.taxiways","airport":"LFBO","geometry_role":"text_label","text-field":"T71","vsmr_group_ids":[[]]},"geometry":{"type":"Point","coordinates":[1.367818056,43.632262778]}},{"type":"Feature","id":"label.taxiways.066","properties":{"name":"T81","layer":"Labels","category":"Taxiway labels","object_type":"Label","style_id":"label.taxiways","airport":"LFBO","geometry_role":"text_label","text-field":"T81","vsmr_group_ids":[[]]},"geometry":{"type":"Point","coordinates":[1.3684425,43.633517778]}},{"type":"Feature","id":"label.taxiways.067","properties":{"name":"W100","layer":"Labels","category":"Taxiway labels","object_type":"Label","style_id":"label.taxiways","airport":"LFBO","geometry_role":"text_label","text-field":"W100","vsmr_group_ids":[[]]},"geometry":{"type":"Point","coordinates":[1.345732222,43.641290833]}},{"type":"Feature","id":"label.taxiways.068","properties":{"name":"W20","layer":"Labels","category":"Taxiway labels","object_type":"Label","style_id":"label.taxiways","airport":"LFBO","geometry_role":"text_label","text-field":"W20","vsmr_group_ids":[[]]},"geometry":{"type":"Point","coordinates":[1.369508611,43.618476944]}},{"type":"Feature","id":"label.taxiways.069","properties":{"name":"W30","layer":"Labels","category":"Taxiway labels","object_type":"Label","style_id":"label.taxiways","airport":"LFBO","geometry_role":"text_label","text-field":"W30","vsmr_group_ids":[[]]},"geometry":{"type":"Point","coordinates":[1.367549167,43.620368056]}},{"type":"Feature","id":"label.taxiways.070","properties":{"name":"W35","layer":"Labels","category":"Taxiway labels","object_type":"Label","style_id":"label.taxiways","airport":"LFBO","geometry_role":"text_label","text-field":"W35","vsmr_group_ids":[[]]},"geometry":{"type":"Point","coordinates":[1.364323889,43.623465556]}},{"type":"Feature","id":"label.taxiways.071","properties":{"name":"W40","layer":"Labels","category":"Taxiway labels","object_type":"Label","style_id":"label.taxiways","airport":"LFBO","geometry_role":"text_label","text-field":"W40","vsmr_group_ids":[[]]},"geometry":{"type":"Point","coordinates":[1.362017778,43.625686389]}},{"type":"Feature","id":"label.taxiways.072","properties":{"name":"W50","layer":"Labels","category":"Taxiway labels","object_type":"Label","style_id":"label.taxiways","airport":"LFBO","geometry_role":"text_label","text-field":"W50","vsmr_group_ids":[[]]},"geometry":{"type":"Point","coordinates":[1.359601944,43.628006667]}},{"type":"Feature","id":"label.taxiways.073","properties":{"name":"W60","layer":"Labels","category":"Taxiway labels","object_type":"Label","style_id":"label.taxiways","airport":"LFBO","geometry_role":"text_label","text-field":"W60","vsmr_group_ids":[[]]},"geometry":{"type":"Point","coordinates":[1.355196111,43.632193056]}},{"type":"Feature","id":"label.taxiways.074","properties":{"name":"W80","layer":"Labels","category":"Taxiway labels","object_type":"Label","style_id":"label.taxiways","airport":"LFBO","geometry_role":"text_label","text-field":"W80","vsmr_group_ids":[[]]},"geometry":{"type":"Point","coordinates":[1.3513225,43.635910556]}},{"type":"Feature","id":"label.taxiways.075","properties":{"name":"W90","layer":"Labels","category":"Taxiway labels","object_type":"Label","style_id":"label.taxiways","airport":"LFBO","geometry_role":"text_label","text-field":"W90","vsmr_group_ids":[[]]},"geometry":{"type":"Point","coordinates":[1.349091111,43.63807]}},{"type":"Feature","id":"label.taxiways.076","properties":{"name":"X (1)","layer":"Labels","category":"Taxiway labels","object_type":"Label","style_id":"label.taxiways","airport":"LFBO","geometry_role":"text_label","text-field":"X","vsmr_group_ids":[[]]},"geometry":{"type":"Point","coordinates":[1.377680833,43.613111667]}},{"type":"Feature","id":"label.taxiways.077","properties":{"name":"X (2)","layer":"Labels","category":"Taxiway labels","object_type":"Label","style_id":"label.taxiways","airport":"LFBO","geometry_role":"text_label","text-field":"X","vsmr_group_ids":[[]]},"geometry":{"type":"Point","coordinates":[1.377142222,43.613761111]}},{"type":"Feature","id":"label.taxiways.078","properties":{"name":"X (3)","layer":"Labels","category":"Taxiway labels","object_type":"Label","style_id":"label.taxiways","airport":"LFBO","geometry_role":"text_label","text-field":"X","vsmr_group_ids":[[]]},"geometry":{"type":"Point","coordinates":[1.378410278,43.614102778]}},{"type":"Feature","id":"label.taxiways.079","properties":{"name":"X (4)","layer":"Labels","category":"Taxiway labels","object_type":"Label","style_id":"label.taxiways","airport":"LFBO","geometry_role":"text_label","text-field":"X","vsmr_group_ids":[[]]},"geometry":{"type":"Point","coordinates":[1.379521667,43.615253611]}},{"type":"Feature","id":"label.taxiways.080","properties":{"name":"X (5)","layer":"Labels","category":"Taxiway labels","object_type":"Label","style_id":"label.taxiways","airport":"LFBO","geometry_role":"text_label","text-field":"X","vsmr_group_ids":[[]]},"geometry":{"type":"Point","coordinates":[1.381605833,43.619434444]}},{"type":"Feature","id":"label.taxiways.081","properties":{"name":"X (6)","layer":"Labels","category":"Taxiway labels","object_type":"Label","style_id":"label.taxiways","airport":"LFBO","geometry_role":"text_label","text-field":"X","vsmr_group_ids":[[]]},"geometry":{"type":"Point","coordinates":[1.381085,43.619799167]}},{"type":"Feature","id":"label.taxiways.082","properties":{"name":"X (7)","layer":"Labels","category":"Taxiway labels","object_type":"Label","style_id":"label.taxiways","airport":"LFBO","geometry_role":"text_label","text-field":"X","vsmr_group_ids":[[]]},"geometry":{"type":"Point","coordinates":[1.358403056,43.639094444]}},{"type":"Feature","id":"label.taxiways.083","properties":{"name":"X (8)","layer":"Labels","category":"Taxiway labels","object_type":"Label","style_id":"label.taxiways","airport":"LFBO","geometry_role":"text_label","text-field":"X","vsmr_group_ids":[[]]},"geometry":{"type":"Point","coordinates":[1.356753056,43.640188333]}},{"type":"Feature","id":"label.taxiways.084","properties":{"name":"X (9)","layer":"Labels","category":"Taxiway labels","object_type":"Label","style_id":"label.taxiways","airport":"LFBO","geometry_role":"text_label","text-field":"X","vsmr_group_ids":[[]]},"geometry":{"type":"Point","coordinates":[1.354964167,43.641395833]}},{"type":"Feature","id":"label.taxiways.085","properties":{"name":"X (10)","layer":"Labels","category":"Taxiway labels","object_type":"Label","style_id":"label.taxiways","airport":"LFBO","geometry_role":"text_label","text-field":"X","vsmr_group_ids":[[]]},"geometry":{"type":"Point","coordinates":[1.353418333,43.642216111]}},{"type":"Feature","id":"label.taxiways.086","properties":{"name":"X (11)","layer":"Labels","category":"Taxiway labels","object_type":"Label","style_id":"label.taxiways","airport":"LFBO","geometry_role":"text_label","text-field":"X","vsmr_group_ids":[[]]},"geometry":{"type":"Point","coordinates":[1.349359167,43.645818889]}},{"type":"Feature","id":"label.taxiways.087","properties":{"name":"Y50 (1)","layer":"Labels","category":"Taxiway labels","object_type":"Label","style_id":"label.taxiways","airport":"LFBO","geometry_role":"text_label","text-field":"Y50","vsmr_group_ids":[[]]},"geometry":{"type":"Point","coordinates":[1.3591975,43.626636944]}},{"type":"Feature","id":"label.taxiways.088","properties":{"name":"Y50 (2)","layer":"Labels","category":"Taxiway labels","object_type":"Label","style_id":"label.taxiways","airport":"LFBO","geometry_role":"text_label","text-field":"Y50","vsmr_group_ids":[[]]},"geometry":{"type":"Point","coordinates":[1.3564925,43.628499444]}},{"type":"Feature","id":"label.taxiways.089","properties":{"name":"Z1 (1)","layer":"Labels","category":"Taxiway labels","object_type":"Label","style_id":"label.taxiways","airport":"LFBO","geometry_role":"text_label","text-field":"Z1","vsmr_group_ids":[[]]},"geometry":{"type":"Point","coordinates":[1.366348056,43.616191944]}},{"type":"Feature","id":"label.taxiways.090","properties":{"name":"Z1 (2)","layer":"Labels","category":"Taxiway labels","object_type":"Label","style_id":"label.taxiways","airport":"LFBO","geometry_role":"text_label","text-field":"Z1","vsmr_group_ids":[[]]},"geometry":{"type":"Point","coordinates":[1.365698889,43.618865556]}},{"type":"Feature","id":"label.taxiways.091","properties":{"name":"Z2","layer":"Labels","category":"Taxiway labels","object_type":"Label","style_id":"label.taxiways","airport":"LFBO","geometry_role":"text_label","text-field":"Z2","vsmr_group_ids":[[]]},"geometry":{"type":"Point","coordinates":[1.362440833,43.618930556]}},{"type":"Feature","id":"label.taxiways.092","properties":{"name":"Z3","layer":"Labels","category":"Taxiway labels","object_type":"Label","style_id":"label.taxiways","airport":"LFBO","geometry_role":"text_label","text-field":"Z3","vsmr_group_ids":[[]]},"geometry":{"type":"Point","coordinates":[1.359288333,43.619063056]}},{"type":"Feature","id":"label.taxiways.093","properties":{"name":"Z4","layer":"Labels","category":"Taxiway labels","object_type":"Label","style_id":"label.taxiways","airport":"LFBO","geometry_role":"text_label","text-field":"Z4","vsmr_group_ids":[[]]},"geometry":{"type":"Point","coordinates":[1.360758611,43.617016667]}},{"type":"Feature","id":"label.taxiways.094","properties":{"name":"Z5","layer":"Labels","category":"Taxiway labels","object_type":"Label","style_id":"label.taxiways","airport":"LFBO","geometry_role":"text_label","text-field":"Z5","vsmr_group_ids":[[]]},"geometry":{"type":"Point","coordinates":[1.357161111,43.620161389]}}]}
