{"type":"FeatureCollection","name":"LFMN AVISO","bbox":[6.17274,43.188,8.11185,44.1686],"metadata":{"schema":"vSMR AVISO","schema_version":2,"airport":"LFMN","coordinate_reference_system":"WGS84","coordinate_order":"longitude, latitude","default_color_palette":"night","color_palettes":["night","day"],"background_colors":{"night":"#434A4F","day":"#434A4F"},"feature_count":1055,"style_count":23,"layer_counts":{"Airfield surfaces":258,"Buildings and structures":80,"Guidance lines":19,"Labels":393,"Operational restrictions":26,"Surface markings":254,"Terrain":22,"Water":3},"category_counts":{"AMSR labels":12,"Blue taxiway guidance lines":6,"Buildings":80,"Coastline":4,"Gate and stand labels":275,"Grass":18,"Hard surfaces — type 2":13,"Hard surfaces — type 3":11,"Hard surfaces — type 4":37,"Prohibited areas":26,"Runway 04 TORA labels":6,"Runway 22 TORA labels":7,"Runways":4,"Sea":3,"Stand areas":189,"Stand entry lines":9,"Surface marking lines":1,"Surface markings":254,"TMA labels":20,"Taxiway centerlines":3,"Taxiway labels":54,"Taxiways":4,"VFR point labels":19}},"styles":{"label.gates_stands":{"name":"Gate and stand labels","layer":"Labels","object_type":"Label","paint":{"text-anchor":"center","text-color":"#CCCCCC","text-font":"Arial","text-halo-color":"#000000","text-halo-width":1,"text-size":12,"zoomLevel":9},"feature_count":275},"label.taxiways":{"name":"Taxiway labels","layer":"Labels","object_type":"Label","paint":{"text-anchor":"center","text-color":"#CCCCCC","text-font":"Arial","text-halo-color":"#000000","text-halo-width":1,"text-size":12,"zoomLevel":7},"feature_count":54},"label.tora.rwy04":{"name":"Runway 04 TORA labels","layer":"Labels","object_type":"Label","paint":{"text-anchor":"center","text-color":"#CCCCCC","text-font":"Arial","text-halo-color":"#000000","text-halo-width":1,"text-size":12,"zoomLevel":7},"feature_count":6},"label.tora.rwy22":{"name":"Runway 22 TORA labels","layer":"Labels","object_type":"Label","paint":{"text-anchor":"center","text-color":"#CCCCCC","text-font":"Arial","text-halo-color":"#000000","text-halo-width":1,"text-size":12,"zoomLevel":7},"feature_count":7},"line.stand_entry":{"name":"Stand entry lines","layer":"Guidance lines","object_type":"Line","paint":{"stroke":"#A8A8A8","stroke-opacity":1,"stroke-width":1.5},"feature_count":9},"line.surface_markings":{"name":"Surface marking lines","layer":"Guidance lines","object_type":"Line","paint":{"stroke":"#666666","stroke-opacity":1,"stroke-width":1.5,"palette-overrides":{"day":{"stroke":"#606060"}}},"feature_count":1},"line.taxiway_blue":{"name":"Blue taxiway guidance lines","layer":"Guidance lines","object_type":"Line","paint":{"stroke":"#485768","stroke-opacity":1,"stroke-width":1.5},"feature_count":6},"line.taxiway_centerline":{"name":"Taxiway centerlines","layer":"Guidance lines","object_type":"Line","paint":{"stroke":"#646464","stroke-opacity":1,"stroke-width":1.5,"palette-overrides":{"day":{"stroke":"#6C6C6C"}}},"feature_count":3},"marking.surface":{"name":"Surface markings","layer":"Surface markings","object_type":"Area","paint":{"fill":"#666666","fill-opacity":1,"stroke":"#666666","stroke-opacity":1,"stroke-width":0.5,"palette-overrides":{"day":{"fill":"#6C6C6C"}}},"feature_count":254},"restriction.prohibited_area":{"name":"Prohibited areas","layer":"Operational restrictions","object_type":"Area","paint":{"fill":"#5F272A","fill-opacity":1,"stroke":"#5F272A","stroke-opacity":1,"stroke-width":0.5},"feature_count":26},"structure.building":{"name":"Buildings","layer":"Buildings and structures","object_type":"Area","paint":{"fill":"#373737","fill-opacity":1,"stroke":"#373737","stroke-opacity":1,"stroke-width":0.5,"palette-overrides":{"day":{"fill":"#484848","stroke":"#484848"}}},"feature_count":80},"surface.hard_surface_2":{"name":"Hard surfaces — type 2","layer":"Airfield surfaces","object_type":"Area","paint":{"fill":"#868686","fill-opacity":1,"stroke":"#868686","stroke-opacity":1,"stroke-width":0.5},"feature_count":13},"surface.hard_surface_3":{"name":"Hard surfaces — type 3","layer":"Airfield surfaces","object_type":"Area","paint":{"fill":"#949494","fill-opacity":1,"stroke":"#949494","stroke-opacity":1,"stroke-width":0.5},"feature_count":11},"surface.hard_surface_4":{"name":"Hard surfaces — type 4","layer":"Airfield surfaces","object_type":"Area","paint":{"fill":"#868686","fill-opacity":1,"stroke":"#868686","stroke-opacity":1,"stroke-width":0.5},"feature_count":37},"surface.runway":{"name":"Runways","layer":"Airfield surfaces","object_type":"Area","paint":{"fill":"#111318","fill-opacity":1,"stroke":"#111318","stroke-opacity":1,"stroke-width":0.5,"palette-overrides":{"day":{"fill":"#5E5E5E","stroke":"#5E5E5E"}}},"feature_count":4},"surface.stand_area":{"name":"Stand areas","layer":"Airfield surfaces","object_type":"Area","paint":{"fill":"#A8A8A8","fill-opacity":1,"stroke":"#A8A8A8","stroke-opacity":1,"stroke-width":0.5},"feature_count":189},"surface.taxiway":{"name":"Taxiways","layer":"Airfield surfaces","object_type":"Area","paint":{"fill":"#808080","fill-opacity":1,"stroke":"#808080","stroke-opacity":1,"stroke-width":0.5},"feature_count":4},"terrain.coastline":{"name":"Coastline","layer":"Terrain","object_type":"Area","paint":{"fill":"#505857","fill-opacity":1,"stroke":"#505857","stroke-opacity":1,"stroke-width":0.5},"feature_count":4},"terrain.grass":{"name":"Grass","layer":"Terrain","object_type":"Area","paint":{"fill":"#5F655C","fill-opacity":1,"stroke":"#5F655C","stroke-opacity":1,"stroke-width":0.5,"palette-overrides":{"day":{"fill":"#6A7166","stroke":"#6A7166"}}},"feature_count":18},"water.sea":{"name":"Sea","layer":"Water","object_type":"Area","paint":{"fill":"#2B314D","fill-opacity":1,"stroke":"#2B314D","stroke-opacity":1,"stroke-width":0.5,"palette-overrides":{"day":{"fill":"#555F8D","stroke":"#555F8D"}}},"feature_count":3},"label.amsr":{"paint":{"text-anchor":"center","text-color":"#CCCCCC","text-font":"Arial","text-halo-color":"#000000","text-halo-width":0,"text-size":11},"layer":"Labels","name":"AMSR labels","object_type":"Label","feature_count":12},"label.tma":{"paint":{"text-anchor":"center","text-color":"#CCCCCC","text-font":"Arial","text-halo-color":"#000000","text-halo-width":0,"text-size":11},"layer":"Labels","name":"TMA labels","object_type":"Label","feature_count":20},"label.vfr_points":{"paint":{"text-anchor":"center","text-color":"#CCCCCC","text-font":"Arial","text-halo-color":"#000000","text-halo-width":0,"text-size":11},"layer":"Labels","name":"VFR point labels","object_type":"Label","feature_count":19}},"vsmr_groups":[{"accent":"#d9d9d9","id":"runway-details","name":"Runway details","visible":true},{"accent":"#84b7d5","id":"stands-and-gates","name":"Stands \u0026 gates","visible":true},{"accent":"#8eb68d","id":"vfr-points","name":"VFR points","visible":true}],"features":[{"type":"Feature","id":"water.sea.001","properties":{"name":"Sea area 001","layer":"Water","category":"Sea","object_type":"Area","style_id":"water.sea","airport":"LFMN","geometry_role":"filled_region"},"geometry":{"type":"Polygon","coordinates":[[[7.333795278,43.647598611],[7.277054167,43.706888889],[7.1161425,43.64056],[7.162541944,43.575554722],[7.333795278,43.647598611]]]}},{"type":"Feature","id":"terrain.coastline.001","properties":{"name":"Coastline area 001","layer":"Terrain","category":"Coastline","object_type":"Area","style_id":"terrain.coastline","airport":"LFMN","geometry_role":"filled_region"},"geometry":{"type":"Polygon","coordinates":[[[7.2206575,43.668036111],[7.2207825,43.668156944],[7.220801667,43.668221667],[7.221289444,43.668546389],[7.221193611,43.668608056],[7.218430833,43.667046944],[7.218665278,43.6668725],[7.220085556,43.667663333],[7.2206575,43.668036111]]]}},{"type":"Feature","id":"terrain.coastline.002","properties":{"name":"Coastline area 002","layer":"Terrain","category":"Coastline","object_type":"Area","style_id":"terrain.coastline","airport":"LFMN","geometry_role":"filled_region"},"geometry":{"type":"Polygon","coordinates":[[[7.229560556,43.673585278],[7.229689167,43.6736625],[7.230084444,43.674124444],[7.230106389,43.674141111],[7.230146111,43.674171111],[7.230159444,43.6741875],[7.230172778,43.674203611],[7.2310725,43.6751225],[7.231351111,43.675584167],[7.231422222,43.676098333],[7.231464722,43.676453056],[7.231459444,43.676470556],[7.2314525,43.676723056],[7.231299722,43.677033611],[7.231230556,43.677125278],[7.231214167,43.677136667],[7.231014444,43.677379722],[7.231008889,43.677383611],[7.230861389,43.67754],[7.230845278,43.677551667],[7.230715556,43.677696667],[7.230659444,43.677849722],[7.230658611,43.677858056],[7.230646111,43.677981111],[7.230645278,43.677989444],[7.230653333,43.67816],[7.230678056,43.678273611],[7.230706667,43.678345833],[7.230811111,43.6783225],[7.230877222,43.678359444],[7.230884444,43.678416944],[7.230740833,43.678446389],[7.230638611,43.678475556],[7.230568889,43.678575556],[7.230667222,43.678716944],[7.2306675,43.678724444],[7.230870278,43.678890556],[7.231080556,43.678839444],[7.231176111,43.678708611],[7.2311025,43.678556944],[7.231096944,43.678553056],[7.231016111,43.678442778],[7.231131944,43.678417222],[7.231253889,43.678535556],[7.2313825,43.678715278],[7.231276944,43.678829444],[7.231190278,43.678939722],[7.2312875,43.679085278],[7.231176667,43.679308056],[7.231421667,43.679632778],[7.231715833,43.680105],[7.232153333,43.680600556],[7.233472778,43.681895278],[7.233561111,43.681986667],[7.233575833,43.682021667],[7.237204444,43.685289167],[7.236344167,43.691620556],[7.233517222,43.693003333],[7.226355278,43.6937275],[7.191697222,43.683383056],[7.191493056,43.683233611],[7.175869167,43.675522778],[7.175275556,43.6752],[7.174607778,43.674778611],[7.167625556,43.667658611],[7.171682222,43.657666389],[7.171677778,43.657611944],[7.172118056,43.656695833],[7.1708025,43.6564375],[7.171464444,43.656214722],[7.172459167,43.656171389],[7.173530556,43.656025],[7.174680556,43.655861389],[7.175519444,43.656003333],[7.175631667,43.655591389],[7.176040833,43.6554325],[7.17619,43.655766944],[7.176969167,43.656147778],[7.178360556,43.656048611],[7.178426111,43.656014167],[7.179566944,43.655418333],[7.180831111,43.655299167],[7.180898611,43.655602222],[7.180716667,43.656207222],[7.1824475,43.656766111],[7.184192778,43.657049444],[7.184328889,43.657058056],[7.185281944,43.657129167],[7.185638333,43.656930556],[7.185745278,43.656224444],[7.186033056,43.655906667],[7.186193889,43.656190556],[7.18642,43.656520556],[7.186337222,43.656702222],[7.186336944,43.656946111],[7.186844167,43.657283333],[7.187281389,43.65736],[7.187855278,43.657493333],[7.188251389,43.657536389],[7.188695,43.657303333],[7.188648333,43.656920833],[7.189162222,43.656865278],[7.189221389,43.657130556],[7.189274444,43.657481111],[7.189355833,43.657723333],[7.189607778,43.657793889],[7.190015833,43.657809167],[7.190782778,43.657819444],[7.190798056,43.657811111],[7.191386944,43.657748056],[7.19169,43.657759167],[7.192024722,43.657716111],[7.192145833,43.657400556],[7.192088333,43.657193056],[7.192330556,43.657128333],[7.192351111,43.657316944],[7.192391944,43.657605556],[7.192416667,43.657773333],[7.192657778,43.657884444],[7.193636389,43.657951111],[7.19431,43.657966667],[7.19536,43.657616389],[7.195419722,43.657605556],[7.196226944,43.657384167],[7.196859444,43.657221667],[7.197315833,43.656953056],[7.198053056,43.656418333],[7.198066667,43.656399167],[7.198233611,43.656211944],[7.198266111,43.655978333],[7.198036667,43.655876667],[7.197716667,43.655973611],[7.197453611,43.656119444],[7.197419167,43.656215556],[7.197341111,43.656335556],[7.197179722,43.65635],[7.197123333,43.656249722],[7.197350278,43.656024444],[7.197704444,43.655741667],[7.198227222,43.655546111],[7.198676944,43.655606389],[7.198870833,43.65566],[7.199344722,43.656166389],[7.199666667,43.656653611],[7.199928056,43.657179444],[7.199934167,43.657198056],[7.200091389,43.657654722],[7.200327222,43.658043333],[7.200480833,43.658436667],[7.20065,43.658764722],[7.200685556,43.659021389],[7.200640556,43.659254167],[7.200608611,43.659581944],[7.200603889,43.659777778],[7.200533056,43.659974722],[7.200461667,43.660278611],[7.200483056,43.660515],[7.2004725,43.660536111],[7.200380278,43.660824444],[7.200271389,43.661143889],[7.200176111,43.661331389],[7.2000525,43.661613056],[7.199724444,43.661836667],[7.199431667,43.662059722],[7.199225,43.662198056],[7.198849167,43.662484722],[7.198339444,43.663468333],[7.1985875,43.6635525],[7.1991875,43.663777778],[7.199642222,43.663971944],[7.199782778,43.663598333],[7.199813611,43.663241111],[7.199954167,43.662556389],[7.20031,43.662082222],[7.200916111,43.661361389],[7.201306944,43.660661111],[7.201512222,43.6596975],[7.201621111,43.658245556],[7.201627778,43.657753611],[7.201548889,43.656162778],[7.202081667,43.655988056],[7.203903889,43.656893333],[7.226893333,43.672459167],[7.229560556,43.673585278]]]}},{"type":"Feature","id":"terrain.coastline.003","properties":{"name":"Coastline area 003","layer":"Terrain","category":"Coastline","object_type":"Area","style_id":"terrain.coastline","airport":"LFMN","geometry_role":"filled_region"},"geometry":{"type":"Polygon","coordinates":[[[7.216676111,43.665053333],[7.229130833,43.672679444],[7.228949722,43.675375833],[7.2113375,43.667687778],[7.216676111,43.665053333]]]}},{"type":"Feature","id":"terrain.coastline.004","properties":{"name":"Coastline area 004","layer":"Terrain","category":"Coastline","object_type":"Area","style_id":"terrain.coastline","airport":"LFMN","geometry_role":"filled_region"},"geometry":{"type":"Polygon","coordinates":[[[7.19396,43.662241667],[7.199705278,43.664534167],[7.216819722,43.673320556],[7.2372025,43.6852725],[7.237383056,43.685405833],[7.2375075,43.685429444],[7.237584167,43.68537],[7.237691389,43.685402778],[7.237794444,43.685487778],[7.237761389,43.685564722],[7.237674444,43.685591389],[7.2378075,43.685714444],[7.238001111,43.685875833],[7.238261111,43.686077778],[7.238411389,43.6861625],[7.238463333,43.6861425],[7.238502778,43.686086944],[7.238626111,43.686157778],[7.238638889,43.686215556],[7.238546667,43.686238611],[7.238528056,43.686296389],[7.238606944,43.686392778],[7.238776667,43.6865375],[7.238948889,43.686675278],[7.239248333,43.686859722],[7.239428611,43.686912778],[7.239494722,43.686850556],[7.239602778,43.686830278],[7.239710556,43.686903333],[7.239721111,43.686976944],[7.239659167,43.687055],[7.2401125,43.687355278],[7.240659444,43.687668333],[7.240706944,43.687629444],[7.240808333,43.687595833],[7.240976667,43.687661944],[7.240954444,43.687741944],[7.24093,43.687808333],[7.241134167,43.687938333],[7.241145,43.687943056],[7.241421944,43.688066944],[7.241726111,43.6882375],[7.24204,43.6884275],[7.242350278,43.688583333],[7.242574444,43.688654167],[7.2426525,43.688619167],[7.242750556,43.688643333],[7.242846944,43.6887075],[7.242799444,43.688771944],[7.242968333,43.688919722],[7.243113333,43.688996667],[7.243411389,43.689187778],[7.243707778,43.689279444],[7.2437675,43.6892625],[7.243823333,43.689232222],[7.243914444,43.689230833],[7.243985278,43.6893275],[7.2440025,43.689398889],[7.244386944,43.689586667],[7.244834167,43.68977],[7.245019167,43.689784167],[7.245016389,43.689743056],[7.245158611,43.689725833],[7.245207222,43.689788611],[7.245213056,43.689843611],[7.245808333,43.690101667],[7.245825278,43.690108333],[7.246674167,43.690506667],[7.2467025,43.690518056],[7.246725556,43.690527222],[7.247929444,43.690981667],[7.249765556,43.691528056],[7.249932778,43.691548611],[7.249958056,43.691484444],[7.250038056,43.691444167],[7.250128611,43.691476944],[7.250119722,43.691559167],[7.250277778,43.691635833],[7.251896111,43.692080278],[7.251946111,43.692088611],[7.252961389,43.692357778],[7.254048889,43.692642222],[7.253410556,43.695212778],[7.251838333,43.703997778],[7.248641944,43.7156],[7.233973056,43.730218611],[7.206262222,43.722394722],[7.159464167,43.706548333],[7.141695556,43.696363333],[7.151041389,43.668738889],[7.161651944,43.655416667],[7.161691389,43.655330278],[7.161818889,43.655126944],[7.161987222,43.655125556],[7.162002778,43.655240556],[7.16189,43.655327222],[7.161852778,43.655444722],[7.161996944,43.65556],[7.162272778,43.655691111],[7.162758611,43.655826389],[7.163210833,43.655911667],[7.163280556,43.6558525],[7.163273889,43.655771667],[7.163288333,43.6556525],[7.163470556,43.655637778],[7.163503889,43.655771111],[7.163404444,43.655862222],[7.163443056,43.655923889],[7.163571111,43.65599],[7.164006389,43.656162222],[7.164907222,43.656476389],[7.165456111,43.656702222],[7.165971667,43.656926389],[7.166210556,43.657013889],[7.166458889,43.656990556],[7.166478056,43.656851667],[7.166705833,43.656920833],[7.166666111,43.657093333],[7.167270556,43.6573275],[7.168163889,43.6574325],[7.168162222,43.657201111],[7.168361944,43.657192222],[7.16833,43.657331667],[7.168455556,43.657411944],[7.168921111,43.657426111],[7.170014722,43.657368611],[7.171189722,43.657022222],[7.171241111,43.656709167],[7.171464722,43.6567175],[7.171620833,43.657047222],[7.172825,43.656235278],[7.19396,43.662241667]]]}},{"type":"Feature","id":"water.sea.002","properties":{"name":"Sea area 002","layer":"Water","category":"Sea","object_type":"Area","style_id":"water.sea","airport":"LFMN","geometry_role":"filled_region"},"geometry":{"type":"Polygon","coordinates":[[[7.199367778,43.664493333],[7.199675556,43.664594444],[7.199523333,43.664731667],[7.199091111,43.665132778],[7.198514722,43.665939444],[7.198421944,43.667129167],[7.198229444,43.668205833],[7.196525,43.667803056],[7.1979475,43.663939444],[7.199367778,43.664493333]]]}},{"type":"Feature","id":"terrain.grass.001","properties":{"name":"Grass area 001","layer":"Terrain","category":"Grass","object_type":"Area","style_id":"terrain.grass","airport":"LFMN","geometry_role":"filled_region"},"geometry":{"type":"Polygon","coordinates":[[[7.228955833,43.673551111],[7.228466944,43.673708611],[7.227561389,43.673682778],[7.227515278,43.673433611],[7.227499167,43.672880833],[7.2250825,43.670958889],[7.220620833,43.667719722],[7.215118611,43.663975833],[7.207624167,43.662887222],[7.208215833,43.659415],[7.202913611,43.657004722],[7.201688611,43.656121944],[7.201549444,43.655733889],[7.201174722,43.654745833],[7.200980278,43.654230833],[7.200935833,43.654091944],[7.200900833,43.653921111],[7.200903611,43.653793333],[7.200925278,43.653583333],[7.20106,43.653268611],[7.201277222,43.652963333],[7.201447222,43.652799722],[7.203642778,43.651223056],[7.203516944,43.651118333],[7.203494167,43.651077222],[7.203506111,43.651020278],[7.203562222,43.65081],[7.203580556,43.650734722],[7.203571389,43.650636667],[7.203536389,43.650527778],[7.203461111,43.650428611],[7.203360833,43.650328611],[7.200761667,43.648471944],[7.200455833,43.648239722],[7.2001625,43.648015556],[7.199893611,43.647844167],[7.199705833,43.647693056],[7.199565,43.647509722],[7.199456389,43.6472675],[7.199449167,43.647041944],[7.199505556,43.646783333],[7.199659444,43.646589444],[7.200974722,43.645529167],[7.201311389,43.6453925],[7.201681944,43.6454075],[7.205470556,43.645862222],[7.206185,43.645898611],[7.206671667,43.645945556],[7.206884722,43.646001944],[7.206939722,43.646107778],[7.206913611,43.646190278],[7.206786944,43.646265278],[7.206732222,43.646351944],[7.206721111,43.646463889],[7.206806944,43.646598611],[7.207079444,43.646885556],[7.207420556,43.647150556],[7.207820833,43.647415556],[7.208293333,43.647658056],[7.208836111,43.647876389],[7.209392222,43.648054722],[7.209765833,43.648115],[7.210059167,43.648121944],[7.210575556,43.648005278],[7.211438889,43.647796944],[7.211743056,43.647738056],[7.212014722,43.647700278],[7.212250278,43.647701389],[7.212520556,43.647755556],[7.212796111,43.647865278],[7.213036667,43.648031389],[7.213224167,43.648257222],[7.213293056,43.648457222],[7.213324722,43.648694444],[7.213281389,43.64884],[7.213281944,43.648941944],[7.213364167,43.649144444],[7.213659444,43.649524167],[7.214019167,43.649934444],[7.214450556,43.650390278],[7.214764722,43.650651111],[7.215163333,43.650974444],[7.21545,43.651237222],[7.215787778,43.651473333],[7.216416667,43.651868611],[7.216739444,43.652095],[7.217014722,43.6523525],[7.217272778,43.652614444],[7.2175675,43.652866944],[7.218063611,43.653283056],[7.218446389,43.653524444],[7.218875833,43.653760278],[7.219088056,43.653854167],[7.219368333,43.653951389],[7.219543611,43.654055833],[7.219616667,43.654142778],[7.219647222,43.654241111],[7.219616111,43.654303333],[7.219600833,43.654301389],[7.219583056,43.654297778],[7.219570278,43.654306667],[7.219559444,43.654327778],[7.219559722,43.654385],[7.219606944,43.654502222],[7.219676667,43.654626111],[7.219785556,43.654783333],[7.219905556,43.654936667],[7.220230833,43.655221667],[7.220542778,43.655483889],[7.220782222,43.655664444],[7.220836944,43.655696111],[7.220885556,43.655705278],[7.220944167,43.655705556],[7.220995556,43.6556825],[7.221067778,43.655673333],[7.221162222,43.655703889],[7.221250833,43.655748333],[7.221330278,43.655821111],[7.221358611,43.655893611],[7.2213325,43.655937778],[7.221268333,43.655964444],[7.221079722,43.656025556],[7.220952778,43.656109167],[7.220904444,43.656193056],[7.220901944,43.656228889],[7.220713333,43.656353056],[7.220655,43.656310556],[7.220559167,43.656379444],[7.220508333,43.656433056],[7.220503889,43.656548056],[7.220547778,43.656767778],[7.220643333,43.6569225],[7.220793889,43.657068889],[7.220966111,43.657194722],[7.221158056,43.657278333],[7.221316111,43.657323333],[7.221384444,43.657331111],[7.221440833,43.657293333],[7.221521389,43.657226667],[7.221598333,43.657168056],[7.221699722,43.657123056],[7.2218125,43.657126389],[7.221898333,43.657171667],[7.221963056,43.657236667],[7.221991111,43.657313611],[7.221967222,43.657386389],[7.221893056,43.657477778],[7.221783611,43.657586389],[7.221498056,43.657826667],[7.221379722,43.6579325],[7.221308611,43.657979722],[7.2212475,43.658010833],[7.221194167,43.658032222],[7.220980556,43.658065278],[7.220899722,43.658067222],[7.2208225,43.65805],[7.220754167,43.658027778],[7.220731389,43.658013333],[7.2206375,43.658063889],[7.220546111,43.658106667],[7.220492778,43.658143056],[7.2204075,43.658236389],[7.220377778,43.658301389],[7.220360278,43.658371389],[7.220368056,43.658411944],[7.220882778,43.658785],[7.221776944,43.659437222],[7.222178056,43.659753056],[7.222200556,43.659762222],[7.222224167,43.659759167],[7.222251389,43.659746389],[7.222275833,43.659728056],[7.222510833,43.659873333],[7.222511667,43.659901944],[7.222487778,43.659974167],[7.2225,43.659994722],[7.222532222,43.660023056],[7.222581111,43.660051389],[7.222628611,43.6600675],[7.222676389,43.660105556],[7.222762222,43.660183611],[7.222822778,43.660236944],[7.222891111,43.660281944],[7.222935556,43.660300833],[7.222991944,43.660346667],[7.223116944,43.660447222],[7.223260556,43.660555556],[7.223363611,43.660615],[7.223478889,43.660673611],[7.223510833,43.660694167],[7.223518611,43.660720278],[7.223530556,43.660741667],[7.223556111,43.66076],[7.223599444,43.660772778],[7.223630833,43.660788611],[7.223650833,43.660811667],[7.223686111,43.6608325],[7.2237275,43.660838889],[7.223769167,43.660828611],[7.223794444,43.660805278],[7.2238175,43.660788611],[7.223845556,43.660738611],[7.223843611,43.660644444],[7.223881111,43.660596944],[7.223863611,43.660543056],[7.223879722,43.660456111],[7.223896944,43.660325833],[7.223889722,43.660243611],[7.223913889,43.660143333],[7.223879167,43.660055556],[7.223894722,43.659962222],[7.223898056,43.659888889],[7.223880556,43.659836111],[7.223841944,43.659832778],[7.223773611,43.659780556],[7.223708611,43.659739167],[7.223676389,43.659698333],[7.223666944,43.659637222],[7.223627222,43.659593611],[7.223561667,43.6595475],[7.223470833,43.659501111],[7.223313056,43.659463889],[7.223219444,43.659429722],[7.223148333,43.659366389],[7.223061944,43.659308333],[7.222986667,43.659246667],[7.222935278,43.659209444],[7.222891667,43.659193611],[7.222861389,43.659178889],[7.222841111,43.659158056],[7.222826944,43.659128611],[7.222823611,43.6590925],[7.222824444,43.659069444],[7.222829167,43.659035833],[7.222810833,43.658974167],[7.22276,43.658909722],[7.222674444,43.658848333],[7.222604167,43.658896111],[7.222400556,43.658774444],[7.222445,43.658737778],[7.222368056,43.658683333],[7.222291389,43.658613056],[7.222207778,43.658541667],[7.222014722,43.658402778],[7.221960278,43.658409167],[7.221902222,43.658393611],[7.221830278,43.658366944],[7.221743056,43.658330556],[7.221676111,43.658295],[7.221643056,43.658253611],[7.221654167,43.658203056],[7.221702778,43.658161667],[7.222887778,43.657289444],[7.2229025,43.657243889],[7.222916944,43.657195556],[7.222966389,43.657145],[7.22305,43.657113611],[7.223158333,43.657119167],[7.223254167,43.657163333],[7.223301111,43.657238611],[7.223305,43.6573075],[7.223266389,43.657370278],[7.22318,43.657416667],[7.2230675,43.657437778],[7.223017222,43.65745],[7.222785556,43.657633611],[7.222756944,43.657687778],[7.222785833,43.657739167],[7.222864722,43.657813611],[7.224574167,43.659030278],[7.225144444,43.659476111],[7.225331944,43.659651667],[7.225465,43.659801389],[7.225579444,43.660021944],[7.2256675,43.660178611],[7.225734167,43.660439167],[7.225750278,43.660621944],[7.2257425,43.660799444],[7.225707222,43.661031111],[7.225645,43.661291389],[7.225641944,43.661451667],[7.225676667,43.661630556],[7.225737222,43.661872222],[7.225818333,43.662053333],[7.225940833,43.6622425],[7.226083056,43.6623975],[7.226500278,43.662744444],[7.227113056,43.663207778],[7.227842222,43.663731389],[7.229454722,43.664907778],[7.230341389,43.665523611],[7.230638056,43.665746667],[7.230783056,43.665906389],[7.2308425,43.666045556],[7.230838611,43.666251111],[7.230788889,43.666428056],[7.230581667,43.666592222],[7.230323333,43.666896667],[7.230240833,43.667082222],[7.230174722,43.667293889],[7.230112778,43.667461111],[7.229986389,43.6676275],[7.229846944,43.6677325],[7.229507778,43.668128611],[7.229356111,43.668364167],[7.229265278,43.668583333],[7.2291925,43.668795556],[7.229128611,43.669055833],[7.22911,43.669338056],[7.229156111,43.6695925],[7.229218611,43.6699225],[7.229307778,43.670162778],[7.229431389,43.670430278],[7.229645278,43.67074],[7.229811111,43.671023611],[7.2299175,43.671298611],[7.229923333,43.671552222],[7.229882222,43.671754167],[7.229844167,43.672045],[7.229789444,43.6721825],[7.22971,43.672348889],[7.229584167,43.672539167],[7.229479722,43.672651389],[7.229443611,43.672735833],[7.229471944,43.672855],[7.229535278,43.6729375],[7.229604167,43.673015833],[7.229632222,43.673071944],[7.229622778,43.673118611],[7.229583333,43.6731475],[7.229531389,43.673211944],[7.229504444,43.673280833],[7.229508333,43.673371944],[7.229528056,43.673424444],[7.229534722,43.673482222],[7.229583889,43.673513056],[7.229641389,43.673553333],[7.229663611,43.673599167],[7.228955833,43.673551111]]]}},{"type":"Feature","id":"terrain.grass.002","properties":{"name":"Grass area 002","layer":"Terrain","category":"Grass","object_type":"Area","style_id":"terrain.grass","airport":"LFMN","geometry_role":"filled_region"},"geometry":{"type":"Polygon","coordinates":[[[7.201875556,43.656648889],[7.201941389,43.657095],[7.201987222,43.657651667],[7.201919722,43.658341667],[7.201621944,43.658328333],[7.201630556,43.657633056],[7.201556389,43.656492778],[7.201193056,43.655326944],[7.200855,43.654506944],[7.200781111,43.6543775],[7.200689722,43.654261111],[7.200682222,43.654249722],[7.200647778,43.654219167],[7.200582778,43.654183889],[7.200530278,43.654212778],[7.200516389,43.6543025],[7.200400556,43.654241111],[7.200344167,43.654146667],[7.200394167,43.654060278],[7.200491944,43.653980833],[7.200621389,43.653874722],[7.200659167,43.653743611],[7.200744722,43.653621944],[7.200750278,43.653614444],[7.2008125,43.653506111],[7.200909167,43.653352778],[7.20096,43.653204722],[7.200902222,43.653081111],[7.200926389,43.652920278],[7.201039722,43.652718611],[7.201239722,43.652548333],[7.201358611,43.652425556],[7.201469444,43.652346667],[7.201479722,43.652302222],[7.201506111,43.652262222],[7.201544722,43.652242778],[7.201576944,43.652275278],[7.201619167,43.652293333],[7.201707778,43.652281111],[7.201803333,43.652244167],[7.202040833,43.652208889],[7.20208,43.652206111],[7.20314,43.653292778],[7.201736667,43.655883889],[7.201875556,43.656648889]]]}},{"type":"Feature","id":"water.sea.003","properties":{"name":"Sea area 003","layer":"Water","category":"Sea","object_type":"Area","style_id":"water.sea","airport":"LFMN","geometry_role":"filled_region"},"geometry":{"type":"Polygon","coordinates":[[[7.213491111,43.657133056],[7.2142575,43.656645556],[7.214302222,43.656673889],[7.213524167,43.657163889],[7.213530833,43.657200833],[7.213296667,43.657309444],[7.213228333,43.657238889],[7.213451667,43.657124167],[7.213491111,43.657133056]]]}},{"type":"Feature","id":"surface.hard_surface_4.001","properties":{"name":"Hard surface type 4 001","layer":"Airfield surfaces","category":"Hard surfaces — type 4","object_type":"Area","style_id":"surface.hard_surface_4","airport":"LFMN","geometry_role":"filled_region"},"geometry":{"type":"Polygon","coordinates":[[[7.212243333,43.664481944],[7.214606111,43.664758889],[7.217243611,43.666550833],[7.2167275,43.666566111],[7.216639722,43.666558611],[7.216176111,43.666494167],[7.216062222,43.666373889],[7.214472222,43.665231389],[7.212201667,43.664658611],[7.212243333,43.664481944]]]}},{"type":"Feature","id":"surface.hard_surface_4.002","properties":{"name":"Hard surface type 4 002","layer":"Airfield surfaces","category":"Hard surfaces — type 4","object_type":"Area","style_id":"surface.hard_surface_4","airport":"LFMN","geometry_role":"filled_region"},"geometry":{"type":"Polygon","coordinates":[[[7.222884167,43.663513889],[7.210238333,43.654313889],[7.210257778,43.654299167],[7.222907778,43.663502778],[7.222884167,43.663513889]]]}},{"type":"Feature","id":"surface.hard_surface_4.003","properties":{"name":"Hard surface type 4 003","layer":"Airfield surfaces","category":"Hard surfaces — type 4","object_type":"Area","style_id":"surface.hard_surface_4","airport":"LFMN","geometry_role":"filled_region"},"geometry":{"type":"Polygon","coordinates":[[[7.206330833,43.658986667],[7.206961111,43.659559722],[7.206689722,43.660176944],[7.206144444,43.662118333],[7.205911111,43.662098333],[7.206003611,43.661671389],[7.206036389,43.659895833],[7.204851944,43.658411667],[7.204657778,43.6581025],[7.205066389,43.6582575],[7.206330833,43.658986667]]]}},{"type":"Feature","id":"surface.hard_surface_4.004","properties":{"name":"Hard surface type 4 004","layer":"Airfield surfaces","category":"Hard surfaces — type 4","object_type":"Area","style_id":"surface.hard_surface_4","airport":"LFMN","geometry_role":"filled_region"},"geometry":{"type":"Polygon","coordinates":[[[7.210730556,43.64942],[7.210812778,43.649365833],[7.210589722,43.649188611],[7.210924444,43.648929167],[7.211268333,43.649178333],[7.213818889,43.651075556],[7.213998889,43.650950833],[7.2141525,43.650933056],[7.214286944,43.650984444],[7.214343333,43.651036389],[7.214323611,43.651062222],[7.214140278,43.650985],[7.214056667,43.650996667],[7.213958056,43.651069167],[7.213893889,43.651129167],[7.214633889,43.651691944],[7.2138325,43.652291389],[7.213831944,43.652376667],[7.213868611,43.652421944],[7.213889444,43.652456944],[7.214564444,43.65294],[7.215124444,43.653339167],[7.215338889,43.653473056],[7.215409167,43.653478889],[7.215492778,43.653467222],[7.215608889,43.653427222],[7.215740556,43.653361111],[7.215874167,43.653294167],[7.215995833,43.653174167],[7.216044722,43.653077778],[7.21605,43.652970833],[7.216033611,43.652903056],[7.215991389,43.652843889],[7.21591,43.652780278],[7.215699167,43.652618056],[7.215658056,43.652581389],[7.215665556,43.6525575],[7.215701667,43.652538333],[7.215732778,43.652536944],[7.21577,43.652555278],[7.215803889,43.652576111],[7.215843056,43.652598889],[7.215921944,43.652665833],[7.215986944,43.652716111],[7.216028611,43.652758333],[7.216073333,43.652822222],[7.216097222,43.652878611],[7.216116944,43.6529475],[7.216116944,43.653012778],[7.216090833,43.653083889],[7.216033333,43.653185556],[7.215923889,43.653295833],[7.215774722,43.653388889],[7.215636667,43.653443611],[7.215521111,43.653486667],[7.2154125,43.653519444],[7.216038056,43.653976389],[7.216636111,43.654398056],[7.217788611,43.655239444],[7.218686111,43.655942778],[7.219521667,43.656612778],[7.219638333,43.656723333],[7.219855556,43.656986667],[7.219976944,43.657336389],[7.220125278,43.6576375],[7.2201875,43.657843611],[7.220154444,43.658019167],[7.220123611,43.658102778],[7.220083056,43.658246111],[7.220106944,43.658327778],[7.220276944,43.658466389],[7.220800833,43.658847778],[7.222135556,43.659817778],[7.223219444,43.660629722],[7.223692778,43.660951667],[7.223750833,43.660940833],[7.223818889,43.660915833],[7.223878611,43.660867222],[7.22396,43.660763056],[7.223984167,43.660655],[7.223988333,43.660151111],[7.223957778,43.659925833],[7.223936667,43.659781667],[7.223931667,43.659621389],[7.224006111,43.659585556],[7.224213056,43.659510556],[7.224395,43.659475556],[7.224504444,43.659486667],[7.224616111,43.659537222],[7.224767222,43.659675278],[7.224894444,43.659847222],[7.224898611,43.659996944],[7.224807778,43.660114722],[7.224654167,43.660212222],[7.224498333,43.660262778],[7.224161944,43.660332222],[7.224062778,43.660439167],[7.224025833,43.660619722],[7.223990833,43.6607975],[7.2238625,43.6609325],[7.223769444,43.661010556],[7.223743056,43.661048611],[7.222943056,43.66046],[7.221870833,43.659666111],[7.220615556,43.658743333],[7.220111111,43.658376667],[7.220054167,43.658293611],[7.220048333,43.658218889],[7.220092778,43.658109444],[7.220126667,43.658003611],[7.220155833,43.657927222],[7.220146944,43.657778611],[7.2199725,43.6573725],[7.219882222,43.657128889],[7.219795833,43.656953889],[7.219659722,43.656769444],[7.219180833,43.656366389],[7.217736111,43.655235833],[7.21676,43.654524167],[7.215468333,43.653621944],[7.214600833,43.653001389],[7.214178889,43.652704167],[7.213536667,43.652332222],[7.213283611,43.652159444],[7.211417222,43.650850833],[7.210458056,43.650155278],[7.210430278,43.6501825],[7.2098625,43.649748611],[7.210085833,43.649547222],[7.210162778,43.649393333],[7.210154444,43.649286111],[7.210384722,43.649143056],[7.210730556,43.64942]]]}},{"type":"Feature","id":"surface.hard_surface_4.005","properties":{"name":"Hard surface type 4 005","layer":"Airfield surfaces","category":"Hard surfaces — type 4","object_type":"Area","style_id":"surface.hard_surface_4","airport":"LFMN","geometry_role":"filled_region"},"geometry":{"type":"Polygon","coordinates":[[[7.229322778,43.671952222],[7.22931,43.671818333],[7.229259444,43.671621389],[7.229120278,43.671381944],[7.228896667,43.671138611],[7.228666111,43.670957222],[7.228273611,43.670663333],[7.227873889,43.670363889],[7.226746389,43.669558056],[7.225540833,43.668668611],[7.225096944,43.668323333],[7.224658333,43.668034444],[7.224682222,43.668022778],[7.225082778,43.668290278],[7.225640278,43.668709722],[7.226718611,43.669510278],[7.228039444,43.670456667],[7.228132778,43.6705175],[7.228152778,43.670448333],[7.228178333,43.67034],[7.228236111,43.670176111],[7.228306111,43.670019167],[7.228388611,43.669838611],[7.228476111,43.669682222],[7.228523611,43.669585556],[7.228555556,43.669514444],[7.228589167,43.669455556],[7.228626111,43.669411667],[7.228665,43.669368333],[7.228654722,43.669321389],[7.228679167,43.669300833],[7.228688611,43.669335278],[7.228684722,43.669375833],[7.228641944,43.669423889],[7.228608889,43.6694725],[7.22855,43.669576944],[7.228453889,43.669758611],[7.228375556,43.669944167],[7.228273889,43.670158611],[7.228189167,43.670408611],[7.22817,43.670543056],[7.228211389,43.670586389],[7.228550556,43.670843056],[7.228913889,43.671126944],[7.229150833,43.671375833],[7.229286389,43.671623056],[7.229335833,43.671804444],[7.229348333,43.671980278],[7.229325,43.672058889],[7.229301667,43.672028333],[7.229319167,43.6719975],[7.229322778,43.671952222]]]}},{"type":"Feature","id":"surface.hard_surface_4.006","properties":{"name":"Hard surface type 4 006","layer":"Airfield surfaces","category":"Hard surfaces — type 4","object_type":"Area","style_id":"surface.hard_surface_4","airport":"LFMN","geometry_role":"filled_region"},"geometry":{"type":"Polygon","coordinates":[[[7.20653,43.654539444],[7.206099444,43.6542225],[7.206415556,43.653978889],[7.206870556,43.654308889],[7.20653,43.654539444]]]}},{"type":"Feature","id":"surface.hard_surface_2.001","properties":{"name":"Hard surface type 2 001","layer":"Airfield surfaces","category":"Hard surfaces — type 2","object_type":"Area","style_id":"surface.hard_surface_2","airport":"LFMN","geometry_role":"filled_region"},"geometry":{"type":"Polygon","coordinates":[[[7.206316111,43.662998611],[7.206049167,43.662815],[7.206110833,43.662784444],[7.206988889,43.662705],[7.207038056,43.662670833],[7.207064167,43.662637778],[7.207088333,43.6625925],[7.207735278,43.659761667],[7.207738333,43.659628889],[7.2077175,43.659493611],[7.207679722,43.659376667],[7.207645278,43.6592875],[7.207598056,43.659206944],[7.2075475,43.659141944],[7.207489167,43.659075],[7.20741,43.65898],[7.207314167,43.658914444],[7.207128056,43.658778333],[7.205000556,43.657225278],[7.204913333,43.657161111],[7.202496389,43.6554025],[7.202488333,43.655380833],[7.202567222,43.655328333],[7.202654444,43.655131667],[7.202476667,43.655000278],[7.202131111,43.6547675],[7.202000556,43.654683889],[7.201774722,43.654523889],[7.201671111,43.654427222],[7.201609722,43.654343889],[7.20157,43.6542625],[7.201526389,43.654157222],[7.201511667,43.654022222],[7.201551389,43.6538625],[7.201599722,43.653726111],[7.201654167,43.653615833],[7.201754722,43.653483889],[7.201850556,43.653390833],[7.201934167,43.653304444],[7.201989167,43.653244167],[7.202058056,43.653164444],[7.2017025,43.652891111],[7.201515278,43.652784444],[7.202414722,43.652171944],[7.2026325,43.6523675],[7.202560833,43.652412222],[7.202808333,43.652588333],[7.203051111,43.652402222],[7.203143056,43.652303889],[7.203666389,43.652675556],[7.203508611,43.652813889],[7.203354444,43.652990833],[7.206030833,43.654935278],[7.205959167,43.655003611],[7.2062025,43.655193611],[7.206424444,43.655060833],[7.206685,43.655241944],[7.207385833,43.655332778],[7.207323333,43.655480833],[7.2072825,43.6555975],[7.207257778,43.655754167],[7.2072475,43.655927778],[7.2075375,43.656139722],[7.208076667,43.656516667],[7.208205833,43.656514444],[7.20831,43.656493889],[7.208373333,43.656473333],[7.208419167,43.65645],[7.208815833,43.656769722],[7.209433611,43.656840556],[7.209338056,43.657014722],[7.209304722,43.657160556],[7.2092875,43.657313611],[7.209488889,43.657461667],[7.216471111,43.662518056],[7.216701667,43.6624425],[7.216886667,43.662323056],[7.217356389,43.66264],[7.217046111,43.662935278],[7.220057222,43.665124722],[7.220161667,43.665080833],[7.220712222,43.665080556],[7.221048611,43.665325278],[7.220908056,43.665436667],[7.220789722,43.6655675],[7.220731111,43.665653889],[7.220713889,43.665726944],[7.220760556,43.665771944],[7.223580278,43.667820556],[7.2236675,43.667835833],[7.223975278,43.667708611],[7.224166944,43.667593611],[7.224735278,43.667990556],[7.224274444,43.668334167],[7.226399722,43.669871667],[7.226783611,43.669738611],[7.22695,43.669625],[7.227392222,43.669938056],[7.2271475,43.670125556],[7.227099167,43.670196944],[7.227062778,43.67035],[7.227161944,43.670428333],[7.227004444,43.6705675],[7.22859,43.671725833],[7.228716389,43.671886667],[7.228787778,43.672025278],[7.228807778,43.672118611],[7.228805278,43.672224444],[7.228783056,43.6723225],[7.228731667,43.672415556],[7.228647222,43.672513333],[7.228535,43.672600278],[7.228424444,43.672659722],[7.228280833,43.672707222],[7.228112222,43.672738889],[7.227978889,43.672741389],[7.227838889,43.672729444],[7.2276875,43.672696667],[7.227543333,43.672640278],[7.227393611,43.672549444],[7.227019444,43.672285556],[7.223340556,43.669592778],[7.222523889,43.669075],[7.221563333,43.668377222],[7.2212,43.6681275],[7.220986111,43.668006389],[7.220410833,43.667735833],[7.219802778,43.667296944],[7.219200833,43.666848889],[7.218858889,43.666879722],[7.218736111,43.666808611],[7.218605833,43.666757778],[7.218451667,43.666738333],[7.218294722,43.6666975],[7.218164167,43.666648056],[7.218063333,43.666599444],[7.218001667,43.666565556],[7.217950278,43.666543611],[7.217892222,43.66653],[7.217795278,43.666532778],[7.217799722,43.666445],[7.214659722,43.664156111],[7.214531667,43.66407],[7.214380278,43.663988056],[7.214238333,43.663930556],[7.214053889,43.663875],[7.213925556,43.663856944],[7.213836111,43.663847778],[7.2137725,43.663952778],[7.210766667,43.663603611],[7.210192778,43.663576944],[7.209416111,43.663640833],[7.207840278,43.663456389],[7.207140833,43.663465556],[7.206679167,43.663503056],[7.206411111,43.663496389],[7.206316111,43.662998611]]]}},{"type":"Feature","id":"surface.hard_surface_3.001","properties":{"name":"Hard surface type 3 001","layer":"Airfield surfaces","category":"Hard surfaces — type 3","object_type":"Area","style_id":"surface.hard_surface_3","airport":"LFMN","geometry_role":"filled_region"},"geometry":{"type":"Polygon","coordinates":[[[7.226960833,43.670517778],[7.227028611,43.670495278],[7.2270675,43.670474444],[7.227150556,43.670436111],[7.227181667,43.6704175],[7.227205833,43.670403611],[7.227231111,43.670393889],[7.227249444,43.670388889],[7.227272778,43.670387778],[7.227296389,43.670389722],[7.227318611,43.670394722],[7.227354167,43.670401667],[7.227384167,43.670417778],[7.22831,43.671090556],[7.228538333,43.671241667],[7.228960278,43.671484722],[7.229307778,43.672006667],[7.229385,43.672128611],[7.229380556,43.672192778],[7.229362222,43.672318056],[7.229333611,43.672395278],[7.229283889,43.672506111],[7.229226389,43.672597778],[7.229144722,43.672697778],[7.229072778,43.672773333],[7.228988333,43.672843889],[7.228875278,43.6729175],[7.228793889,43.672963333],[7.228693056,43.673009722],[7.2285875,43.673051111],[7.228499722,43.673079444],[7.228531111,43.673205],[7.228439444,43.673241111],[7.227897778,43.673265556],[7.227872222,43.673139444],[7.227803611,43.673131111],[7.227752778,43.673125833],[7.227623611,43.673101944],[7.22754,43.673080278],[7.227458611,43.673056111],[7.227389722,43.673033333],[7.2273425,43.673015278],[7.227293889,43.672994722],[7.227248611,43.672973611],[7.2272225,43.672960556],[7.227184722,43.672940556],[7.227144722,43.672916944],[7.227105833,43.672891389],[7.227074722,43.672869167],[7.227035833,43.672841389],[7.226988333,43.672806111],[7.226939444,43.672768889],[7.226892222,43.672731667],[7.226841389,43.672692778],[7.226785278,43.67265],[7.226521944,43.672456389],[7.226416667,43.672379722],[7.226359722,43.672338611],[7.226299722,43.672295],[7.22624,43.672250833],[7.226198056,43.672219167],[7.226157222,43.6721875],[7.226123333,43.672158889],[7.226083333,43.672123611],[7.226038611,43.672081111],[7.226011111,43.672053611],[7.225990833,43.672031944],[7.225970833,43.672010278],[7.225948333,43.671985278],[7.225926944,43.671960833],[7.225907222,43.671937222],[7.225889167,43.671913333],[7.225871667,43.671890556],[7.22586,43.671874444],[7.225843056,43.671850833],[7.225824444,43.671828889],[7.225813889,43.671817778],[7.225761389,43.671775556],[7.225706667,43.671733333],[7.225652778,43.671693611],[7.225067222,43.671246111],[7.223337222,43.669983056],[7.223164167,43.6698575],[7.223048889,43.669774444],[7.222882778,43.669660556],[7.222750556,43.669569167],[7.222658056,43.669505833],[7.22255,43.669431944],[7.222475,43.669380278],[7.222196111,43.669189444],[7.222069167,43.669100556],[7.22198,43.669037222],[7.221899167,43.668979167],[7.221710278,43.668841389],[7.221648611,43.668795833],[7.221535278,43.668711389],[7.221453333,43.668652222],[7.220915556,43.668256667],[7.220873611,43.668222778],[7.220847778,43.668201111],[7.220823889,43.668178889],[7.22081,43.668163611],[7.220790556,43.6681425],[7.220745,43.668083611],[7.220696389,43.668013889],[7.220771389,43.667911944],[7.221155278,43.667630833],[7.220886111,43.667478611],[7.219726944,43.666630556],[7.219969444,43.666476389],[7.220019167,43.666444167],[7.220193056,43.666531111],[7.222421944,43.668128889],[7.222843333,43.668438333],[7.223726667,43.668981389],[7.225729444,43.670437778],[7.225805,43.670471944],[7.225891944,43.670505],[7.225987222,43.670537222],[7.226103611,43.670566111],[7.226212778,43.670586944],[7.226341389,43.670602222],[7.226457222,43.670608056],[7.226618889,43.670600278],[7.226733611,43.670582222],[7.226835,43.670557778],[7.226913611,43.670534722],[7.226960833,43.670517778]]]}},{"type":"Feature","id":"surface.hard_surface_3.002","properties":{"name":"Hard surface type 3 002","layer":"Airfield surfaces","category":"Hard surfaces — type 3","object_type":"Area","style_id":"surface.hard_surface_3","airport":"LFMN","geometry_role":"filled_region"},"geometry":{"type":"Polygon","coordinates":[[[7.206620278,43.658388333],[7.207338611,43.658905833],[7.20742,43.658979167],[7.207494722,43.659053889],[7.207588611,43.659173889],[7.207640833,43.659264167],[7.207693889,43.659383611],[7.207733056,43.659506111],[7.207755833,43.659628056],[7.207753056,43.659725833],[7.207731389,43.659853056],[7.2076425,43.660261111],[7.207378056,43.661413889],[7.207220833,43.662095833],[7.207180278,43.662288333],[7.207124444,43.662534444],[7.207112222,43.662593889],[7.207095278,43.662621667],[7.207082778,43.662645556],[7.207064722,43.662665278],[7.207046111,43.662680278],[7.207025278,43.662691944],[7.207006111,43.662702222],[7.206987222,43.6627075],[7.206891389,43.662712778],[7.206743333,43.662724444],[7.206118056,43.662787222],[7.206055556,43.662814167],[7.206321389,43.663002222],[7.206425278,43.663495278],[7.206683889,43.663495556],[7.206828889,43.66348],[7.207158889,43.663466944],[7.207589167,43.663450833],[7.207855556,43.663451389],[7.20904,43.663591944],[7.209514722,43.663562222],[7.2099225,43.663536389],[7.209989722,43.6635275],[7.210063056,43.663513611],[7.210147778,43.663493889],[7.210195,43.663483333],[7.210240556,43.663469722],[7.210290556,43.66346],[7.210325278,43.663456389],[7.210673056,43.663481111],[7.211972222,43.663620278],[7.213828611,43.663835833],[7.213951389,43.663851111],[7.214039722,43.663866389],[7.214094167,43.663878056],[7.214171111,43.663897222],[7.214247778,43.663923611],[7.214339722,43.663955278],[7.214405833,43.663986667],[7.214493611,43.664032222],[7.214563056,43.664074167],[7.214889722,43.664307778],[7.216513056,43.665493333],[7.217823056,43.666449167],[7.217822778,43.666534167],[7.216956667,43.666561667],[7.216908611,43.666559444],[7.216821389,43.666549167],[7.216720556,43.6665225],[7.216649722,43.666495],[7.216577778,43.666457778],[7.216234444,43.666213889],[7.216118889,43.666130556],[7.216098056,43.666110556],[7.216081667,43.666083333],[7.216073611,43.666053611],[7.216076389,43.666023333],[7.216078056,43.665987222],[7.2160775,43.665959444],[7.216069167,43.665927222],[7.21606,43.665908333],[7.216039444,43.665874444],[7.216006667,43.665844167],[7.215675833,43.665601667],[7.2155425,43.665507222],[7.21547,43.665453333],[7.215381389,43.665363611],[7.215308611,43.665297778],[7.215229722,43.665238056],[7.214847222,43.664961667],[7.214734444,43.664879722],[7.214693056,43.664847778],[7.214623333,43.6648075],[7.214576667,43.664781944],[7.214547222,43.664769444],[7.2144875,43.664755556],[7.211785,43.664408889],[7.2094825,43.664126944],[7.208282778,43.6639875],[7.207091389,43.663849167],[7.205739722,43.663684722],[7.205596111,43.663673889],[7.205521944,43.663645278],[7.205441111,43.66361],[7.205365556,43.663556389],[7.205285833,43.663499722],[7.205241667,43.663418889],[7.205210556,43.663363611],[7.205197778,43.663305],[7.205365,43.662563889],[7.205373889,43.662532222],[7.205387222,43.662500278],[7.205417778,43.662462778],[7.2054575,43.662425],[7.205494444,43.662404444],[7.205528056,43.662391389],[7.205990556,43.662255556],[7.2060225,43.662245],[7.2060475,43.662227222],[7.206067222,43.662208611],[7.206087222,43.6621875],[7.206123333,43.662076944],[7.206557778,43.6601675],[7.206638333,43.660061111],[7.206748889,43.659959444],[7.206801944,43.659865833],[7.206815,43.659785],[7.206814722,43.659568056],[7.206775278,43.659490278],[7.206709722,43.659401389],[7.206631667,43.659309722],[7.206503889,43.659219167],[7.206428889,43.659168889],[7.206275556,43.659100278],[7.20615,43.659073333],[7.206080278,43.659021389],[7.205995,43.658949444],[7.205891944,43.658885278],[7.205750278,43.658820278],[7.205608611,43.6587775],[7.205410833,43.658634722],[7.205203889,43.658423889],[7.205128056,43.658352222],[7.205059722,43.658301389],[7.204999722,43.658268056],[7.204800278,43.658172222],[7.204658333,43.658152778],[7.204566667,43.658112778],[7.204471111,43.658008889],[7.204431389,43.657951389],[7.204378889,43.657870556],[7.204285556,43.657787222],[7.204234722,43.657806389],[7.204190278,43.657799444],[7.2041675,43.657795],[7.202835833,43.656824167],[7.202821111,43.656810278],[7.202812222,43.656793333],[7.202739722,43.656420833],[7.202729722,43.656402222],[7.20272,43.656386389],[7.202283333,43.655973333],[7.202276944,43.655646111],[7.202506667,43.655382222],[7.204916389,43.657138056],[7.206620278,43.658388333]]]}},{"type":"Feature","id":"surface.hard_surface_2.002","properties":{"name":"Hard surface type 2 002","layer":"Airfield surfaces","category":"Hard surfaces — type 2","object_type":"Area","style_id":"surface.hard_surface_2","airport":"LFMN","geometry_role":"filled_region"},"geometry":{"type":"Polygon","coordinates":[[[7.225835278,43.666492222],[7.226091944,43.666304444],[7.226197778,43.6662125],[7.226222778,43.666143333],[7.226226389,43.666076389],[7.226224167,43.666005],[7.226166389,43.665894167],[7.226132222,43.6658575],[7.225416667,43.665334167],[7.225066389,43.665080278],[7.224519444,43.6646875],[7.224490278,43.664687778],[7.224467778,43.664703056],[7.224233056,43.664538333],[7.223955556,43.664356944],[7.223716111,43.664213333],[7.223548889,43.664121667],[7.223375,43.664058889],[7.223319444,43.6640425],[7.2232525,43.664030278],[7.223206389,43.664027222],[7.223141111,43.664034444],[7.2229475,43.663485],[7.223007778,43.663475556],[7.2230925,43.663466389],[7.223185556,43.663464444],[7.223263889,43.663464722],[7.223350556,43.663469167],[7.223438611,43.663473333],[7.223616944,43.663509722],[7.223753611,43.663548889],[7.223889167,43.663616111],[7.224032222,43.663685278],[7.224164444,43.663789444],[7.224349722,43.663927778],[7.225568056,43.664806389],[7.225615278,43.664778333],[7.225687222,43.664826389],[7.225851111,43.664940833],[7.226100278,43.665121667],[7.226283056,43.665243333],[7.226424444,43.665314444],[7.226575,43.665399722],[7.226711389,43.665436389],[7.226827778,43.665468611],[7.226906667,43.665467222],[7.226949722,43.665622222],[7.227420278,43.666148056],[7.227335556,43.666165556],[7.227250556,43.666193611],[7.227096667,43.666266111],[7.2268475,43.66642],[7.226533889,43.666617778],[7.226260278,43.666819722],[7.225835278,43.666492222]]]}},{"type":"Feature","id":"surface.hard_surface_2.003","properties":{"name":"Hard surface type 2 003","layer":"Airfield surfaces","category":"Hard surfaces — type 2","object_type":"Area","style_id":"surface.hard_surface_2","airport":"LFMN","geometry_role":"filled_region"},"geometry":{"type":"Polygon","coordinates":[[[7.221068611,43.661903333],[7.221675556,43.661780278],[7.222299444,43.663501944],[7.221653611,43.663625556],[7.221378333,43.662801389],[7.221068611,43.661903333]]]}},{"type":"Feature","id":"surface.hard_surface_2.004","properties":{"name":"Hard surface type 2 004","layer":"Airfield surfaces","category":"Hard surfaces — type 2","object_type":"Area","style_id":"surface.hard_surface_2","airport":"LFMN","geometry_role":"filled_region"},"geometry":{"type":"Polygon","coordinates":[[[7.2173725,43.659213889],[7.217975278,43.659101944],[7.218612778,43.660846667],[7.217964444,43.660954444],[7.2173725,43.659213889]]]}},{"type":"Feature","id":"surface.hard_surface_2.005","properties":{"name":"Hard surface type 2 005","layer":"Airfield surfaces","category":"Hard surfaces — type 2","object_type":"Area","style_id":"surface.hard_surface_2","airport":"LFMN","geometry_role":"filled_region"},"geometry":{"type":"Polygon","coordinates":[[[7.209055833,43.6541525],[7.208786944,43.654104444],[7.208558611,43.654065],[7.208326944,43.654032222],[7.208514722,43.653455278],[7.208596667,43.653474722],[7.208813611,43.653518889],[7.209012222,43.6535525],[7.208966944,43.653492778],[7.208891389,43.653432778],[7.208771944,43.653366111],[7.208787778,43.653336389],[7.208539722,43.653156667],[7.208300556,43.653330556],[7.207772778,43.652953333],[7.207795833,43.652926111],[7.207816944,43.652896667],[7.207841389,43.652856111],[7.207855,43.6527975],[7.207861667,43.652728056],[7.207828056,43.652643056],[7.207766111,43.652549722],[7.207565556,43.652356667],[7.2070875,43.651996944],[7.206581111,43.651630556],[7.206395278,43.651508611],[7.206224444,43.651375833],[7.206113611,43.651294444],[7.206068889,43.651271389],[7.206068333,43.651289167],[7.206090556,43.651316389],[7.206130556,43.651354167],[7.206222778,43.651440833],[7.206321667,43.651527222],[7.20657,43.651743611],[7.2067075,43.651844167],[7.206822222,43.651915],[7.207050556,43.652084444],[7.207318611,43.652285556],[7.207398611,43.652363056],[7.207443056,43.652407778],[7.2075225,43.652499722],[7.207598611,43.652605556],[7.206971944,43.652792778],[7.206933889,43.652740278],[7.206878611,43.652673333],[7.206821111,43.652604444],[7.206693611,43.652494167],[7.206294444,43.652165278],[7.205704444,43.6517425],[7.205274444,43.651441111],[7.2051775,43.651498333],[7.204633889,43.651125],[7.2042925,43.6511],[7.204271944,43.650958333],[7.204241389,43.650851944],[7.2041825,43.650744444],[7.204065,43.650610278],[7.203708889,43.650295556],[7.202744444,43.649599167],[7.200574444,43.647996944],[7.200963333,43.647732778],[7.200994722,43.647754722],[7.201054722,43.6477125],[7.201075556,43.647733611],[7.201105,43.647724444],[7.201128056,43.647698889],[7.201165278,43.647634444],[7.201231111,43.647561944],[7.201336667,43.647462222],[7.201486389,43.647353056],[7.201665556,43.647224722],[7.202291944,43.647636389],[7.202288889,43.647691667],[7.202306389,43.647734722],[7.202339722,43.64779],[7.202379167,43.647820833],[7.202465278,43.647921944],[7.202571111,43.647839722],[7.203160278,43.648291944],[7.203169722,43.648333611],[7.203175833,43.648385278],[7.203226944,43.648450833],[7.203292222,43.648518889],[7.203492778,43.648703056],[7.20369,43.648855278],[7.203901389,43.649018333],[7.205801667,43.650393889],[7.205903889,43.650311389],[7.206519722,43.650740278],[7.206530278,43.650791667],[7.206546111,43.650858611],[7.206591667,43.650928056],[7.206740833,43.651081111],[7.207160556,43.651379722],[7.208546667,43.652397222],[7.208690278,43.652301389],[7.209302222,43.652764444],[7.209318889,43.652834167],[7.2093775,43.652923889],[7.209682222,43.653251667],[7.209755556,43.653360556],[7.209843333,43.6534875],[7.209906667,43.6536375],[7.209921667,43.653782222],[7.210913056,43.653982778],[7.210765,43.654412222],[7.209831111,43.654246667],[7.209732222,43.654688889],[7.209145,43.654583056],[7.209225278,43.654187222],[7.209055833,43.6541525]]]}},{"type":"Feature","id":"surface.hard_surface_2.006","properties":{"name":"Hard surface type 2 006","layer":"Airfield surfaces","category":"Hard surfaces — type 2","object_type":"Area","style_id":"surface.hard_surface_2","airport":"LFMN","geometry_role":"filled_region"},"geometry":{"type":"Polygon","coordinates":[[[7.222290556,43.663483889],[7.222313333,43.663564722],[7.221671111,43.663686389],[7.221646111,43.6635975],[7.222290556,43.663483889]]]}},{"type":"Feature","id":"surface.hard_surface_3.003","properties":{"name":"Hard surface type 3 003","layer":"Airfield surfaces","category":"Hard surfaces — type 3","object_type":"Area","style_id":"surface.hard_surface_3","airport":"LFMN","geometry_role":"filled_region"},"geometry":{"type":"Polygon","coordinates":[[[7.204821389,43.655360278],[7.205047778,43.655524444],[7.205125833,43.6555825],[7.205192778,43.655632778],[7.205301111,43.655716111],[7.205397778,43.6557925],[7.205581111,43.655936111],[7.205651667,43.655993333],[7.205695556,43.656030556],[7.205746944,43.656076667],[7.205795833,43.656122222],[7.205830278,43.656155],[7.205845556,43.656173889],[7.205854722,43.656189167],[7.205903889,43.6562425],[7.205648889,43.6564225],[7.20559,43.656380278],[7.205564722,43.656368889],[7.205538333,43.656355],[7.205488889,43.656328333],[7.205441944,43.656302778],[7.205377778,43.656263611],[7.205304722,43.656217778],[7.205248611,43.656181111],[7.205158333,43.656121389],[7.205100556,43.656081944],[7.205065556,43.656057778],[7.204963056,43.655986389],[7.204844167,43.655904167],[7.204756944,43.655843056],[7.204618056,43.655743611],[7.202972222,43.654545],[7.203327222,43.654271111],[7.204821389,43.655360278]]]}},{"type":"Feature","id":"surface.hard_surface_3.004","properties":{"name":"Hard surface type 3 004","layer":"Airfield surfaces","category":"Hard surfaces — type 3","object_type":"Area","style_id":"surface.hard_surface_3","airport":"LFMN","geometry_role":"filled_region"},"geometry":{"type":"Polygon","coordinates":[[[7.206569167,43.657179167],[7.206560833,43.657162222],[7.206554722,43.657144722],[7.2065525,43.657130278],[7.2065525,43.657113333],[7.206555278,43.657101111],[7.206561111,43.657086389],[7.206570278,43.657068056],[7.206580556,43.657050278],[7.206593611,43.657032222],[7.206611667,43.657012222],[7.206630833,43.656994444],[7.206648889,43.656980278],[7.206666667,43.6569675],[7.206686389,43.656956389],[7.206706111,43.656946667],[7.206731389,43.656936944],[7.206756111,43.656929444],[7.2067825,43.656923611],[7.206809167,43.65692],[7.206837222,43.656918611],[7.206862222,43.65692],[7.206881667,43.656923611],[7.206901944,43.656929722],[7.206920556,43.656936667],[7.206937778,43.656946111],[7.206968056,43.656964167],[7.207005833,43.6569875],[7.207043056,43.657010556],[7.207074167,43.657030278],[7.207115833,43.657056667],[7.207148889,43.657078056],[7.207186944,43.657101944],[7.207238889,43.657136111],[7.207338889,43.657203333],[7.207378611,43.657230278],[7.207425278,43.657263333],[7.207754444,43.657496389],[7.207972778,43.657654722],[7.208030278,43.657695833],[7.208047222,43.657708611],[7.208057222,43.657719167],[7.208066111,43.657729722],[7.208073333,43.657743333],[7.208080556,43.657763056],[7.208084722,43.657782222],[7.208086389,43.657795556],[7.208086111,43.657818611],[7.208083889,43.657943056],[7.208082778,43.657966111],[7.208078056,43.657985],[7.20807,43.658006389],[7.208056111,43.658031667],[7.208038056,43.658053889],[7.2080175,43.658071944],[7.2079925,43.658087778],[7.207968333,43.658098889],[7.207943056,43.658105833],[7.207910278,43.658111111],[7.207877778,43.658111944],[7.207843889,43.658108889],[7.2078125,43.658101667],[7.2077825,43.658090278],[7.207757222,43.658076944],[7.207700833,43.658043333],[7.20766,43.658017222],[7.207589167,43.657971944],[7.207428056,43.657864444],[7.207341667,43.657805833],[7.207269444,43.657755],[7.2071375,43.657658889],[7.207042778,43.657585278],[7.206939167,43.657504444],[7.2068525,43.657434444],[7.2067525,43.657352778],[7.206691944,43.657300833],[7.20664,43.657253611],[7.206593611,43.657208333],[7.206579722,43.657193056],[7.206569167,43.657179167]]]}},{"type":"Feature","id":"surface.hard_surface_3.005","properties":{"name":"Hard surface type 3 005","layer":"Airfield surfaces","category":"Hard surfaces — type 3","object_type":"Area","style_id":"surface.hard_surface_3","airport":"LFMN","geometry_role":"filled_region"},"geometry":{"type":"Polygon","coordinates":[[[7.209281111,43.659382222],[7.209093333,43.659231944],[7.209055833,43.6592],[7.209032222,43.659176111],[7.209012778,43.659149167],[7.209000556,43.659128333],[7.20899,43.659106389],[7.208985,43.659081944],[7.208986667,43.659058889],[7.208993333,43.659036389],[7.2090075,43.658993889],[7.209093333,43.658722778],[7.209103056,43.658696667],[7.209111667,43.658681667],[7.209120556,43.658669722],[7.209132778,43.658657222],[7.209150833,43.658642222],[7.209167778,43.658631389],[7.209188056,43.658621389],[7.209213333,43.6586125],[7.209238611,43.658606667],[7.209264722,43.658603889],[7.209291111,43.6586025],[7.209316667,43.658605],[7.209342778,43.658609444],[7.209373056,43.658618889],[7.209396667,43.658628333],[7.209433056,43.65865],[7.209491111,43.658683333],[7.209561111,43.658724167],[7.209586111,43.658739167],[7.209637778,43.658773611],[7.209722778,43.658830278],[7.209758056,43.658853889],[7.209790278,43.658879722],[7.209882778,43.6589575],[7.210007222,43.659058889],[7.210088611,43.659126944],[7.210166667,43.659202778],[7.210201111,43.659235278],[7.2102175,43.659254444],[7.210238889,43.659281111],[7.210263889,43.659313889],[7.210275833,43.6593325],[7.210283889,43.659354444],[7.210287222,43.659375556],[7.210285833,43.659396667],[7.210278889,43.659418611],[7.210266389,43.659452778],[7.210183333,43.659658333],[7.210163611,43.659691389],[7.210136389,43.659718611],[7.210107778,43.659738056],[7.210077222,43.659755278],[7.210026944,43.659771667],[7.209982778,43.659779444],[7.209936111,43.659781389],[7.2098925,43.659776944],[7.209849444,43.659766667],[7.20981,43.659751389],[7.209773333,43.659730278],[7.209727778,43.659701389],[7.209639444,43.659642222],[7.209499444,43.659546111],[7.209375556,43.659455278],[7.209281111,43.659382222]]]}},{"type":"Feature","id":"surface.hard_surface_3.006","properties":{"name":"Hard surface type 3 006","layer":"Airfield surfaces","category":"Hard surfaces — type 3","object_type":"Area","style_id":"surface.hard_surface_3","airport":"LFMN","geometry_role":"filled_region"},"geometry":{"type":"Polygon","coordinates":[[[7.208245,43.662471389],[7.208251944,43.662339167],[7.208288889,43.662118056],[7.208523889,43.661031111],[7.208665,43.660413611],[7.208715833,43.660392778],[7.208746111,43.660413611],[7.208816667,43.660415278],[7.209016111,43.660312222],[7.208917222,43.660143611],[7.209031389,43.660128056],[7.209120833,43.660260833],[7.209178333,43.660233889],[7.209215,43.660135278],[7.209440833,43.660193611],[7.209449722,43.660443889],[7.209518611,43.660465],[7.209512222,43.660490278],[7.209626389,43.660554722],[7.209647778,43.660581389],[7.209661111,43.660627778],[7.209655278,43.660670833],[7.209636389,43.6607125],[7.209588056,43.660774167],[7.209632778,43.660783611],[7.209708889,43.660795],[7.209834722,43.660802778],[7.209886111,43.660736111],[7.209898889,43.660762778],[7.209910278,43.6607875],[7.209906944,43.6608325],[7.209758056,43.661511667],[7.209679167,43.661858333],[7.209541667,43.662398889],[7.209495556,43.662538889],[7.209451667,43.662649167],[7.209411111,43.662724167],[7.20937,43.662784444],[7.209129444,43.662790556],[7.208938889,43.662780556],[7.2087875,43.662766389],[7.2086375,43.662742222],[7.208455833,43.66271],[7.2082575,43.662653056],[7.208246667,43.662569444],[7.208245,43.662471389]]]}},{"type":"Feature","id":"surface.hard_surface_3.007","properties":{"name":"Hard surface type 3 007","layer":"Airfield surfaces","category":"Hard surfaces — type 3","object_type":"Area","style_id":"surface.hard_surface_3","airport":"LFMN","geometry_role":"filled_region"},"geometry":{"type":"Polygon","coordinates":[[[7.212840278,43.662883611],[7.212840556,43.662896111],[7.21283,43.662921111],[7.212818056,43.662935833],[7.212808056,43.662945278],[7.212793611,43.662955556],[7.212783333,43.662961389],[7.2127675,43.662965556],[7.212748889,43.662970833],[7.2127225,43.662973056],[7.212695,43.66297],[7.212292222,43.662921667],[7.211808056,43.66286],[7.211397222,43.662805556],[7.211077222,43.662751667],[7.210900556,43.662714444],[7.210738333,43.66267],[7.210663056,43.662649722],[7.210660833,43.662623056],[7.210658056,43.6625925],[7.210643333,43.662521111],[7.210651667,43.662423611],[7.210693889,43.662071944],[7.210733611,43.661855],[7.210763611,43.661693056],[7.210777222,43.661623889],[7.210781111,43.661612778],[7.210788611,43.661581944],[7.210794444,43.661563611],[7.210806111,43.661540556],[7.210836944,43.661521667],[7.2108625,43.661509167],[7.21089,43.661503333],[7.210918333,43.661510556],[7.210954444,43.661526389],[7.211016667,43.661557778],[7.211096667,43.661604444],[7.211219722,43.6616725],[7.211611389,43.6619425],[7.212036111,43.662244722],[7.212453889,43.662551389],[7.212708611,43.662751944],[7.2128,43.66283],[7.212833611,43.662862222],[7.212840278,43.662883611]]]}},{"type":"Feature","id":"surface.hard_surface_3.008","properties":{"name":"Hard surface type 3 008","layer":"Airfield surfaces","category":"Hard surfaces — type 3","object_type":"Area","style_id":"surface.hard_surface_3","airport":"LFMN","geometry_role":"filled_region"},"geometry":{"type":"Polygon","coordinates":[[[7.2111175,43.660353056],[7.2111275,43.6603225],[7.211138333,43.660297778],[7.211156389,43.660268333],[7.211171667,43.660243611],[7.211194722,43.660220556],[7.211225833,43.660198056],[7.211266667,43.660178889],[7.211318333,43.660165278],[7.211372778,43.660161667],[7.211399722,43.660163611],[7.211427778,43.660170556],[7.211460278,43.660185],[7.211500278,43.660209722],[7.215224722,43.662915278],[7.215283611,43.662958611],[7.215302778,43.662974167],[7.215314722,43.662985556],[7.2153275,43.663001667],[7.215337222,43.663021111],[7.215345833,43.663043333],[7.215349722,43.663065],[7.215347778,43.663088611],[7.2153425,43.663105278],[7.215328333,43.6631325],[7.2153075,43.663163889],[7.215281944,43.663190278],[7.215256944,43.663211667],[7.215235278,43.663225556],[7.2151925,43.663245833],[7.215147778,43.663266667],[7.215112778,43.663278611],[7.215086111,43.663286111],[7.215067778,43.663289444],[7.215049444,43.663289722],[7.215011389,43.663287778],[7.214985,43.663285],[7.214871111,43.663261389],[7.214832222,43.663253333],[7.2148,43.663243889],[7.214619444,43.663186667],[7.214576111,43.663171389],[7.214538611,43.663155],[7.214503611,43.663133889],[7.211623056,43.661058333],[7.211428611,43.66091],[7.211400556,43.660888611],[7.211296389,43.660800556],[7.21119,43.660709444],[7.211178333,43.660699722],[7.211112222,43.660628889],[7.211087222,43.660601389],[7.211074722,43.660581667],[7.211066389,43.660554167],[7.211063056,43.660523056],[7.211071111,43.660489444],[7.2111175,43.660353056]]]}},{"type":"Feature","id":"surface.hard_surface_3.009","properties":{"name":"Hard surface type 3 009","layer":"Airfield surfaces","category":"Hard surfaces — type 3","object_type":"Area","style_id":"surface.hard_surface_3","airport":"LFMN","geometry_role":"filled_region"},"geometry":{"type":"Polygon","coordinates":[[[7.216193333,43.663744167],[7.216206111,43.663736667],[7.216226944,43.663729167],[7.21625,43.663722778],[7.216280556,43.663718333],[7.2163,43.663717778],[7.2163175,43.663721389],[7.216335278,43.66373],[7.216356667,43.663745278],[7.219007222,43.665673889],[7.219028889,43.665691389],[7.219051111,43.665713611],[7.219066944,43.665733056],[7.218946111,43.665858889],[7.218823056,43.665948333],[7.218773611,43.665928056],[7.218744167,43.665913056],[7.218711667,43.665893333],[7.2186825,43.665871111],[7.2186425,43.665840278],[7.218607222,43.6658175],[7.218564722,43.665791944],[7.218518611,43.665766389],[7.2184725,43.665743889],[7.218364722,43.665700556],[7.218330833,43.665686389],[7.218292778,43.665665278],[7.2182325,43.665625556],[7.218200556,43.665601389],[7.218171667,43.665576944],[7.218153333,43.665559444],[7.218127778,43.665535278],[7.218093889,43.665508333],[7.218051389,43.6654775],[7.218013333,43.665452222],[7.217979722,43.665432778],[7.217936944,43.665408333],[7.217874167,43.6653725],[7.217771111,43.665315],[7.217717222,43.665284722],[7.217678611,43.665259722],[7.216802778,43.664624167],[7.216284167,43.6642475],[7.216228333,43.6642075],[7.216196111,43.664183056],[7.216163056,43.664154444],[7.216133333,43.664124722],[7.216110556,43.664098889],[7.216076944,43.664055556],[7.216047222,43.66401],[7.216016389,43.663946944],[7.215993333,43.663888056],[7.216193333,43.663744167]]]}},{"type":"Feature","id":"surface.hard_surface_3.010","properties":{"name":"Hard surface type 3 010","layer":"Airfield surfaces","category":"Hard surfaces — type 3","object_type":"Area","style_id":"surface.hard_surface_3","airport":"LFMN","geometry_role":"filled_region"},"geometry":{"type":"Polygon","coordinates":[[[7.214834722,43.651178056],[7.214498611,43.651420833],[7.214163889,43.651168611],[7.214488611,43.650930833],[7.214834722,43.651178056]]]}},{"type":"Feature","id":"surface.hard_surface_4.007","properties":{"name":"Hard surface type 4 007","layer":"Airfield surfaces","category":"Hard surfaces — type 4","object_type":"Area","style_id":"surface.hard_surface_4","airport":"LFMN","geometry_role":"filled_region"},"geometry":{"type":"Polygon","coordinates":[[[7.204348611,43.6535375],[7.2042175,43.6536225],[7.204119444,43.653549444],[7.204931944,43.652941389],[7.205058889,43.653027778],[7.204370833,43.653518611],[7.204449167,43.653578333],[7.204406667,43.653621111],[7.204366944,43.653592778],[7.204399722,43.653570278],[7.204348611,43.6535375]]]}},{"type":"Feature","id":"surface.hard_surface_4.008","properties":{"name":"Hard surface type 4 008","layer":"Airfield surfaces","category":"Hard surfaces — type 4","object_type":"Area","style_id":"surface.hard_surface_4","airport":"LFMN","geometry_role":"filled_region"},"geometry":{"type":"Polygon","coordinates":[[[7.205928611,43.652216667],[7.205946667,43.652228333],[7.2061575,43.652076111],[7.206266667,43.652145556],[7.206050278,43.652307778],[7.206094722,43.652346944],[7.205778333,43.652578889],[7.205596111,43.6524475],[7.205928611,43.652216667]]]}},{"type":"Feature","id":"surface.hard_surface_4.009","properties":{"name":"Hard surface type 4 009","layer":"Airfield surfaces","category":"Hard surfaces — type 4","object_type":"Area","style_id":"surface.hard_surface_4","airport":"LFMN","geometry_role":"filled_region"},"geometry":{"type":"Polygon","coordinates":[[[7.210127222,43.649251667],[7.2088025,43.650223333],[7.208775,43.650201111],[7.210130556,43.649207222],[7.210127222,43.649251667]]]}},{"type":"Feature","id":"surface.hard_surface_4.010","properties":{"name":"Hard surface type 4 010","layer":"Airfield surfaces","category":"Hard surfaces — type 4","object_type":"Area","style_id":"surface.hard_surface_4","airport":"LFMN","geometry_role":"filled_region"},"geometry":{"type":"Polygon","coordinates":[[[7.207143889,43.651363889],[7.207341667,43.651215556],[7.207304722,43.651183056],[7.207621944,43.650948611],[7.207812222,43.651085556],[7.207494167,43.651317222],[7.207443611,43.651291667],[7.207226389,43.651436111],[7.207140278,43.651366667],[7.207143889,43.651363889]]]}},{"type":"Feature","id":"surface.hard_surface_4.011","properties":{"name":"Hard surface type 4 011","layer":"Airfield surfaces","category":"Hard surfaces — type 4","object_type":"Area","style_id":"surface.hard_surface_4","airport":"LFMN","geometry_role":"filled_region"},"geometry":{"type":"Polygon","coordinates":[[[7.21009,43.649111667],[7.208256111,43.65045],[7.2082225,43.650425833],[7.210076667,43.649086111],[7.21009,43.649111667]]]}},{"type":"Feature","id":"surface.hard_surface_4.012","properties":{"name":"Hard surface type 4 012","layer":"Airfield surfaces","category":"Hard surfaces — type 4","object_type":"Area","style_id":"surface.hard_surface_4","airport":"LFMN","geometry_role":"filled_region"},"geometry":{"type":"Polygon","coordinates":[[[7.209403056,43.649250833],[7.209425278,43.649236944],[7.209649444,43.649401667],[7.209628333,43.649420833],[7.209403056,43.649250833]]]}},{"type":"Feature","id":"surface.hard_surface_4.013","properties":{"name":"Hard surface type 4 013","layer":"Airfield surfaces","category":"Hard surfaces — type 4","object_type":"Area","style_id":"surface.hard_surface_4","airport":"LFMN","geometry_role":"filled_region"},"geometry":{"type":"Polygon","coordinates":[[[7.202473889,43.645907222],[7.202570833,43.645878611],[7.202691944,43.645878333],[7.202987222,43.645904167],[7.203442778,43.645968333],[7.204179722,43.646036944],[7.204511111,43.646073611],[7.205211389,43.646204444],[7.205548056,43.646335278],[7.205804167,43.646468333],[7.206078889,43.646653056],[7.206308333,43.646853889],[7.206622222,43.647177778],[7.206897778,43.647436111],[7.207233611,43.647705556],[7.207675,43.64796],[7.208061944,43.648118611],[7.208563889,43.648279722],[7.209183889,43.648455556],[7.209607222,43.648635278],[7.209946389,43.648868056],[7.210118056,43.649053333],[7.210141944,43.649039722],[7.210191389,43.648990556],[7.210378056,43.649146389],[7.210146111,43.649299167],[7.210091944,43.649141667],[7.210055,43.649052778],[7.209947222,43.648919722],[7.209745833,43.6487525],[7.209405,43.648559167],[7.208791389,43.648357222],[7.208355556,43.648240833],[7.207847778,43.648062778],[7.207426944,43.647848333],[7.207076944,43.647615556],[7.206757222,43.647338056],[7.206492778,43.647064167],[7.206223889,43.646808889],[7.206016389,43.646631667],[7.205667778,43.646419444],[7.205263056,43.646237222],[7.204871111,43.646148889],[7.204184722,43.646066944],[7.202876111,43.645920278],[7.202615556,43.645900278],[7.202516389,43.645912778],[7.202382778,43.645955556],[7.202298056,43.645999444],[7.202268333,43.645977778],[7.202373333,43.645938056],[7.202473889,43.645907222]]]}},{"type":"Feature","id":"surface.hard_surface_4.014","properties":{"name":"Hard surface type 4 014","layer":"Airfield surfaces","category":"Hard surfaces — type 4","object_type":"Area","style_id":"surface.hard_surface_4","airport":"LFMN","geometry_role":"filled_region"},"geometry":{"type":"Polygon","coordinates":[[[7.210049167,43.651695833],[7.210094722,43.651675],[7.211079444,43.650886944],[7.211183056,43.650791944],[7.211209444,43.650752778],[7.211197778,43.650722778],[7.211192222,43.650683333],[7.211227222,43.650705278],[7.211270833,43.650743611],[7.211404167,43.650836667],[7.211361389,43.65083],[7.211318056,43.650824167],[7.211272778,43.650839722],[7.2112325,43.650855],[7.211132222,43.650905833],[7.210178889,43.651656667],[7.210146111,43.651704444],[7.210119722,43.651756389],[7.210101111,43.651785],[7.209990833,43.651706944],[7.210049167,43.651695833]]]}},{"type":"Feature","id":"surface.hard_surface_4.015","properties":{"name":"Hard surface type 4 015","layer":"Airfield surfaces","category":"Hard surfaces — type 4","object_type":"Area","style_id":"surface.hard_surface_4","airport":"LFMN","geometry_role":"filled_region"},"geometry":{"type":"Polygon","coordinates":[[[7.2224875,43.658468611],[7.222355556,43.658490833],[7.222284167,43.658533333],[7.222243333,43.658536389],[7.221901667,43.658279444],[7.222460833,43.657864444],[7.223197222,43.658355556],[7.22307,43.658330278],[7.222984722,43.658321389],[7.222891667,43.658326944],[7.222774167,43.658359167],[7.222711667,43.658396389],[7.222627222,43.658441389],[7.2224875,43.658468611]]]}},{"type":"Feature","id":"surface.hard_surface_4.016","properties":{"name":"Hard surface type 4 016","layer":"Airfield surfaces","category":"Hard surfaces — type 4","object_type":"Area","style_id":"surface.hard_surface_4","airport":"LFMN","geometry_role":"filled_region"},"geometry":{"type":"Polygon","coordinates":[[[7.223990833,43.659810833],[7.223974444,43.659622778],[7.224308056,43.6595125],[7.223990833,43.659810833]]]}},{"type":"Feature","id":"surface.hard_surface_4.017","properties":{"name":"Hard surface type 4 017","layer":"Airfield surfaces","category":"Hard surfaces — type 4","object_type":"Area","style_id":"surface.hard_surface_4","airport":"LFMN","geometry_role":"filled_region"},"geometry":{"type":"Polygon","coordinates":[[[7.223884444,43.659151389],[7.223934167,43.659138611],[7.223980556,43.6594125],[7.2239825,43.659636111],[7.223943889,43.659635833],[7.223884444,43.659151389]]]}},{"type":"Feature","id":"surface.hard_surface_4.018","properties":{"name":"Hard surface type 4 018","layer":"Airfield surfaces","category":"Hard surfaces — type 4","object_type":"Area","style_id":"surface.hard_surface_4","airport":"LFMN","geometry_role":"filled_region"},"geometry":{"type":"Polygon","coordinates":[[[7.201751389,43.652943056],[7.2016125,43.6530775],[7.201459722,43.653292778],[7.201345278,43.653523611],[7.201277778,43.653750278],[7.201229444,43.6540325],[7.201257778,43.654218056],[7.201415833,43.654611944],[7.2015025,43.654754722],[7.201585556,43.6548975],[7.201758056,43.655201389],[7.201904722,43.655451944],[7.201960833,43.655567222],[7.202051389,43.65579],[7.202030833,43.655403333],[7.202091944,43.655216111],[7.20217,43.655085833],[7.202227778,43.654981389],[7.202273056,43.654934722],[7.202314167,43.654893611],[7.202408611,43.654960833],[7.202356667,43.655036389],[7.202270556,43.655136944],[7.202181111,43.655359167],[7.202152222,43.655504444],[7.202145,43.655755],[7.202166667,43.655913333],[7.202274444,43.655963611],[7.202708611,43.656361944],[7.202902222,43.656582778],[7.202955833,43.656900833],[7.202941111,43.657271111],[7.202987222,43.658101667],[7.2020825,43.658014444],[7.202041111,43.658188889],[7.201947778,43.658175],[7.201953611,43.6580775],[7.201967222,43.6579525],[7.201975833,43.657866944],[7.201955556,43.657638611],[7.201918889,43.657276944],[7.201890556,43.656938333],[7.201857222,43.656737778],[7.201772222,43.6563375],[7.201685,43.655986111],[7.201619167,43.655755556],[7.201626111,43.6555475],[7.20158,43.655431389],[7.201578056,43.655346944],[7.201612222,43.655298333],[7.201673611,43.655224167],[7.201624167,43.655118333],[7.201571944,43.655135833],[7.201531111,43.655125556],[7.201503056,43.655078056],[7.201504722,43.655027778],[7.201555,43.654966667],[7.201491944,43.654827222],[7.201406667,43.654678056],[7.2013325,43.654516389],[7.2012825,43.654378056],[7.201215278,43.654215833],[7.201188056,43.6540125],[7.201225556,43.653799167],[7.201306667,43.653535556],[7.201438333,43.653264722],[7.201605,43.653031389],[7.201732222,43.652912778],[7.201751389,43.652943056]]]}},{"type":"Feature","id":"surface.hard_surface_4.019","properties":{"name":"Hard surface type 4 019","layer":"Airfield surfaces","category":"Hard surfaces — type 4","object_type":"Area","style_id":"surface.hard_surface_4","airport":"LFMN","geometry_role":"filled_region"},"geometry":{"type":"Polygon","coordinates":[[[7.203169167,43.657004444],[7.204369722,43.657839722],[7.204870833,43.658320556],[7.2044825,43.658565833],[7.204359167,43.658535556],[7.204163333,43.658495833],[7.204009444,43.658477778],[7.203842222,43.658456389],[7.2037125,43.658408333],[7.2036975,43.6584025],[7.203571111,43.658291667],[7.203357778,43.658181111],[7.203349722,43.658183056],[7.203085833,43.658118611],[7.203060556,43.658124722],[7.202718333,43.658086389],[7.202464444,43.658051667],[7.202278889,43.658025278],[7.202185833,43.657985833],[7.202268333,43.656474167],[7.202905,43.656803889],[7.203169167,43.657004444]]]}},{"type":"Feature","id":"surface.hard_surface_4.020","properties":{"name":"Hard surface type 4 020","layer":"Airfield surfaces","category":"Hard surfaces — type 4","object_type":"Area","style_id":"surface.hard_surface_4","airport":"LFMN","geometry_role":"filled_region"},"geometry":{"type":"Polygon","coordinates":[[[7.224074167,43.6613],[7.223843333,43.661120278],[7.2237425,43.661040833],[7.223747778,43.661025],[7.224095278,43.661286667],[7.224473333,43.661586111],[7.224905,43.661917778],[7.225503333,43.662382222],[7.225490556,43.662393056],[7.224804722,43.661867222],[7.224074167,43.6613]]]}},{"type":"Feature","id":"surface.hard_surface_4.021","properties":{"name":"Hard surface type 4 021","layer":"Airfield surfaces","category":"Hard surfaces — type 4","object_type":"Area","style_id":"surface.hard_surface_4","airport":"LFMN","geometry_role":"filled_region"},"geometry":{"type":"Polygon","coordinates":[[[7.223275556,43.661366389],[7.223252778,43.661344444],[7.223713056,43.661031111],[7.223736111,43.661046667],[7.223275556,43.661366389]]]}},{"type":"Feature","id":"surface.hard_surface_4.022","properties":{"name":"Hard surface type 4 022","layer":"Airfield surfaces","category":"Hard surfaces — type 4","object_type":"Area","style_id":"surface.hard_surface_4","airport":"LFMN","geometry_role":"filled_region"},"geometry":{"type":"Polygon","coordinates":[[[7.217029167,43.654826111],[7.216965278,43.6547975],[7.216806111,43.654756944],[7.2166075,43.654686389],[7.216351667,43.654581389],[7.216308889,43.654563056],[7.216251944,43.654515],[7.216205278,43.654491389],[7.216073333,43.654381667],[7.215959167,43.65431],[7.215247778,43.653806944],[7.2145525,43.65331],[7.213180833,43.652335278],[7.2121625,43.651599722],[7.211522222,43.651151389],[7.211098333,43.650864444],[7.210673889,43.650592222],[7.210187778,43.65027],[7.2100825,43.650204722],[7.210029167,43.650143333],[7.209883056,43.649977778],[7.209781389,43.649860556],[7.209754167,43.649818333],[7.209748889,43.649780278],[7.209759167,43.649746667],[7.209789444,43.649709722],[7.209861667,43.649650556],[7.209926667,43.649585278],[7.210007778,43.649526111],[7.210033333,43.649513056],[7.210050556,43.649524444],[7.210069444,43.649534444],[7.210051667,43.649551944],[7.210023333,43.649535556],[7.209999444,43.649546389],[7.2099475,43.649598333],[7.209900278,43.649641667],[7.209845278,43.649694167],[7.2097825,43.649745278],[7.209768056,43.649798333],[7.209841667,43.649901944],[7.20993,43.650009167],[7.210079444,43.650176944],[7.210259444,43.6503],[7.2106725,43.650565556],[7.211173333,43.650885833],[7.211316667,43.650985556],[7.212079167,43.651513056],[7.213255,43.652368611],[7.214147222,43.653],[7.214928889,43.653545833],[7.215244444,43.653776667],[7.215798611,43.654169444],[7.216072778,43.654360556],[7.216288889,43.654521944],[7.216484444,43.654613056],[7.216751667,43.654719167],[7.216914444,43.6547675],[7.216984167,43.654785556],[7.217038333,43.654806944],[7.217170556,43.654823333],[7.217219167,43.654861111],[7.217141944,43.654840833],[7.217029167,43.654826111]]]}},{"type":"Feature","id":"surface.hard_surface_4.023","properties":{"name":"Hard surface type 4 023","layer":"Airfield surfaces","category":"Hard surfaces — type 4","object_type":"Area","style_id":"surface.hard_surface_4","airport":"LFMN","geometry_role":"filled_region"},"geometry":{"type":"Polygon","coordinates":[[[7.215196944,43.653535833],[7.215148056,43.653572778],[7.215097222,43.653598056],[7.215065833,43.653626389],[7.215051111,43.653641667],[7.215026944,43.653625556],[7.215055,43.653604167],[7.2150925,43.653584167],[7.215143333,43.653554444],[7.215144722,43.653553333],[7.215192222,43.653515],[7.215250833,43.653466111],[7.215264722,43.6534825],[7.215196944,43.653535833]]]}},{"type":"Feature","id":"surface.hard_surface_4.024","properties":{"name":"Hard surface type 4 024","layer":"Airfield surfaces","category":"Hard surfaces — type 4","object_type":"Area","style_id":"surface.hard_surface_4","airport":"LFMN","geometry_role":"filled_region"},"geometry":{"type":"Polygon","coordinates":[[[7.217607778,43.655475833],[7.217522778,43.655540556],[7.217468889,43.655596944],[7.217389167,43.655681111],[7.217272222,43.655768611],[7.217065278,43.655929167],[7.216844722,43.656093333],[7.216674722,43.656208611],[7.216518889,43.656323333],[7.216431389,43.656391667],[7.216399167,43.6563675],[7.2167325,43.656139444],[7.217006111,43.655931111],[7.2173925,43.655646111],[7.2174425,43.655586944],[7.217527222,43.655512222],[7.217651389,43.655422778],[7.217730833,43.655355833],[7.217803056,43.655276389],[7.217841944,43.655303611],[7.217698333,43.655409444],[7.217607778,43.655475833]]]}},{"type":"Feature","id":"surface.hard_surface_4.025","properties":{"name":"Hard surface type 4 025","layer":"Airfield surfaces","category":"Hard surfaces — type 4","object_type":"Area","style_id":"surface.hard_surface_4","airport":"LFMN","geometry_role":"filled_region"},"geometry":{"type":"Polygon","coordinates":[[[7.207219167,43.647726944],[7.207196944,43.647741389],[7.206924167,43.647968889],[7.206609167,43.648188611],[7.206174722,43.648502222],[7.205881944,43.648703333],[7.205861111,43.648716389],[7.205846389,43.648700833],[7.205883611,43.648670556],[7.206454722,43.648277778],[7.206772778,43.648051944],[7.2069175,43.647931111],[7.206790833,43.647938333],[7.20659,43.647936667],[7.2064725,43.647928889],[7.206406667,43.647936944],[7.206360556,43.647939444],[7.206308611,43.647913333],[7.206371667,43.647858056],[7.206415278,43.647725278],[7.206343056,43.647675278],[7.206409167,43.647616389],[7.206514444,43.647697778],[7.206473056,43.647733611],[7.206450556,43.647813889],[7.206500556,43.647896111],[7.206674722,43.647913333],[7.206816944,43.647916389],[7.206963611,43.647890278],[7.207040833,43.647844722],[7.207157222,43.647752222],[7.207199167,43.64771],[7.2071925,43.647690278],[7.207230833,43.647703056],[7.207249444,43.647728333],[7.207219167,43.647726944]]]}},{"type":"Feature","id":"surface.hard_surface_4.026","properties":{"name":"Hard surface type 4 026","layer":"Airfield surfaces","category":"Hard surfaces — type 4","object_type":"Area","style_id":"surface.hard_surface_4","airport":"LFMN","geometry_role":"filled_region"},"geometry":{"type":"Polygon","coordinates":[[[7.223914444,43.659151389],[7.22389,43.659098611],[7.223805278,43.658968056],[7.223670556,43.658804722],[7.223530833,43.658657222],[7.223350278,43.658504722],[7.223196667,43.658393333],[7.2231075,43.658344167],[7.223027778,43.658329167],[7.222998056,43.658234722],[7.223099444,43.658305556],[7.223444167,43.658552778],[7.223535278,43.658631667],[7.223627222,43.658731389],[7.223738333,43.6588525],[7.223834167,43.658969722],[7.223940278,43.659142222],[7.223914444,43.659151389]]]}},{"type":"Feature","id":"surface.hard_surface_4.027","properties":{"name":"Hard surface type 4 027","layer":"Airfield surfaces","category":"Hard surfaces — type 4","object_type":"Area","style_id":"surface.hard_surface_4","airport":"LFMN","geometry_role":"filled_region"},"geometry":{"type":"Polygon","coordinates":[[[7.228645278,43.6688525],[7.228691111,43.668733056],[7.228798611,43.668542778],[7.228950833,43.668304167],[7.2292575,43.667814722],[7.229479444,43.667456111],[7.229739167,43.667005833],[7.230165833,43.666378889],[7.230237222,43.666266389],[7.230314167,43.666106389],[7.230327222,43.665970278],[7.230276667,43.665886667],[7.2301875,43.665788611],[7.230068611,43.665701944],[7.229878611,43.665570833],[7.228984444,43.664925278],[7.22807,43.664259444],[7.227229444,43.663644444],[7.226478889,43.663083889],[7.226117778,43.662817222],[7.2258625,43.662646111],[7.225586944,43.662456111],[7.2255025,43.662396667],[7.2255025,43.662375556],[7.225533333,43.662387778],[7.225510833,43.662334722],[7.225446667,43.662193333],[7.225354444,43.661956111],[7.225283889,43.661728611],[7.225263889,43.661578611],[7.225206111,43.661213056],[7.225186944,43.6610075],[7.225188889,43.6607775],[7.225216389,43.6606475],[7.225245278,43.660485556],[7.225234167,43.660355278],[7.225197222,43.660215278],[7.225123333,43.6600475],[7.225144722,43.660042222],[7.225168889,43.660101667],[7.225223889,43.660198611],[7.225245,43.660284444],[7.225262222,43.660357222],[7.2252725,43.660473056],[7.225258889,43.660565278],[7.225235278,43.660686944],[7.225205833,43.660846389],[7.225213889,43.660980556],[7.225220833,43.661143333],[7.225261111,43.661351111],[7.225311667,43.661748056],[7.225458611,43.662138889],[7.22557,43.662406111],[7.225664444,43.662467778],[7.225776389,43.662533333],[7.226779722,43.663280556],[7.227715,43.663970556],[7.228736389,43.664703611],[7.229237222,43.665080833],[7.230007222,43.6656275],[7.230206667,43.665759722],[7.230268889,43.665818056],[7.230308333,43.665873056],[7.230309444,43.665873056],[7.230334167,43.6659225],[7.230335556,43.665925833],[7.230349167,43.665995833],[7.230343611,43.666056389],[7.2302875,43.6662325],[7.230077778,43.6665325],[7.229709722,43.6671175],[7.2293125,43.667775556],[7.229104444,43.668091389],[7.228940278,43.668365833],[7.2288125,43.668577222],[7.228698611,43.668764444],[7.228666667,43.668899722],[7.228664722,43.669124167],[7.228624444,43.669104167],[7.228633056,43.669005833],[7.228645278,43.6688525]]]}},{"type":"Feature","id":"surface.hard_surface_4.028","properties":{"name":"Hard surface type 4 028","layer":"Airfield surfaces","category":"Hard surfaces — type 4","object_type":"Area","style_id":"surface.hard_surface_4","airport":"LFMN","geometry_role":"filled_region"},"geometry":{"type":"Polygon","coordinates":[[[7.205486389,43.660248333],[7.204251944,43.65895],[7.204325833,43.6590175],[7.204026667,43.658728333],[7.203721667,43.658424167],[7.2035675,43.658276389],[7.203434167,43.658196389],[7.203272222,43.658153889],[7.203027778,43.658111944],[7.204041944,43.657686667],[7.204194167,43.657742778],[7.204325556,43.657703889],[7.204662778,43.657499167],[7.204932222,43.657328889],[7.205055278,43.657249167],[7.205154444,43.657327222],[7.204779444,43.6577175],[7.204699722,43.657856389],[7.204691389,43.658005833],[7.204751389,43.658123889],[7.205107222,43.6585125],[7.206410556,43.659670833],[7.205486389,43.660248333]]]}},{"type":"Feature","id":"surface.hard_surface_4.029","properties":{"name":"Hard surface type 4 029","layer":"Airfield surfaces","category":"Hard surfaces — type 4","object_type":"Area","style_id":"surface.hard_surface_4","airport":"LFMN","geometry_role":"filled_region"},"geometry":{"type":"Polygon","coordinates":[[[7.203995556,43.663456389],[7.212241389,43.664438611],[7.212181944,43.664817778],[7.2086925,43.664360556],[7.208571944,43.664983889],[7.203805833,43.664405],[7.203995556,43.663456389]]]}},{"type":"Feature","id":"surface.hard_surface_3.011","properties":{"name":"Hard surface type 3 011","layer":"Airfield surfaces","category":"Hard surfaces — type 3","object_type":"Area","style_id":"surface.hard_surface_3","airport":"LFMN","geometry_role":"filled_region"},"geometry":{"type":"Polygon","coordinates":[[[7.213771667,43.652316389],[7.213728889,43.652322778],[7.213690833,43.652322222],[7.213645833,43.652309444],[7.213607778,43.652295278],[7.213565278,43.652273889],[7.213520556,43.652243611],[7.213454722,43.6521975],[7.212003056,43.651130556],[7.210589444,43.650105833],[7.210471667,43.65001],[7.210443889,43.6499675],[7.210435278,43.649925278],[7.210438889,43.649885833],[7.210451944,43.649843056],[7.210495833,43.649790833],[7.21053,43.649745278],[7.210585,43.649689167],[7.210648056,43.649741389],[7.211319444,43.649253333],[7.213795278,43.651061667],[7.213938333,43.6509675],[7.213993889,43.650929722],[7.214025278,43.650916944],[7.214045833,43.650910556],[7.21406,43.650906389],[7.214181389,43.650889444],[7.21421,43.650896389],[7.214229167,43.650903611],[7.214315,43.650965],[7.214387222,43.651013889],[7.214281944,43.651087778],[7.214220833,43.651044167],[7.214165,43.651008056],[7.214152222,43.651001944],[7.214138333,43.651001667],[7.214107778,43.651002222],[7.214065,43.651009444],[7.2140325,43.651027778],[7.21389,43.651135833],[7.214647778,43.65169],[7.213834444,43.652285833],[7.213771667,43.652316389]]]}},{"type":"Feature","id":"surface.hard_surface_4.030","properties":{"name":"Hard surface type 4 030","layer":"Airfield surfaces","category":"Hard surfaces — type 4","object_type":"Area","style_id":"surface.hard_surface_4","airport":"LFMN","geometry_role":"filled_region"},"geometry":{"type":"Polygon","coordinates":[[[7.20324,43.6515175],[7.203650556,43.651228333],[7.203733056,43.651269444],[7.203895556,43.651131389],[7.204233611,43.6513675],[7.204928889,43.6517775],[7.204841944,43.651843333],[7.204113333,43.651464444],[7.203289722,43.651595833],[7.20324,43.6515175]]]}},{"type":"Feature","id":"surface.hard_surface_4.031","properties":{"name":"Hard surface type 4 031","layer":"Airfield surfaces","category":"Hard surfaces — type 4","object_type":"Area","style_id":"surface.hard_surface_4","airport":"LFMN","geometry_role":"filled_region"},"geometry":{"type":"Polygon","coordinates":[[[7.20594,43.662098611],[7.206145278,43.662112778],[7.2061225,43.662148889],[7.206117222,43.662175],[7.206094722,43.662216944],[7.2060725,43.662240278],[7.206037222,43.6622575],[7.205993056,43.662278889],[7.205935278,43.662293889],[7.205856111,43.662301944],[7.205790833,43.662316111],[7.2057475,43.66233],[7.205713056,43.662343056],[7.205648611,43.662361667],[7.205578056,43.662379722],[7.205515,43.662400278],[7.205466389,43.662428333],[7.2054225,43.662460556],[7.205370556,43.662558333],[7.205233611,43.663175556],[7.2052275,43.663238889],[7.205228333,43.663285],[7.205223056,43.6633425],[7.205237778,43.663371389],[7.205262778,43.663406667],[7.205286667,43.663438056],[7.205324167,43.663480833],[7.205374167,43.663531667],[7.205429444,43.663575],[7.2054875,43.663608889],[7.205558333,43.663641944],[7.205010556,43.663592222],[7.205263889,43.662466111],[7.205150556,43.662450278],[7.204001111,43.66231],[7.204035,43.662197222],[7.203973333,43.662203333],[7.203894722,43.662221667],[7.203841389,43.662235556],[7.203776389,43.662260278],[7.203721111,43.662194722],[7.203760556,43.662185],[7.203830278,43.662163333],[7.203924167,43.662143611],[7.204018056,43.662121389],[7.204133889,43.662092778],[7.204251111,43.6620775],[7.204362778,43.662055556],[7.204473611,43.662028611],[7.204616111,43.662004444],[7.204818889,43.662005556],[7.205853056,43.662132778],[7.205919444,43.662142778],[7.20594,43.662098611]]]}},{"type":"Feature","id":"surface.hard_surface_4.032","properties":{"name":"Hard surface type 4 032","layer":"Airfield surfaces","category":"Hard surfaces — type 4","object_type":"Area","style_id":"surface.hard_surface_4","airport":"LFMN","geometry_role":"filled_region"},"geometry":{"type":"Polygon","coordinates":[[[7.22934,43.665675],[7.230190278,43.666294722],[7.230127778,43.666349167],[7.230165833,43.666378333],[7.230101389,43.666470278],[7.229470278,43.666830556],[7.229405833,43.666881389],[7.228573611,43.666276111],[7.228563333,43.666259722],[7.228622778,43.666214167],[7.229266111,43.665716667],[7.22934,43.665675]]]}},{"type":"Feature","id":"surface.hard_surface_4.033","properties":{"name":"Hard surface type 4 033","layer":"Airfield surfaces","category":"Hard surfaces — type 4","object_type":"Area","style_id":"surface.hard_surface_4","airport":"LFMN","geometry_role":"filled_region"},"geometry":{"type":"Polygon","coordinates":[[[7.227929722,43.668601389],[7.228786111,43.669219167],[7.227979444,43.669804167],[7.227785833,43.669656111],[7.227818056,43.668708333],[7.227929722,43.668601389]]]}},{"type":"Feature","id":"surface.runway.001","properties":{"name":"Runway area 001","layer":"Airfield surfaces","category":"Runways","object_type":"Area","style_id":"surface.runway","airport":"LFMN","geometry_role":"filled_region","vsmr_group_ids":["runway-details"]},"geometry":{"type":"Polygon","coordinates":[[[7.214509722,43.6509875],[7.214760833,43.651176667],[7.214500556,43.651357778],[7.214256389,43.651174167],[7.214509722,43.6509875]]]}},{"type":"Feature","id":"surface.runway.002","properties":{"name":"Runway area 002","layer":"Airfield surfaces","category":"Runways","object_type":"Area","style_id":"surface.runway","airport":"LFMN","geometry_role":"filled_region","vsmr_group_ids":["runway-details"]},"geometry":{"type":"Polygon","coordinates":[[[7.211181944,43.649181944],[7.210926111,43.649358333],[7.210679444,43.649175278],[7.210936389,43.648998056],[7.211181944,43.649181944]]]}},{"type":"Feature","id":"surface.runway.003","properties":{"name":"Runway area 003","layer":"Airfield surfaces","category":"Runways","object_type":"Area","style_id":"surface.runway","airport":"LFMN","geometry_role":"filled_region","vsmr_group_ids":["runway-details"]},"geometry":{"type":"Polygon","coordinates":[[[7.203796111,43.651233056],[7.204107222,43.651461667],[7.204181667,43.651402222],[7.204232222,43.651331944],[7.204257778,43.651278056],[7.204281667,43.651201944],[7.204292222,43.651119722],[7.204291389,43.651036944],[7.204561111,43.651003333],[7.204585278,43.651059444],[7.204941389,43.65102],[7.204984722,43.651139167],[7.205336667,43.651408333],[7.204868333,43.651731944],[7.204840556,43.651883611],[7.206980278,43.653456667],[7.207035556,43.653296389],[7.207061389,43.653179167],[7.207060278,43.653069722],[7.2070375,43.652955278],[7.207020556,43.652890556],[7.206988889,43.652821111],[7.206946944,43.652745833],[7.206881111,43.652658333],[7.2074325,43.652403889],[7.207519167,43.652501944],[7.207583333,43.652583333],[7.207641111,43.652694444],[7.207672778,43.652770833],[7.207711111,43.652891111],[7.207731667,43.652966944],[7.207793056,43.65293],[7.208357778,43.653295278],[7.2082075,43.653414444],[7.208597222,43.653477778],[7.208366111,43.654042778],[7.208266667,43.654031111],[7.208157222,43.654026944],[7.208032222,43.654038056],[7.207965833,43.654058333],[7.207916667,43.654088333],[7.207880278,43.654110278],[7.208442778,43.654516667],[7.209061389,43.654982778],[7.209143889,43.654541111],[7.209750278,43.654620556],[7.209614722,43.655216111],[7.209708889,43.655292778],[7.209666667,43.655412778],[7.210304444,43.655876667],[7.210966389,43.6563625],[7.211711944,43.656912222],[7.212532778,43.657503611],[7.213499167,43.658206111],[7.214378889,43.658845278],[7.215534167,43.6596875],[7.216333056,43.660270278],[7.216938611,43.660711389],[7.217759722,43.661298056],[7.217914722,43.661420278],[7.217960833,43.661278056],[7.217991944,43.661126667],[7.217991667,43.6610375],[7.217965833,43.6609475],[7.218606944,43.660842222],[7.218653056,43.660997222],[7.218659444,43.661144444],[7.218663333,43.661308611],[7.218606944,43.661485833],[7.218561389,43.66159],[7.218504444,43.661709722],[7.218465833,43.661801944],[7.219351944,43.662460833],[7.220231944,43.663105],[7.220835,43.663537222],[7.221534444,43.664043611],[7.221615556,43.664097778],[7.221645278,43.664015556],[7.221681944,43.663883611],[7.221684722,43.663795],[7.221675556,43.663701667],[7.221641389,43.6636075],[7.222301111,43.663505],[7.222319167,43.663585278],[7.222341389,43.663660833],[7.222353889,43.663718333],[7.222426389,43.663678611],[7.222510278,43.663629722],[7.2226,43.663592222],[7.222681667,43.663553611],[7.222766111,43.663531944],[7.22289,43.663498611],[7.222949722,43.663490833],[7.223168889,43.664035278],[7.223110556,43.664047222],[7.223043056,43.664066389],[7.222938889,43.664107778],[7.222868611,43.664138611],[7.222768333,43.66419],[7.222651389,43.664254722],[7.222554444,43.664325556],[7.222464722,43.664380833],[7.222363056,43.664448611],[7.222295556,43.6645025],[7.222273333,43.6645425],[7.222284167,43.664575],[7.222312222,43.664613056],[7.222395,43.664676111],[7.222651389,43.664856389],[7.223281667,43.665305833],[7.2242675,43.666024722],[7.225076111,43.666594167],[7.225153333,43.6666325],[7.225258056,43.666663611],[7.225341389,43.666678056],[7.225447778,43.666683889],[7.225533611,43.666653611],[7.225635,43.666606667],[7.225729722,43.666550833],[7.225833056,43.6664875],[7.226281667,43.666818611],[7.226200278,43.666870278],[7.226145556,43.666926111],[7.226100278,43.666981944],[7.226077778,43.667025],[7.226067222,43.667065556],[7.226064167,43.66712],[7.226058889,43.667201944],[7.226071667,43.667295],[7.226124722,43.667371944],[7.226217778,43.667453611],[7.226564722,43.667698056],[7.226893611,43.667942222],[7.2274175,43.6683325],[7.227356667,43.668373333],[7.228460278,43.669181111],[7.227391389,43.669941944],[7.226955,43.669619722],[7.227023056,43.669553611],[7.227078056,43.669499722],[7.227138333,43.669435833],[7.227191667,43.669367778],[7.227219722,43.66932],[7.22723,43.669246944],[7.22723,43.669192222],[7.227212778,43.669127222],[7.227184167,43.669060833],[7.227135,43.668991944],[7.227078056,43.668936389],[7.226995278,43.668866111],[7.226895833,43.668799167],[7.226831667,43.668755278],[7.226756667,43.668805556],[7.226254722,43.668426667],[7.225904722,43.668175833],[7.225715,43.668034722],[7.225581389,43.66794],[7.225494444,43.667879444],[7.225420278,43.667837222],[7.225339167,43.667822222],[7.225270278,43.667810833],[7.225207778,43.6678075],[7.225143611,43.667809722],[7.225082778,43.667809444],[7.225025556,43.667814444],[7.224987222,43.667821111],[7.224931667,43.667843889],[7.224864722,43.667901944],[7.224795,43.6679475],[7.2247325,43.667994167],[7.2241525,43.667587778],[7.224208056,43.667546944],[7.2242575,43.667500556],[7.224315,43.6674375],[7.224354444,43.667396111],[7.224385556,43.6673525],[7.224419167,43.667291111],[7.224424167,43.667250278],[7.224421389,43.667207222],[7.224406667,43.667165278],[7.224376667,43.667111389],[7.224329444,43.667045833],[7.224304444,43.667010278],[7.223640833,43.666535833],[7.222965833,43.666039722],[7.222014167,43.665349722],[7.221834722,43.66522],[7.2217275,43.665180556],[7.221633056,43.665166389],[7.221550278,43.665158333],[7.221455,43.665163611],[7.221384167,43.665169444],[7.221326111,43.665184722],[7.221214722,43.665234722],[7.221131389,43.665278611],[7.221033056,43.665332222],[7.220696667,43.665088611],[7.220168333,43.665079722],[7.220184167,43.665042222],[7.220185833,43.665001389],[7.220188889,43.664968056],[7.220140556,43.66487],[7.220096667,43.664785],[7.220032778,43.664671944],[7.219966389,43.664545],[7.219907778,43.664421667],[7.219828333,43.664289722],[7.219748611,43.664133056],[7.219673611,43.663987222],[7.2196125,43.663892778],[7.219551667,43.663795556],[7.219507222,43.663738889],[7.219438056,43.663709722],[7.219304444,43.663587222],[7.219033889,43.6632925],[7.218975556,43.663219444],[7.218855556,43.663116667],[7.2182975,43.662653333],[7.218135556,43.662537778],[7.218133056,43.662534722],[7.2180775,43.662515],[7.217988889,43.662488056],[7.217908611,43.662482778],[7.217834722,43.662489444],[7.217758889,43.662505278],[7.217721111,43.66251],[7.217681111,43.662500278],[7.217646111,43.662496389],[7.217583333,43.662518889],[7.217518611,43.662547778],[7.217458056,43.662583333],[7.217346667,43.662638611],[7.216885,43.662323333],[7.216965278,43.662249444],[7.217029167,43.662196111],[7.217090833,43.66212],[7.217115833,43.662053889],[7.217131389,43.662002222],[7.217133611,43.661950556],[7.217118056,43.661902222],[7.217095833,43.661848889],[7.217068611,43.661796111],[7.217014167,43.661737778],[7.216948056,43.661665],[7.216806111,43.661557778],[7.215543333,43.660646944],[7.213821389,43.659391111],[7.212524722,43.658450833],[7.2111725,43.657468056],[7.210559722,43.657035],[7.210086389,43.656690556],[7.209942778,43.656681667],[7.2098225,43.656668333],[7.209800833,43.656645278],[7.209739444,43.656645556],[7.209658333,43.656658611],[7.209574444,43.656698333],[7.20951,43.656745556],[7.209465556,43.656788056],[7.209420833,43.656852222],[7.208805556,43.656772778],[7.2084175,43.656459722],[7.208499722,43.656393889],[7.208539722,43.656356667],[7.208569444,43.6563075],[7.2086025,43.656255556],[7.208633056,43.656190833],[7.208652222,43.656145],[7.208684444,43.656070833],[7.208709444,43.656],[7.208742778,43.655915],[7.208757222,43.655860278],[7.208745278,43.655810556],[7.208736667,43.655766667],[7.208725278,43.655714444],[7.208600278,43.655610278],[7.208451111,43.655489167],[7.208311667,43.65539],[7.208195833,43.655313333],[7.208092778,43.655263333],[7.207975556,43.655238056],[7.207891389,43.655234722],[7.207822222,43.655228889],[7.207778333,43.655209167],[7.207761111,43.655171111],[7.207708889,43.6551675],[7.207644167,43.655186944],[7.207567222,43.655206667],[7.207506944,43.655229444],[7.207435278,43.655257222],[7.207377222,43.6553075],[7.207356111,43.655343333],[7.206670278,43.6552625],[7.206394167,43.655078889],[7.206465278,43.655035556],[7.206536111,43.654976667],[7.206609722,43.654923333],[7.2066775,43.654872778],[7.206730833,43.654809167],[7.206768056,43.654743889],[7.206789167,43.654669444],[7.206798611,43.654611389],[7.206826389,43.654503611],[7.206835833,43.654431944],[7.206833333,43.654386667],[7.2068275,43.654331111],[7.206378611,43.654009444],[7.206256111,43.6541025],[7.206180833,43.654051944],[7.206234167,43.654014722],[7.206266667,43.653985833],[7.206306944,43.653938889],[7.206001389,43.653716389],[7.205508333,43.653346111],[7.205226944,43.653144167],[7.204806667,43.652846111],[7.204590556,43.652686389],[7.204485556,43.652616111],[7.204402222,43.65258],[7.204311944,43.652551944],[7.2042325,43.652528056],[7.204171667,43.652511389],[7.204108889,43.652502222],[7.2040375,43.652509444],[7.203974722,43.652525833],[7.203932222,43.652534444],[7.203841944,43.652566667],[7.203753611,43.652614444],[7.203714722,43.652639722],[7.203670833,43.652666944],[7.203655278,43.652682222],[7.203144722,43.652312778],[7.203142778,43.651958056],[7.203194722,43.651804444],[7.203343333,43.651694722],[7.203243889,43.651620556],[7.203742778,43.651263889],[7.203796111,43.651233056]]]}},{"type":"Feature","id":"surface.runway.004","properties":{"name":"Runway area 004","layer":"Airfield surfaces","category":"Runways","object_type":"Area","style_id":"surface.runway","airport":"LFMN","geometry_role":"filled_region","vsmr_group_ids":["runway-details"]},"geometry":{"type":"Polygon","coordinates":[[[7.201624722,43.647255833],[7.201859722,43.647084722],[7.201871111,43.647021111],[7.201881111,43.646976389],[7.202011389,43.64687],[7.200923611,43.646046111],[7.201260556,43.645746667],[7.201473333,43.645670278],[7.201615556,43.645687778],[7.2017375,43.645728056],[7.202850278,43.646505833],[7.203760833,43.647175833],[7.204854167,43.647965833],[7.205471389,43.648414167],[7.206988333,43.649520833],[7.208202778,43.6504],[7.209946944,43.651673056],[7.211181389,43.652585833],[7.211974722,43.653153611],[7.212815833,43.653766389],[7.213470556,43.654244444],[7.214100833,43.654695833],[7.214982222,43.655336944],[7.216048333,43.656118889],[7.216694167,43.656589444],[7.217606667,43.657238056],[7.219159444,43.658378889],[7.219958056,43.658963333],[7.220944722,43.659665278],[7.222272222,43.660630278],[7.223638889,43.661630833],[7.224380278,43.662167778],[7.225635556,43.663084167],[7.226628056,43.6637975],[7.227435278,43.664392222],[7.228223333,43.664962778],[7.229274722,43.665726389],[7.230138333,43.666360278],[7.230056944,43.666411667],[7.230108056,43.666469444],[7.229735833,43.667013333],[7.228603611,43.666198056],[7.228553333,43.666171667],[7.228499167,43.666161944],[7.228423056,43.666156111],[7.228144722,43.666162222],[7.228125,43.666094722],[7.227799722,43.666116944],[7.227598611,43.666123056],[7.227429444,43.666148056],[7.226993333,43.665823333],[7.226908889,43.665469167],[7.226958611,43.665458611],[7.226994444,43.665448889],[7.2270425,43.665421389],[7.227080278,43.665388889],[7.227106111,43.665357222],[7.22713,43.665321944],[7.227136667,43.665283889],[7.22714,43.6652325],[7.22712,43.6651825],[7.227093889,43.665142222],[7.227047778,43.665086389],[7.227009167,43.665045],[7.226976111,43.665011667],[7.226084722,43.664366389],[7.225248611,43.66376],[7.224284722,43.663056944],[7.223067222,43.662176389],[7.222122778,43.661486389],[7.221746389,43.661216667],[7.221474444,43.661020556],[7.221599444,43.661341944],[7.221532778,43.661392222],[7.221684167,43.661799722],[7.221076667,43.661906667],[7.220874444,43.661361667],[7.220651111,43.660873333],[7.220549444,43.660696944],[7.220470278,43.660575833],[7.2204225,43.6604975],[7.220378333,43.660436389],[7.220298333,43.660461667],[7.220241667,43.660390278],[7.220116389,43.660213889],[7.220004444,43.660067778],[7.219885556,43.659928333],[7.21976,43.659800833],[7.219664167,43.659713333],[7.219404167,43.659506944],[7.219019167,43.659222222],[7.218321667,43.658715556],[7.217859167,43.658385],[7.217818056,43.658426944],[7.217863333,43.658548056],[7.217884722,43.658599444],[7.217800556,43.65862],[7.217972222,43.659119444],[7.217379444,43.659241389],[7.217199722,43.658757778],[7.217038889,43.658368333],[7.216863889,43.658045833],[7.216789167,43.657911944],[7.216751111,43.657850278],[7.216611111,43.657771667],[7.216473611,43.657598056],[7.216226111,43.657294444],[7.216063889,43.657127778],[7.215724444,43.656835278],[7.215315278,43.656528056],[7.21459,43.656011667],[7.213935278,43.6555475],[7.213690833,43.655396111],[7.21336,43.655225556],[7.213088889,43.655109167],[7.212896944,43.655029167],[7.2127975,43.654992222],[7.212718056,43.654964167],[7.212746389,43.654905833],[7.212468611,43.654806944],[7.212183333,43.654723611],[7.211811111,43.654627222],[7.211391944,43.654543889],[7.211100278,43.654488056],[7.210828611,43.654433889],[7.210763333,43.65442],[7.210921111,43.653981944],[7.211494722,43.654092778],[7.211515,43.654028333],[7.211901944,43.654103056],[7.211934167,43.654079722],[7.211486944,43.65375],[7.210808611,43.653259444],[7.2102,43.6528125],[7.209968333,43.652645556],[7.209875833,43.652589167],[7.209793056,43.65255],[7.209738889,43.652535],[7.2096875,43.652523333],[7.209626389,43.652524444],[7.2095725,43.652532778],[7.209522778,43.652547778],[7.209465833,43.652566111],[7.209433333,43.6525875],[7.209394444,43.652618333],[7.209361389,43.652646111],[7.209335278,43.652689167],[7.209315556,43.652723333],[7.209302778,43.652753056],[7.2093075,43.652791389],[7.2093225,43.652836389],[7.209359444,43.652893889],[7.208616111,43.652356111],[7.208700556,43.652273889],[7.208771389,43.652198611],[7.208813889,43.652130278],[7.208845,43.652066389],[7.208865,43.652000278],[7.208871111,43.651933333],[7.208845556,43.651860278],[7.208807778,43.651804722],[7.208610556,43.651659722],[7.208067778,43.651264167],[7.207664444,43.650968333],[7.207301389,43.650711944],[7.207123889,43.6505825],[7.207034722,43.650541944],[7.206950278,43.650520556],[7.206860833,43.650511667],[7.206758611,43.650524444],[7.206673611,43.650561389],[7.206594167,43.650615833],[7.206546111,43.650673611],[7.206530556,43.650749444],[7.206532222,43.650799167],[7.206547778,43.65085],[7.205856944,43.650345833],[7.205972222,43.650235833],[7.206029722,43.650166389],[7.2060625,43.650126944],[7.206025833,43.650095278],[7.206064722,43.650020556],[7.206097222,43.649954444],[7.206091111,43.649877778],[7.206058889,43.649823611],[7.206007778,43.649767222],[7.204832778,43.648912778],[7.204133889,43.6484],[7.203759722,43.648133611],[7.203679167,43.648086944],[7.203566111,43.648055],[7.203461111,43.648047222],[7.203379722,43.648064722],[7.203304167,43.648096111],[7.203221944,43.648161389],[7.203172778,43.648218056],[7.203156389,43.648288611],[7.203173889,43.648353333],[7.203208056,43.648422778],[7.20249,43.647908056],[7.202738333,43.647716111],[7.202678611,43.6476675],[7.202901667,43.647506667],[7.202853333,43.647475833],[7.202794722,43.647448056],[7.202738611,43.647431389],[7.202671389,43.647421944],[7.202614722,43.647425],[7.202557222,43.647431944],[7.202482778,43.647451944],[7.2024225,43.647470833],[7.202384444,43.647494167],[7.20235,43.647523333],[7.20232,43.6475525],[7.202298333,43.647590833],[7.202295556,43.647634722],[7.202297222,43.647678056],[7.202307222,43.647719722],[7.202330833,43.647759444],[7.202355278,43.647795556],[7.201624722,43.647255833]]]}},{"type":"Feature","id":"terrain.grass.003","properties":{"name":"Grass area 003","layer":"Terrain","category":"Grass","object_type":"Area","style_id":"terrain.grass","airport":"LFMN","geometry_role":"filled_region"},"geometry":{"type":"Polygon","coordinates":[[[7.201844167,43.648420556],[7.201794722,43.648371667],[7.201741389,43.648314444],[7.201695278,43.648259444],[7.201654722,43.648203889],[7.201627778,43.648159167],[7.201613333,43.6481325],[7.201595278,43.648092778],[7.201583611,43.648061111],[7.201577222,43.648034167],[7.201576111,43.648019167],[7.201581389,43.647995556],[7.201595556,43.647954444],[7.201616389,43.647905556],[7.201638611,43.647867778],[7.2016575,43.647838333],[7.201675,43.647814167],[7.2017025,43.647779167],[7.201707778,43.647803611],[7.201718333,43.64783],[7.201729722,43.647859167],[7.201744722,43.647888889],[7.201763333,43.647921389],[7.201785556,43.647955556],[7.201809722,43.647986667],[7.20184,43.648021667],[7.201868056,43.64805],[7.201898889,43.6480775],[7.201948056,43.648116389],[7.202154167,43.648266111],[7.202199722,43.648298889],[7.202189722,43.648310278],[7.202161944,43.648344167],[7.202137222,43.648378056],[7.202120833,43.648408889],[7.202107778,43.648436111],[7.202096389,43.648453056],[7.202081111,43.648468333],[7.202049444,43.648495556],[7.202028889,43.648507778],[7.202005556,43.648514167],[7.201981944,43.648515],[7.201958611,43.648510556],[7.2019375,43.648503611],[7.201921667,43.648493333],[7.201880833,43.648456389],[7.201844167,43.648420556]]]}},{"type":"Feature","id":"terrain.grass.004","properties":{"name":"Grass area 004","layer":"Terrain","category":"Grass","object_type":"Area","style_id":"terrain.grass","airport":"LFMN","geometry_role":"filled_region"},"geometry":{"type":"Polygon","coordinates":[[[7.202567222,43.654428056],[7.202456667,43.654331667],[7.202381944,43.65426],[7.202296389,43.654181111],[7.202246944,43.6541075],[7.202216111,43.654047222],[7.202196389,43.6539775],[7.202200833,43.653919167],[7.202220833,43.653859167],[7.202244444,43.653814722],[7.202278056,43.653763889],[7.202328056,43.653725556],[7.202373333,43.65369],[7.202425556,43.653658333],[7.202479722,43.653638889],[7.202541389,43.653626389],[7.202613333,43.653621389],[7.202694444,43.653626389],[7.202755556,43.653639444],[7.20282,43.653655556],[7.202868611,43.653678333],[7.203011111,43.653765833],[7.203214722,43.653914167],[7.203409167,43.654064722],[7.202716111,43.65456],[7.202567222,43.654428056]]]}},{"type":"Feature","id":"terrain.grass.005","properties":{"name":"Grass area 005","layer":"Terrain","category":"Grass","object_type":"Area","style_id":"terrain.grass","airport":"LFMN","geometry_role":"filled_region"},"geometry":{"type":"Polygon","coordinates":[[[7.209219167,43.660147222],[7.209193889,43.660204167],[7.209181111,43.660230556],[7.209165833,43.660245278],[7.209148611,43.660255556],[7.2091275,43.660265833],[7.209065,43.660296111],[7.209006389,43.660325278],[7.208943611,43.660356389],[7.208883889,43.660385278],[7.208842222,43.660405278],[7.208805,43.660419167],[7.208763611,43.66043],[7.208716667,43.660438889],[7.208676111,43.660445278],[7.208643889,43.660445],[7.208649444,43.660420278],[7.208633333,43.660416667],[7.208627778,43.660406944],[7.208621944,43.660395],[7.208618333,43.660380278],[7.208613611,43.660349722],[7.208611111,43.660323333],[7.208615,43.660301389],[7.208629167,43.660276111],[7.208647778,43.660249444],[7.208670556,43.660230278],[7.208699722,43.660213611],[7.208765556,43.660188056],[7.208831111,43.660165278],[7.208904722,43.660146389],[7.208963056,43.660136944],[7.209041389,43.660129167],[7.209125556,43.660128056],[7.209203889,43.660126944],[7.209226389,43.660131111],[7.209219167,43.660147222]]]}},{"type":"Feature","id":"terrain.grass.006","properties":{"name":"Grass area 006","layer":"Terrain","category":"Grass","object_type":"Area","style_id":"terrain.grass","airport":"LFMN","geometry_role":"filled_region"},"geometry":{"type":"Polygon","coordinates":[[[7.204447778,43.650195556],[7.204088056,43.649938056],[7.203629722,43.649593889],[7.203258056,43.649325],[7.202982222,43.649108333],[7.202868611,43.6490125],[7.202788889,43.648936667],[7.202821667,43.648927222],[7.202940278,43.649001111],[7.203058889,43.649076944],[7.203170833,43.6491525],[7.203456389,43.649361111],[7.203985,43.649747778],[7.204403333,43.650047222],[7.204550833,43.6501675],[7.204641667,43.650255833],[7.2047025,43.650339444],[7.2046925,43.650353333],[7.204664167,43.650340278],[7.204618333,43.650311389],[7.204447778,43.650195556]]]}},{"type":"Feature","id":"terrain.grass.007","properties":{"name":"Grass area 007","layer":"Terrain","category":"Grass","object_type":"Area","style_id":"terrain.grass","airport":"LFMN","geometry_role":"filled_region"},"geometry":{"type":"Polygon","coordinates":[[[7.209649167,43.660684722],[7.209668333,43.660654167],[7.209674444,43.660621667],[7.209648889,43.660586944],[7.209612222,43.660550833],[7.209553333,43.660514444],[7.209510278,43.660483333],[7.209522778,43.660464722],[7.209437222,43.660439722],[7.2094475,43.660271667],[7.20945,43.660192222],[7.2095125,43.660220278],[7.209586111,43.660266389],[7.209757778,43.660411944],[7.2099375,43.660569722],[7.209958333,43.660598056],[7.209968056,43.660616944],[7.209971667,43.660644444],[7.209933056,43.660675],[7.209830278,43.660801111],[7.209633889,43.660783611],[7.209610556,43.660743611],[7.209624722,43.660713333],[7.209649167,43.660684722]]]}},{"type":"Feature","id":"terrain.grass.008","properties":{"name":"Grass area 008","layer":"Terrain","category":"Grass","object_type":"Area","style_id":"terrain.grass","airport":"LFMN","geometry_role":"filled_region"},"geometry":{"type":"Polygon","coordinates":[[[7.211743056,43.664521111],[7.211765278,43.664493333],[7.211801111,43.664476667],[7.211840833,43.664476667],[7.211874722,43.664494444],[7.211885833,43.664521944],[7.211886389,43.664543056],[7.211880556,43.664566389],[7.211854444,43.664585556],[7.211826944,43.664603889],[7.211792778,43.664610556],[7.211762778,43.664601389],[7.211739444,43.664578333],[7.211734444,43.664545278],[7.211743056,43.664521111]]]}},{"type":"Feature","id":"terrain.grass.009","properties":{"name":"Grass area 009","layer":"Terrain","category":"Grass","object_type":"Area","style_id":"terrain.grass","airport":"LFMN","geometry_role":"filled_region"},"geometry":{"type":"Polygon","coordinates":[[[7.21155,43.664467778],[7.211574167,43.664461667],[7.21161,43.664468611],[7.2116325,43.664475556],[7.211647778,43.664497222],[7.211651111,43.664522222],[7.211641111,43.664589167],[7.211625278,43.664608333],[7.211611111,43.664614722],[7.211573056,43.664615833],[7.211541944,43.66461],[7.211518333,43.664595278],[7.211527222,43.664540278],[7.21155,43.664467778]]]}},{"type":"Feature","id":"terrain.grass.010","properties":{"name":"Grass area 010","layer":"Terrain","category":"Grass","object_type":"Area","style_id":"terrain.grass","airport":"LFMN","geometry_role":"filled_region"},"geometry":{"type":"Polygon","coordinates":[[[7.211022222,43.664478611],[7.211030556,43.664453056],[7.211050833,43.664430833],[7.211074444,43.664417778],[7.211112778,43.664409444],[7.211180833,43.664416389],[7.211248611,43.664426389],[7.211280278,43.664439444],[7.211300833,43.664456667],[7.211318889,43.664475],[7.211319167,43.664499167],[7.211310833,43.664518333],[7.211273611,43.664543056],[7.211272222,43.664546667],[7.211225833,43.664555],[7.2110475,43.664524722],[7.211032222,43.664510556],[7.211022222,43.664478611]]]}},{"type":"Feature","id":"terrain.grass.011","properties":{"name":"Grass area 011","layer":"Terrain","category":"Grass","object_type":"Area","style_id":"terrain.grass","airport":"LFMN","geometry_role":"filled_region"},"geometry":{"type":"Polygon","coordinates":[[[7.210456944,43.6644525],[7.210442222,43.664438889],[7.210434167,43.664419167],[7.210438889,43.664394167],[7.210447222,43.664373611],[7.210469722,43.664355],[7.210514722,43.66434],[7.210567778,43.664343611],[7.210631667,43.664352222],[7.210730278,43.664363333],[7.210794444,43.664375],[7.210826944,43.6643975],[7.210839722,43.664430556],[7.210839722,43.664433056],[7.210831667,43.664471389],[7.210781667,43.664490833],[7.210714444,43.664493056],[7.210618333,43.664485],[7.210536667,43.664471944],[7.210502222,43.664470833],[7.210456944,43.6644525]]]}},{"type":"Feature","id":"terrain.grass.012","properties":{"name":"Grass area 012","layer":"Terrain","category":"Grass","object_type":"Area","style_id":"terrain.grass","airport":"LFMN","geometry_role":"filled_region"},"geometry":{"type":"Polygon","coordinates":[[[7.209734444,43.664289722],[7.209741389,43.664260833],[7.209765833,43.664263333],[7.209781944,43.664254167],[7.209818056,43.664275],[7.2098075,43.664311389],[7.209844167,43.664315],[7.209830833,43.664354722],[7.209784444,43.664343611],[7.209780833,43.664393056],[7.2095975,43.664364167],[7.209618056,43.664269722],[7.209734444,43.664289722]]]}},{"type":"Feature","id":"terrain.grass.013","properties":{"name":"Grass area 013","layer":"Terrain","category":"Grass","object_type":"Area","style_id":"terrain.grass","airport":"LFMN","geometry_role":"filled_region"},"geometry":{"type":"Polygon","coordinates":[[[7.209103333,43.664306667],[7.209060833,43.664293333],[7.2090325,43.664275556],[7.209013333,43.664258056],[7.209009444,43.664236667],[7.209013611,43.664209722],[7.209032778,43.664190556],[7.209060278,43.664176944],[7.209101389,43.664170556],[7.209285833,43.664193889],[7.209256667,43.664318333],[7.209170556,43.664310278],[7.209103333,43.664306667]]]}},{"type":"Feature","id":"terrain.grass.014","properties":{"name":"Grass area 014","layer":"Terrain","category":"Grass","object_type":"Area","style_id":"terrain.grass","airport":"LFMN","geometry_role":"filled_region"},"geometry":{"type":"Polygon","coordinates":[[[7.206128611,43.663818056],[7.206608056,43.663876111],[7.206632778,43.663888333],[7.206645556,43.663901944],[7.206658333,43.663917222],[7.206662222,43.663933056],[7.206653611,43.663956111],[7.206645556,43.663973889],[7.206621944,43.663992778],[7.206598611,43.664006111],[7.2065725,43.664006667],[7.206337222,43.663976944],[7.206100556,43.663948056],[7.206128611,43.663818056]]]}},{"type":"Feature","id":"terrain.grass.015","properties":{"name":"Grass area 015","layer":"Terrain","category":"Grass","object_type":"Area","style_id":"terrain.grass","airport":"LFMN","geometry_role":"filled_region"},"geometry":{"type":"Polygon","coordinates":[[[7.206871944,43.663936667],[7.206899722,43.663924167],[7.206929444,43.663916944],[7.206970556,43.663918889],[7.206998333,43.663931111],[7.207023333,43.663951667],[7.207036111,43.663976389],[7.207034167,43.664],[7.207016389,43.664017222],[7.206998611,43.664034444],[7.206966389,43.664045],[7.206938056,43.664049444],[7.20691,43.664045278],[7.20688,43.664030833],[7.2068575,43.664014444],[7.206851389,43.663989444],[7.206855833,43.663958611],[7.206871944,43.663936667]]]}},{"type":"Feature","id":"terrain.grass.016","properties":{"name":"Grass area 016","layer":"Terrain","category":"Grass","object_type":"Area","style_id":"terrain.grass","airport":"LFMN","geometry_role":"filled_region"},"geometry":{"type":"Polygon","coordinates":[[[7.207510556,43.664005833],[7.207540833,43.663988056],[7.207581389,43.663987778],[7.207639444,43.663992778],[7.207708611,43.664005278],[7.207731667,43.664015556],[7.207758333,43.6640325],[7.207767778,43.664054444],[7.207771389,43.664079722],[7.207757222,43.664103056],[7.2077425,43.664116667],[7.20772,43.664127222],[7.207688056,43.664134167],[7.207535556,43.664117222],[7.2075075,43.664108056],[7.207488333,43.664093056],[7.207478611,43.664072222],[7.207474722,43.664049444],[7.207489444,43.664023056],[7.207510556,43.664005833]]]}},{"type":"Feature","id":"terrain.grass.017","properties":{"name":"Grass area 017","layer":"Terrain","category":"Grass","object_type":"Area","style_id":"terrain.grass","airport":"LFMN","geometry_role":"filled_region"},"geometry":{"type":"Polygon","coordinates":[[[7.207969722,43.664076667],[7.207999167,43.664056667],[7.208033889,43.664045556],[7.2080625,43.664042778],[7.208091944,43.664052778],[7.208113611,43.664066944],[7.208132778,43.664083056],[7.208135278,43.664108333],[7.2081375,43.664127222],[7.208128889,43.664148056],[7.208108056,43.664162778],[7.208087778,43.664173611],[7.208055833,43.664180833],[7.208020278,43.664176944],[7.207990556,43.664165],[7.207968611,43.664151667],[7.207955278,43.664134167],[7.207950833,43.664112222],[7.207956944,43.664095],[7.207969722,43.664076667]]]}},{"type":"Feature","id":"terrain.grass.018","properties":{"name":"Grass area 018","layer":"Terrain","category":"Grass","object_type":"Area","style_id":"terrain.grass","airport":"LFMN","geometry_role":"filled_region"},"geometry":{"type":"Polygon","coordinates":[[[7.208360833,43.664216667],[7.208332778,43.664200278],[7.208320278,43.664177778],[7.208320278,43.664150833],[7.208331111,43.664128333],[7.208349167,43.664105],[7.20838,43.664091944],[7.208416389,43.6640875],[7.208480278,43.664091944],[7.208537778,43.664099167],[7.208570833,43.664108889],[7.208595833,43.664125],[7.208611944,43.664141389],[7.20862,43.664160833],[7.20861,43.664185833],[7.208598056,43.664213611],[7.208575278,43.664226389],[7.208551667,43.664234722],[7.208518333,43.664238333],[7.208444167,43.664229167],[7.208398056,43.664223056],[7.208360833,43.664216667]]]}},{"type":"Feature","id":"surface.hard_surface_2.007","properties":{"name":"Hard surface type 2 007","layer":"Airfield surfaces","category":"Hard surfaces — type 2","object_type":"Area","style_id":"surface.hard_surface_2","airport":"LFMN","geometry_role":"filled_region"},"geometry":{"type":"Polygon","coordinates":[[[7.208738333,43.663751667],[7.208738611,43.663778611],[7.208728333,43.663798056],[7.208709722,43.663821667],[7.208679167,43.663841667],[7.208644722,43.663855278],[7.208611944,43.663860833],[7.208568611,43.663861389],[7.208524167,43.663849444],[7.208487222,43.663827778],[7.208463889,43.663795833],[7.208451667,43.663773611],[7.208453056,43.663746667],[7.208458056,43.663724444],[7.208473611,43.663705278],[7.208491667,43.663685],[7.208521667,43.663669167],[7.208551389,43.663655],[7.208585833,43.663651111],[7.208625,43.663653889],[7.208666389,43.663667778],[7.208698889,43.663683056],[7.208722778,43.663704167],[7.208733611,43.6637275],[7.208738333,43.663751667]]]}},{"type":"Feature","id":"surface.hard_surface_2.008","properties":{"name":"Hard surface type 2 008","layer":"Airfield surfaces","category":"Hard surfaces — type 2","object_type":"Area","style_id":"surface.hard_surface_2","airport":"LFMN","geometry_role":"filled_region"},"geometry":{"type":"Polygon","coordinates":[[[7.208165,43.663705],[7.208159167,43.663726667],[7.2081475,43.663745278],[7.2081275,43.6637625],[7.208103056,43.663781944],[7.208071944,43.663795278],[7.208034722,43.663800278],[7.207996944,43.663800278],[7.207961389,43.663790556],[7.207927222,43.663776389],[7.207906667,43.663761111],[7.207888333,43.663736944],[7.207880833,43.663713333],[7.207875556,43.6636875],[7.207881389,43.663665833],[7.207901667,43.66364],[7.207924722,43.663616111],[7.207971944,43.663593611],[7.208025278,43.663586944],[7.208069167,43.663594167],[7.208098333,43.663606389],[7.208125556,43.663620556],[7.208145556,43.663638889],[7.208155556,43.663656667],[7.208164167,43.663684167],[7.208165,43.663705]]]}},{"type":"Feature","id":"surface.hard_surface_2.009","properties":{"name":"Hard surface type 2 009","layer":"Airfield surfaces","category":"Hard surfaces — type 2","object_type":"Area","style_id":"surface.hard_surface_2","airport":"LFMN","geometry_role":"filled_region"},"geometry":{"type":"Polygon","coordinates":[[[7.208661667,43.662734444],[7.209056111,43.660928333],[7.209058611,43.660905278],[7.209049167,43.660878889],[7.209026111,43.660858333],[7.208989167,43.660825833],[7.20892,43.660776944],[7.208831389,43.660713611],[7.208743889,43.660640278],[7.208681111,43.660576111],[7.208615556,43.660533056],[7.208636944,43.660487778],[7.208845833,43.660655],[7.209018611,43.660783611],[7.209111111,43.660858333],[7.209130556,43.660889444],[7.209130833,43.660923056],[7.209128056,43.660938889],[7.208711111,43.662755],[7.208661667,43.662734444]]]}},{"type":"Feature","id":"surface.hard_surface_2.010","properties":{"name":"Hard surface type 2 010","layer":"Airfield surfaces","category":"Hard surfaces — type 2","object_type":"Area","style_id":"surface.hard_surface_2","airport":"LFMN","geometry_role":"filled_region"},"geometry":{"type":"Polygon","coordinates":[[[7.207361389,43.663724444],[7.207321667,43.663696389],[7.207301389,43.663665],[7.207296944,43.663626667],[7.207316111,43.6635825],[7.207346944,43.663557222],[7.207385278,43.663540556],[7.207431111,43.663531111],[7.207475,43.663535556],[7.207524722,43.663548889],[7.207559167,43.663575],[7.207582222,43.663606111],[7.207587778,43.663646944],[7.207576111,43.663673889],[7.207545833,43.663709722],[7.207514444,43.663731944],[7.207463333,43.663739722],[7.207414722,43.663741389],[7.207361389,43.663724444]]]}},{"type":"Feature","id":"surface.hard_surface_4.034","properties":{"name":"Hard surface type 4 034","layer":"Airfield surfaces","category":"Hard surfaces — type 4","object_type":"Area","style_id":"surface.hard_surface_4","airport":"LFMN","geometry_role":"filled_region"},"geometry":{"type":"Polygon","coordinates":[[[7.214789167,43.652141111],[7.2146775,43.652223611],[7.214664722,43.652226389],[7.214543056,43.652138611],[7.214545278,43.652130556],[7.214658056,43.652047222],[7.214674167,43.652044167],[7.214789167,43.652129722],[7.214789167,43.652141111]]]}},{"type":"Feature","id":"surface.hard_surface_4.035","properties":{"name":"Hard surface type 4 035","layer":"Airfield surfaces","category":"Hard surfaces — type 4","object_type":"Area","style_id":"surface.hard_surface_4","airport":"LFMN","geometry_role":"filled_region"},"geometry":{"type":"Polygon","coordinates":[[[7.209226389,43.649443333],[7.209174167,43.649421111],[7.209105556,43.649406389],[7.209063056,43.649388611],[7.209030556,43.649361111],[7.2090125,43.649333889],[7.209021389,43.649311111],[7.209039444,43.649294722],[7.209073333,43.649291944],[7.209138333,43.649327778],[7.209256389,43.649433333],[7.209433333,43.649558056],[7.209415,43.649574444],[7.209226389,43.649443333]]]}},{"type":"Feature","id":"surface.hard_surface_4.036","properties":{"name":"Hard surface type 4 036","layer":"Airfield surfaces","category":"Hard surfaces — type 4","object_type":"Area","style_id":"surface.hard_surface_4","airport":"LFMN","geometry_role":"filled_region"},"geometry":{"type":"Polygon","coordinates":[[[7.209129722,43.648938611],[7.209141667,43.648957778],[7.209147778,43.648976944],[7.209126944,43.649010833],[7.209098889,43.649026389],[7.2090675,43.649025278],[7.209036389,43.6490075],[7.209027222,43.648983333],[7.209009722,43.648946667],[7.209008056,43.648905278],[7.209004167,43.648844167],[7.209029722,43.648829444],[7.209060833,43.648822778],[7.209096111,43.648825278],[7.209119444,43.648843889],[7.209117222,43.648870833],[7.209129722,43.648938611]]]}},{"type":"Feature","id":"surface.hard_surface_4.037","properties":{"name":"Hard surface type 4 037","layer":"Airfield surfaces","category":"Hard surfaces — type 4","object_type":"Area","style_id":"surface.hard_surface_4","airport":"LFMN","geometry_role":"filled_region"},"geometry":{"type":"Polygon","coordinates":[[[7.214433889,43.652041111],[7.214418333,43.652040833],[7.214305556,43.651953611],[7.214306389,43.651942222],[7.214418056,43.651861944],[7.214431944,43.651861389],[7.21455,43.651950833],[7.214545833,43.651961389],[7.214433889,43.652041111]]]}},{"type":"Feature","id":"surface.hard_surface_2.011","properties":{"name":"Hard surface type 2 011","layer":"Airfield surfaces","category":"Hard surfaces — type 2","object_type":"Area","style_id":"surface.hard_surface_2","airport":"LFMN","geometry_role":"filled_region"},"geometry":{"type":"Polygon","coordinates":[[[7.206718056,43.663670556],[7.206706389,43.663638056],[7.206711389,43.663606944],[7.206728056,43.663582222],[7.206760556,43.663566667],[7.206805,43.663556111],[7.206844722,43.663562222],[7.206880556,43.663575556],[7.206906667,43.663601111],[7.206916111,43.663630833],[7.206911111,43.663660556],[7.206889722,43.663684444],[7.206861667,43.663700278],[7.206818611,43.663709444],[7.206778333,43.663705833],[7.206746111,43.663693611],[7.206718056,43.663670556]]]}},{"type":"Feature","id":"surface.hard_surface_2.012","properties":{"name":"Hard surface type 2 012","layer":"Airfield surfaces","category":"Hard surfaces — type 2","object_type":"Area","style_id":"surface.hard_surface_2","airport":"LFMN","geometry_role":"filled_region"},"geometry":{"type":"Polygon","coordinates":[[[7.209379444,43.663907222],[7.209331389,43.663881667],[7.209304722,43.663845556],[7.209301944,43.663801389],[7.209321389,43.663758333],[7.209366667,43.6637275],[7.209421944,43.663713056],[7.209473611,43.663712778],[7.209528333,43.663731111],[7.209568056,43.663759167],[7.209590556,43.663801667],[7.209580556,43.663847778],[7.209556667,43.663885278],[7.209525,43.663903611],[7.209476667,43.663917222],[7.209424167,43.6639175],[7.209379444,43.663907222]]]}},{"type":"Feature","id":"surface.hard_surface_2.013","properties":{"name":"Hard surface type 2 013","layer":"Airfield surfaces","category":"Hard surfaces — type 2","object_type":"Area","style_id":"surface.hard_surface_2","airport":"LFMN","geometry_role":"filled_region"},"geometry":{"type":"Polygon","coordinates":[[[7.2100575,43.663950833],[7.210018611,43.663933056],[7.209989167,43.663904444],[7.209972222,43.663868611],[7.209978889,43.663824167],[7.21001,43.663786667],[7.210049444,43.663768611],[7.210093611,43.663755833],[7.210139444,43.663754444],[7.210188889,43.663765833],[7.210239444,43.663789722],[7.210263889,43.663829167],[7.210268333,43.663872778],[7.210244444,43.663914722],[7.210209722,43.663938333],[7.210175833,43.663955],[7.210140556,43.663959722],[7.210095278,43.66396],[7.2100575,43.663950833]]]}},{"type":"Feature","id":"structure.building.001","properties":{"name":"Building 001","layer":"Buildings and structures","category":"Buildings","object_type":"Area","style_id":"structure.building","airport":"LFMN","geometry_role":"filled_region"},"geometry":{"type":"Polygon","coordinates":[[[7.227518889,43.670196111],[7.227545,43.670178611],[7.227588889,43.670211389],[7.227565278,43.670229444],[7.227518889,43.670196111]]]}},{"type":"Feature","id":"structure.building.002","properties":{"name":"Building 002","layer":"Buildings and structures","category":"Buildings","object_type":"Area","style_id":"structure.building","airport":"LFMN","geometry_role":"filled_region"},"geometry":{"type":"Polygon","coordinates":[[[7.206382778,43.647654722],[7.206405833,43.647636944],[7.20646,43.647674167],[7.206438333,43.647693889],[7.206382778,43.647654722]]]}},{"type":"Feature","id":"structure.building.003","properties":{"name":"Building 003","layer":"Buildings and structures","category":"Buildings","object_type":"Area","style_id":"structure.building","airport":"LFMN","geometry_role":"filled_region"},"geometry":{"type":"Polygon","coordinates":[[[7.206109722,43.654910833],[7.206161111,43.654873333],[7.206183056,43.654890278],[7.206133056,43.654927222],[7.206109722,43.654910833]]]}},{"type":"Feature","id":"structure.building.004","properties":{"name":"Building 004","layer":"Buildings and structures","category":"Buildings","object_type":"Area","style_id":"structure.building","airport":"LFMN","geometry_role":"filled_region"},"geometry":{"type":"Polygon","coordinates":[[[7.222359444,43.658323611],[7.222341111,43.658339444],[7.222283056,43.6582925],[7.222293611,43.658280556],[7.222359444,43.658323611]]]}},{"type":"Feature","id":"structure.building.005","properties":{"name":"Building 005","layer":"Buildings and structures","category":"Buildings","object_type":"Area","style_id":"structure.building","airport":"LFMN","geometry_role":"filled_region"},"geometry":{"type":"Polygon","coordinates":[[[7.224350833,43.659645278],[7.224396667,43.659634444],[7.224401944,43.659631667],[7.224478889,43.659630833],[7.224521389,43.659649722],[7.224554167,43.659706111],[7.224561944,43.659746111],[7.224518889,43.659796389],[7.224475,43.659821944],[7.224399444,43.6598225],[7.224326111,43.659805],[7.224283056,43.659747778],[7.22429,43.659699444],[7.224350833,43.659645278]]]}},{"type":"Feature","id":"structure.building.006","properties":{"name":"Building 006","layer":"Buildings and structures","category":"Buildings","object_type":"Area","style_id":"structure.building","airport":"LFMN","geometry_role":"filled_region"},"geometry":{"type":"Polygon","coordinates":[[[7.225066111,43.66017],[7.224874167,43.660228333],[7.224845,43.660173889],[7.225033889,43.660117222],[7.225066111,43.66017]]]}},{"type":"Feature","id":"structure.building.007","properties":{"name":"Building 007","layer":"Buildings and structures","category":"Buildings","object_type":"Area","style_id":"structure.building","airport":"LFMN","geometry_role":"filled_region"},"geometry":{"type":"Polygon","coordinates":[[[7.229264444,43.667632778],[7.228882222,43.667893333],[7.228823056,43.667856111],[7.229221944,43.667590278],[7.229264444,43.667632778]]]}},{"type":"Feature","id":"structure.building.008","properties":{"name":"Building 008","layer":"Buildings and structures","category":"Buildings","object_type":"Area","style_id":"structure.building","airport":"LFMN","geometry_role":"filled_region"},"geometry":{"type":"Polygon","coordinates":[[[7.202374167,43.657105278],[7.202460833,43.657039722],[7.203149444,43.657531944],[7.2028875,43.657723333],[7.202359722,43.657343889],[7.202374167,43.657105278]]]}},{"type":"Feature","id":"structure.building.009","properties":{"name":"Building 009","layer":"Buildings and structures","category":"Buildings","object_type":"Area","style_id":"structure.building","airport":"LFMN","geometry_role":"filled_region"},"geometry":{"type":"Polygon","coordinates":[[[7.202741389,43.657717778],[7.202726111,43.657888056],[7.20254,43.657883056],[7.202561667,43.657585833],[7.202741389,43.657717778]]]}},{"type":"Feature","id":"structure.building.010","properties":{"name":"Building 010","layer":"Buildings and structures","category":"Buildings","object_type":"Area","style_id":"structure.building","airport":"LFMN","geometry_role":"filled_region"},"geometry":{"type":"Polygon","coordinates":[[[7.203661389,43.658012222],[7.203505,43.658128333],[7.203305,43.657983056],[7.203463611,43.657869167],[7.203661389,43.658012222]]]}},{"type":"Feature","id":"structure.building.011","properties":{"name":"Building 011","layer":"Buildings and structures","category":"Buildings","object_type":"Area","style_id":"structure.building","airport":"LFMN","geometry_role":"filled_region"},"geometry":{"type":"Polygon","coordinates":[[[7.2046475,43.658396111],[7.204673889,43.658421667],[7.204780833,43.658366111],[7.2046,43.6581],[7.204540833,43.658084722],[7.20453,43.65808],[7.204523611,43.658073889],[7.204520278,43.658066389],[7.204521667,43.658058889],[7.204526944,43.658051667],[7.204538611,43.658046111],[7.204551944,43.658046389],[7.204618333,43.658065278],[7.204626389,43.658047222],[7.204671944,43.658058889],[7.204662778,43.658077222],[7.204760278,43.658104444],[7.2047425,43.658138056],[7.204729167,43.658133611],[7.204861389,43.658325833],[7.205311944,43.658783889],[7.205510833,43.658654722],[7.205524167,43.658648333],[7.205538611,43.658643889],[7.205552778,43.658641111],[7.205560556,43.658640556],[7.205563889,43.658580556],[7.205560833,43.658572778],[7.205556667,43.658568611],[7.205554167,43.658564722],[7.205554167,43.658559722],[7.205557778,43.658553611],[7.205564722,43.658549167],[7.205570556,43.658548056],[7.205594444,43.658560556],[7.205593333,43.658565556],[7.20559,43.658568889],[7.205586111,43.658571667],[7.205584444,43.658581389],[7.205579167,43.658640556],[7.205602222,43.658645278],[7.205622222,43.658653333],[7.205635,43.658665833],[7.205644444,43.658679167],[7.205647778,43.658691944],[7.205648333,43.658703333],[7.205645833,43.658714167],[7.205639722,43.658723333],[7.205651667,43.6587325],[7.205660833,43.658730833],[7.205666944,43.658731389],[7.205673333,43.6587325],[7.205673056,43.65873],[7.205679167,43.658730278],[7.205677222,43.658758333],[7.205664722,43.658758333],[7.205660556,43.658758889],[7.205655833,43.658759167],[7.205651111,43.658758056],[7.205645556,43.658755556],[7.2056425,43.658753333],[7.205640556,43.658750278],[7.20564,43.6587475],[7.205632222,43.658743056],[7.205626389,43.658743056],[7.205604722,43.658726667],[7.205610556,43.658720278],[7.205615,43.658713611],[7.205614722,43.658708333],[7.205613333,43.658705556],[7.205583889,43.658704167],[7.205562778,43.658688333],[7.205565833,43.658685833],[7.205558333,43.658677222],[7.205545556,43.658681667],[7.205535556,43.658676111],[7.205520278,43.658678611],[7.205331389,43.658800556],[7.205413889,43.658886389],[7.205483056,43.658859167],[7.2055125,43.658849167],[7.205532778,43.658844167],[7.205551667,43.6588425],[7.205585,43.658846389],[7.205608889,43.658852778],[7.205688333,43.658879167],[7.205755,43.658906389],[7.205819444,43.658938056],[7.205893056,43.658981667],[7.205954444,43.659025556],[7.206001111,43.659065278],[7.206028056,43.659094167],[7.206038889,43.659115278],[7.206041944,43.659143333],[7.206030833,43.659167778],[7.206011667,43.659188611],[7.205996389,43.659200278],[7.206036944,43.659204167],[7.206056389,43.659206667],[7.206233333,43.659076944],[7.206243056,43.659068889],[7.206255278,43.659064167],[7.206266667,43.659061944],[7.206274444,43.659060556],[7.206275278,43.658992778],[7.206270556,43.658988611],[7.206268333,43.658984444],[7.206268611,43.658979722],[7.206269722,43.658975833],[7.206274722,43.658971944],[7.2062825,43.658969722],[7.206290833,43.658968333],[7.206306667,43.658986389],[7.206304444,43.658989167],[7.206301389,43.658991667],[7.206299167,43.659000278],[7.206298056,43.659060556],[7.206316389,43.659062778],[7.206338611,43.659065278],[7.206361111,43.659071389],[7.206382222,43.659081667],[7.206403611,43.659094722],[7.206416667,43.659109167],[7.206422222,43.659118056],[7.2064225,43.659130278],[7.206431667,43.659132778],[7.206437778,43.659131111],[7.206443611,43.65913],[7.206451389,43.659130556],[7.206459444,43.659131944],[7.206464444,43.659135833],[7.206467222,43.659139722],[7.206458611,43.659158056],[7.206454167,43.659159444],[7.206447222,43.65916],[7.206439444,43.659159444],[7.206433611,43.659156667],[7.206429722,43.659154167],[7.206418056,43.659154167],[7.20636,43.65915],[7.206363056,43.659132222],[7.206344167,43.659128611],[7.206293889,43.659110278],[7.206284722,43.659106111],[7.206278333,43.659101944],[7.206118611,43.659218056],[7.2061475,43.659223611],[7.206201944,43.659241111],[7.206255833,43.659258056],[7.206298333,43.659275833],[7.206343333,43.659295833],[7.206386111,43.659320278],[7.206425556,43.659344444],[7.206461944,43.659371111],[7.206498889,43.659400556],[7.206530278,43.659431944],[7.2065575,43.659463889],[7.206580833,43.659493333],[7.206595278,43.659515278],[7.2066025,43.659528056],[7.2068375,43.659559167],[7.206842778,43.659556389],[7.206868056,43.659503889],[7.206870833,43.659496667],[7.206868611,43.6594925],[7.206868611,43.659486944],[7.2068725,43.659481389],[7.20688,43.659477778],[7.206889167,43.659475833],[7.206898056,43.659476111],[7.206904722,43.659477778],[7.20691,43.659479722],[7.206906944,43.659501667],[7.206902778,43.659502778],[7.206898611,43.659503333],[7.206893889,43.659503611],[7.206888611,43.659514167],[7.206862222,43.659562778],[7.206862778,43.659568056],[7.206873333,43.659575278],[7.206881944,43.659583056],[7.206889722,43.659593889],[7.206896667,43.659606111],[7.2069025,43.659619444],[7.206906111,43.6596325],[7.206907222,43.659643611],[7.206906944,43.659654444],[7.206916944,43.659656667],[7.206923889,43.659653056],[7.206930556,43.659651944],[7.206939167,43.659654167],[7.206945556,43.659658333],[7.206948611,43.659664444],[7.206950833,43.659670278],[7.206950278,43.659676389],[7.206926111,43.659684444],[7.206921389,43.659679167],[7.206918056,43.659678056],[7.206915833,43.659676389],[7.206914444,43.659674444],[7.206913889,43.659673611],[7.206902222,43.659673056],[7.206898889,43.6596825],[7.206896389,43.659687222],[7.2068925,43.659692778],[7.206886667,43.659698056],[7.206876389,43.659703056],[7.206846944,43.659670556],[7.206831389,43.6596],[7.206627778,43.659572778],[7.206638056,43.659601111],[7.206648889,43.65963],[7.206655833,43.659655556],[7.206661667,43.659686111],[7.206664722,43.659709167],[7.206666389,43.659732222],[7.206667222,43.659751944],[7.206665833,43.659775278],[7.206663889,43.659795],[7.206659167,43.659825833],[7.206653889,43.659848333],[7.206645833,43.659873056],[7.206637222,43.659898333],[7.206615,43.659949167],[7.206602778,43.659968611],[7.206581944,43.660001944],[7.206564167,43.660025556],[7.206538056,43.660055],[7.206503056,43.660090833],[7.206476111,43.660114167],[7.206443333,43.660139444],[7.206406111,43.660164444],[7.206376667,43.660181944],[7.206308889,43.660471667],[7.206539722,43.660499167],[7.206552778,43.660428889],[7.206593889,43.6604325],[7.206579722,43.660501667],[7.206584167,43.6605025],[7.206581389,43.660515556],[7.206596667,43.660518611],[7.206601111,43.660517222],[7.206604722,43.660516667],[7.206609722,43.660516944],[7.206614167,43.6605175],[7.206624722,43.660538333],[7.206621667,43.660541389],[7.206618611,43.660543333],[7.206613889,43.660545278],[7.206608889,43.660545556],[7.206602778,43.660545278],[7.206598056,43.660543611],[7.206593611,43.660541111],[7.206590833,43.660538333],[7.206577222,43.660538056],[7.206572778,43.660554444],[7.206535556,43.660551389],[7.206536111,43.6605475],[7.206299444,43.660520278],[7.206185556,43.661009444],[7.2064225,43.661036111],[7.206436667,43.660961389],[7.206473889,43.660966667],[7.206458333,43.661036111],[7.206463611,43.661036944],[7.206460278,43.661052222],[7.206465278,43.661053333],[7.206469167,43.661051111],[7.2064725,43.661050556],[7.206477778,43.661050833],[7.2064825,43.661051944],[7.206485278,43.661053611],[7.206488056,43.661055833],[7.206478056,43.661074722],[7.206473056,43.661074444],[7.206469444,43.661073889],[7.206466389,43.661072222],[7.206465278,43.661070556],[7.206456111,43.661069722],[7.206451944,43.661088889],[7.206414722,43.661084722],[7.206415278,43.661080833],[7.206178889,43.661052778],[7.206069722,43.661541111],[7.206294722,43.661566389],[7.206309722,43.661493611],[7.206353056,43.661498611],[7.20634,43.661567222],[7.206344444,43.661567778],[7.206341111,43.661583611],[7.206346111,43.661583056],[7.206351389,43.661583056],[7.2063575,43.661583611],[7.2063625,43.661585278],[7.206367778,43.661587778],[7.206364444,43.661606389],[7.206356667,43.661607222],[7.206348611,43.661606944],[7.206343333,43.661605556],[7.206338611,43.661603056],[7.206336111,43.661603056],[7.206331944,43.661620833],[7.206294722,43.661616667],[7.206295833,43.661612222],[7.206059444,43.661585278],[7.205949167,43.6620725],[7.206178056,43.662098611],[7.206191944,43.662025556],[7.206231944,43.662030556],[7.2062175,43.662100833],[7.206223889,43.662101944],[7.206221111,43.662118056],[7.206304167,43.662127222],[7.206311389,43.662125556],[7.206319444,43.662125],[7.206329722,43.662126111],[7.206335,43.662129444],[7.206338611,43.662132778],[7.206326389,43.662153056],[7.206319722,43.662153889],[7.206312778,43.662153333],[7.206307222,43.662150556],[7.206303056,43.662146667],[7.206296944,43.662144167],[7.206216667,43.662135],[7.2062125,43.662154722],[7.206203889,43.662154167],[7.206202222,43.662160278],[7.206202778,43.662164167],[7.206206389,43.6621675],[7.206208333,43.662171389],[7.206208611,43.662175278],[7.206206667,43.662178611],[7.206203056,43.662182222],[7.206200556,43.662183889],[7.20617,43.6621775],[7.2061675,43.662174444],[7.206167222,43.662171389],[7.206168056,43.662168611],[7.206170278,43.662165556],[7.206172778,43.662163889],[7.206175556,43.662161389],[7.206178056,43.662157778],[7.206179444,43.662151667],[7.206171944,43.662150833],[7.2061725,43.662145278],[7.205940278,43.662118056],[7.205933611,43.662146944],[7.205854722,43.662138333],[7.205899444,43.661941111],[7.2056825,43.661915278],[7.205696111,43.661846389],[7.205914444,43.661873056],[7.205935,43.661779444],[7.205923889,43.661779167],[7.205911944,43.661778611],[7.205900278,43.661776944],[7.205888611,43.661774444],[7.205776389,43.661818889],[7.205765,43.661804722],[7.205755833,43.661794167],[7.205743056,43.661784444],[7.205726389,43.661773333],[7.20571,43.661764167],[7.205691667,43.661757222],[7.205673611,43.661750556],[7.205652222,43.661745278],[7.205628611,43.661741944],[7.205603889,43.661740278],[7.205576111,43.661741111],[7.205543056,43.661746111],[7.205526944,43.661750278],[7.205511111,43.661755],[7.205543611,43.661791667],[7.205513056,43.661806111],[7.205479444,43.661769167],[7.205469722,43.661775],[7.205461389,43.661780833],[7.205435833,43.661760833],[7.205414167,43.661774722],[7.205405556,43.66178],[7.205398611,43.6617825],[7.205393333,43.661783333],[7.205385,43.661782778],[7.205376389,43.661780556],[7.205371667,43.661776667],[7.2053675,43.6617725],[7.205365833,43.661767222],[7.205365833,43.661761389],[7.205368056,43.661756944],[7.205371944,43.661753056],[7.205400833,43.661733056],[7.205374167,43.661712778],[7.205451389,43.661370556],[7.20541,43.661365556],[7.205402222,43.661399722],[7.205318056,43.66139],[7.205351389,43.661237778],[7.205326667,43.661235278],[7.205320278,43.661261667],[7.205257222,43.661254444],[7.2052625,43.661228889],[7.205238889,43.661226389],[7.205209722,43.661365],[7.205121111,43.661356111],[7.205273889,43.660683889],[7.20536,43.660691944],[7.205253333,43.661159722],[7.205281944,43.661162778],[7.205294444,43.661106389],[7.205348333,43.661111667],[7.205337778,43.661168333],[7.205364722,43.661171667],[7.2055775,43.660239167],[7.205538611,43.660224167],[7.205501111,43.660208056],[7.205465556,43.660190278],[7.205426389,43.6601675],[7.2053975,43.660149444],[7.205360278,43.660123611],[7.205323889,43.660094444],[7.205288611,43.66006],[7.205261389,43.660030556],[7.205238056,43.659998889],[7.205222222,43.659974167],[7.205206389,43.659948333],[7.205192778,43.659921944],[7.205185,43.659903889],[7.205178056,43.659886111],[7.205170556,43.659865],[7.205165556,43.659846667],[7.205158611,43.659818056],[7.205155,43.659799444],[7.205152222,43.659770556],[7.205151944,43.659749444],[7.205151944,43.659723889],[7.205153056,43.659701389],[7.205155833,43.659678333],[7.205158889,43.659657778],[7.205162778,43.659644167],[7.204648889,43.659124167],[7.20485,43.659019722],[7.204375833,43.658540278],[7.2046475,43.658396111]]]}},{"type":"Feature","id":"structure.building.012","properties":{"name":"Building 012","layer":"Buildings and structures","category":"Buildings","object_type":"Area","style_id":"structure.building","airport":"LFMN","geometry_role":"filled_region"},"geometry":{"type":"Polygon","coordinates":[[[7.205568611,43.658685278],[7.2055875,43.6587025],[7.205340278,43.658825],[7.205328611,43.658810278],[7.205568611,43.658685278]]]}},{"type":"Feature","id":"structure.building.013","properties":{"name":"Building 013","layer":"Buildings and structures","category":"Buildings","object_type":"Area","style_id":"structure.building","airport":"LFMN","geometry_role":"filled_region"},"geometry":{"type":"Polygon","coordinates":[[[7.205612222,43.658725],[7.205628056,43.658739722],[7.205619167,43.6587475],[7.205606389,43.658753611],[7.205588056,43.658761944],[7.205364722,43.658856111],[7.205353333,43.6588375],[7.205612222,43.658725]]]}},{"type":"Feature","id":"structure.building.014","properties":{"name":"Building 014","layer":"Buildings and structures","category":"Buildings","object_type":"Area","style_id":"structure.building","airport":"LFMN","geometry_role":"filled_region"},"geometry":{"type":"Polygon","coordinates":[[[7.206301944,43.659099722],[7.206352778,43.6591175],[7.206248333,43.659268056],[7.206199444,43.6592475],[7.206301944,43.659099722]]]}},{"type":"Feature","id":"structure.building.015","properties":{"name":"Building 015","layer":"Buildings and structures","category":"Buildings","object_type":"Area","style_id":"structure.building","airport":"LFMN","geometry_role":"filled_region"},"geometry":{"type":"Polygon","coordinates":[[[7.206862222,43.659611389],[7.206857778,43.659653333],[7.206645556,43.659672778],[7.206631944,43.659632778],[7.206862222,43.659611389]]]}},{"type":"Feature","id":"structure.building.016","properties":{"name":"Building 016","layer":"Buildings and structures","category":"Buildings","object_type":"Area","style_id":"structure.building","airport":"LFMN","geometry_role":"filled_region"},"geometry":{"type":"Polygon","coordinates":[[[7.206876944,43.659702778],[7.206645556,43.659783333],[7.206644167,43.659741111],[7.206862778,43.659665],[7.206876944,43.659702778]]]}},{"type":"Feature","id":"structure.building.017","properties":{"name":"Building 017","layer":"Buildings and structures","category":"Buildings","object_type":"Area","style_id":"structure.building","airport":"LFMN","geometry_role":"filled_region"},"geometry":{"type":"Polygon","coordinates":[[[7.205444722,43.660701944],[7.205438889,43.660728889],[7.205376111,43.660721944],[7.205381389,43.660695278],[7.205274444,43.660684722],[7.205338889,43.660393056],[7.205345556,43.660361944],[7.205347778,43.660331111],[7.205348333,43.660298056],[7.205343611,43.6602725],[7.205333056,43.660230278],[7.205319722,43.660193333],[7.2053025,43.660156667],[7.205286944,43.660128889],[7.205267222,43.660098889],[7.205236944,43.660065556],[7.2046025,43.659436667],[7.204680556,43.659395],[7.205302222,43.660023611],[7.205394167,43.660137222],[7.205407778,43.660170278],[7.205421389,43.660204722],[7.205433333,43.660250278],[7.205436667,43.660286111],[7.205437222,43.660321667],[7.205433889,43.660355],[7.205429722,43.660387222],[7.205421667,43.660419167],[7.205375278,43.6606275],[7.205401667,43.660630833],[7.205415278,43.660573611],[7.205468333,43.660579167],[7.205457222,43.660636944],[7.205500556,43.660641944],[7.2054875,43.660706111],[7.205444722,43.660701944]]]}},{"type":"Feature","id":"structure.building.018","properties":{"name":"Building 018","layer":"Buildings and structures","category":"Buildings","object_type":"Area","style_id":"structure.building","airport":"LFMN","geometry_role":"filled_region"},"geometry":{"type":"Polygon","coordinates":[[[7.204838056,43.661869444],[7.204900278,43.661876944],[7.204911111,43.661827222],[7.205034722,43.661841389],[7.205022778,43.661893611],[7.205698056,43.661971667],[7.205668333,43.662105556],[7.205424167,43.662076667],[7.205415,43.662120556],[7.205291389,43.662106111],[7.205281389,43.662150833],[7.205158889,43.6621375],[7.205148889,43.662180556],[7.204779722,43.662138611],[7.204838056,43.661869444]]]}},{"type":"Feature","id":"structure.building.019","properties":{"name":"Building 019","layer":"Buildings and structures","category":"Buildings","object_type":"Area","style_id":"structure.building","airport":"LFMN","geometry_role":"filled_region"},"geometry":{"type":"Polygon","coordinates":[[[7.204953056,43.662392778],[7.204695278,43.663558611],[7.203977222,43.663475278],[7.204229444,43.662314722],[7.204953056,43.662392778]]]}},{"type":"Feature","id":"structure.building.020","properties":{"name":"Building 020","layer":"Buildings and structures","category":"Buildings","object_type":"Area","style_id":"structure.building","airport":"LFMN","geometry_role":"filled_region"},"geometry":{"type":"Polygon","coordinates":[[[7.203860556,43.663918889],[7.203782222,43.664256667],[7.203228889,43.664191389],[7.203299722,43.663849167],[7.203860556,43.663918889]]]}},{"type":"Feature","id":"structure.building.021","properties":{"name":"Building 021","layer":"Buildings and structures","category":"Buildings","object_type":"Area","style_id":"structure.building","airport":"LFMN","geometry_role":"filled_region"},"geometry":{"type":"Polygon","coordinates":[[[7.204397778,43.664028056],[7.204360556,43.6641975],[7.204543333,43.664210278],[7.204491389,43.664430833],[7.204250278,43.664419167],[7.203985,43.664369167],[7.204017222,43.664222778],[7.204041944,43.664226111],[7.204059167,43.664152778],[7.204208056,43.664178333],[7.204246389,43.664010278],[7.204397778,43.664028056]]]}},{"type":"Feature","id":"structure.building.022","properties":{"name":"Building 022","layer":"Buildings and structures","category":"Buildings","object_type":"Area","style_id":"structure.building","airport":"LFMN","geometry_role":"filled_region"},"geometry":{"type":"Polygon","coordinates":[[[7.205009722,43.6643925],[7.205051667,43.664203056],[7.204700556,43.664160278],[7.204735,43.664008889],[7.205226111,43.664070278],[7.205141111,43.664435],[7.205156389,43.664437222],[7.205134167,43.664528889],[7.205036667,43.664516944],[7.205038056,43.664506111],[7.2046225,43.664455556],[7.204644167,43.664348889],[7.205009722,43.6643925]]]}},{"type":"Feature","id":"structure.building.023","properties":{"name":"Building 023","layer":"Buildings and structures","category":"Buildings","object_type":"Area","style_id":"structure.building","airport":"LFMN","geometry_role":"filled_region"},"geometry":{"type":"Polygon","coordinates":[[[7.204687222,43.664161389],[7.2047,43.664163056],[7.204703056,43.66415],[7.204850833,43.664165833],[7.204801667,43.664377778],[7.204644444,43.66435],[7.204687222,43.664161389]]]}},{"type":"Feature","id":"structure.building.024","properties":{"name":"Building 024","layer":"Buildings and structures","category":"Buildings","object_type":"Area","style_id":"structure.building","airport":"LFMN","geometry_role":"filled_region"},"geometry":{"type":"Polygon","coordinates":[[[7.205971389,43.6643875],[7.205930833,43.664560833],[7.205605556,43.664520833],[7.205646111,43.664346111],[7.205971389,43.6643875]]]}},{"type":"Feature","id":"structure.building.025","properties":{"name":"Building 025","layer":"Buildings and structures","category":"Buildings","object_type":"Area","style_id":"structure.building","airport":"LFMN","geometry_role":"filled_region"},"geometry":{"type":"Polygon","coordinates":[[[7.206363333,43.66415],[7.206590556,43.664177222],[7.206580556,43.664224722],[7.206539444,43.664254722],[7.206463056,43.664246111],[7.206454167,43.664283056],[7.206407778,43.6642775],[7.206406111,43.664284444],[7.206336389,43.664276389],[7.206363333,43.66415]]]}},{"type":"Feature","id":"structure.building.026","properties":{"name":"Building 026","layer":"Buildings and structures","category":"Buildings","object_type":"Area","style_id":"structure.building","airport":"LFMN","geometry_role":"filled_region"},"geometry":{"type":"Polygon","coordinates":[[[7.207778889,43.664369167],[7.207735556,43.664363889],[7.207729167,43.664392222],[7.207541389,43.664370278],[7.207539167,43.664378889],[7.207361667,43.664358333],[7.207333056,43.664316944],[7.207343056,43.664265833],[7.207791667,43.664318611],[7.207778889,43.664369167]]]}},{"type":"Feature","id":"structure.building.027","properties":{"name":"Building 027","layer":"Buildings and structures","category":"Buildings","object_type":"Area","style_id":"structure.building","airport":"LFMN","geometry_role":"filled_region"},"geometry":{"type":"Polygon","coordinates":[[[7.2086025,43.664418889],[7.208595278,43.664458056],[7.208547778,43.664488333],[7.208258889,43.664456111],[7.208238333,43.664417222],[7.208246111,43.664375],[7.2086025,43.664418889]]]}},{"type":"Feature","id":"structure.building.028","properties":{"name":"Building 028","layer":"Buildings and structures","category":"Buildings","object_type":"Area","style_id":"structure.building","airport":"LFMN","geometry_role":"filled_region"},"geometry":{"type":"Polygon","coordinates":[[[7.214363611,43.6659025],[7.214423889,43.665856944],[7.214513889,43.665921944],[7.214451667,43.665966944],[7.214363611,43.6659025]]]}},{"type":"Feature","id":"structure.building.029","properties":{"name":"Building 029","layer":"Buildings and structures","category":"Buildings","object_type":"Area","style_id":"structure.building","airport":"LFMN","geometry_role":"filled_region"},"geometry":{"type":"Polygon","coordinates":[[[7.214255833,43.664750556],[7.214251111,43.664713333],[7.214515833,43.664745278],[7.214506667,43.664781944],[7.214255833,43.664750556]]]}},{"type":"Feature","id":"structure.building.030","properties":{"name":"Building 030","layer":"Buildings and structures","category":"Buildings","object_type":"Area","style_id":"structure.building","airport":"LFMN","geometry_role":"filled_region"},"geometry":{"type":"Polygon","coordinates":[[[7.212639167,43.664545833],[7.212709722,43.664556111],[7.212693333,43.664621667],[7.212624444,43.664612222],[7.212639167,43.664545833]]]}},{"type":"Feature","id":"structure.building.031","properties":{"name":"Building 031","layer":"Buildings and structures","category":"Buildings","object_type":"Area","style_id":"structure.building","airport":"LFMN","geometry_role":"filled_region"},"geometry":{"type":"Polygon","coordinates":[[[7.212852222,43.664541667],[7.212953333,43.664556667],[7.213083611,43.664573056],[7.213067778,43.664665278],[7.212830833,43.664638333],[7.212852222,43.664541667]]]}},{"type":"Feature","id":"structure.building.032","properties":{"name":"Building 032","layer":"Buildings and structures","category":"Buildings","object_type":"Area","style_id":"structure.building","airport":"LFMN","geometry_role":"filled_region"},"geometry":{"type":"Polygon","coordinates":[[[7.215282222,43.665975833],[7.215238611,43.666006389],[7.215247222,43.666013333],[7.2151025,43.666117778],[7.215220833,43.666199444],[7.215338333,43.6661125],[7.215554167,43.666271111],[7.215808056,43.666089444],[7.216184167,43.666363889],[7.2160575,43.666454167],[7.215973611,43.666391944],[7.215910278,43.666437778],[7.215706944,43.66629],[7.215557778,43.666399444],[7.215518611,43.66637],[7.215465833,43.666408889],[7.215197222,43.666213889],[7.215156944,43.666241667],[7.215119444,43.666241667],[7.215044722,43.666187778],[7.215044444,43.666168056],[7.215038889,43.666164167],[7.215023611,43.666163333],[7.214935,43.666098611],[7.214778056,43.665985833],[7.214748333,43.665965278],[7.214733056,43.665951944],[7.214786111,43.665912778],[7.214812778,43.665932778],[7.215203611,43.665650278],[7.215471389,43.665847222],[7.215282222,43.665975833]]]}},{"type":"Feature","id":"structure.building.033","properties":{"name":"Building 033","layer":"Buildings and structures","category":"Buildings","object_type":"Area","style_id":"structure.building","airport":"LFMN","geometry_role":"filled_region"},"geometry":{"type":"Polygon","coordinates":[[[7.215460833,43.66584],[7.21581,43.666091389],[7.215622778,43.666224444],[7.215276944,43.665972222],[7.215460833,43.66584]]]}},{"type":"Feature","id":"structure.building.034","properties":{"name":"Building 034","layer":"Buildings and structures","category":"Buildings","object_type":"Area","style_id":"structure.building","airport":"LFMN","geometry_role":"filled_region"},"geometry":{"type":"Polygon","coordinates":[[[7.227880278,43.673288056],[7.227881667,43.673280556],[7.227885278,43.673273056],[7.227891944,43.673266111],[7.227901667,43.673261111],[7.227915833,43.673257222],[7.2285,43.673202778],[7.228516389,43.673203611],[7.228529167,43.673206667],[7.228541111,43.673212778],[7.228548056,43.673221111],[7.228551389,43.673234444],[7.228623333,43.673540278],[7.228623889,43.673549444],[7.228622778,43.6735575],[7.228618889,43.673565278],[7.228613333,43.673573611],[7.228606944,43.673579167],[7.228599444,43.673584167],[7.22859,43.673587778],[7.228558889,43.673593611],[7.228541389,43.673595278],[7.227991389,43.673646944],[7.227976389,43.673647222],[7.227962778,43.673645833],[7.227949722,43.673642222],[7.227939722,43.673636944],[7.227931389,43.673630556],[7.227923889,43.673623333],[7.227918611,43.673614444],[7.227916667,43.673603889],[7.227880278,43.673288056]]]}},{"type":"Feature","id":"structure.building.035","properties":{"name":"Building 035","layer":"Buildings and structures","category":"Buildings","object_type":"Area","style_id":"structure.building","airport":"LFMN","geometry_role":"filled_region"},"geometry":{"type":"Polygon","coordinates":[[[7.208895278,43.660593333],[7.208891944,43.660589167],[7.20889,43.660585],[7.208890556,43.660579722],[7.208948889,43.660463056],[7.208951111,43.660458333],[7.208955278,43.660456111],[7.208961111,43.660455556],[7.20897,43.660456389],[7.209381944,43.66053],[7.209526111,43.660566111],[7.209562222,43.660577222],[7.209573889,43.660582222],[7.209580833,43.660589444],[7.209587778,43.660598333],[7.209593889,43.660609444],[7.209598333,43.660624444],[7.2096,43.660637222],[7.209600278,43.660653056],[7.209598889,43.660666667],[7.209595556,43.660681667],[7.209588889,43.660696667],[7.209578333,43.660714722],[7.209566389,43.660732222],[7.209553056,43.660746389],[7.2095325,43.660763889],[7.209508611,43.660776389],[7.209483611,43.660780278],[7.209458611,43.6607775],[7.209279167,43.660731944],[7.208900556,43.660595833],[7.208895278,43.660593333]]]}},{"type":"Feature","id":"structure.building.036","properties":{"name":"Building 036","layer":"Buildings and structures","category":"Buildings","object_type":"Area","style_id":"structure.building","airport":"LFMN","geometry_role":"filled_region"},"geometry":{"type":"Polygon","coordinates":[[[7.228616667,43.669404167],[7.228245556,43.669673611],[7.228191667,43.669637222],[7.22857,43.669366389],[7.228616667,43.669404167]]]}},{"type":"Feature","id":"structure.building.037","properties":{"name":"Building 037","layer":"Buildings and structures","category":"Buildings","object_type":"Area","style_id":"structure.building","airport":"LFMN","geometry_role":"filled_region"},"geometry":{"type":"Polygon","coordinates":[[[7.220161389,43.656134444],[7.220211111,43.656128056],[7.220259444,43.656147222],[7.220291944,43.656191667],[7.220275,43.656222222],[7.220231667,43.656238611],[7.220135,43.656169444],[7.220161389,43.656134444]]]}},{"type":"Feature","id":"structure.building.038","properties":{"name":"Building 038","layer":"Buildings and structures","category":"Buildings","object_type":"Area","style_id":"structure.building","airport":"LFMN","geometry_role":"filled_region"},"geometry":{"type":"Polygon","coordinates":[[[7.2178325,43.655606944],[7.217758056,43.655655556],[7.217557778,43.655529444],[7.2176675,43.655478056],[7.2178325,43.655606944]]]}},{"type":"Feature","id":"structure.building.039","properties":{"name":"Building 039","layer":"Buildings and structures","category":"Buildings","object_type":"Area","style_id":"structure.building","airport":"LFMN","geometry_role":"filled_region"},"geometry":{"type":"Polygon","coordinates":[[[7.211783333,43.651103056],[7.211711111,43.651157778],[7.211461389,43.651001389],[7.211547778,43.650941667],[7.211783333,43.651103056]]]}},{"type":"Feature","id":"structure.building.040","properties":{"name":"Building 040","layer":"Buildings and structures","category":"Buildings","object_type":"Area","style_id":"structure.building","airport":"LFMN","geometry_role":"filled_region"},"geometry":{"type":"Polygon","coordinates":[[[7.215323611,43.653162778],[7.215203889,43.653261944],[7.215183889,43.653243889],[7.215308056,43.653154444],[7.215323611,43.653162778]]]}},{"type":"Feature","id":"structure.building.041","properties":{"name":"Building 041","layer":"Buildings and structures","category":"Buildings","object_type":"Area","style_id":"structure.building","airport":"LFMN","geometry_role":"filled_region"},"geometry":{"type":"Polygon","coordinates":[[[7.215392778,43.653058056],[7.215465833,43.652989167],[7.215496111,43.653001667],[7.215439722,43.653056389],[7.2154625,43.653073889],[7.215415833,43.653115833],[7.215383333,43.653100556],[7.215315833,43.653179722],[7.215303056,43.653151944],[7.2153375,43.653106389],[7.215392778,43.653058056]]]}},{"type":"Feature","id":"structure.building.042","properties":{"name":"Building 042","layer":"Buildings and structures","category":"Buildings","object_type":"Area","style_id":"structure.building","airport":"LFMN","geometry_role":"filled_region"},"geometry":{"type":"Polygon","coordinates":[[[7.208392222,43.665288333],[7.208379167,43.665380833],[7.207173611,43.665226667],[7.207199444,43.665139722],[7.208392222,43.665288333]]]}},{"type":"Feature","id":"structure.building.043","properties":{"name":"Building 043","layer":"Buildings and structures","category":"Buildings","object_type":"Area","style_id":"structure.building","airport":"LFMN","geometry_role":"filled_region"},"geometry":{"type":"Polygon","coordinates":[[[7.204621944,43.664581667],[7.204836944,43.664606944],[7.204830833,43.664688889],[7.204741389,43.664680278],[7.204714167,43.664871944],[7.205299167,43.664947222],[7.2052775,43.665049167],[7.204538889,43.664954167],[7.204621944,43.664581667]]]}},{"type":"Feature","id":"structure.building.044","properties":{"name":"Building 044","layer":"Buildings and structures","category":"Buildings","object_type":"Area","style_id":"structure.building","airport":"LFMN","geometry_role":"filled_region"},"geometry":{"type":"Polygon","coordinates":[[[7.205605556,43.664713611],[7.205537778,43.665068889],[7.205374444,43.665054444],[7.205436944,43.66478],[7.205360278,43.664755],[7.205368333,43.664687222],[7.205605556,43.664713611]]]}},{"type":"Feature","id":"structure.building.045","properties":{"name":"Building 045","layer":"Buildings and structures","category":"Buildings","object_type":"Area","style_id":"structure.building","airport":"LFMN","geometry_role":"filled_region"},"geometry":{"type":"Polygon","coordinates":[[[7.203880833,43.664880833],[7.203895,43.664828889],[7.204346111,43.664879444],[7.204362778,43.664779167],[7.204442778,43.664789444],[7.204401111,43.664937778],[7.203880833,43.664880833]]]}},{"type":"Feature","id":"structure.building.046","properties":{"name":"Building 046","layer":"Buildings and structures","category":"Buildings","object_type":"Area","style_id":"structure.building","airport":"LFMN","geometry_role":"filled_region"},"geometry":{"type":"Polygon","coordinates":[[[7.203960278,43.664763611],[7.203914722,43.664758333],[7.203955556,43.664545278],[7.204012222,43.664550556],[7.203960278,43.664763611]]]}},{"type":"Feature","id":"structure.building.047","properties":{"name":"Building 047","layer":"Buildings and structures","category":"Buildings","object_type":"Area","style_id":"structure.building","airport":"LFMN","geometry_role":"filled_region"},"geometry":{"type":"Polygon","coordinates":[[[7.204433056,43.664703056],[7.204430833,43.6646725],[7.204456389,43.664660278],[7.204488056,43.664666111],[7.204494444,43.664693611],[7.204466944,43.664712222],[7.204433056,43.664703056]]]}},{"type":"Feature","id":"structure.building.048","properties":{"name":"Building 048","layer":"Buildings and structures","category":"Buildings","object_type":"Area","style_id":"structure.building","airport":"LFMN","geometry_role":"filled_region"},"geometry":{"type":"Polygon","coordinates":[[[7.204713056,43.662308611],[7.204555833,43.662293333],[7.204566389,43.662230278],[7.204721944,43.662257778],[7.204713056,43.662308611]]]}},{"type":"Feature","id":"structure.building.049","properties":{"name":"Building 049","layer":"Buildings and structures","category":"Buildings","object_type":"Area","style_id":"structure.building","airport":"LFMN","geometry_role":"filled_region"},"geometry":{"type":"Polygon","coordinates":[[[7.205151389,43.661673889],[7.205192778,43.661521389],[7.205370278,43.661541111],[7.205329167,43.661698889],[7.205151389,43.661673889]]]}},{"type":"Feature","id":"structure.building.050","properties":{"name":"Building 050","layer":"Buildings and structures","category":"Buildings","object_type":"Area","style_id":"structure.building","airport":"LFMN","geometry_role":"filled_region"},"geometry":{"type":"Polygon","coordinates":[[[7.204021667,43.657836667],[7.203839167,43.657959167],[7.203199167,43.657478056],[7.202504167,43.656977778],[7.202545833,43.656944722],[7.202446389,43.656343611],[7.2025675,43.656335556],[7.202670556,43.656333333],[7.202805833,43.656846111],[7.204074444,43.6577925],[7.204694722,43.658397222],[7.204608611,43.658431389],[7.204021667,43.657836667]]]}},{"type":"Feature","id":"structure.building.051","properties":{"name":"Building 051","layer":"Buildings and structures","category":"Buildings","object_type":"Area","style_id":"structure.building","airport":"LFMN","geometry_role":"filled_region"},"geometry":{"type":"Polygon","coordinates":[[[7.201960278,43.655300833],[7.202004722,43.655303611],[7.201991667,43.655338889],[7.20196,43.6553375],[7.201960278,43.655300833]]]}},{"type":"Feature","id":"structure.building.052","properties":{"name":"Building 052","layer":"Buildings and structures","category":"Buildings","object_type":"Area","style_id":"structure.building","airport":"LFMN","geometry_role":"filled_region"},"geometry":{"type":"Polygon","coordinates":[[[7.201912222,43.655078333],[7.201950278,43.655074722],[7.201948333,43.655100278],[7.201906944,43.655101111],[7.201912222,43.655078333]]]}},{"type":"Feature","id":"structure.building.053","properties":{"name":"Building 053","layer":"Buildings and structures","category":"Buildings","object_type":"Area","style_id":"structure.building","airport":"LFMN","geometry_role":"filled_region"},"geometry":{"type":"Polygon","coordinates":[[[7.201736944,43.655118056],[7.2017575,43.655108611],[7.201774444,43.655130833],[7.201749722,43.655138889],[7.201736944,43.655118056]]]}},{"type":"Feature","id":"structure.building.054","properties":{"name":"Building 054","layer":"Buildings and structures","category":"Buildings","object_type":"Area","style_id":"structure.building","airport":"LFMN","geometry_role":"filled_region"},"geometry":{"type":"Polygon","coordinates":[[[7.201746667,43.655138333],[7.201769167,43.655134722],[7.201786667,43.655168611],[7.201764167,43.655173056],[7.201746667,43.655138333]]]}},{"type":"Feature","id":"structure.building.055","properties":{"name":"Building 055","layer":"Buildings and structures","category":"Buildings","object_type":"Area","style_id":"structure.building","airport":"LFMN","geometry_role":"filled_region"},"geometry":{"type":"Polygon","coordinates":[[[7.201945833,43.655141111],[7.201931111,43.655121389],[7.201973056,43.6550925],[7.201986944,43.655116944],[7.201945833,43.655141111]]]}},{"type":"Feature","id":"structure.building.056","properties":{"name":"Building 056","layer":"Buildings and structures","category":"Buildings","object_type":"Area","style_id":"structure.building","airport":"LFMN","geometry_role":"filled_region"},"geometry":{"type":"Polygon","coordinates":[[[7.201841389,43.655020278],[7.201871111,43.654998056],[7.201899444,43.655017778],[7.201875556,43.655037778],[7.201841389,43.655020278]]]}},{"type":"Feature","id":"structure.building.057","properties":{"name":"Building 057","layer":"Buildings and structures","category":"Buildings","object_type":"Area","style_id":"structure.building","airport":"LFMN","geometry_role":"filled_region"},"geometry":{"type":"Polygon","coordinates":[[[7.201696944,43.655371667],[7.201644444,43.655385556],[7.2016275,43.655360556],[7.201711944,43.655333056],[7.201737778,43.655376944],[7.201709722,43.6553875],[7.201696944,43.655371667]]]}},{"type":"Feature","id":"structure.building.058","properties":{"name":"Building 058","layer":"Buildings and structures","category":"Buildings","object_type":"Area","style_id":"structure.building","airport":"LFMN","geometry_role":"filled_region"},"geometry":{"type":"Polygon","coordinates":[[[7.2016875,43.65599],[7.201726667,43.655985278],[7.201747222,43.656038611],[7.201705,43.656047222],[7.2016875,43.65599]]]}},{"type":"Feature","id":"structure.building.059","properties":{"name":"Building 059","layer":"Buildings and structures","category":"Buildings","object_type":"Area","style_id":"structure.building","airport":"LFMN","geometry_role":"filled_region"},"geometry":{"type":"Polygon","coordinates":[[[7.202035833,43.657187778],[7.201960833,43.657192778],[7.201937222,43.656955556],[7.202033889,43.656952778],[7.202029722,43.657145],[7.202035833,43.657187778]]]}},{"type":"Feature","id":"structure.building.060","properties":{"name":"Building 060","layer":"Buildings and structures","category":"Buildings","object_type":"Area","style_id":"structure.building","airport":"LFMN","geometry_role":"filled_region"},"geometry":{"type":"Polygon","coordinates":[[[7.202060278,43.657408889],[7.202056667,43.657446111],[7.202072778,43.657448611],[7.202067778,43.657489444],[7.202001111,43.657482778],[7.2019975,43.657443611],[7.201970556,43.657441389],[7.201958889,43.657274722],[7.202085833,43.657264722],[7.202090278,43.657408056],[7.202060278,43.657408889]]]}},{"type":"Feature","id":"structure.building.061","properties":{"name":"Building 061","layer":"Buildings and structures","category":"Buildings","object_type":"Area","style_id":"structure.building","airport":"LFMN","geometry_role":"filled_region"},"geometry":{"type":"Polygon","coordinates":[[[7.202035,43.657570556],[7.202049167,43.6576275],[7.2021075,43.657624167],[7.202103889,43.6576825],[7.201997222,43.657686389],[7.201979722,43.657511389],[7.202098889,43.657507222],[7.202096111,43.657572222],[7.202035,43.657570556]]]}},{"type":"Feature","id":"structure.building.062","properties":{"name":"Building 062","layer":"Buildings and structures","category":"Buildings","object_type":"Area","style_id":"structure.building","airport":"LFMN","geometry_role":"filled_region"},"geometry":{"type":"Polygon","coordinates":[[[7.214239444,43.664855556],[7.214473611,43.664883611],[7.214511667,43.664715833],[7.214509722,43.664700278],[7.214548333,43.664705278],[7.214545556,43.664721667],[7.214550833,43.6647225],[7.214553056,43.664721111],[7.214555833,43.66472],[7.214558889,43.664719722],[7.214573333,43.664737222],[7.214572778,43.664738889],[7.214571111,43.664741111],[7.214566944,43.664743611],[7.214562222,43.664744722],[7.214557222,43.664744444],[7.214553333,43.664743056],[7.21455,43.664741111],[7.214538333,43.664744444],[7.214505,43.664886667],[7.214600556,43.664896944],[7.214805833,43.665045],[7.214912222,43.664983889],[7.214923333,43.664980278],[7.214923889,43.664977778],[7.214926111,43.664975556],[7.214928889,43.664973611],[7.214933889,43.664972778],[7.214938889,43.664972778],[7.214942778,43.664973889],[7.214947778,43.664990833],[7.214945833,43.6649925],[7.214943056,43.664994167],[7.214939722,43.664995],[7.214936667,43.664995],[7.2149325,43.665003889],[7.214710833,43.665131389],[7.214495556,43.664977222],[7.2144175,43.665036944],[7.214294444,43.665113056],[7.214358611,43.665120556],[7.214380833,43.665125556],[7.214424722,43.665139722],[7.214429722,43.6651325],[7.21452,43.665167222],[7.214518889,43.665169167],[7.214529722,43.665173611],[7.214545,43.665181111],[7.214558611,43.665188889],[7.214571111,43.665196389],[7.214588611,43.665208611],[7.214632778,43.665239444],[7.214735556,43.665316389],[7.2147275,43.665321389],[7.214876111,43.665430556],[7.214836111,43.6654575],[7.214877222,43.665485833],[7.214880278,43.665481111],[7.214895556,43.665469722],[7.214914722,43.665460278],[7.214939167,43.665455556],[7.2149675,43.665453611],[7.214995556,43.665457778],[7.215017778,43.665466111],[7.215036667,43.665478333],[7.215048333,43.665493333],[7.215058611,43.665506667],[7.215061944,43.665523333],[7.215098333,43.665498611],[7.215238611,43.665601111],[7.214947222,43.665766944],[7.214727778,43.665895278],[7.214554167,43.666044167],[7.214449167,43.665966111],[7.214765833,43.665726111],[7.214723333,43.665693333],[7.214771944,43.665657778],[7.214738056,43.665633333],[7.214365556,43.665904167],[7.214303889,43.665858611],[7.21474,43.665542222],[7.214800278,43.665586111],[7.214751389,43.665622222],[7.214786667,43.665645833],[7.214875833,43.665581667],[7.214481944,43.665293333],[7.2144625,43.665279722],[7.214462222,43.665279444],[7.214444167,43.665270556],[7.214428056,43.665263333],[7.214407222,43.665291944],[7.214339167,43.665266667],[7.214358611,43.665240278],[7.214341944,43.665233333],[7.214325556,43.665228611],[7.214311667,43.665226111],[7.214291667,43.665223611],[7.214171667,43.66521],[7.214160833,43.665262778],[7.214220833,43.66527],[7.214198611,43.665369444],[7.214351111,43.665386111],[7.214372222,43.665407222],[7.214366667,43.665440833],[7.214508889,43.665541944],[7.214535278,43.6655225],[7.2145975,43.665567778],[7.214263611,43.665811389],[7.214065278,43.665669167],[7.2140525,43.665667222],[7.212382222,43.665491944],[7.212431944,43.665313611],[7.212247778,43.665121111],[7.210581944,43.664910833],[7.209014167,43.6647275],[7.209088889,43.664408056],[7.211124722,43.664649167],[7.211115556,43.664694722],[7.211156111,43.664699444],[7.211164444,43.664663333],[7.211531944,43.664706111],[7.211534444,43.664696389],[7.212042778,43.664760556],[7.212069444,43.664660833],[7.212144167,43.664669444],[7.212156389,43.664611667],[7.212185,43.664613889],[7.212209444,43.664506944],[7.211641667,43.664438889],[7.211650278,43.664393889],[7.2117525,43.664405],[7.211755833,43.664385278],[7.211755556,43.664380833],[7.211753333,43.664378889],[7.211751667,43.664376111],[7.211751389,43.664373056],[7.211751389,43.664369722],[7.211752778,43.6643675],[7.211786944,43.664360278],[7.211790278,43.664365556],[7.211791944,43.664369722],[7.211791667,43.664373333],[7.211788611,43.664378056],[7.211784167,43.664382778],[7.211780278,43.664388056],[7.211778611,43.664393333],[7.211775833,43.664408611],[7.211895,43.664424722],[7.211899167,43.664423889],[7.211898333,43.664417222],[7.211895278,43.664414722],[7.211894167,43.664412222],[7.211893611,43.664409722],[7.211894167,43.664406389],[7.211896389,43.664402222],[7.211900556,43.664399167],[7.211906667,43.664396389],[7.211912222,43.664395556],[7.211935833,43.664411667],[7.211935278,43.664414722],[7.211933056,43.664416944],[7.211930556,43.664418889],[7.211926944,43.664418889],[7.211925,43.664423611],[7.211920833,43.664426944],[7.211922778,43.664428611],[7.211923611,43.664431111],[7.212777222,43.664528056],[7.212783333,43.664507222],[7.212783333,43.664503056],[7.212781389,43.664501111],[7.212779444,43.664498056],[7.212778889,43.664495],[7.212779167,43.664490556],[7.212781389,43.664488333],[7.212783056,43.664486111],[7.212813333,43.664485833],[7.212816944,43.66449],[7.212818333,43.664493889],[7.212817778,43.6644975],[7.212815,43.664501111],[7.212811667,43.664504722],[7.212808889,43.664506389],[7.212804444,43.664531111],[7.212805278,43.664535],[7.212922222,43.664549167],[7.212926111,43.664545833],[7.212925833,43.664539167],[7.212923611,43.664536944],[7.212922778,43.664534167],[7.212922222,43.66453],[7.212923333,43.664525556],[7.212923333,43.664525556],[7.212925556,43.6645225],[7.212928611,43.664520833],[7.212959167,43.664524722],[7.212961111,43.664528611],[7.212961111,43.664532222],[7.212960556,43.664535556],[7.2129575,43.664539444],[7.212954722,43.664542222],[7.212951389,43.664544167],[7.212951389,43.664548889],[7.212955556,43.664553889],[7.212946944,43.664594722],[7.2122625,43.664511944],[7.2122375,43.664620833],[7.212565833,43.664663056],[7.212580278,43.664601667],[7.212821111,43.664630833],[7.213058056,43.6646575],[7.213075833,43.664571944],[7.213798056,43.664654167],[7.213815556,43.664570278],[7.213856111,43.664575],[7.213838333,43.664658611],[7.213945556,43.664672778],[7.213956667,43.664627222],[7.213989167,43.664638333],[7.213980556,43.664676944],[7.214269444,43.66471],[7.214239444,43.664855556]]]}},{"type":"Feature","id":"structure.building.063","properties":{"name":"Building 063","layer":"Buildings and structures","category":"Buildings","object_type":"Area","style_id":"structure.building","airport":"LFMN","geometry_role":"filled_region"},"geometry":{"type":"Polygon","coordinates":[[[7.203423889,43.657224444],[7.203370833,43.657180278],[7.203452222,43.657118056],[7.203561389,43.657195278],[7.203479722,43.657252222],[7.203503333,43.657364722],[7.203432778,43.657314444],[7.203423889,43.657224444]]]}},{"type":"Feature","id":"structure.building.064","properties":{"name":"Building 064","layer":"Buildings and structures","category":"Buildings","object_type":"Area","style_id":"structure.building","airport":"LFMN","geometry_role":"filled_region"},"geometry":{"type":"Polygon","coordinates":[[[7.217221667,43.654519167],[7.217243611,43.654501944],[7.217298333,43.654539444],[7.217272222,43.654554722],[7.217221667,43.654519167]]]}},{"type":"Feature","id":"structure.building.065","properties":{"name":"Building 065","layer":"Buildings and structures","category":"Buildings","object_type":"Area","style_id":"structure.building","airport":"LFMN","geometry_role":"filled_region"},"geometry":{"type":"Polygon","coordinates":[[[7.210035278,43.649893333],[7.209995,43.649866667],[7.210013889,43.649851389],[7.210054722,43.649879722],[7.210035278,43.649893333]]]}},{"type":"Feature","id":"structure.building.066","properties":{"name":"Building 066","layer":"Buildings and structures","category":"Buildings","object_type":"Area","style_id":"structure.building","airport":"LFMN","geometry_role":"filled_region"},"geometry":{"type":"Polygon","coordinates":[[[7.204128056,43.663684167],[7.204293889,43.663673333],[7.204303056,43.663720556],[7.20414,43.663731944],[7.204128056,43.663684167]]]}},{"type":"Feature","id":"structure.building.067","properties":{"name":"Building 067","layer":"Buildings and structures","category":"Buildings","object_type":"Area","style_id":"structure.building","airport":"LFMN","geometry_role":"filled_region"},"geometry":{"type":"Polygon","coordinates":[[[7.204558611,43.662293333],[7.204574444,43.66224],[7.204726111,43.662255556],[7.204714722,43.662308889],[7.204558611,43.662293333]]]}},{"type":"Feature","id":"structure.building.068","properties":{"name":"Building 068","layer":"Buildings and structures","category":"Buildings","object_type":"Area","style_id":"structure.building","airport":"LFMN","geometry_role":"filled_region"},"geometry":{"type":"Polygon","coordinates":[[[7.209010556,43.664552222],[7.209057222,43.664556389],[7.209053333,43.664582778],[7.209000556,43.664580556],[7.208994444,43.664629444],[7.208691389,43.664591944],[7.208735,43.664409722],[7.209031389,43.664444444],[7.209010556,43.664552222]]]}},{"type":"Feature","id":"structure.building.069","properties":{"name":"Building 069","layer":"Buildings and structures","category":"Buildings","object_type":"Area","style_id":"structure.building","airport":"LFMN","geometry_role":"filled_region"},"geometry":{"type":"Polygon","coordinates":[[[7.210150556,43.665164722],[7.209558333,43.6650925],[7.209569444,43.665036111],[7.210165,43.665107222],[7.210150556,43.665164722]]]}},{"type":"Feature","id":"structure.building.070","properties":{"name":"Building 070","layer":"Buildings and structures","category":"Buildings","object_type":"Area","style_id":"structure.building","airport":"LFMN","geometry_role":"filled_region"},"geometry":{"type":"Polygon","coordinates":[[[7.209058889,43.649332778],[7.209072222,43.649322778],[7.209118889,43.649355833],[7.209089722,43.649357222],[7.209058889,43.649332778]]]}},{"type":"Feature","id":"structure.building.071","properties":{"name":"Building 071","layer":"Buildings and structures","category":"Buildings","object_type":"Area","style_id":"structure.building","airport":"LFMN","geometry_role":"filled_region"},"geometry":{"type":"Polygon","coordinates":[[[7.207333056,43.647879444],[7.207278333,43.647843056],[7.207328056,43.6478025],[7.20739,43.647842778],[7.207333056,43.647879444]]]}},{"type":"Feature","id":"structure.building.072","properties":{"name":"Building 072","layer":"Buildings and structures","category":"Buildings","object_type":"Area","style_id":"structure.building","airport":"LFMN","geometry_role":"filled_region"},"geometry":{"type":"Polygon","coordinates":[[[7.207283333,43.648039444],[7.207236944,43.648001389],[7.207307222,43.64795],[7.2073675,43.647993056],[7.207283333,43.648039444]]]}},{"type":"Feature","id":"structure.building.073","properties":{"name":"Building 073","layer":"Buildings and structures","category":"Buildings","object_type":"Area","style_id":"structure.building","airport":"LFMN","geometry_role":"filled_region"},"geometry":{"type":"Polygon","coordinates":[[[7.207165,43.647951111],[7.207237222,43.647899167],[7.207291944,43.647939167],[7.207215556,43.6479875],[7.207165,43.647951111]]]}},{"type":"Feature","id":"structure.building.074","properties":{"name":"Building 074","layer":"Buildings and structures","category":"Buildings","object_type":"Area","style_id":"structure.building","airport":"LFMN","geometry_role":"filled_region"},"geometry":{"type":"Polygon","coordinates":[[[7.207100278,43.647901667],[7.207171111,43.647849722],[7.207220833,43.647883611],[7.2071475,43.647936389],[7.207100278,43.647901667]]]}},{"type":"Feature","id":"structure.building.075","properties":{"name":"Building 075","layer":"Buildings and structures","category":"Buildings","object_type":"Area","style_id":"structure.building","airport":"LFMN","geometry_role":"filled_region"},"geometry":{"type":"Polygon","coordinates":[[[7.206265833,43.646635],[7.206226111,43.646600833],[7.206269444,43.646573333],[7.20631,43.646613056],[7.206265833,43.646635]]]}},{"type":"Feature","id":"structure.building.076","properties":{"name":"Building 076","layer":"Buildings and structures","category":"Buildings","object_type":"Area","style_id":"structure.building","airport":"LFMN","geometry_role":"filled_region"},"geometry":{"type":"Polygon","coordinates":[[[7.206114444,43.646509444],[7.206090833,43.6465],[7.206080833,43.646486667],[7.206103056,43.646473333],[7.206120556,43.646481944],[7.206137778,43.646497222],[7.206114444,43.646509444]]]}},{"type":"Feature","id":"structure.building.077","properties":{"name":"Building 077","layer":"Buildings and structures","category":"Buildings","object_type":"Area","style_id":"structure.building","airport":"LFMN","geometry_role":"filled_region"},"geometry":{"type":"Polygon","coordinates":[[[7.202019167,43.658129444],[7.202000278,43.658126389],[7.202006389,43.658107778],[7.202028611,43.658108333],[7.202019167,43.658129444]]]}},{"type":"Feature","id":"structure.building.078","properties":{"name":"Building 078","layer":"Buildings and structures","category":"Buildings","object_type":"Area","style_id":"structure.building","airport":"LFMN","geometry_role":"filled_region"},"geometry":{"type":"Polygon","coordinates":[[[7.227609444,43.673522222],[7.2275875,43.673508889],[7.227633056,43.67347],[7.227658333,43.673485833],[7.227609444,43.673522222]]]}},{"type":"Feature","id":"structure.building.079","properties":{"name":"Building 079","layer":"Buildings and structures","category":"Buildings","object_type":"Area","style_id":"structure.building","airport":"LFMN","geometry_role":"filled_region"},"geometry":{"type":"Polygon","coordinates":[[[7.227469722,43.673306389],[7.227456944,43.673211111],[7.2275025,43.673206111],[7.227513333,43.673307222],[7.227469722,43.673306389]]]}},{"type":"Feature","id":"structure.building.080","properties":{"name":"Building 080","layer":"Buildings and structures","category":"Buildings","object_type":"Area","style_id":"structure.building","airport":"LFMN","geometry_role":"filled_region"},"geometry":{"type":"Polygon","coordinates":[[[7.227357778,43.673156111],[7.227261944,43.673121667],[7.227274444,43.673104444],[7.227367222,43.673136389],[7.227357778,43.673156111]]]}},{"type":"Feature","id":"restriction.prohibited_area.001","properties":{"name":"Prohibited area 001","layer":"Operational restrictions","category":"Prohibited areas","object_type":"Area","style_id":"restriction.prohibited_area","airport":"LFMN","geometry_role":"filled_region"},"geometry":{"type":"Polygon","coordinates":[[[7.21781,43.659155278],[7.217552778,43.659208611],[7.217544444,43.6591875],[7.217805278,43.6591375],[7.21781,43.659155278]]]}},{"type":"Feature","id":"restriction.prohibited_area.002","properties":{"name":"Prohibited area 002","layer":"Operational restrictions","category":"Prohibited areas","object_type":"Area","style_id":"restriction.prohibited_area","airport":"LFMN","geometry_role":"filled_region"},"geometry":{"type":"Polygon","coordinates":[[[7.201763333,43.647332222],[7.202111389,43.647589722],[7.202108611,43.647609167],[7.202105278,43.647626667],[7.201728333,43.647353333],[7.201763333,43.647332222]]]}},{"type":"Feature","id":"restriction.prohibited_area.003","properties":{"name":"Prohibited area 003","layer":"Operational restrictions","category":"Prohibited areas","object_type":"Area","style_id":"restriction.prohibited_area","airport":"LFMN","geometry_role":"filled_region"},"geometry":{"type":"Polygon","coordinates":[[[7.202638611,43.647966944],[7.202989167,43.648227222],[7.202985556,43.648251944],[7.202983889,43.648264722],[7.2026125,43.647984444],[7.202638611,43.647966944]]]}},{"type":"Feature","id":"restriction.prohibited_area.004","properties":{"name":"Prohibited area 004","layer":"Operational restrictions","category":"Prohibited areas","object_type":"Area","style_id":"restriction.prohibited_area","airport":"LFMN","geometry_role":"filled_region"},"geometry":{"type":"Polygon","coordinates":[[[7.208775,43.652433611],[7.209136944,43.652699167],[7.209135,43.652715278],[7.209133056,43.652735556],[7.208747222,43.652454722],[7.208775,43.652433611]]]}},{"type":"Feature","id":"restriction.prohibited_area.005","properties":{"name":"Prohibited area 005","layer":"Operational restrictions","category":"Prohibited areas","object_type":"Area","style_id":"restriction.prohibited_area","airport":"LFMN","geometry_role":"filled_region"},"geometry":{"type":"Polygon","coordinates":[[[7.210895,43.654109722],[7.210823333,43.6543025],[7.210789167,43.654296111],[7.2108625,43.654103333],[7.210895,43.654109722]]]}},{"type":"Feature","id":"restriction.prohibited_area.006","properties":{"name":"Prohibited area 006","layer":"Operational restrictions","category":"Prohibited areas","object_type":"Area","style_id":"restriction.prohibited_area","airport":"LFMN","geometry_role":"filled_region"},"geometry":{"type":"Polygon","coordinates":[[[7.221231944,43.661861667],[7.221497222,43.661811111],[7.221506389,43.661834444],[7.2212375,43.661884167],[7.221231944,43.661861667]]]}},{"type":"Feature","id":"restriction.prohibited_area.007","properties":{"name":"Prohibited area 007","layer":"Operational restrictions","category":"Prohibited areas","object_type":"Area","style_id":"restriction.prohibited_area","airport":"LFMN","geometry_role":"filled_region"},"geometry":{"type":"Polygon","coordinates":[[[7.226978333,43.665619722],[7.227034444,43.665823333],[7.227320556,43.666030556],[7.227284722,43.666040278],[7.226999722,43.665831944],[7.226939722,43.665625278],[7.226978333,43.665619722]]]}},{"type":"Feature","id":"restriction.prohibited_area.008","properties":{"name":"Prohibited area 008","layer":"Operational restrictions","category":"Prohibited areas","object_type":"Area","style_id":"restriction.prohibited_area","airport":"LFMN","geometry_role":"filled_region"},"geometry":{"type":"Polygon","coordinates":[[[7.22615,43.666737222],[7.2259325,43.666578333],[7.225962778,43.666560833],[7.226175,43.666719444],[7.22615,43.666737222]]]}},{"type":"Feature","id":"restriction.prohibited_area.009","properties":{"name":"Prohibited area 009","layer":"Operational restrictions","category":"Prohibited areas","object_type":"Area","style_id":"restriction.prohibited_area","airport":"LFMN","geometry_role":"filled_region"},"geometry":{"type":"Polygon","coordinates":[[[7.223028333,43.663599167],[7.223120833,43.663878611],[7.223085,43.663885],[7.222991389,43.663605278],[7.223028333,43.663599167]]]}},{"type":"Feature","id":"restriction.prohibited_area.010","properties":{"name":"Prohibited area 010","layer":"Operational restrictions","category":"Prohibited areas","object_type":"Area","style_id":"restriction.prohibited_area","airport":"LFMN","geometry_role":"filled_region"},"geometry":{"type":"Polygon","coordinates":[[[7.222136667,43.663544444],[7.221811667,43.663603889],[7.221806944,43.663576111],[7.222125833,43.663520278],[7.222136667,43.663544444]]]}},{"type":"Feature","id":"restriction.prohibited_area.011","properties":{"name":"Prohibited area 011","layer":"Operational restrictions","category":"Prohibited areas","object_type":"Area","style_id":"restriction.prohibited_area","airport":"LFMN","geometry_role":"filled_region"},"geometry":{"type":"Polygon","coordinates":[[[7.218119722,43.660906667],[7.218440556,43.660854444],[7.218448611,43.660877778],[7.218123056,43.660935833],[7.218119722,43.660906667]]]}},{"type":"Feature","id":"restriction.prohibited_area.012","properties":{"name":"Prohibited area 012","layer":"Operational restrictions","category":"Prohibited areas","object_type":"Area","style_id":"restriction.prohibited_area","airport":"LFMN","geometry_role":"filled_region"},"geometry":{"type":"Polygon","coordinates":[[[7.209585556,43.654603889],[7.209290278,43.6545675],[7.209298333,43.654543333],[7.209593333,43.654580556],[7.209585556,43.654603889]]]}},{"type":"Feature","id":"restriction.prohibited_area.013","properties":{"name":"Prohibited area 013","layer":"Operational restrictions","category":"Prohibited areas","object_type":"Area","style_id":"restriction.prohibited_area","airport":"LFMN","geometry_role":"filled_region"},"geometry":{"type":"Polygon","coordinates":[[[7.208558611,43.653638056],[7.2084675,43.65388],[7.208428056,43.653875278],[7.208523611,43.653629722],[7.208558611,43.653638056]]]}},{"type":"Feature","id":"restriction.prohibited_area.014","properties":{"name":"Prohibited area 014","layer":"Operational restrictions","category":"Prohibited areas","object_type":"Area","style_id":"restriction.prohibited_area","airport":"LFMN","geometry_role":"filled_region"},"geometry":{"type":"Polygon","coordinates":[[[7.2081825,43.653191944],[7.207998611,43.653061944],[7.207906944,43.653015556],[7.2079275,43.652994444],[7.2080175,43.653040278],[7.2082075,43.653175833],[7.2081825,43.653191944]]]}},{"type":"Feature","id":"restriction.prohibited_area.015","properties":{"name":"Prohibited area 015","layer":"Operational restrictions","category":"Prohibited areas","object_type":"Area","style_id":"restriction.prohibited_area","airport":"LFMN","geometry_role":"filled_region"},"geometry":{"type":"Polygon","coordinates":[[[7.207307222,43.652481111],[7.207028333,43.652608611],[7.207011944,43.652590278],[7.207289722,43.652458333],[7.207307222,43.652481111]]]}},{"type":"Feature","id":"restriction.prohibited_area.016","properties":{"name":"Prohibited area 016","layer":"Operational restrictions","category":"Prohibited areas","object_type":"Area","style_id":"restriction.prohibited_area","airport":"LFMN","geometry_role":"filled_region"},"geometry":{"type":"Polygon","coordinates":[[[7.205018333,43.651154444],[7.205216667,43.651301667],[7.2051925,43.651316111],[7.204996111,43.651170556],[7.205018333,43.651154444]]]}},{"type":"Feature","id":"restriction.prohibited_area.017","properties":{"name":"Prohibited area 017","layer":"Operational restrictions","category":"Prohibited areas","object_type":"Area","style_id":"restriction.prohibited_area","airport":"LFMN","geometry_role":"filled_region"},"geometry":{"type":"Polygon","coordinates":[[[7.204934444,43.651074444],[7.205208056,43.651116944],[7.2052,43.651140278],[7.204925278,43.651097222],[7.204934444,43.651074444]]]}},{"type":"Feature","id":"restriction.prohibited_area.018","properties":{"name":"Prohibited area 018","layer":"Operational restrictions","category":"Prohibited areas","object_type":"Area","style_id":"restriction.prohibited_area","airport":"LFMN","geometry_role":"filled_region"},"geometry":{"type":"Polygon","coordinates":[[[7.204577222,43.651055556],[7.204938889,43.651014722],[7.204941389,43.651036667],[7.204581389,43.651078333],[7.204577222,43.651055556]]]}},{"type":"Feature","id":"restriction.prohibited_area.019","properties":{"name":"Prohibited area 019","layer":"Operational restrictions","category":"Prohibited areas","object_type":"Area","style_id":"restriction.prohibited_area","airport":"LFMN","geometry_role":"filled_region"},"geometry":{"type":"Polygon","coordinates":[[[7.203307222,43.652396389],[7.203541667,43.652566111],[7.203501667,43.652588889],[7.203271389,43.652421389],[7.203307222,43.652396389]]]}},{"type":"Feature","id":"restriction.prohibited_area.020","properties":{"name":"Prohibited area 020","layer":"Operational restrictions","category":"Prohibited areas","object_type":"Area","style_id":"restriction.prohibited_area","airport":"LFMN","geometry_role":"filled_region"},"geometry":{"type":"Polygon","coordinates":[[[7.206683056,43.655245833],[7.207214444,43.655309444],[7.207196111,43.655339444],[7.206661111,43.655276389],[7.206683056,43.655245833]]]}},{"type":"Feature","id":"restriction.prohibited_area.021","properties":{"name":"Prohibited area 021","layer":"Operational restrictions","category":"Prohibited areas","object_type":"Area","style_id":"restriction.prohibited_area","airport":"LFMN","geometry_role":"filled_region"},"geometry":{"type":"Polygon","coordinates":[[[7.217013611,43.662371667],[7.217271111,43.662561389],[7.217245556,43.662580833],[7.216987778,43.662389722],[7.217013611,43.662371667]]]}},{"type":"Feature","id":"restriction.prohibited_area.022","properties":{"name":"Prohibited area 022","layer":"Operational restrictions","category":"Prohibited areas","object_type":"Area","style_id":"restriction.prohibited_area","airport":"LFMN","geometry_role":"filled_region"},"geometry":{"type":"Polygon","coordinates":[[[7.220343889,43.665059167],[7.220715833,43.665065],[7.220961667,43.665245],[7.220929167,43.665261944],[7.220705278,43.665088333],[7.220337222,43.665085556],[7.220343889,43.665059167]]]}},{"type":"Feature","id":"restriction.prohibited_area.023","properties":{"name":"Prohibited area 023","layer":"Operational restrictions","category":"Prohibited areas","object_type":"Area","style_id":"restriction.prohibited_area","airport":"LFMN","geometry_role":"filled_region"},"geometry":{"type":"Polygon","coordinates":[[[7.224343889,43.667698333],[7.224588056,43.667876111],[7.224563056,43.667893333],[7.2243225,43.667718056],[7.224343889,43.667698333]]]}},{"type":"Feature","id":"restriction.prohibited_area.024","properties":{"name":"Prohibited area 024","layer":"Operational restrictions","category":"Prohibited areas","object_type":"Area","style_id":"restriction.prohibited_area","airport":"LFMN","geometry_role":"filled_region"},"geometry":{"type":"Polygon","coordinates":[[[7.227063333,43.669677222],[7.22729,43.669843611],[7.227266667,43.669862222],[7.227039722,43.669695],[7.227063333,43.669677222]]]}},{"type":"Feature","id":"restriction.prohibited_area.025","properties":{"name":"Prohibited area 025","layer":"Operational restrictions","category":"Prohibited areas","object_type":"Area","style_id":"restriction.prohibited_area","airport":"LFMN","geometry_role":"filled_region"},"geometry":{"type":"Polygon","coordinates":[[[7.206566111,43.650655556],[7.206545278,43.650689444],[7.206535,43.650721111],[7.206526667,43.650755],[7.206528056,43.650785278],[7.206538056,43.650820833],[7.206551389,43.650862222],[7.206575278,43.650908056],[7.205842222,43.650357778],[7.205991389,43.6502225],[7.206566111,43.650655556]]]}},{"type":"Feature","id":"restriction.prohibited_area.026","properties":{"name":"Prohibited area 026","layer":"Operational restrictions","category":"Prohibited areas","object_type":"Area","style_id":"restriction.prohibited_area","airport":"LFMN","geometry_role":"filled_region"},"geometry":{"type":"Polygon","coordinates":[[[7.208621667,43.656559167],[7.208840556,43.656734444],[7.209230278,43.656775556],[7.209209444,43.656805556],[7.208819722,43.656762778],[7.20859,43.656581667],[7.208621667,43.656559167]]]}},{"type":"Feature","id":"marking.surface.001","properties":{"name":"Surface marking 001","layer":"Surface markings","category":"Surface markings","object_type":"Area","style_id":"marking.surface","airport":"LFMN","geometry_role":"filled_region"},"geometry":{"type":"Polygon","coordinates":[[[7.204465556,43.652104444],[7.20464,43.6522325],[7.204636389,43.652234444],[7.204461111,43.6521075],[7.204465556,43.652104444]]]}},{"type":"Feature","id":"marking.surface.002","properties":{"name":"Surface marking 002","layer":"Surface markings","category":"Surface markings","object_type":"Area","style_id":"marking.surface","airport":"LFMN","geometry_role":"filled_region"},"geometry":{"type":"Polygon","coordinates":[[[7.204631667,43.652238611],[7.20468,43.652264444],[7.204646111,43.652228611],[7.204653333,43.652223333],[7.204726944,43.6522975],[7.204622778,43.652245278],[7.204631667,43.652238611]]]}},{"type":"Feature","id":"marking.surface.003","properties":{"name":"Surface marking 003","layer":"Surface markings","category":"Surface markings","object_type":"Area","style_id":"marking.surface","airport":"LFMN","geometry_role":"filled_region"},"geometry":{"type":"Polygon","coordinates":[[[7.205046389,43.6522425],[7.205064167,43.652255833],[7.204669444,43.652545556],[7.204648333,43.652531667],[7.205046389,43.6522425]]]}},{"type":"Feature","id":"marking.surface.004","properties":{"name":"Surface marking 004","layer":"Surface markings","category":"Surface markings","object_type":"Area","style_id":"marking.surface","airport":"LFMN","geometry_role":"filled_region"},"geometry":{"type":"Polygon","coordinates":[[[7.204738056,43.652543611],[7.204998333,43.652734722],[7.204982222,43.652745],[7.2047225,43.652554722],[7.204738056,43.652543611]]]}},{"type":"Feature","id":"marking.surface.005","properties":{"name":"Surface marking 005","layer":"Surface markings","category":"Surface markings","object_type":"Area","style_id":"marking.surface","airport":"LFMN","geometry_role":"filled_region"},"geometry":{"type":"Polygon","coordinates":[[[7.204766111,43.652522778],[7.205029722,43.652713056],[7.205014444,43.652724444],[7.204752222,43.652533056],[7.204766111,43.652522778]]]}},{"type":"Feature","id":"marking.surface.006","properties":{"name":"Surface marking 006","layer":"Surface markings","category":"Surface markings","object_type":"Area","style_id":"marking.surface","airport":"LFMN","geometry_role":"filled_region"},"geometry":{"type":"Polygon","coordinates":[[[7.204797222,43.652500556],[7.205058056,43.652691944],[7.205043333,43.652701944],[7.204781389,43.652512778],[7.204797222,43.652500556]]]}},{"type":"Feature","id":"marking.surface.007","properties":{"name":"Surface marking 007","layer":"Surface markings","category":"Surface markings","object_type":"Area","style_id":"marking.surface","airport":"LFMN","geometry_role":"filled_region"},"geometry":{"type":"Polygon","coordinates":[[[7.204826944,43.652479444],[7.205089722,43.652668611],[7.205071389,43.652680833],[7.204811389,43.652491389],[7.204826944,43.652479444]]]}},{"type":"Feature","id":"marking.surface.008","properties":{"name":"Surface marking 008","layer":"Surface markings","category":"Surface markings","object_type":"Area","style_id":"marking.surface","airport":"LFMN","geometry_role":"filled_region"},"geometry":{"type":"Polygon","coordinates":[[[7.204855833,43.652457778],[7.205119722,43.652648056],[7.205103056,43.65266],[7.204841111,43.652467778],[7.204855833,43.652457778]]]}},{"type":"Feature","id":"marking.surface.009","properties":{"name":"Surface marking 009","layer":"Surface markings","category":"Surface markings","object_type":"Area","style_id":"marking.surface","airport":"LFMN","geometry_role":"filled_region"},"geometry":{"type":"Polygon","coordinates":[[[7.204929167,43.652401944],[7.205193611,43.652593611],[7.205176944,43.652605833],[7.204915556,43.652415],[7.204929167,43.652401944]]]}},{"type":"Feature","id":"marking.surface.010","properties":{"name":"Surface marking 010","layer":"Surface markings","category":"Surface markings","object_type":"Area","style_id":"marking.surface","airport":"LFMN","geometry_role":"filled_region"},"geometry":{"type":"Polygon","coordinates":[[[7.205294444,43.652672222],[7.205321944,43.652692778],[7.205286389,43.652719722],[7.205413333,43.652813056],[7.205397778,43.652825556],[7.205241111,43.652712222],[7.205294444,43.652672222]]]}},{"type":"Feature","id":"marking.surface.011","properties":{"name":"Surface marking 011","layer":"Surface markings","category":"Surface markings","object_type":"Area","style_id":"marking.surface","airport":"LFMN","geometry_role":"filled_region"},"geometry":{"type":"Polygon","coordinates":[[[7.205615833,43.652868333],[7.205583056,43.652846111],[7.205596944,43.652835556],[7.205631667,43.652857778],[7.205644722,43.65285],[7.2056725,43.652868611],[7.205658889,43.652878611],[7.205708611,43.652914167],[7.205694167,43.652924722],[7.205643611,43.652889444],[7.205623889,43.652904444],[7.205741944,43.652959167],[7.205726944,43.652970833],[7.205575556,43.652899722],[7.205615833,43.652868333]]]}},{"type":"Feature","id":"marking.surface.012","properties":{"name":"Surface marking 012","layer":"Surface markings","category":"Surface markings","object_type":"Area","style_id":"marking.surface","airport":"LFMN","geometry_role":"filled_region"},"geometry":{"type":"Polygon","coordinates":[[[7.205618889,43.653008611],[7.205517778,43.652933056],[7.205493333,43.652950556],[7.205450556,43.652943333],[7.205506111,43.6529025],[7.205661944,43.653017222],[7.205607778,43.653056667],[7.205581667,43.653036111],[7.205595556,43.653025833],[7.205618889,43.653008611]]]}},{"type":"Feature","id":"marking.surface.013","properties":{"name":"Surface marking 013","layer":"Surface markings","category":"Surface markings","object_type":"Area","style_id":"marking.surface","airport":"LFMN","geometry_role":"filled_region"},"geometry":{"type":"Polygon","coordinates":[[[7.205450833,43.6529425],[7.205467778,43.652930278],[7.205501111,43.652945556],[7.205493889,43.652950833],[7.205596389,43.653025833],[7.205586389,43.653039167],[7.205450833,43.6529425]]]}},{"type":"Feature","id":"marking.surface.014","properties":{"name":"Surface marking 014","layer":"Surface markings","category":"Surface markings","object_type":"Area","style_id":"marking.surface","airport":"LFMN","geometry_role":"filled_region"},"geometry":{"type":"Polygon","coordinates":[[[7.206026389,43.653440556],[7.206222222,43.653583889],[7.206205278,43.653596111],[7.206009722,43.653451944],[7.206026389,43.653440556]]]}},{"type":"Feature","id":"marking.surface.015","properties":{"name":"Surface marking 015","layer":"Surface markings","category":"Surface markings","object_type":"Area","style_id":"marking.surface","airport":"LFMN","geometry_role":"filled_region"},"geometry":{"type":"Polygon","coordinates":[[[7.206053889,43.653420833],[7.206250833,43.653562222],[7.206234167,43.653574722],[7.206038611,43.653431944],[7.206053889,43.653420833]]]}},{"type":"Feature","id":"marking.surface.016","properties":{"name":"Surface marking 016","layer":"Surface markings","category":"Surface markings","object_type":"Area","style_id":"marking.surface","airport":"LFMN","geometry_role":"filled_region"},"geometry":{"type":"Polygon","coordinates":[[[7.206298889,43.653243056],[7.206315556,43.653231111],[7.206511389,43.653374722],[7.206496389,43.6533875],[7.206297778,43.653243056],[7.206298889,43.653243056]]]}},{"type":"Feature","id":"marking.surface.017","properties":{"name":"Surface marking 017","layer":"Surface markings","category":"Surface markings","object_type":"Area","style_id":"marking.surface","airport":"LFMN","geometry_role":"filled_region"},"geometry":{"type":"Polygon","coordinates":[[[7.206240833,43.653396667],[7.206512778,43.653593333],[7.206507778,43.6535975],[7.206235833,43.653399722],[7.206240833,43.653396667]]]}},{"type":"Feature","id":"marking.surface.018","properties":{"name":"Surface marking 018","layer":"Surface markings","category":"Surface markings","object_type":"Area","style_id":"marking.surface","airport":"LFMN","geometry_role":"filled_region"},"geometry":{"type":"Polygon","coordinates":[[[7.206684167,43.653719167],[7.206956111,43.653917778],[7.206951667,43.653920833],[7.206679444,43.6537225],[7.206684167,43.653719167]]]}},{"type":"Feature","id":"marking.surface.019","properties":{"name":"Surface marking 019","layer":"Surface markings","category":"Surface markings","object_type":"Area","style_id":"marking.surface","airport":"LFMN","geometry_role":"filled_region"},"geometry":{"type":"Polygon","coordinates":[[[7.208733889,43.655210833],[7.208456944,43.655016389],[7.208462222,43.655012778],[7.208729167,43.655214444],[7.208733889,43.655210833]]]}},{"type":"Feature","id":"marking.surface.020","properties":{"name":"Surface marking 020","layer":"Surface markings","category":"Surface markings","object_type":"Area","style_id":"marking.surface","airport":"LFMN","geometry_role":"filled_region"},"geometry":{"type":"Polygon","coordinates":[[[7.226873333,43.668698333],[7.20468,43.652535278],[7.204667778,43.652543611],[7.226888611,43.668687778],[7.226873333,43.668698333]]]}},{"type":"Feature","id":"marking.surface.021","properties":{"name":"Surface marking 021","layer":"Surface markings","category":"Surface markings","object_type":"Area","style_id":"marking.surface","airport":"LFMN","geometry_role":"filled_region"},"geometry":{"type":"Polygon","coordinates":[[[7.226363889,43.668309722],[7.226752222,43.668027778],[7.226769167,43.668040278],[7.2263825,43.668323056],[7.226363889,43.668309722]]]}},{"type":"Feature","id":"marking.surface.022","properties":{"name":"Surface marking 022","layer":"Surface markings","category":"Surface markings","object_type":"Area","style_id":"marking.surface","airport":"LFMN","geometry_role":"filled_region"},"geometry":{"type":"Polygon","coordinates":[[[7.205053333,43.652260556],[7.2050625,43.652254167],[7.227275556,43.668406944],[7.227262222,43.668419167],[7.205053333,43.652260556]]]}},{"type":"Feature","id":"marking.surface.023","properties":{"name":"Surface marking 023","layer":"Surface markings","category":"Surface markings","object_type":"Area","style_id":"marking.surface","airport":"LFMN","geometry_role":"filled_region"},"geometry":{"type":"Polygon","coordinates":[[[7.223427222,43.666013611],[7.223374167,43.666052222],[7.222985,43.665763889],[7.223035556,43.665724722],[7.223427222,43.666013611]]]}},{"type":"Feature","id":"marking.surface.024","properties":{"name":"Surface marking 024","layer":"Surface markings","category":"Surface markings","object_type":"Area","style_id":"marking.surface","airport":"LFMN","geometry_role":"filled_region"},"geometry":{"type":"Polygon","coordinates":[[[7.2231925,43.6656125],[7.2232475,43.665575278],[7.223638333,43.66586],[7.223585556,43.6658975],[7.2231925,43.6656125]]]}},{"type":"Feature","id":"marking.surface.025","properties":{"name":"Surface marking 025","layer":"Surface markings","category":"Surface markings","object_type":"Area","style_id":"marking.surface","airport":"LFMN","geometry_role":"filled_region"},"geometry":{"type":"Polygon","coordinates":[[[7.225829444,43.667559722],[7.225815833,43.667549444],[7.225791944,43.667568056],[7.225815278,43.667584722],[7.225914722,43.667600833],[7.225961111,43.667635278],[7.225906944,43.667673889],[7.225881944,43.667653889],[7.225918611,43.667625833],[7.225900556,43.667612222],[7.225800833,43.667594722],[7.225750556,43.667558889],[7.2258025,43.667520278],[7.225846667,43.667550278],[7.225829444,43.667559722]]]}},{"type":"Feature","id":"marking.surface.026","properties":{"name":"Surface marking 026","layer":"Surface markings","category":"Surface markings","object_type":"Area","style_id":"marking.surface","airport":"LFMN","geometry_role":"filled_region"},"geometry":{"type":"Polygon","coordinates":[[[7.225754167,43.667616389],[7.225739167,43.6676275],[7.225726111,43.667618056],[7.225701389,43.667633889],[7.225722778,43.667649167],[7.225823333,43.667666667],[7.225870556,43.667700833],[7.225816111,43.667739167],[7.225789444,43.66772],[7.225827778,43.667692222],[7.225809444,43.667678611],[7.225709722,43.667661667],[7.225657222,43.667623889],[7.225712222,43.667585833],[7.225754167,43.667616389]]]}},{"type":"Feature","id":"marking.surface.027","properties":{"name":"Surface marking 027","layer":"Surface markings","category":"Surface markings","object_type":"Area","style_id":"marking.surface","airport":"LFMN","geometry_role":"filled_region"},"geometry":{"type":"Polygon","coordinates":[[[7.226163889,43.667869722],[7.226099167,43.667823056],[7.226090278,43.667830278],[7.226140278,43.667887222],[7.226125833,43.6678975],[7.226074444,43.667841389],[7.226060833,43.667850556],[7.225993611,43.667801111],[7.226008611,43.667790833],[7.226049722,43.667819167],[7.22607,43.6678025],[7.226032222,43.667773333],[7.226046111,43.667762778],[7.2261775,43.667858333],[7.226163889,43.667869722]]]}},{"type":"Feature","id":"marking.surface.028","properties":{"name":"Surface marking 028","layer":"Surface markings","category":"Surface markings","object_type":"Area","style_id":"marking.surface","airport":"LFMN","geometry_role":"filled_region"},"geometry":{"type":"Polygon","coordinates":[[[7.225994722,43.6678025],[7.2259675,43.667782778],[7.226020556,43.667744167],[7.226049167,43.667764444],[7.225994722,43.6678025]]]}},{"type":"Feature","id":"marking.surface.029","properties":{"name":"Surface marking 029","layer":"Surface markings","category":"Surface markings","object_type":"Area","style_id":"marking.surface","airport":"LFMN","geometry_role":"filled_region"},"geometry":{"type":"Polygon","coordinates":[[[7.206084167,43.653401389],[7.206280556,43.653541667],[7.206263611,43.6535525],[7.206066111,43.6534125],[7.206084167,43.653401389]]]}},{"type":"Feature","id":"marking.surface.030","properties":{"name":"Surface marking 030","layer":"Surface markings","category":"Surface markings","object_type":"Area","style_id":"marking.surface","airport":"LFMN","geometry_role":"filled_region"},"geometry":{"type":"Polygon","coordinates":[[[7.206285556,43.653253611],[7.206485278,43.653396389],[7.206469444,43.653405833],[7.206269722,43.653264722],[7.206285556,43.653253611]]]}},{"type":"Feature","id":"marking.surface.031","properties":{"name":"Surface marking 031","layer":"Surface markings","category":"Surface markings","object_type":"Area","style_id":"marking.surface","airport":"LFMN","geometry_role":"filled_region"},"geometry":{"type":"Polygon","coordinates":[[[7.204887778,43.652438056],[7.205148056,43.652624722],[7.205129722,43.6526375],[7.204874444,43.652447778],[7.204887778,43.652438056]]]}},{"type":"Feature","id":"marking.surface.032","properties":{"name":"Surface marking 032","layer":"Surface markings","category":"Surface markings","object_type":"Area","style_id":"marking.surface","airport":"LFMN","geometry_role":"filled_region"},"geometry":{"type":"Polygon","coordinates":[[[7.204963056,43.652382778],[7.205223611,43.652570833],[7.205208889,43.652579722],[7.204948333,43.652393333],[7.204963056,43.652382778]]]}},{"type":"Feature","id":"marking.surface.033","properties":{"name":"Surface marking 033","layer":"Surface markings","category":"Surface markings","object_type":"Area","style_id":"marking.surface","airport":"LFMN","geometry_role":"filled_region"},"geometry":{"type":"Polygon","coordinates":[[[7.204976389,43.652370556],[7.204990278,43.652358333],[7.205251944,43.652548889],[7.205235278,43.652560278],[7.204976389,43.652370556]]]}},{"type":"Feature","id":"marking.surface.034","properties":{"name":"Surface marking 034","layer":"Surface markings","category":"Surface markings","object_type":"Area","style_id":"marking.surface","airport":"LFMN","geometry_role":"filled_region"},"geometry":{"type":"Polygon","coordinates":[[[7.205020556,43.652336389],[7.205284167,43.652528333],[7.205268333,43.652540556],[7.205003889,43.6523475],[7.205020556,43.652336389]]]}},{"type":"Feature","id":"marking.surface.035","properties":{"name":"Surface marking 035","layer":"Surface markings","category":"Surface markings","object_type":"Area","style_id":"marking.surface","airport":"LFMN","geometry_role":"filled_region"},"geometry":{"type":"Polygon","coordinates":[[[7.205051667,43.652316389],[7.205311111,43.652504722],[7.205296111,43.652516111],[7.205033889,43.652328333],[7.205051667,43.652316389]]]}},{"type":"Feature","id":"marking.surface.036","properties":{"name":"Surface marking 036","layer":"Surface markings","category":"Surface markings","object_type":"Area","style_id":"marking.surface","airport":"LFMN","geometry_role":"filled_region"},"geometry":{"type":"Polygon","coordinates":[[[7.205080833,43.652294722],[7.205343056,43.652483889],[7.205327222,43.652496111],[7.205066111,43.652306111],[7.205080833,43.652294722]]]}},{"type":"Feature","id":"marking.surface.037","properties":{"name":"Surface marking 037","layer":"Surface markings","category":"Surface markings","object_type":"Area","style_id":"marking.surface","airport":"LFMN","geometry_role":"filled_region"},"geometry":{"type":"Polygon","coordinates":[[[7.206258333,43.653269444],[7.206453889,43.653415278],[7.206438889,43.653426944],[7.206241389,43.653283611],[7.206258333,43.653269444]]]}},{"type":"Feature","id":"marking.surface.038","properties":{"name":"Surface marking 038","layer":"Surface markings","category":"Surface markings","object_type":"Area","style_id":"marking.surface","airport":"LFMN","geometry_role":"filled_region"},"geometry":{"type":"Polygon","coordinates":[[[7.206286389,43.653252778],[7.206481389,43.653395278],[7.2064675,43.653404444],[7.206269722,43.653262778],[7.206286389,43.653252778]]]}},{"type":"Feature","id":"marking.surface.039","properties":{"name":"Surface marking 039","layer":"Surface markings","category":"Surface markings","object_type":"Area","style_id":"marking.surface","airport":"LFMN","geometry_role":"filled_region"},"geometry":{"type":"Polygon","coordinates":[[[7.206082778,43.653398056],[7.206277778,43.653543056],[7.206264167,43.6535525],[7.206065833,43.653410833],[7.206082778,43.653398056]]]}},{"type":"Feature","id":"marking.surface.040","properties":{"name":"Surface marking 040","layer":"Surface markings","category":"Surface markings","object_type":"Area","style_id":"marking.surface","airport":"LFMN","geometry_role":"filled_region"},"geometry":{"type":"Polygon","coordinates":[[[7.205796944,43.653072778],[7.206068889,43.653270556],[7.206061111,43.653275833],[7.205791389,43.6530775],[7.205796944,43.653072778]]]}},{"type":"Feature","id":"marking.surface.041","properties":{"name":"Surface marking 041","layer":"Surface markings","category":"Surface markings","object_type":"Area","style_id":"marking.surface","airport":"LFMN","geometry_role":"filled_region"},"geometry":{"type":"Polygon","coordinates":[[[7.207130278,43.6540425],[7.207401111,43.654239444],[7.207395556,43.654243611],[7.207126111,43.654045833],[7.207130278,43.6540425]]]}},{"type":"Feature","id":"marking.surface.042","properties":{"name":"Surface marking 042","layer":"Surface markings","category":"Surface markings","object_type":"Area","style_id":"marking.surface","airport":"LFMN","geometry_role":"filled_region"},"geometry":{"type":"Polygon","coordinates":[[[7.207339722,43.654395556],[7.2075375,43.654541111],[7.207518889,43.654551389],[7.207322222,43.654408056],[7.207339722,43.654395556]]]}},{"type":"Feature","id":"marking.surface.043","properties":{"name":"Surface marking 043","layer":"Surface markings","category":"Surface markings","object_type":"Area","style_id":"marking.surface","airport":"LFMN","geometry_role":"filled_region"},"geometry":{"type":"Polygon","coordinates":[[[7.207367222,43.654374722],[7.207564722,43.6545175],[7.207550278,43.654530278],[7.207351667,43.654385833],[7.207367222,43.654374722]]]}},{"type":"Feature","id":"marking.surface.044","properties":{"name":"Surface marking 044","layer":"Surface markings","category":"Surface markings","object_type":"Area","style_id":"marking.surface","airport":"LFMN","geometry_role":"filled_region"},"geometry":{"type":"Polygon","coordinates":[[[7.207396667,43.654353611],[7.2075925,43.654496944],[7.207576944,43.654508889],[7.2073825,43.654365833],[7.207396667,43.654353611]]]}},{"type":"Feature","id":"marking.surface.045","properties":{"name":"Surface marking 045","layer":"Surface markings","category":"Surface markings","object_type":"Area","style_id":"marking.surface","airport":"LFMN","geometry_role":"filled_region"},"geometry":{"type":"Polygon","coordinates":[[[7.207571111,43.654229167],[7.207768333,43.654373889],[7.207752778,43.654383889],[7.207555556,43.654241389],[7.207571111,43.654229167]]]}},{"type":"Feature","id":"marking.surface.046","properties":{"name":"Surface marking 046","layer":"Surface markings","category":"Surface markings","object_type":"Area","style_id":"marking.surface","airport":"LFMN","geometry_role":"filled_region"},"geometry":{"type":"Polygon","coordinates":[[[7.207600278,43.6542075],[7.207797778,43.6543525],[7.207779167,43.654362778],[7.207582778,43.654220278],[7.207600278,43.6542075]]]}},{"type":"Feature","id":"marking.surface.047","properties":{"name":"Surface marking 047","layer":"Surface markings","category":"Surface markings","object_type":"Area","style_id":"marking.surface","airport":"LFMN","geometry_role":"filled_region"},"geometry":{"type":"Polygon","coordinates":[[[7.207628611,43.654186389],[7.207823889,43.654330278],[7.207808611,43.654340556],[7.207613333,43.654197778],[7.207628611,43.654186389]]]}},{"type":"Feature","id":"marking.surface.048","properties":{"name":"Surface marking 048","layer":"Surface markings","category":"Surface markings","object_type":"Area","style_id":"marking.surface","airport":"LFMN","geometry_role":"filled_region"},"geometry":{"type":"Polygon","coordinates":[[[7.207574444,43.654366111],[7.207845556,43.6545625],[7.207838889,43.654567222],[7.207569444,43.654370278],[7.207574444,43.654366111]]]}},{"type":"Feature","id":"marking.surface.049","properties":{"name":"Surface marking 049","layer":"Surface markings","category":"Surface markings","object_type":"Area","style_id":"marking.surface","airport":"LFMN","geometry_role":"filled_region"},"geometry":{"type":"Polygon","coordinates":[[[7.208019167,43.65469],[7.208290833,43.654887222],[7.208285278,43.654891667],[7.208014167,43.654693611],[7.208019167,43.65469]]]}},{"type":"Feature","id":"marking.surface.050","properties":{"name":"Surface marking 050","layer":"Surface markings","category":"Surface markings","object_type":"Area","style_id":"marking.surface","airport":"LFMN","geometry_role":"filled_region"},"geometry":{"type":"Polygon","coordinates":[[[7.208033611,43.654817778],[7.208426944,43.655102778],[7.208374167,43.655142778],[7.207981111,43.654857222],[7.208033611,43.654817778]]]}},{"type":"Feature","id":"marking.surface.051","properties":{"name":"Surface marking 051","layer":"Surface markings","category":"Surface markings","object_type":"Area","style_id":"marking.surface","airport":"LFMN","geometry_role":"filled_region"},"geometry":{"type":"Polygon","coordinates":[[[7.208244167,43.654664444],[7.208638056,43.654951111],[7.208584444,43.654990833],[7.208191389,43.654703056],[7.208244167,43.654664444]]]}},{"type":"Feature","id":"marking.surface.052","properties":{"name":"Surface marking 052","layer":"Surface markings","category":"Surface markings","object_type":"Area","style_id":"marking.surface","airport":"LFMN","geometry_role":"filled_region"},"geometry":{"type":"Polygon","coordinates":[[[7.208908611,43.655334722],[7.209175278,43.655531667],[7.209170278,43.655535],[7.208903333,43.655338611],[7.208908611,43.655334722]]]}},{"type":"Feature","id":"marking.surface.053","properties":{"name":"Surface marking 053","layer":"Surface markings","category":"Surface markings","object_type":"Area","style_id":"marking.surface","airport":"LFMN","geometry_role":"filled_region"},"geometry":{"type":"Polygon","coordinates":[[[7.209350278,43.655659167],[7.209621667,43.655855833],[7.209616389,43.655859722],[7.209345278,43.655662222],[7.209350278,43.655659167]]]}},{"type":"Feature","id":"marking.surface.054","properties":{"name":"Surface marking 054","layer":"Surface markings","category":"Surface markings","object_type":"Area","style_id":"marking.surface","airport":"LFMN","geometry_role":"filled_region"},"geometry":{"type":"Polygon","coordinates":[[[7.209796389,43.655982222],[7.210065,43.656178889],[7.210058889,43.6561825],[7.209791111,43.655986111],[7.209796389,43.655982222]]]}},{"type":"Feature","id":"marking.surface.055","properties":{"name":"Surface marking 055","layer":"Surface markings","category":"Surface markings","object_type":"Area","style_id":"marking.surface","airport":"LFMN","geometry_role":"filled_region"},"geometry":{"type":"Polygon","coordinates":[[[7.209995,43.656286944],[7.210192222,43.656429722],[7.210175556,43.656443611],[7.209980278,43.656298333],[7.209995,43.656286944]]]}},{"type":"Feature","id":"marking.surface.056","properties":{"name":"Surface marking 056","layer":"Surface markings","category":"Surface markings","object_type":"Area","style_id":"marking.surface","airport":"LFMN","geometry_role":"filled_region"},"geometry":{"type":"Polygon","coordinates":[[[7.210023889,43.6562675],[7.210220278,43.656407778],[7.210205,43.656420833],[7.210010278,43.656278056],[7.210023889,43.6562675]]]}},{"type":"Feature","id":"marking.surface.057","properties":{"name":"Surface marking 057","layer":"Surface markings","category":"Surface markings","object_type":"Area","style_id":"marking.surface","airport":"LFMN","geometry_role":"filled_region"},"geometry":{"type":"Polygon","coordinates":[[[7.210196389,43.656140278],[7.210393333,43.656284167],[7.210376944,43.656294167],[7.210180278,43.656153056],[7.210196389,43.656140278]]]}},{"type":"Feature","id":"marking.surface.058","properties":{"name":"Surface marking 058","layer":"Surface markings","category":"Surface markings","object_type":"Area","style_id":"marking.surface","airport":"LFMN","geometry_role":"filled_region"},"geometry":{"type":"Polygon","coordinates":[[[7.210227222,43.656118889],[7.210421667,43.6562625],[7.210404167,43.6562725],[7.210209722,43.656130833],[7.210227222,43.656118889]]]}},{"type":"Feature","id":"marking.surface.059","properties":{"name":"Surface marking 059","layer":"Surface markings","category":"Surface markings","object_type":"Area","style_id":"marking.surface","airport":"LFMN","geometry_role":"filled_region"},"geometry":{"type":"Polygon","coordinates":[[[7.210242222,43.656305556],[7.210506667,43.656502778],[7.2105,43.656507222],[7.210235833,43.65631],[7.210242222,43.656305556]]]}},{"type":"Feature","id":"marking.surface.060","properties":{"name":"Surface marking 060","layer":"Surface markings","category":"Surface markings","object_type":"Area","style_id":"marking.surface","airport":"LFMN","geometry_role":"filled_region"},"geometry":{"type":"Polygon","coordinates":[[[7.211338056,43.657220278],[7.211535,43.657363333],[7.211517778,43.657377778],[7.211320833,43.657233611],[7.211338056,43.657220278]]]}},{"type":"Feature","id":"marking.surface.061","properties":{"name":"Surface marking 061","layer":"Surface markings","category":"Surface markings","object_type":"Area","style_id":"marking.surface","airport":"LFMN","geometry_role":"filled_region"},"geometry":{"type":"Polygon","coordinates":[[[7.211512778,43.657094167],[7.211707778,43.657238056],[7.211693333,43.657250833],[7.211495278,43.657107222],[7.211512778,43.657094167]]]}},{"type":"Feature","id":"marking.surface.062","properties":{"name":"Surface marking 062","layer":"Surface markings","category":"Surface markings","object_type":"Area","style_id":"marking.surface","airport":"LFMN","geometry_role":"filled_region"},"geometry":{"type":"Polygon","coordinates":[[[7.210686389,43.656630278],[7.210954167,43.656825278],[7.210949167,43.656828889],[7.210678889,43.656634444],[7.210686389,43.656630278]]]}},{"type":"Feature","id":"marking.surface.063","properties":{"name":"Surface marking 063","layer":"Surface markings","category":"Surface markings","object_type":"Area","style_id":"marking.surface","airport":"LFMN","geometry_role":"filled_region"},"geometry":{"type":"Polygon","coordinates":[[[7.211132778,43.656953611],[7.211400278,43.6571475],[7.2113925,43.657151667],[7.211127222,43.656958333],[7.211132778,43.656953611]]]}},{"type":"Feature","id":"marking.surface.064","properties":{"name":"Surface marking 064","layer":"Surface markings","category":"Surface markings","object_type":"Area","style_id":"marking.surface","airport":"LFMN","geometry_role":"filled_region"},"geometry":{"type":"Polygon","coordinates":[[[7.211574722,43.657275278],[7.211843611,43.657471389],[7.211835833,43.657475833],[7.211568889,43.657278889],[7.211574722,43.657275278]]]}},{"type":"Feature","id":"marking.surface.065","properties":{"name":"Surface marking 065","layer":"Surface markings","category":"Surface markings","object_type":"Area","style_id":"marking.surface","airport":"LFMN","geometry_role":"filled_region"},"geometry":{"type":"Polygon","coordinates":[[[7.212021111,43.657597778],[7.212293333,43.657795],[7.2122825,43.657800278],[7.212013333,43.6576025],[7.212021111,43.657597778]]]}},{"type":"Feature","id":"marking.surface.066","properties":{"name":"Surface marking 066","layer":"Surface markings","category":"Surface markings","object_type":"Area","style_id":"marking.surface","airport":"LFMN","geometry_role":"filled_region"},"geometry":{"type":"Polygon","coordinates":[[[7.212463611,43.657919722],[7.212735,43.658114444],[7.212726667,43.658120833],[7.212453611,43.657925833],[7.212463611,43.657919722]]]}},{"type":"Feature","id":"marking.surface.067","properties":{"name":"Surface marking 067","layer":"Surface markings","category":"Surface markings","object_type":"Area","style_id":"marking.surface","airport":"LFMN","geometry_role":"filled_region"},"geometry":{"type":"Polygon","coordinates":[[[7.212650556,43.6581775],[7.212848889,43.658318333],[7.212829444,43.658330556],[7.212634167,43.658187778],[7.212650556,43.6581775]]]}},{"type":"Feature","id":"marking.surface.068","properties":{"name":"Surface marking 068","layer":"Surface markings","category":"Surface markings","object_type":"Area","style_id":"marking.surface","airport":"LFMN","geometry_role":"filled_region"},"geometry":{"type":"Polygon","coordinates":[[[7.212825556,43.658050278],[7.213020833,43.658193333],[7.213005833,43.658205556],[7.212808611,43.658063611],[7.212825556,43.658050278]]]}},{"type":"Feature","id":"marking.surface.069","properties":{"name":"Surface marking 069","layer":"Surface markings","category":"Surface markings","object_type":"Area","style_id":"marking.surface","airport":"LFMN","geometry_role":"filled_region"},"geometry":{"type":"Polygon","coordinates":[[[7.212907222,43.658244444],[7.213180556,43.658441111],[7.213172778,43.658446944],[7.2129,43.658249722],[7.212907222,43.658244444]]]}},{"type":"Feature","id":"marking.surface.070","properties":{"name":"Surface marking 070","layer":"Surface markings","category":"Surface markings","object_type":"Area","style_id":"marking.surface","airport":"LFMN","geometry_role":"filled_region"},"geometry":{"type":"Polygon","coordinates":[[[7.213348056,43.658563889],[7.213622778,43.658765],[7.213613889,43.65877],[7.213339444,43.65857],[7.213348056,43.658563889]]]}},{"type":"Feature","id":"marking.surface.071","properties":{"name":"Surface marking 071","layer":"Surface markings","category":"Surface markings","object_type":"Area","style_id":"marking.surface","airport":"LFMN","geometry_role":"filled_region"},"geometry":{"type":"Polygon","coordinates":[[[7.218409722,43.662366389],[7.218603611,43.662506667],[7.218591111,43.662518889],[7.218392778,43.662376667],[7.218409722,43.662366389]]]}},{"type":"Feature","id":"marking.surface.072","properties":{"name":"Surface marking 072","layer":"Surface markings","category":"Surface markings","object_type":"Area","style_id":"marking.surface","airport":"LFMN","geometry_role":"filled_region"},"geometry":{"type":"Polygon","coordinates":[[[7.218583056,43.662237778],[7.218781111,43.662381389],[7.218766389,43.662393056],[7.218566111,43.662250556],[7.218583056,43.662237778]]]}},{"type":"Feature","id":"marking.surface.073","properties":{"name":"Surface marking 073","layer":"Surface markings","category":"Surface markings","object_type":"Area","style_id":"marking.surface","airport":"LFMN","geometry_role":"filled_region"},"geometry":{"type":"Polygon","coordinates":[[[7.219726111,43.663321389],[7.2199225,43.663462778],[7.219905,43.663476944],[7.219711667,43.66333],[7.219726111,43.663321389]]]}},{"type":"Feature","id":"marking.surface.074","properties":{"name":"Surface marking 074","layer":"Surface markings","category":"Surface markings","object_type":"Area","style_id":"marking.surface","airport":"LFMN","geometry_role":"filled_region"},"geometry":{"type":"Polygon","coordinates":[[[7.2199,43.663193889],[7.220095278,43.663336389],[7.220078611,43.663349444],[7.219881389,43.663205556],[7.2199,43.663193889]]]}},{"type":"Feature","id":"marking.surface.075","properties":{"name":"Surface marking 075","layer":"Surface markings","category":"Surface markings","object_type":"Area","style_id":"marking.surface","airport":"LFMN","geometry_role":"filled_region"},"geometry":{"type":"Polygon","coordinates":[[[7.221011111,43.664296944],[7.221204722,43.664438611],[7.221189444,43.664451944],[7.220993611,43.664306667],[7.221011111,43.664296944]]]}},{"type":"Feature","id":"marking.surface.076","properties":{"name":"Surface marking 076","layer":"Surface markings","category":"Surface markings","object_type":"Area","style_id":"marking.surface","airport":"LFMN","geometry_role":"filled_region"},"geometry":{"type":"Polygon","coordinates":[[[7.221041389,43.664277222],[7.221236667,43.664416111],[7.221216111,43.664430278],[7.221025278,43.664288333],[7.221041389,43.664277222]]]}},{"type":"Feature","id":"marking.surface.077","properties":{"name":"Surface marking 077","layer":"Surface markings","category":"Surface markings","object_type":"Area","style_id":"marking.surface","airport":"LFMN","geometry_role":"filled_region"},"geometry":{"type":"Polygon","coordinates":[[[7.221214722,43.664148611],[7.221406667,43.664291944],[7.221393056,43.664301111],[7.221197222,43.664162222],[7.221214722,43.664148611]]]}},{"type":"Feature","id":"marking.surface.078","properties":{"name":"Surface marking 078","layer":"Surface markings","category":"Surface markings","object_type":"Area","style_id":"marking.surface","airport":"LFMN","geometry_role":"filled_region"},"geometry":{"type":"Polygon","coordinates":[[[7.221245,43.664126667],[7.22144,43.664270556],[7.221421111,43.664285],[7.221225833,43.66414],[7.221245,43.664126667]]]}},{"type":"Feature","id":"marking.surface.079","properties":{"name":"Surface marking 079","layer":"Surface markings","category":"Surface markings","object_type":"Area","style_id":"marking.surface","airport":"LFMN","geometry_role":"filled_region"},"geometry":{"type":"Polygon","coordinates":[[[7.222325556,43.665253611],[7.222519444,43.665395833],[7.222504444,43.665411667],[7.222308333,43.665264444],[7.222325556,43.665253611]]]}},{"type":"Feature","id":"marking.surface.080","properties":{"name":"Surface marking 080","layer":"Surface markings","category":"Surface markings","object_type":"Area","style_id":"marking.surface","airport":"LFMN","geometry_role":"filled_region"},"geometry":{"type":"Polygon","coordinates":[[[7.222353611,43.665232778],[7.222551111,43.665375],[7.222534444,43.665385278],[7.222338889,43.665243056],[7.222353611,43.665232778]]]}},{"type":"Feature","id":"marking.surface.081","properties":{"name":"Surface marking 081","layer":"Surface markings","category":"Surface markings","object_type":"Area","style_id":"marking.surface","airport":"LFMN","geometry_role":"filled_region"},"geometry":{"type":"Polygon","coordinates":[[[7.222528611,43.665103889],[7.222723889,43.665248333],[7.222708889,43.665258889],[7.222513056,43.665116111],[7.222528611,43.665103889]]]}},{"type":"Feature","id":"marking.surface.082","properties":{"name":"Surface marking 082","layer":"Surface markings","category":"Surface markings","object_type":"Area","style_id":"marking.surface","airport":"LFMN","geometry_role":"filled_region"},"geometry":{"type":"Polygon","coordinates":[[[7.222558889,43.665083611],[7.222754444,43.665227222],[7.222735556,43.665239167],[7.222540278,43.665096389],[7.222558889,43.665083611]]]}},{"type":"Feature","id":"marking.surface.083","properties":{"name":"Surface marking 083","layer":"Surface markings","category":"Surface markings","object_type":"Area","style_id":"marking.surface","airport":"LFMN","geometry_role":"filled_region"},"geometry":{"type":"Polygon","coordinates":[[[7.224923611,43.667183889],[7.225116944,43.667326111],[7.225102778,43.667336944],[7.224909167,43.667195556],[7.224923611,43.667183889]]]}},{"type":"Feature","id":"marking.surface.084","properties":{"name":"Surface marking 084","layer":"Surface markings","category":"Surface markings","object_type":"Area","style_id":"marking.surface","airport":"LFMN","geometry_role":"filled_region"},"geometry":{"type":"Polygon","coordinates":[[[7.224953611,43.667163611],[7.225145556,43.667305],[7.225128611,43.667316944],[7.224936389,43.667175556],[7.224953611,43.667163611]]]}},{"type":"Feature","id":"marking.surface.085","properties":{"name":"Surface marking 085","layer":"Surface markings","category":"Surface markings","object_type":"Area","style_id":"marking.surface","airport":"LFMN","geometry_role":"filled_region"},"geometry":{"type":"Polygon","coordinates":[[[7.224980833,43.667141944],[7.225177222,43.667282778],[7.225159722,43.667293889],[7.224967222,43.667153056],[7.224980833,43.667141944]]]}},{"type":"Feature","id":"marking.surface.086","properties":{"name":"Surface marking 086","layer":"Surface markings","category":"Surface markings","object_type":"Area","style_id":"marking.surface","airport":"LFMN","geometry_role":"filled_region"},"geometry":{"type":"Polygon","coordinates":[[[7.225156389,43.667016944],[7.225352778,43.667159444],[7.2253375,43.667171111],[7.225139167,43.667028889],[7.225156389,43.667016944]]]}},{"type":"Feature","id":"marking.surface.087","properties":{"name":"Surface marking 087","layer":"Surface markings","category":"Surface markings","object_type":"Area","style_id":"marking.surface","airport":"LFMN","geometry_role":"filled_region"},"geometry":{"type":"Polygon","coordinates":[[[7.225185833,43.666994722],[7.225380556,43.667138611],[7.225366389,43.667148333],[7.225170556,43.667006389],[7.225185833,43.666994722]]]}},{"type":"Feature","id":"marking.surface.088","properties":{"name":"Surface marking 088","layer":"Surface markings","category":"Surface markings","object_type":"Area","style_id":"marking.surface","airport":"LFMN","geometry_role":"filled_region"},"geometry":{"type":"Polygon","coordinates":[[[7.225215,43.666974167],[7.225410278,43.667116944],[7.225395278,43.6671275],[7.225198056,43.666984722],[7.225215,43.666974167]]]}},{"type":"Feature","id":"marking.surface.089","properties":{"name":"Surface marking 089","layer":"Surface markings","category":"Surface markings","object_type":"Area","style_id":"marking.surface","airport":"LFMN","geometry_role":"filled_region"},"geometry":{"type":"Polygon","coordinates":[[[7.225357222,43.667295556],[7.225628889,43.667494167],[7.225622778,43.667498611],[7.225348889,43.667301667],[7.225357222,43.667295556]]]}},{"type":"Feature","id":"marking.surface.090","properties":{"name":"Surface marking 090","layer":"Surface markings","category":"Surface markings","object_type":"Area","style_id":"marking.surface","airport":"LFMN","geometry_role":"filled_region"},"geometry":{"type":"Polygon","coordinates":[[[7.224913611,43.666972778],[7.225185556,43.667171944],[7.225179167,43.667176389],[7.224907778,43.666976667],[7.224913611,43.666972778]]]}},{"type":"Feature","id":"marking.surface.091","properties":{"name":"Surface marking 091","layer":"Surface markings","category":"Surface markings","object_type":"Area","style_id":"marking.surface","airport":"LFMN","geometry_role":"filled_region"},"geometry":{"type":"Polygon","coordinates":[[[7.226783889,43.668336111],[7.226958056,43.668463889],[7.2269525,43.668468889],[7.226776944,43.668341667],[7.226783889,43.668336111]]]}},{"type":"Feature","id":"marking.surface.092","properties":{"name":"Surface marking 092","layer":"Surface markings","category":"Surface markings","object_type":"Area","style_id":"marking.surface","airport":"LFMN","geometry_role":"filled_region"},"geometry":{"type":"Polygon","coordinates":[[[7.226736389,43.668305278],[7.226774722,43.668341389],[7.226765,43.668349167],[7.226693333,43.668273889],[7.2268,43.668324444],[7.226788611,43.6683325],[7.226734444,43.668305278],[7.226736389,43.668305278]]]}},{"type":"Feature","id":"marking.surface.093","properties":{"name":"Surface marking 093","layer":"Surface markings","category":"Surface markings","object_type":"Area","style_id":"marking.surface","airport":"LFMN","geometry_role":"filled_region"},"geometry":{"type":"Polygon","coordinates":[[[7.22447,43.666648056],[7.224741667,43.666848056],[7.224734722,43.666853333],[7.224461389,43.666653611],[7.22447,43.666648056]]]}},{"type":"Feature","id":"marking.surface.094","properties":{"name":"Surface marking 094","layer":"Surface markings","category":"Surface markings","object_type":"Area","style_id":"marking.surface","airport":"LFMN","geometry_role":"filled_region"},"geometry":{"type":"Polygon","coordinates":[[[7.224023611,43.666326111],[7.224296944,43.666524444],[7.224290833,43.666527778],[7.224018889,43.666330278],[7.224023611,43.666326111]]]}},{"type":"Feature","id":"marking.surface.095","properties":{"name":"Surface marking 095","layer":"Surface markings","category":"Surface markings","object_type":"Area","style_id":"marking.surface","airport":"LFMN","geometry_role":"filled_region"},"geometry":{"type":"Polygon","coordinates":[[[7.223581111,43.6660025],[7.223850556,43.666200278],[7.223842778,43.666207222],[7.223572222,43.6660075],[7.223581111,43.6660025]]]}},{"type":"Feature","id":"marking.surface.096","properties":{"name":"Surface marking 096","layer":"Surface markings","category":"Surface markings","object_type":"Area","style_id":"marking.surface","airport":"LFMN","geometry_role":"filled_region"},"geometry":{"type":"Polygon","coordinates":[[[7.223135556,43.665679167],[7.223404167,43.665877222],[7.223398611,43.6658825],[7.223129167,43.665685833],[7.223135556,43.665679167]]]}},{"type":"Feature","id":"marking.surface.097","properties":{"name":"Surface marking 097","layer":"Surface markings","category":"Surface markings","object_type":"Area","style_id":"marking.surface","airport":"LFMN","geometry_role":"filled_region"},"geometry":{"type":"Polygon","coordinates":[[[7.222691667,43.6653575],[7.222962778,43.665554167],[7.222955,43.665559722],[7.222685278,43.665361944],[7.222691667,43.6653575]]]}},{"type":"Feature","id":"marking.surface.098","properties":{"name":"Surface marking 098","layer":"Surface markings","category":"Surface markings","object_type":"Area","style_id":"marking.surface","airport":"LFMN","geometry_role":"filled_region"},"geometry":{"type":"Polygon","coordinates":[[[7.222246389,43.665030278],[7.222517222,43.665230833],[7.222509722,43.665235556],[7.222241667,43.665036111],[7.222246389,43.665030278]]]}},{"type":"Feature","id":"marking.surface.099","properties":{"name":"Surface marking 099","layer":"Surface markings","category":"Surface markings","object_type":"Area","style_id":"marking.surface","airport":"LFMN","geometry_role":"filled_region"},"geometry":{"type":"Polygon","coordinates":[[[7.221796944,43.664708056],[7.222072222,43.664905556],[7.222063611,43.664910278],[7.22179,43.664713056],[7.221796944,43.664708056]]]}},{"type":"Feature","id":"marking.surface.100","properties":{"name":"Surface marking 100","layer":"Surface markings","category":"Surface markings","object_type":"Area","style_id":"marking.surface","airport":"LFMN","geometry_role":"filled_region"},"geometry":{"type":"Polygon","coordinates":[[[7.221357778,43.664387222],[7.221626111,43.664583889],[7.221618333,43.664587778],[7.22135,43.664392222],[7.221357778,43.664387222]]]}},{"type":"Feature","id":"marking.surface.101","properties":{"name":"Surface marking 101","layer":"Surface markings","category":"Surface markings","object_type":"Area","style_id":"marking.surface","airport":"LFMN","geometry_role":"filled_region"},"geometry":{"type":"Polygon","coordinates":[[[7.226093333,43.668073611],[7.226356944,43.668264722],[7.226341389,43.668274722],[7.226079722,43.668083056],[7.226093333,43.668073611]]]}},{"type":"Feature","id":"marking.surface.102","properties":{"name":"Surface marking 102","layer":"Surface markings","category":"Surface markings","object_type":"Area","style_id":"marking.surface","airport":"LFMN","geometry_role":"filled_region"},"geometry":{"type":"Polygon","coordinates":[[[7.226126667,43.668052222],[7.226383333,43.668243056],[7.226369722,43.668251389],[7.226110556,43.6680625],[7.226126667,43.668052222]]]}},{"type":"Feature","id":"marking.surface.103","properties":{"name":"Surface marking 103","layer":"Surface markings","category":"Surface markings","object_type":"Area","style_id":"marking.surface","airport":"LFMN","geometry_role":"filled_region"},"geometry":{"type":"Polygon","coordinates":[[[7.226153333,43.66803],[7.226415,43.668218333],[7.226398056,43.6682325],[7.226137778,43.668040833],[7.226153333,43.66803]]]}},{"type":"Feature","id":"marking.surface.104","properties":{"name":"Surface marking 104","layer":"Surface markings","category":"Surface markings","object_type":"Area","style_id":"marking.surface","airport":"LFMN","geometry_role":"filled_region"},"geometry":{"type":"Polygon","coordinates":[[[7.226184167,43.668008889],[7.226445833,43.668198056],[7.226429444,43.668210556],[7.226167222,43.66802],[7.226184167,43.668008889]]]}},{"type":"Feature","id":"marking.surface.105","properties":{"name":"Surface marking 105","layer":"Surface markings","category":"Surface markings","object_type":"Area","style_id":"marking.surface","airport":"LFMN","geometry_role":"filled_region"},"geometry":{"type":"Polygon","coordinates":[[[7.226213611,43.667986667],[7.226473889,43.668176111],[7.226458889,43.668188889],[7.226198333,43.667998056],[7.226213611,43.667986667]]]}},{"type":"Feature","id":"marking.surface.106","properties":{"name":"Surface marking 106","layer":"Surface markings","category":"Surface markings","object_type":"Area","style_id":"marking.surface","airport":"LFMN","geometry_role":"filled_region"},"geometry":{"type":"Polygon","coordinates":[[[7.2262425,43.667966389],[7.226504722,43.668156111],[7.226490278,43.668166111],[7.226227222,43.667977222],[7.2262425,43.667966389]]]}},{"type":"Feature","id":"marking.surface.107","properties":{"name":"Surface marking 107","layer":"Surface markings","category":"Surface markings","object_type":"Area","style_id":"marking.surface","airport":"LFMN","geometry_role":"filled_region"},"geometry":{"type":"Polygon","coordinates":[[[7.226287222,43.667931944],[7.226549167,43.668122222],[7.226534722,43.668134167],[7.226271111,43.667942778],[7.226287222,43.667931944]]]}},{"type":"Feature","id":"marking.surface.108","properties":{"name":"Surface marking 108","layer":"Surface markings","category":"Surface markings","object_type":"Area","style_id":"marking.surface","airport":"LFMN","geometry_role":"filled_region"},"geometry":{"type":"Polygon","coordinates":[[[7.226316944,43.667912222],[7.226579444,43.6681025],[7.226564167,43.668113056],[7.226301389,43.667921944],[7.226316944,43.667912222]]]}},{"type":"Feature","id":"marking.surface.109","properties":{"name":"Surface marking 109","layer":"Surface markings","category":"Surface markings","object_type":"Area","style_id":"marking.surface","airport":"LFMN","geometry_role":"filled_region"},"geometry":{"type":"Polygon","coordinates":[[[7.226347222,43.667888889],[7.226609167,43.668081111],[7.226591944,43.668091944],[7.226331389,43.667901389],[7.226347222,43.667888889]]]}},{"type":"Feature","id":"marking.surface.110","properties":{"name":"Surface marking 110","layer":"Surface markings","category":"Surface markings","object_type":"Area","style_id":"marking.surface","airport":"LFMN","geometry_role":"filled_region"},"geometry":{"type":"Polygon","coordinates":[[[7.226377222,43.667868611],[7.226637222,43.668058889],[7.226622778,43.66807],[7.226361111,43.667879722],[7.226377222,43.667868611]]]}},{"type":"Feature","id":"marking.surface.111","properties":{"name":"Surface marking 111","layer":"Surface markings","category":"Surface markings","object_type":"Area","style_id":"marking.surface","airport":"LFMN","geometry_role":"filled_region"},"geometry":{"type":"Polygon","coordinates":[[[7.226407222,43.667845556],[7.226668611,43.668036667],[7.226653889,43.668048889],[7.22639,43.667856944],[7.226407222,43.667845556]]]}},{"type":"Feature","id":"marking.surface.112","properties":{"name":"Surface marking 112","layer":"Surface markings","category":"Surface markings","object_type":"Area","style_id":"marking.surface","airport":"LFMN","geometry_role":"filled_region"},"geometry":{"type":"Polygon","coordinates":[[[7.226436944,43.667825833],[7.2267,43.668015833],[7.226683333,43.668028056],[7.226422222,43.667836111],[7.226436944,43.667825833]]]}},{"type":"Feature","id":"marking.surface.113","properties":{"name":"Surface marking 113","layer":"Surface markings","category":"Surface markings","object_type":"Area","style_id":"marking.surface","airport":"LFMN","geometry_role":"filled_region"},"geometry":{"type":"Polygon","coordinates":[[[7.213797778,43.658890556],[7.214070833,43.659089167],[7.214060556,43.659094722],[7.213790556,43.658898333],[7.213797778,43.658890556]]]}},{"type":"Feature","id":"marking.surface.114","properties":{"name":"Surface marking 114","layer":"Surface markings","category":"Surface markings","object_type":"Area","style_id":"marking.surface","airport":"LFMN","geometry_role":"filled_region"},"geometry":{"type":"Polygon","coordinates":[[[7.214242778,43.659213889],[7.214512222,43.659411111],[7.214507222,43.659417778],[7.214235556,43.659220278],[7.214242778,43.659213889]]]}},{"type":"Feature","id":"marking.surface.115","properties":{"name":"Surface marking 115","layer":"Surface markings","category":"Surface markings","object_type":"Area","style_id":"marking.surface","airport":"LFMN","geometry_role":"filled_region"},"geometry":{"type":"Polygon","coordinates":[[[7.214242778,43.659213889],[7.214512222,43.659411111],[7.214507222,43.659417778],[7.214235556,43.659220278],[7.214242778,43.659213889]]]}},{"type":"Feature","id":"marking.surface.116","properties":{"name":"Surface marking 116","layer":"Surface markings","category":"Surface markings","object_type":"Area","style_id":"marking.surface","airport":"LFMN","geometry_role":"filled_region"},"geometry":{"type":"Polygon","coordinates":[[[7.203872222,43.651946667],[7.204665,43.652521111],[7.204651944,43.652529167],[7.203860278,43.651953889],[7.203872222,43.651946667]]]}},{"type":"Feature","id":"marking.surface.117","properties":{"name":"Surface marking 117","layer":"Surface markings","category":"Surface markings","object_type":"Area","style_id":"marking.surface","airport":"LFMN","geometry_role":"filled_region"},"geometry":{"type":"Polygon","coordinates":[[[7.204269722,43.651676667],[7.203871111,43.651966667],[7.203861111,43.651956111],[7.2042575,43.651669444],[7.204269722,43.651676667]]]}},{"type":"Feature","id":"marking.surface.118","properties":{"name":"Surface marking 118","layer":"Surface markings","category":"Surface markings","object_type":"Area","style_id":"marking.surface","airport":"LFMN","geometry_role":"filled_region"},"geometry":{"type":"Polygon","coordinates":[[[7.204258333,43.651669167],[7.205045,43.652243611],[7.205034167,43.652251667],[7.204249722,43.651676667],[7.204258333,43.651669167]]]}},{"type":"Feature","id":"marking.surface.119","properties":{"name":"Surface marking 119","layer":"Surface markings","category":"Surface markings","object_type":"Area","style_id":"marking.surface","airport":"LFMN","geometry_role":"filled_region"},"geometry":{"type":"Polygon","coordinates":[[[7.215130556,43.659860833],[7.2154025,43.660058333],[7.215395556,43.660065278],[7.215123889,43.659865833],[7.215130556,43.659860833]]]}},{"type":"Feature","id":"marking.surface.120","properties":{"name":"Surface marking 120","layer":"Surface markings","category":"Surface markings","object_type":"Area","style_id":"marking.surface","airport":"LFMN","geometry_role":"filled_region"},"geometry":{"type":"Polygon","coordinates":[[[7.214684722,43.659536944],[7.214956667,43.659733611],[7.214948611,43.65974],[7.214678889,43.6595425],[7.214684722,43.659536944]]]}},{"type":"Feature","id":"marking.surface.121","properties":{"name":"Surface marking 121","layer":"Surface markings","category":"Surface markings","object_type":"Area","style_id":"marking.surface","airport":"LFMN","geometry_role":"filled_region"},"geometry":{"type":"Polygon","coordinates":[[[7.215576944,43.6601825],[7.215844167,43.660381389],[7.215836944,43.660386667],[7.215568611,43.660187778],[7.215576944,43.6601825]]]}},{"type":"Feature","id":"marking.surface.122","properties":{"name":"Surface marking 122","layer":"Surface markings","category":"Surface markings","object_type":"Area","style_id":"marking.surface","airport":"LFMN","geometry_role":"filled_region"},"geometry":{"type":"Polygon","coordinates":[[[7.220903611,43.66407],[7.220911389,43.664063611],[7.221178611,43.664260278],[7.221167778,43.664267222],[7.220903611,43.66407]]]}},{"type":"Feature","id":"marking.surface.123","properties":{"name":"Surface marking 123","layer":"Surface markings","category":"Surface markings","object_type":"Area","style_id":"marking.surface","airport":"LFMN","geometry_role":"filled_region"},"geometry":{"type":"Polygon","coordinates":[[[7.220468056,43.663740278],[7.2207375,43.663939167],[7.22073,43.663943056],[7.220460556,43.663745833],[7.220468056,43.663740278]]]}},{"type":"Feature","id":"marking.surface.124","properties":{"name":"Surface marking 124","layer":"Surface markings","category":"Surface markings","object_type":"Area","style_id":"marking.surface","airport":"LFMN","geometry_role":"filled_region"},"geometry":{"type":"Polygon","coordinates":[[[7.220020556,43.6634175],[7.220295833,43.663615],[7.220288889,43.66362],[7.220015556,43.663421111],[7.220020556,43.6634175]]]}},{"type":"Feature","id":"marking.surface.125","properties":{"name":"Surface marking 125","layer":"Surface markings","category":"Surface markings","object_type":"Area","style_id":"marking.surface","airport":"LFMN","geometry_role":"filled_region"},"geometry":{"type":"Polygon","coordinates":[[[7.216019167,43.660506667],[7.216294167,43.660706111],[7.216286667,43.660711667],[7.216012778,43.660511389],[7.216019167,43.660506667]]]}},{"type":"Feature","id":"marking.surface.126","properties":{"name":"Surface marking 126","layer":"Surface markings","category":"Surface markings","object_type":"Area","style_id":"marking.surface","airport":"LFMN","geometry_role":"filled_region"},"geometry":{"type":"Polygon","coordinates":[[[7.216465833,43.660830833],[7.216736389,43.661027222],[7.216730278,43.661032778],[7.216458889,43.660835556],[7.216465833,43.660830833]]]}},{"type":"Feature","id":"marking.surface.127","properties":{"name":"Surface marking 127","layer":"Surface markings","category":"Surface markings","object_type":"Area","style_id":"marking.surface","airport":"LFMN","geometry_role":"filled_region"},"geometry":{"type":"Polygon","coordinates":[[[7.217351944,43.661476111],[7.217626944,43.661675],[7.217618056,43.661681667],[7.217346111,43.661481667],[7.217351944,43.661476111]]]}},{"type":"Feature","id":"marking.surface.128","properties":{"name":"Surface marking 128","layer":"Surface markings","category":"Surface markings","object_type":"Area","style_id":"marking.surface","airport":"LFMN","geometry_role":"filled_region"},"geometry":{"type":"Polygon","coordinates":[[[7.217798611,43.661799722],[7.218071944,43.662],[7.218065,43.662004167],[7.217792778,43.661804167],[7.217798611,43.661799722]]]}},{"type":"Feature","id":"marking.surface.129","properties":{"name":"Surface marking 129","layer":"Surface markings","category":"Surface markings","object_type":"Area","style_id":"marking.surface","airport":"LFMN","geometry_role":"filled_region"},"geometry":{"type":"Polygon","coordinates":[[[7.218243333,43.662124444],[7.218515278,43.662322222],[7.218508889,43.6623275],[7.218237222,43.662128889],[7.218243333,43.662124444]]]}},{"type":"Feature","id":"marking.surface.130","properties":{"name":"Surface marking 130","layer":"Surface markings","category":"Surface markings","object_type":"Area","style_id":"marking.surface","airport":"LFMN","geometry_role":"filled_region"},"geometry":{"type":"Polygon","coordinates":[[[7.216910556,43.6611525],[7.217181111,43.661351667],[7.217173611,43.661356389],[7.216901389,43.661157778],[7.216910556,43.6611525]]]}},{"type":"Feature","id":"marking.surface.131","properties":{"name":"Surface marking 131","layer":"Surface markings","category":"Surface markings","object_type":"Area","style_id":"marking.surface","airport":"LFMN","geometry_role":"filled_region"},"geometry":{"type":"Polygon","coordinates":[[[7.2191325,43.662769167],[7.219404722,43.662968889],[7.219395,43.662973889],[7.219125833,43.662773889],[7.2191325,43.662769167]]]}},{"type":"Feature","id":"marking.surface.132","properties":{"name":"Surface marking 132","layer":"Surface markings","category":"Surface markings","object_type":"Area","style_id":"marking.surface","airport":"LFMN","geometry_role":"filled_region"},"geometry":{"type":"Polygon","coordinates":[[[7.219575278,43.663092778],[7.219850833,43.663290556],[7.219841944,43.663296944],[7.21957,43.663098056],[7.219575278,43.663092778]]]}},{"type":"Feature","id":"marking.surface.133","properties":{"name":"Surface marking 133","layer":"Surface markings","category":"Surface markings","object_type":"Area","style_id":"marking.surface","airport":"LFMN","geometry_role":"filled_region"},"geometry":{"type":"Polygon","coordinates":[[[7.218688889,43.662446111],[7.21896,43.662645278],[7.218954167,43.662649444],[7.218683056,43.662449722],[7.218688889,43.662446111]]]}},{"type":"Feature","id":"marking.surface.134","properties":{"name":"Surface marking 134","layer":"Surface markings","category":"Surface markings","object_type":"Area","style_id":"marking.surface","airport":"LFMN","geometry_role":"filled_region"},"geometry":{"type":"Polygon","coordinates":[[[7.228256667,43.665757778],[7.202331111,43.646902222],[7.202347222,43.646890278],[7.228271944,43.665748056],[7.228256667,43.665757778]]]}},{"type":"Feature","id":"marking.surface.135","properties":{"name":"Surface marking 135","layer":"Surface markings","category":"Surface markings","object_type":"Area","style_id":"marking.surface","airport":"LFMN","geometry_role":"filled_region"},"geometry":{"type":"Polygon","coordinates":[[[7.228651389,43.665479722],[7.202718889,43.646620556],[7.202729722,43.646613333],[7.228664167,43.665473056],[7.228651389,43.665479722]]]}},{"type":"Feature","id":"marking.surface.136","properties":{"name":"Surface marking 136","layer":"Surface markings","category":"Surface markings","object_type":"Area","style_id":"marking.surface","airport":"LFMN","geometry_role":"filled_region"},"geometry":{"type":"Polygon","coordinates":[[[7.227721111,43.664991667],[7.227704167,43.664981667],[7.227683333,43.664996667],[7.227707222,43.665013889],[7.227805278,43.665030556],[7.227852222,43.665064167],[7.227799167,43.665104722],[7.22777,43.665083056],[7.227806389,43.665056667],[7.227795278,43.665046389],[7.227693333,43.6650275],[7.227640556,43.664987222],[7.227692778,43.664948889],[7.227736389,43.664980556],[7.227721111,43.664991667]]]}},{"type":"Feature","id":"marking.surface.137","properties":{"name":"Surface marking 137","layer":"Surface markings","category":"Surface markings","object_type":"Area","style_id":"marking.surface","airport":"LFMN","geometry_role":"filled_region"},"geometry":{"type":"Polygon","coordinates":[[[7.227626389,43.665058333],[7.22761,43.6650475],[7.227588611,43.665065556],[7.227612222,43.6650825],[7.227713333,43.665097778],[7.227758611,43.665131944],[7.227705,43.665171667],[7.227676111,43.665152778],[7.227714444,43.665124444],[7.227701667,43.665113333],[7.227601111,43.665097222],[7.227545278,43.665056111],[7.227599722,43.665015556],[7.227643333,43.6650475],[7.227626389,43.665058333]]]}},{"type":"Feature","id":"marking.surface.138","properties":{"name":"Surface marking 138","layer":"Surface markings","category":"Surface markings","object_type":"Area","style_id":"marking.surface","airport":"LFMN","geometry_role":"filled_region"},"geometry":{"type":"Polygon","coordinates":[[[7.228013333,43.665329722],[7.227986667,43.665310833],[7.228025278,43.665281667],[7.227895,43.665185],[7.227910833,43.665173611],[7.228067222,43.665289167],[7.228013333,43.665329722]]]}},{"type":"Feature","id":"marking.surface.139","properties":{"name":"Surface marking 139","layer":"Surface markings","category":"Surface markings","object_type":"Area","style_id":"marking.surface","airport":"LFMN","geometry_role":"filled_region"},"geometry":{"type":"Polygon","coordinates":[[[7.227282778,43.664559444],[7.227085278,43.664416111],[7.227101944,43.664402222],[7.227299167,43.664546944],[7.227282778,43.664559444]]]}},{"type":"Feature","id":"marking.surface.140","properties":{"name":"Surface marking 140","layer":"Surface markings","category":"Surface markings","object_type":"Area","style_id":"marking.surface","airport":"LFMN","geometry_role":"filled_region"},"geometry":{"type":"Polygon","coordinates":[[[7.227252778,43.664580278],[7.227056111,43.664437222],[7.227071389,43.664423056],[7.227268889,43.664568056],[7.227252778,43.664580278]]]}},{"type":"Feature","id":"marking.surface.141","properties":{"name":"Surface marking 141","layer":"Surface markings","category":"Surface markings","object_type":"Area","style_id":"marking.surface","airport":"LFMN","geometry_role":"filled_region"},"geometry":{"type":"Polygon","coordinates":[[[7.227223333,43.664599722],[7.227026111,43.664458333],[7.227043056,43.664445556],[7.227238889,43.664588056],[7.227223333,43.664599722]]]}},{"type":"Feature","id":"marking.surface.142","properties":{"name":"Surface marking 142","layer":"Surface markings","category":"Surface markings","object_type":"Area","style_id":"marking.surface","airport":"LFMN","geometry_role":"filled_region"},"geometry":{"type":"Polygon","coordinates":[[[7.227050556,43.664726667],[7.226853333,43.664584444],[7.22687,43.664571667],[7.227066389,43.664715278],[7.227050556,43.664726667]]]}},{"type":"Feature","id":"marking.surface.143","properties":{"name":"Surface marking 143","layer":"Surface markings","category":"Surface markings","object_type":"Area","style_id":"marking.surface","airport":"LFMN","geometry_role":"filled_region"},"geometry":{"type":"Polygon","coordinates":[[[7.227020833,43.664748333],[7.226825,43.664604722],[7.226840278,43.664592778],[7.227037222,43.664736667],[7.227020833,43.664748333]]]}},{"type":"Feature","id":"marking.surface.144","properties":{"name":"Surface marking 144","layer":"Surface markings","category":"Surface markings","object_type":"Area","style_id":"marking.surface","airport":"LFMN","geometry_role":"filled_region"},"geometry":{"type":"Polygon","coordinates":[[[7.226991667,43.664768889],[7.226795833,43.6646275],[7.226813611,43.664613611],[7.227008056,43.664758333],[7.226991667,43.664768889]]]}},{"type":"Feature","id":"marking.surface.145","properties":{"name":"Surface marking 145","layer":"Surface markings","category":"Surface markings","object_type":"Area","style_id":"marking.surface","airport":"LFMN","geometry_role":"filled_region"},"geometry":{"type":"Polygon","coordinates":[[[7.225406667,43.663276667],[7.225011667,43.662993056],[7.225093333,43.662934167],[7.225477778,43.66322],[7.225406667,43.663276667]]]}},{"type":"Feature","id":"marking.surface.146","properties":{"name":"Surface marking 146","layer":"Surface markings","category":"Surface markings","object_type":"Area","style_id":"marking.surface","airport":"LFMN","geometry_role":"filled_region"},"geometry":{"type":"Polygon","coordinates":[[[7.225168333,43.663450833],[7.224772778,43.663162778],[7.224855833,43.663102778],[7.225247222,43.663393056],[7.225168333,43.663450833]]]}},{"type":"Feature","id":"marking.surface.147","properties":{"name":"Surface marking 147","layer":"Surface markings","category":"Surface markings","object_type":"Area","style_id":"marking.surface","airport":"LFMN","geometry_role":"filled_region"},"geometry":{"type":"Polygon","coordinates":[[[7.223311389,43.661713333],[7.223113333,43.661571389],[7.223130278,43.661558333],[7.223323889,43.661702222],[7.223311389,43.661713333]]]}},{"type":"Feature","id":"marking.surface.148","properties":{"name":"Surface marking 148","layer":"Surface markings","category":"Surface markings","object_type":"Area","style_id":"marking.surface","airport":"LFMN","geometry_role":"filled_region"},"geometry":{"type":"Polygon","coordinates":[[[7.223079722,43.661882222],[7.222882778,43.661738333],[7.222899444,43.661727778],[7.223094167,43.661870278],[7.223079722,43.661882222]]]}},{"type":"Feature","id":"marking.surface.149","properties":{"name":"Surface marking 149","layer":"Surface markings","category":"Surface markings","object_type":"Area","style_id":"marking.surface","airport":"LFMN","geometry_role":"filled_region"},"geometry":{"type":"Polygon","coordinates":[[[7.223298333,43.661722778],[7.223087222,43.6615925],[7.223103889,43.66158],[7.223281944,43.661733889],[7.223298333,43.661722778]]]}},{"type":"Feature","id":"marking.surface.150","properties":{"name":"Surface marking 150","layer":"Surface markings","category":"Surface markings","object_type":"Area","style_id":"marking.surface","airport":"LFMN","geometry_role":"filled_region"},"geometry":{"type":"Polygon","coordinates":[[[7.223108611,43.661861667],[7.222911667,43.661718611],[7.2229275,43.661705278],[7.223125556,43.661849167],[7.223108611,43.661861667]]]}},{"type":"Feature","id":"marking.surface.151","properties":{"name":"Surface marking 151","layer":"Surface markings","category":"Surface markings","object_type":"Area","style_id":"marking.surface","airport":"LFMN","geometry_role":"filled_region"},"geometry":{"type":"Polygon","coordinates":[[[7.2219675,43.660781389],[7.221770833,43.660635],[7.2217875,43.660622778],[7.221986111,43.660766944],[7.2219675,43.660781389]]]}},{"type":"Feature","id":"marking.surface.152","properties":{"name":"Surface marking 152","layer":"Surface markings","category":"Surface markings","object_type":"Area","style_id":"marking.surface","airport":"LFMN","geometry_role":"filled_region"},"geometry":{"type":"Polygon","coordinates":[[[7.221796111,43.660904722],[7.221598333,43.660763056],[7.221616667,43.660749722],[7.221810278,43.660894444],[7.221796111,43.660904722]]]}},{"type":"Feature","id":"marking.surface.153","properties":{"name":"Surface marking 153","layer":"Surface markings","category":"Surface markings","object_type":"Area","style_id":"marking.surface","airport":"LFMN","geometry_role":"filled_region"},"geometry":{"type":"Polygon","coordinates":[[[7.220654722,43.659825],[7.220456667,43.6596825],[7.220474444,43.659668333],[7.220673611,43.659811944],[7.220654722,43.659825]]]}},{"type":"Feature","id":"marking.surface.154","properties":{"name":"Surface marking 154","layer":"Surface markings","category":"Surface markings","object_type":"Area","style_id":"marking.surface","airport":"LFMN","geometry_role":"filled_region"},"geometry":{"type":"Polygon","coordinates":[[[7.220481111,43.659951111],[7.220285,43.659806944],[7.220299722,43.659794167],[7.220495833,43.659939444],[7.220481111,43.659951111]]]}},{"type":"Feature","id":"marking.surface.155","properties":{"name":"Surface marking 155","layer":"Surface markings","category":"Surface markings","object_type":"Area","style_id":"marking.surface","airport":"LFMN","geometry_role":"filled_region"},"geometry":{"type":"Polygon","coordinates":[[[7.203303889,43.647346389],[7.203338611,43.64737],[7.203283056,43.647409722],[7.203253889,43.647387222],[7.203303889,43.647346389]]]}},{"type":"Feature","id":"marking.surface.156","properties":{"name":"Surface marking 156","layer":"Surface markings","category":"Surface markings","object_type":"Area","style_id":"marking.surface","airport":"LFMN","geometry_role":"filled_region"},"geometry":{"type":"Polygon","coordinates":[[[7.203176389,43.647253611],[7.203310278,43.647351389],[7.203295,43.6473625],[7.203188611,43.647285556],[7.203163889,43.647302778],[7.20327,43.647379722],[7.203255833,43.647390833],[7.203121389,43.6472925],[7.203176389,43.647253611]]]}},{"type":"Feature","id":"marking.surface.157","properties":{"name":"Surface marking 157","layer":"Surface markings","category":"Surface markings","object_type":"Area","style_id":"marking.surface","airport":"LFMN","geometry_role":"filled_region"},"geometry":{"type":"Polygon","coordinates":[[[7.203274167,43.647231111],[7.203241111,43.647205556],[7.203256667,43.647195556],[7.203290278,43.647219722],[7.203300556,43.647211389],[7.203328056,43.647231667],[7.203318056,43.647239722],[7.203366944,43.6472775],[7.2033525,43.647288333],[7.203301944,43.647250278],[7.203281389,43.647265833],[7.203401944,43.647320278],[7.203387222,43.647332222],[7.203231389,43.647262222],[7.203274167,43.647231111]]]}},{"type":"Feature","id":"marking.surface.158","properties":{"name":"Surface marking 158","layer":"Surface markings","category":"Surface markings","object_type":"Area","style_id":"marking.surface","airport":"LFMN","geometry_role":"filled_region"},"geometry":{"type":"Polygon","coordinates":[[[7.203087778,43.647124722],[7.203116389,43.647144167],[7.203065833,43.6471825],[7.203035,43.647159722],[7.203087778,43.647124722]]]}},{"type":"Feature","id":"marking.surface.159","properties":{"name":"Surface marking 159","layer":"Surface markings","category":"Surface markings","object_type":"Area","style_id":"marking.surface","airport":"LFMN","geometry_role":"filled_region"},"geometry":{"type":"Polygon","coordinates":[[[7.202920556,43.647057222],[7.202985278,43.647103611],[7.202994444,43.647096111],[7.202944444,43.64704],[7.202959722,43.647028611],[7.203009722,43.647085],[7.203023333,43.647075833],[7.203101667,43.647131944],[7.203086111,43.647142222],[7.203035833,43.647108333],[7.203013056,43.647124167],[7.203057778,43.647158889],[7.203046111,43.647167778],[7.202906389,43.647066111],[7.202920556,43.647057222]]]}},{"type":"Feature","id":"marking.surface.160","properties":{"name":"Surface marking 160","layer":"Surface markings","category":"Surface markings","object_type":"Area","style_id":"marking.surface","airport":"LFMN","geometry_role":"filled_region"},"geometry":{"type":"Polygon","coordinates":[[[7.205919167,43.649334167],[7.206314722,43.649620556],[7.206234444,43.649680278],[7.205838889,43.649393611],[7.205919167,43.649334167]]]}},{"type":"Feature","id":"marking.surface.161","properties":{"name":"Surface marking 161","layer":"Surface markings","category":"Surface markings","object_type":"Area","style_id":"marking.surface","airport":"LFMN","geometry_role":"filled_region"},"geometry":{"type":"Polygon","coordinates":[[[7.206156389,43.6491625],[7.206548889,43.649449722],[7.206470278,43.649512222],[7.206075556,43.649220833],[7.206156389,43.6491625]]]}},{"type":"Feature","id":"marking.surface.162","properties":{"name":"Surface marking 162","layer":"Surface markings","category":"Surface markings","object_type":"Area","style_id":"marking.surface","airport":"LFMN","geometry_role":"filled_region"},"geometry":{"type":"Polygon","coordinates":[[[7.210315,43.652532778],[7.210512222,43.652676667],[7.210494167,43.652691667],[7.210299167,43.652544444],[7.210315,43.652532778]]]}},{"type":"Feature","id":"marking.surface.163","properties":{"name":"Surface marking 163","layer":"Surface markings","category":"Surface markings","object_type":"Area","style_id":"marking.surface","airport":"LFMN","geometry_role":"filled_region"},"geometry":{"type":"Polygon","coordinates":[[[7.210488333,43.652406389],[7.210685833,43.652551667],[7.210668611,43.6525625],[7.210472778,43.652418889],[7.210488333,43.652406389]]]}},{"type":"Feature","id":"marking.surface.164","properties":{"name":"Surface marking 164","layer":"Surface markings","category":"Surface markings","object_type":"Area","style_id":"marking.surface","airport":"LFMN","geometry_role":"filled_region"},"geometry":{"type":"Polygon","coordinates":[[[7.209004444,43.651574722],[7.209199722,43.651720556],[7.209182222,43.651733889],[7.208984167,43.651592222],[7.209004444,43.651574722]]]}},{"type":"Feature","id":"marking.surface.165","properties":{"name":"Surface marking 165","layer":"Surface markings","category":"Surface markings","object_type":"Area","style_id":"marking.surface","airport":"LFMN","geometry_role":"filled_region"},"geometry":{"type":"Polygon","coordinates":[[[7.209173333,43.651451389],[7.209371667,43.651594722],[7.209354444,43.651608611],[7.2091575,43.651462778],[7.209173333,43.651451389]]]}},{"type":"Feature","id":"marking.surface.166","properties":{"name":"Surface marking 166","layer":"Surface markings","category":"Surface markings","object_type":"Area","style_id":"marking.surface","airport":"LFMN","geometry_role":"filled_region"},"geometry":{"type":"Polygon","coordinates":[[[7.205001389,43.648753333],[7.205201111,43.648895833],[7.205184167,43.648911389],[7.204985278,43.648765],[7.205001389,43.648753333]]]}},{"type":"Feature","id":"marking.surface.167","properties":{"name":"Surface marking 167","layer":"Surface markings","category":"Surface markings","object_type":"Area","style_id":"marking.surface","airport":"LFMN","geometry_role":"filled_region"},"geometry":{"type":"Polygon","coordinates":[[[7.205031944,43.6487325],[7.205229444,43.648874722],[7.205213056,43.648886389],[7.205016667,43.648743611],[7.205031944,43.6487325]]]}},{"type":"Feature","id":"marking.surface.168","properties":{"name":"Surface marking 168","layer":"Surface markings","category":"Surface markings","object_type":"Area","style_id":"marking.surface","airport":"LFMN","geometry_role":"filled_region"},"geometry":{"type":"Polygon","coordinates":[[[7.205061667,43.648710556],[7.205260278,43.648854167],[7.205241944,43.648865833],[7.205045556,43.648723056],[7.205061667,43.648710556]]]}},{"type":"Feature","id":"marking.surface.169","properties":{"name":"Surface marking 169","layer":"Surface markings","category":"Surface markings","object_type":"Area","style_id":"marking.surface","airport":"LFMN","geometry_role":"filled_region"},"geometry":{"type":"Polygon","coordinates":[[[7.205235,43.648584722],[7.205432778,43.648728611],[7.205415556,43.648741389],[7.205218611,43.6485975],[7.205235,43.648584722]]]}},{"type":"Feature","id":"marking.surface.170","properties":{"name":"Surface marking 170","layer":"Surface markings","category":"Surface markings","object_type":"Area","style_id":"marking.surface","airport":"LFMN","geometry_role":"filled_region"},"geometry":{"type":"Polygon","coordinates":[[[7.205265,43.648564722],[7.205459167,43.648708056],[7.205444444,43.648719722],[7.205248611,43.648575],[7.205265,43.648564722]]]}},{"type":"Feature","id":"marking.surface.171","properties":{"name":"Surface marking 171","layer":"Surface markings","category":"Surface markings","object_type":"Area","style_id":"marking.surface","airport":"LFMN","geometry_role":"filled_region"},"geometry":{"type":"Polygon","coordinates":[[[7.205292778,43.648543889],[7.205490278,43.648686667],[7.205473611,43.648698333],[7.205276944,43.648555556],[7.205292778,43.648543889]]]}},{"type":"Feature","id":"marking.surface.172","properties":{"name":"Surface marking 172","layer":"Surface markings","category":"Surface markings","object_type":"Area","style_id":"marking.surface","airport":"LFMN","geometry_role":"filled_region"},"geometry":{"type":"Polygon","coordinates":[[[7.207658889,43.6506425],[7.207856389,43.6507875],[7.207838889,43.650798889],[7.207642778,43.650655833],[7.207658889,43.6506425]]]}},{"type":"Feature","id":"marking.surface.173","properties":{"name":"Surface marking 173","layer":"Surface markings","category":"Surface markings","object_type":"Area","style_id":"marking.surface","airport":"LFMN","geometry_role":"filled_region"},"geometry":{"type":"Polygon","coordinates":[[[7.20769,43.650622222],[7.207885278,43.650764722],[7.207868611,43.650775833],[7.2076725,43.650635278],[7.20769,43.650622222]]]}},{"type":"Feature","id":"marking.surface.174","properties":{"name":"Surface marking 174","layer":"Surface markings","category":"Surface markings","object_type":"Area","style_id":"marking.surface","airport":"LFMN","geometry_role":"filled_region"},"geometry":{"type":"Polygon","coordinates":[[[7.207862222,43.650496111],[7.208059444,43.650639722],[7.208041389,43.650653333],[7.207845278,43.650509167],[7.207862222,43.650496111]]]}},{"type":"Feature","id":"marking.surface.175","properties":{"name":"Surface marking 175","layer":"Surface markings","category":"Surface markings","object_type":"Area","style_id":"marking.surface","airport":"LFMN","geometry_role":"filled_region"},"geometry":{"type":"Polygon","coordinates":[[[7.207889444,43.650475833],[7.208087222,43.650618889],[7.208071389,43.650630833],[7.207873889,43.650487222],[7.207889444,43.650475833]]]}},{"type":"Feature","id":"marking.surface.176","properties":{"name":"Surface marking 176","layer":"Surface markings","category":"Surface markings","object_type":"Area","style_id":"marking.surface","airport":"LFMN","geometry_role":"filled_region"},"geometry":{"type":"Polygon","coordinates":[[[7.20369,43.647797778],[7.203887778,43.6479425],[7.203870278,43.647954444],[7.203673056,43.64781],[7.20369,43.647797778]]]}},{"type":"Feature","id":"marking.surface.177","properties":{"name":"Surface marking 177","layer":"Surface markings","category":"Surface markings","object_type":"Area","style_id":"marking.surface","airport":"LFMN","geometry_role":"filled_region"},"geometry":{"type":"Polygon","coordinates":[[[7.203718056,43.647776944],[7.203914444,43.647920278],[7.203899444,43.647932778],[7.203701944,43.647788611],[7.203718056,43.647776944]]]}},{"type":"Feature","id":"marking.surface.178","properties":{"name":"Surface marking 178","layer":"Surface markings","category":"Surface markings","object_type":"Area","style_id":"marking.surface","airport":"LFMN","geometry_role":"filled_region"},"geometry":{"type":"Polygon","coordinates":[[[7.203746944,43.647754444],[7.203944722,43.647898611],[7.20393,43.647912222],[7.203731111,43.647768611],[7.203746944,43.647754444]]]}},{"type":"Feature","id":"marking.surface.179","properties":{"name":"Surface marking 179","layer":"Surface markings","category":"Surface markings","object_type":"Area","style_id":"marking.surface","airport":"LFMN","geometry_role":"filled_region"},"geometry":{"type":"Polygon","coordinates":[[[7.203920556,43.647630556],[7.204118333,43.647773333],[7.204100556,43.647786389],[7.203905278,43.6476425],[7.203920556,43.647630556]]]}},{"type":"Feature","id":"marking.surface.180","properties":{"name":"Surface marking 180","layer":"Surface markings","category":"Surface markings","object_type":"Area","style_id":"marking.surface","airport":"LFMN","geometry_role":"filled_region"},"geometry":{"type":"Polygon","coordinates":[[[7.203950278,43.647608889],[7.204147222,43.647752778],[7.204130556,43.647764722],[7.203933333,43.647620833],[7.203950278,43.647608889]]]}},{"type":"Feature","id":"marking.surface.181","properties":{"name":"Surface marking 181","layer":"Surface markings","category":"Surface markings","object_type":"Area","style_id":"marking.surface","airport":"LFMN","geometry_role":"filled_region"},"geometry":{"type":"Polygon","coordinates":[[[7.203978889,43.647588333],[7.204176389,43.647731111],[7.204160833,43.647744444],[7.203961944,43.6476],[7.203978889,43.647588333]]]}},{"type":"Feature","id":"marking.surface.182","properties":{"name":"Surface marking 182","layer":"Surface markings","category":"Surface markings","object_type":"Area","style_id":"marking.surface","airport":"LFMN","geometry_role":"filled_region"},"geometry":{"type":"Polygon","coordinates":[[[7.203616667,43.647544444],[7.203882778,43.647735833],[7.203875556,43.647738889],[7.203611944,43.6475475],[7.203616667,43.647544444]]]}},{"type":"Feature","id":"marking.surface.183","properties":{"name":"Surface marking 183","layer":"Surface markings","category":"Surface markings","object_type":"Area","style_id":"marking.surface","airport":"LFMN","geometry_role":"filled_region"},"geometry":{"type":"Polygon","coordinates":[[[7.204144722,43.647925278],[7.204408889,43.648118611],[7.2044025,43.648122222],[7.204138056,43.647928889],[7.204144722,43.647925278]]]}},{"type":"Feature","id":"marking.surface.184","properties":{"name":"Surface marking 184","layer":"Surface markings","category":"Surface markings","object_type":"Area","style_id":"marking.surface","airport":"LFMN","geometry_role":"filled_region"},"geometry":{"type":"Polygon","coordinates":[[[7.205196111,43.648693056],[7.205455833,43.648882222],[7.205451389,43.648886389],[7.205190278,43.648696389],[7.205196111,43.648693056]]]}},{"type":"Feature","id":"marking.surface.185","properties":{"name":"Surface marking 185","layer":"Surface markings","category":"Surface markings","object_type":"Area","style_id":"marking.surface","airport":"LFMN","geometry_role":"filled_region"},"geometry":{"type":"Polygon","coordinates":[[[7.206249722,43.649454722],[7.206505,43.649644722],[7.206500556,43.649648333],[7.206241389,43.64946],[7.206249722,43.649454722]]]}},{"type":"Feature","id":"marking.surface.186","properties":{"name":"Surface marking 186","layer":"Surface markings","category":"Surface markings","object_type":"Area","style_id":"marking.surface","airport":"LFMN","geometry_role":"filled_region"},"geometry":{"type":"Polygon","coordinates":[[[7.204668333,43.648307222],[7.204931667,43.648499722],[7.204926389,43.648503056],[7.204661667,43.648312222],[7.204668333,43.648307222]]]}},{"type":"Feature","id":"marking.surface.187","properties":{"name":"Surface marking 187","layer":"Surface markings","category":"Surface markings","object_type":"Area","style_id":"marking.surface","airport":"LFMN","geometry_role":"filled_region"},"geometry":{"type":"Polygon","coordinates":[[[7.205754444,43.649096944],[7.205981389,43.649263056],[7.205976111,43.649266944],[7.205749444,43.649100556],[7.205754444,43.649096944]]]}},{"type":"Feature","id":"marking.surface.188","properties":{"name":"Surface marking 188","layer":"Surface markings","category":"Surface markings","object_type":"Area","style_id":"marking.surface","airport":"LFMN","geometry_role":"filled_region"},"geometry":{"type":"Polygon","coordinates":[[[7.206773889,43.649836667],[7.207035833,43.650028611],[7.207028056,43.650033333],[7.206767778,43.649842778],[7.206773889,43.649836667]]]}},{"type":"Feature","id":"marking.surface.189","properties":{"name":"Surface marking 189","layer":"Surface markings","category":"Surface markings","object_type":"Area","style_id":"marking.surface","airport":"LFMN","geometry_role":"filled_region"},"geometry":{"type":"Polygon","coordinates":[[[7.207298889,43.650219444],[7.207561111,43.65041],[7.207551944,43.650415556],[7.207291389,43.650225278],[7.207298889,43.650219444]]]}},{"type":"Feature","id":"marking.surface.190","properties":{"name":"Surface marking 190","layer":"Surface markings","category":"Surface markings","object_type":"Area","style_id":"marking.surface","airport":"LFMN","geometry_role":"filled_region"},"geometry":{"type":"Polygon","coordinates":[[[7.207823611,43.6506025],[7.208083889,43.650791111],[7.208076111,43.650795833],[7.207817222,43.6506075],[7.207823611,43.6506025]]]}},{"type":"Feature","id":"marking.surface.191","properties":{"name":"Surface marking 191","layer":"Surface markings","category":"Surface markings","object_type":"Area","style_id":"marking.surface","airport":"LFMN","geometry_role":"filled_region"},"geometry":{"type":"Polygon","coordinates":[[[7.208350278,43.650985278],[7.208595556,43.651166389],[7.208588333,43.651172222],[7.208343056,43.650990833],[7.208350278,43.650985278]]]}},{"type":"Feature","id":"marking.surface.192","properties":{"name":"Surface marking 192","layer":"Surface markings","category":"Surface markings","object_type":"Area","style_id":"marking.surface","airport":"LFMN","geometry_role":"filled_region"},"geometry":{"type":"Polygon","coordinates":[[[7.208875278,43.65137],[7.209168611,43.651576389],[7.209158333,43.651581944],[7.2088675,43.651373889],[7.208875278,43.65137]]]}},{"type":"Feature","id":"marking.surface.193","properties":{"name":"Surface marking 193","layer":"Surface markings","category":"Surface markings","object_type":"Area","style_id":"marking.surface","airport":"LFMN","geometry_role":"filled_region"},"geometry":{"type":"Polygon","coordinates":[[[7.209399167,43.651748889],[7.209659444,43.651938333],[7.209653333,43.651943889],[7.209394167,43.651752222],[7.209399167,43.651748889]]]}},{"type":"Feature","id":"marking.surface.194","properties":{"name":"Surface marking 194","layer":"Surface markings","category":"Surface markings","object_type":"Area","style_id":"marking.surface","airport":"LFMN","geometry_role":"filled_region"},"geometry":{"type":"Polygon","coordinates":[[[7.209924722,43.652130556],[7.210188333,43.652321944],[7.210181944,43.652325556],[7.209918611,43.652134167],[7.209924722,43.652130556]]]}},{"type":"Feature","id":"marking.surface.195","properties":{"name":"Surface marking 195","layer":"Surface markings","category":"Surface markings","object_type":"Area","style_id":"marking.surface","airport":"LFMN","geometry_role":"filled_region"},"geometry":{"type":"Polygon","coordinates":[[[7.210441111,43.652504722],[7.210713333,43.6527025],[7.210706389,43.652706389],[7.210435278,43.652510833],[7.210441111,43.652504722]]]}},{"type":"Feature","id":"marking.surface.196","properties":{"name":"Surface marking 196","layer":"Surface markings","category":"Surface markings","object_type":"Area","style_id":"marking.surface","airport":"LFMN","geometry_role":"filled_region"},"geometry":{"type":"Polygon","coordinates":[[[7.210974167,43.652894444],[7.211238056,43.653086389],[7.211231389,43.653090556],[7.210968889,43.652898333],[7.210974167,43.652894444]]]}},{"type":"Feature","id":"marking.surface.197","properties":{"name":"Surface marking 197","layer":"Surface markings","category":"Surface markings","object_type":"Area","style_id":"marking.surface","airport":"LFMN","geometry_role":"filled_region"},"geometry":{"type":"Polygon","coordinates":[[[7.2115,43.653277222],[7.211764444,43.653469167],[7.211757778,43.653474444],[7.211493889,43.653281111],[7.2115,43.653277222]]]}},{"type":"Feature","id":"marking.surface.198","properties":{"name":"Surface marking 198","layer":"Surface markings","category":"Surface markings","object_type":"Area","style_id":"marking.surface","airport":"LFMN","geometry_role":"filled_region"},"geometry":{"type":"Polygon","coordinates":[[[7.212023889,43.653658889],[7.212288889,43.653849722],[7.212281389,43.653855556],[7.212019167,43.653662778],[7.212023889,43.653658889]]]}},{"type":"Feature","id":"marking.surface.199","properties":{"name":"Surface marking 199","layer":"Surface markings","category":"Surface markings","object_type":"Area","style_id":"marking.surface","airport":"LFMN","geometry_role":"filled_region"},"geometry":{"type":"Polygon","coordinates":[[[7.212551389,43.654040556],[7.212812778,43.654231944],[7.212805833,43.654236389],[7.212545278,43.654045],[7.212551389,43.654040556]]]}},{"type":"Feature","id":"marking.surface.200","properties":{"name":"Surface marking 200","layer":"Surface markings","category":"Surface markings","object_type":"Area","style_id":"marking.surface","airport":"LFMN","geometry_role":"filled_region"},"geometry":{"type":"Polygon","coordinates":[[[7.213076389,43.654422222],[7.213338889,43.654612778],[7.213332222,43.654620278],[7.213068056,43.654426944],[7.213076389,43.654422222]]]}},{"type":"Feature","id":"marking.surface.201","properties":{"name":"Surface marking 201","layer":"Surface markings","category":"Surface markings","object_type":"Area","style_id":"marking.surface","airport":"LFMN","geometry_role":"filled_region"},"geometry":{"type":"Polygon","coordinates":[[[7.213601944,43.654804444],[7.213863333,43.654996111],[7.213858333,43.655000278],[7.213595,43.654808889],[7.213601944,43.654804444]]]}},{"type":"Feature","id":"marking.surface.202","properties":{"name":"Surface marking 202","layer":"Surface markings","category":"Surface markings","object_type":"Area","style_id":"marking.surface","airport":"LFMN","geometry_role":"filled_region"},"geometry":{"type":"Polygon","coordinates":[[[7.214126667,43.655188333],[7.214388333,43.655378611],[7.214382222,43.655383333],[7.214121667,43.655191389],[7.214126667,43.655188333]]]}},{"type":"Feature","id":"marking.surface.203","properties":{"name":"Surface marking 203","layer":"Surface markings","category":"Surface markings","object_type":"Area","style_id":"marking.surface","airport":"LFMN","geometry_role":"filled_region"},"geometry":{"type":"Polygon","coordinates":[[[7.214651944,43.655568611],[7.214916667,43.655761389],[7.214908333,43.655765556],[7.214645556,43.655572778],[7.214651944,43.655568611]]]}},{"type":"Feature","id":"marking.surface.204","properties":{"name":"Surface marking 204","layer":"Surface markings","category":"Surface markings","object_type":"Area","style_id":"marking.surface","airport":"LFMN","geometry_role":"filled_region"},"geometry":{"type":"Polygon","coordinates":[[[7.215224444,43.655985],[7.215751944,43.656368333],[7.215744722,43.656373889],[7.215218889,43.655990278],[7.215224444,43.655985]]]}},{"type":"Feature","id":"marking.surface.205","properties":{"name":"Surface marking 205","layer":"Surface markings","category":"Surface markings","object_type":"Area","style_id":"marking.surface","airport":"LFMN","geometry_role":"filled_region"},"geometry":{"type":"Polygon","coordinates":[[[7.216059167,43.656593333],[7.216325556,43.656785556],[7.216319167,43.656790556],[7.216055278,43.656598056],[7.216059167,43.656593333]]]}},{"type":"Feature","id":"marking.surface.206","properties":{"name":"Surface marking 206","layer":"Surface markings","category":"Surface markings","object_type":"Area","style_id":"marking.surface","airport":"LFMN","geometry_role":"filled_region"},"geometry":{"type":"Polygon","coordinates":[[[7.216587222,43.656976111],[7.216850833,43.657168611],[7.216841944,43.657173056],[7.216580556,43.656981389],[7.216587222,43.656976111]]]}},{"type":"Feature","id":"surface.taxiway.001","properties":{"name":"Taxiway area 001","layer":"Airfield surfaces","category":"Taxiways","object_type":"Area","style_id":"surface.taxiway","airport":"LFMN","geometry_role":"filled_region"},"geometry":{"type":"Polygon","coordinates":[[[7.206471667,43.654252222],[7.206470556,43.654218889],[7.206496944,43.654218611],[7.206496389,43.654250833],[7.206539444,43.654253333],[7.2065375,43.654268611],[7.206495278,43.65427],[7.206497222,43.654303333],[7.206473333,43.6543],[7.206472778,43.654269444],[7.206428056,43.654268889],[7.206430278,43.654253611],[7.206471667,43.654252222]]]}},{"type":"Feature","id":"marking.surface.207","properties":{"name":"Surface marking 207","layer":"Surface markings","category":"Surface markings","object_type":"Area","style_id":"marking.surface","airport":"LFMN","geometry_role":"filled_region"},"geometry":{"type":"Polygon","coordinates":[[[7.217113333,43.657358056],[7.217375278,43.657550833],[7.21737,43.657555],[7.217106667,43.657363333],[7.217113333,43.657358056]]]}},{"type":"Feature","id":"marking.surface.208","properties":{"name":"Surface marking 208","layer":"Surface markings","category":"Surface markings","object_type":"Area","style_id":"marking.surface","airport":"LFMN","geometry_role":"filled_region"},"geometry":{"type":"Polygon","coordinates":[[[7.217636944,43.657740278],[7.2179,43.657932778],[7.217894444,43.657935833],[7.217632222,43.657743889],[7.217636944,43.657740278]]]}},{"type":"Feature","id":"marking.surface.209","properties":{"name":"Surface marking 209","layer":"Surface markings","category":"Surface markings","object_type":"Area","style_id":"marking.surface","airport":"LFMN","geometry_role":"filled_region"},"geometry":{"type":"Polygon","coordinates":[[[7.218162222,43.658123056],[7.218425,43.658313333],[7.21842,43.658318611],[7.218157778,43.658126667],[7.218162222,43.658123056]]]}},{"type":"Feature","id":"marking.surface.210","properties":{"name":"Surface marking 210","layer":"Surface markings","category":"Surface markings","object_type":"Area","style_id":"marking.surface","airport":"LFMN","geometry_role":"filled_region"},"geometry":{"type":"Polygon","coordinates":[[[7.218682222,43.658499722],[7.2189525,43.658695833],[7.218947222,43.658700556],[7.218675556,43.658504444],[7.218682222,43.658499722]]]}},{"type":"Feature","id":"marking.surface.211","properties":{"name":"Surface marking 211","layer":"Surface markings","category":"Surface markings","object_type":"Area","style_id":"marking.surface","airport":"LFMN","geometry_role":"filled_region"},"geometry":{"type":"Polygon","coordinates":[[[7.219214167,43.658886944],[7.219477222,43.659079167],[7.219470278,43.659084444],[7.219207222,43.658891667],[7.219214167,43.658886944]]]}},{"type":"Feature","id":"marking.surface.212","properties":{"name":"Surface marking 212","layer":"Surface markings","category":"Surface markings","object_type":"Area","style_id":"marking.surface","airport":"LFMN","geometry_role":"filled_region"},"geometry":{"type":"Polygon","coordinates":[[[7.21974,43.659267778],[7.220004722,43.659461111],[7.219999167,43.659465556],[7.219734167,43.6592725],[7.21974,43.659267778]]]}},{"type":"Feature","id":"marking.surface.213","properties":{"name":"Surface marking 213","layer":"Surface markings","category":"Surface markings","object_type":"Area","style_id":"marking.surface","airport":"LFMN","geometry_role":"filled_region"},"geometry":{"type":"Polygon","coordinates":[[[7.220269444,43.659651667],[7.220528889,43.659841389],[7.220521389,43.659847222],[7.220261111,43.659658333],[7.220269444,43.659651667]]]}},{"type":"Feature","id":"marking.surface.214","properties":{"name":"Surface marking 214","layer":"Surface markings","category":"Surface markings","object_type":"Area","style_id":"marking.surface","airport":"LFMN","geometry_role":"filled_region"},"geometry":{"type":"Polygon","coordinates":[[[7.2207925,43.6600325],[7.221054722,43.660222222],[7.221045556,43.660229444],[7.2207825,43.660040278],[7.2207925,43.6600325]]]}},{"type":"Feature","id":"marking.surface.215","properties":{"name":"Surface marking 215","layer":"Surface markings","category":"Surface markings","object_type":"Area","style_id":"marking.surface","airport":"LFMN","geometry_role":"filled_region"},"geometry":{"type":"Polygon","coordinates":[[[7.221319722,43.660413889],[7.221580833,43.660605],[7.221569444,43.660613611],[7.221311667,43.66042],[7.221319722,43.660413889]]]}},{"type":"Feature","id":"marking.surface.216","properties":{"name":"Surface marking 216","layer":"Surface markings","category":"Surface markings","object_type":"Area","style_id":"marking.surface","airport":"LFMN","geometry_role":"filled_region"},"geometry":{"type":"Polygon","coordinates":[[[7.221843333,43.660795],[7.222104167,43.66099],[7.222093611,43.660997222],[7.221833611,43.660802778],[7.221843333,43.660795]]]}},{"type":"Feature","id":"marking.surface.217","properties":{"name":"Surface marking 217","layer":"Surface markings","category":"Surface markings","object_type":"Area","style_id":"marking.surface","airport":"LFMN","geometry_role":"filled_region"},"geometry":{"type":"Polygon","coordinates":[[[7.222373056,43.661179722],[7.222631111,43.661371111],[7.22262,43.661378333],[7.222362778,43.661188889],[7.222373056,43.661179722]]]}},{"type":"Feature","id":"marking.surface.218","properties":{"name":"Surface marking 218","layer":"Surface markings","category":"Surface markings","object_type":"Area","style_id":"marking.surface","airport":"LFMN","geometry_role":"filled_region"},"geometry":{"type":"Polygon","coordinates":[[[7.2228975,43.661560833],[7.223155833,43.661753611],[7.223143611,43.661761667],[7.222886389,43.661570833],[7.2228975,43.661560833]]]}},{"type":"Feature","id":"marking.surface.219","properties":{"name":"Surface marking 219","layer":"Surface markings","category":"Surface markings","object_type":"Area","style_id":"marking.surface","airport":"LFMN","geometry_role":"filled_region"},"geometry":{"type":"Polygon","coordinates":[[[7.223420278,43.661944167],[7.223681389,43.662135278],[7.223670833,43.662143333],[7.223410556,43.661950556],[7.223420278,43.661944167]]]}},{"type":"Feature","id":"marking.surface.220","properties":{"name":"Surface marking 220","layer":"Surface markings","category":"Surface markings","object_type":"Area","style_id":"marking.surface","airport":"LFMN","geometry_role":"filled_region"},"geometry":{"type":"Polygon","coordinates":[[[7.223943056,43.6623225],[7.2242075,43.662518611],[7.224197778,43.662525],[7.223932778,43.662330556],[7.223943056,43.6623225]]]}},{"type":"Feature","id":"marking.surface.221","properties":{"name":"Surface marking 221","layer":"Surface markings","category":"Surface markings","object_type":"Area","style_id":"marking.surface","airport":"LFMN","geometry_role":"filled_region"},"geometry":{"type":"Polygon","coordinates":[[[7.224473056,43.662708889],[7.224730833,43.662899167],[7.224722778,43.662905278],[7.224465278,43.662716111],[7.224473056,43.662708889]]]}},{"type":"Feature","id":"marking.surface.222","properties":{"name":"Surface marking 222","layer":"Surface markings","category":"Surface markings","object_type":"Area","style_id":"marking.surface","airport":"LFMN","geometry_role":"filled_region"},"geometry":{"type":"Polygon","coordinates":[[[7.225000833,43.66309],[7.225258333,43.663281667],[7.225249444,43.663287222],[7.224993611,43.663095833],[7.225000833,43.66309]]]}},{"type":"Feature","id":"marking.surface.223","properties":{"name":"Surface marking 223","layer":"Surface markings","category":"Surface markings","object_type":"Area","style_id":"marking.surface","airport":"LFMN","geometry_role":"filled_region"},"geometry":{"type":"Polygon","coordinates":[[[7.225522778,43.663468889],[7.225786944,43.6636625],[7.225775833,43.663671111],[7.225513333,43.663475278],[7.225522778,43.663468889]]]}},{"type":"Feature","id":"marking.surface.224","properties":{"name":"Surface marking 224","layer":"Surface markings","category":"Surface markings","object_type":"Area","style_id":"marking.surface","airport":"LFMN","geometry_role":"filled_region"},"geometry":{"type":"Polygon","coordinates":[[[7.226049167,43.663853611],[7.226310278,43.664048333],[7.2263,43.664055556],[7.226039167,43.663860278],[7.226049167,43.663853611]]]}},{"type":"Feature","id":"marking.surface.225","properties":{"name":"Surface marking 225","layer":"Surface markings","category":"Surface markings","object_type":"Area","style_id":"marking.surface","airport":"LFMN","geometry_role":"filled_region"},"geometry":{"type":"Polygon","coordinates":[[[7.226575278,43.664236111],[7.226834444,43.664429167],[7.226825278,43.664436111],[7.226565278,43.664243333],[7.226575278,43.664236111]]]}},{"type":"Feature","id":"marking.surface.226","properties":{"name":"Surface marking 226","layer":"Surface markings","category":"Surface markings","object_type":"Area","style_id":"marking.surface","airport":"LFMN","geometry_role":"filled_region"},"geometry":{"type":"Polygon","coordinates":[[[7.227102222,43.664618333],[7.227363889,43.664809722],[7.227354167,43.664816111],[7.227093333,43.664623056],[7.227102222,43.664618333]]]}},{"type":"Feature","id":"marking.surface.227","properties":{"name":"Surface marking 227","layer":"Surface markings","category":"Surface markings","object_type":"Area","style_id":"marking.surface","airport":"LFMN","geometry_role":"filled_region"},"geometry":{"type":"Polygon","coordinates":[[[7.2286575,43.665470833],[7.228259722,43.665756389],[7.228248056,43.665745278],[7.228641944,43.665458611],[7.2286575,43.665470833]]]}},{"type":"Feature","id":"marking.surface.228","properties":{"name":"Surface marking 228","layer":"Surface markings","category":"Surface markings","object_type":"Area","style_id":"marking.surface","airport":"LFMN","geometry_role":"filled_region"},"geometry":{"type":"Polygon","coordinates":[[[7.228570556,43.665459722],[7.228307778,43.665268333],[7.228326389,43.665255556],[7.228587778,43.665445556],[7.228570556,43.665459722]]]}},{"type":"Feature","id":"marking.surface.229","properties":{"name":"Surface marking 229","layer":"Surface markings","category":"Surface markings","object_type":"Area","style_id":"marking.surface","airport":"LFMN","geometry_role":"filled_region"},"geometry":{"type":"Polygon","coordinates":[[[7.228541944,43.665479167],[7.228278333,43.665287778],[7.228293333,43.66528],[7.228556667,43.665468056],[7.228541944,43.665479167]]]}},{"type":"Feature","id":"marking.surface.230","properties":{"name":"Surface marking 230","layer":"Surface markings","category":"Surface markings","object_type":"Area","style_id":"marking.surface","airport":"LFMN","geometry_role":"filled_region"},"geometry":{"type":"Polygon","coordinates":[[[7.228511944,43.665500278],[7.228251667,43.665310833],[7.228265833,43.665299167],[7.228526944,43.665489167],[7.228511944,43.665500278]]]}},{"type":"Feature","id":"marking.surface.231","properties":{"name":"Surface marking 231","layer":"Surface markings","category":"Surface markings","object_type":"Area","style_id":"marking.surface","airport":"LFMN","geometry_role":"filled_region"},"geometry":{"type":"Polygon","coordinates":[[[7.228482222,43.6655225],[7.228220556,43.665331944],[7.228235,43.6653225],[7.228497222,43.665511389],[7.228482222,43.6655225]]]}},{"type":"Feature","id":"marking.surface.232","properties":{"name":"Surface marking 232","layer":"Surface markings","category":"Surface markings","object_type":"Area","style_id":"marking.surface","airport":"LFMN","geometry_role":"filled_region"},"geometry":{"type":"Polygon","coordinates":[[[7.228453056,43.665545],[7.22819,43.66535],[7.228204722,43.665339722],[7.228469444,43.665534444],[7.228453056,43.665545]]]}},{"type":"Feature","id":"marking.surface.233","properties":{"name":"Surface marking 233","layer":"Surface markings","category":"Surface markings","object_type":"Area","style_id":"marking.surface","airport":"LFMN","geometry_role":"filled_region"},"geometry":{"type":"Polygon","coordinates":[[[7.228421389,43.665565278],[7.228161944,43.665373611],[7.228177222,43.665362778],[7.228438889,43.665554167],[7.228421389,43.665565278]]]}},{"type":"Feature","id":"marking.surface.234","properties":{"name":"Surface marking 234","layer":"Surface markings","category":"Surface markings","object_type":"Area","style_id":"marking.surface","airport":"LFMN","geometry_role":"filled_region"},"geometry":{"type":"Polygon","coordinates":[[[7.228379444,43.665599167],[7.228113056,43.665408611],[7.228130833,43.665397222],[7.228131667,43.665396389],[7.228395556,43.665588056],[7.228379444,43.665599167]]]}},{"type":"Feature","id":"marking.surface.235","properties":{"name":"Surface marking 235","layer":"Surface markings","category":"Surface markings","object_type":"Area","style_id":"marking.surface","airport":"LFMN","geometry_role":"filled_region"},"geometry":{"type":"Polygon","coordinates":[[[7.228348056,43.665620278],[7.228088333,43.665428056],[7.2281025,43.665417222],[7.228365833,43.665609167],[7.228348056,43.665620278]]]}},{"type":"Feature","id":"marking.surface.236","properties":{"name":"Surface marking 236","layer":"Surface markings","category":"Surface markings","object_type":"Area","style_id":"marking.surface","airport":"LFMN","geometry_role":"filled_region"},"geometry":{"type":"Polygon","coordinates":[[[7.228319167,43.665643056],[7.2280575,43.665450556],[7.228076111,43.665438611],[7.228333611,43.665631111],[7.228319167,43.665643056]]]}},{"type":"Feature","id":"marking.surface.237","properties":{"name":"Surface marking 237","layer":"Surface markings","category":"Surface markings","object_type":"Area","style_id":"marking.surface","airport":"LFMN","geometry_role":"filled_region"},"geometry":{"type":"Polygon","coordinates":[[[7.22829,43.665663611],[7.228026111,43.665473333],[7.228044722,43.665459167],[7.228303611,43.665652778],[7.22829,43.665663611]]]}},{"type":"Feature","id":"marking.surface.238","properties":{"name":"Surface marking 238","layer":"Surface markings","category":"Surface markings","object_type":"Area","style_id":"marking.surface","airport":"LFMN","geometry_role":"filled_region"},"geometry":{"type":"Polygon","coordinates":[[[7.228257778,43.665685278],[7.227996111,43.665493611],[7.228011111,43.665482222],[7.228274444,43.665673889],[7.228257778,43.665685278]]]}},{"type":"Feature","id":"marking.surface.239","properties":{"name":"Surface marking 239","layer":"Surface markings","category":"Surface markings","object_type":"Area","style_id":"marking.surface","airport":"LFMN","geometry_role":"filled_region"},"geometry":{"type":"Polygon","coordinates":[[[7.22823,43.665706111],[7.227965833,43.665515],[7.2279825,43.665503333],[7.228244722,43.665695],[7.22823,43.665706111]]]}},{"type":"Feature","id":"marking.surface.240","properties":{"name":"Surface marking 240","layer":"Surface markings","category":"Surface markings","object_type":"Area","style_id":"marking.surface","airport":"LFMN","geometry_role":"filled_region"},"geometry":{"type":"Polygon","coordinates":[[[7.202745833,43.646623333],[7.202345,43.646910278],[7.202330556,43.6469],[7.202729444,43.646612778],[7.202745833,43.646623333]]]}},{"type":"Feature","id":"marking.surface.241","properties":{"name":"Surface marking 241","layer":"Surface markings","category":"Surface markings","object_type":"Area","style_id":"marking.surface","airport":"LFMN","geometry_role":"filled_region"},"geometry":{"type":"Polygon","coordinates":[[[7.202400833,43.646899167],[7.202663611,43.647090833],[7.202648889,43.647103056],[7.202383333,43.646909167],[7.202400833,43.646899167]]]}},{"type":"Feature","id":"marking.surface.242","properties":{"name":"Surface marking 242","layer":"Surface markings","category":"Surface markings","object_type":"Area","style_id":"marking.surface","airport":"LFMN","geometry_role":"filled_region"},"geometry":{"type":"Polygon","coordinates":[[[7.202429444,43.6468775],[7.202694167,43.647069722],[7.202676667,43.647081111],[7.202411944,43.646888611],[7.202429444,43.6468775]]]}},{"type":"Feature","id":"marking.surface.243","properties":{"name":"Surface marking 243","layer":"Surface markings","category":"Surface markings","object_type":"Area","style_id":"marking.surface","airport":"LFMN","geometry_role":"filled_region"},"geometry":{"type":"Polygon","coordinates":[[[7.202458333,43.646854444],[7.202723333,43.647050278],[7.202706944,43.647060833],[7.202440556,43.646866111],[7.202458333,43.646854444]]]}},{"type":"Feature","id":"marking.surface.244","properties":{"name":"Surface marking 244","layer":"Surface markings","category":"Surface markings","object_type":"Area","style_id":"marking.surface","airport":"LFMN","geometry_role":"filled_region"},"geometry":{"type":"Polygon","coordinates":[[[7.202488056,43.646832778],[7.202755556,43.647026389],[7.202738611,43.64704],[7.202471389,43.646845],[7.202488056,43.646832778]]]}},{"type":"Feature","id":"marking.surface.245","properties":{"name":"Surface marking 245","layer":"Surface markings","category":"Surface markings","object_type":"Area","style_id":"marking.surface","airport":"LFMN","geometry_role":"filled_region"},"geometry":{"type":"Polygon","coordinates":[[[7.202517222,43.646812222],[7.202783611,43.647005833],[7.202768889,43.647016111],[7.202500556,43.646824167],[7.202517222,43.646812222]]]}},{"type":"Feature","id":"marking.surface.246","properties":{"name":"Surface marking 246","layer":"Surface markings","category":"Surface markings","object_type":"Area","style_id":"marking.surface","airport":"LFMN","geometry_role":"filled_region"},"geometry":{"type":"Polygon","coordinates":[[[7.202547222,43.64679],[7.202813056,43.646985],[7.2027975,43.646996389],[7.202529167,43.646801667],[7.202547222,43.64679]]]}},{"type":"Feature","id":"marking.surface.247","properties":{"name":"Surface marking 247","layer":"Surface markings","category":"Surface markings","object_type":"Area","style_id":"marking.surface","airport":"LFMN","geometry_role":"filled_region"},"geometry":{"type":"Polygon","coordinates":[[[7.202591944,43.646758056],[7.202858333,43.646951667],[7.202840833,43.646963333],[7.202574167,43.646769722],[7.202591944,43.646758056]]]}},{"type":"Feature","id":"marking.surface.248","properties":{"name":"Surface marking 248","layer":"Surface markings","category":"Surface markings","object_type":"Area","style_id":"marking.surface","airport":"LFMN","geometry_role":"filled_region"},"geometry":{"type":"Polygon","coordinates":[[[7.202622222,43.646735833],[7.202889167,43.646929722],[7.202871389,43.6469425],[7.202603333,43.646747222],[7.202622222,43.646735833]]]}},{"type":"Feature","id":"marking.surface.249","properties":{"name":"Surface marking 249","layer":"Surface markings","category":"Surface markings","object_type":"Area","style_id":"marking.surface","airport":"LFMN","geometry_role":"filled_region"},"geometry":{"type":"Polygon","coordinates":[[[7.202651944,43.646715278],[7.202918889,43.646908889],[7.202901111,43.646920556],[7.202634722,43.646724167],[7.202651944,43.646715278]]]}},{"type":"Feature","id":"marking.surface.250","properties":{"name":"Surface marking 250","layer":"Surface markings","category":"Surface markings","object_type":"Area","style_id":"marking.surface","airport":"LFMN","geometry_role":"filled_region"},"geometry":{"type":"Polygon","coordinates":[[[7.202681389,43.646693333],[7.202947222,43.646888611],[7.202928889,43.646900833],[7.202664444,43.646706111],[7.202681389,43.646693333]]]}},{"type":"Feature","id":"marking.surface.251","properties":{"name":"Surface marking 251","layer":"Surface markings","category":"Surface markings","object_type":"Area","style_id":"marking.surface","airport":"LFMN","geometry_role":"filled_region"},"geometry":{"type":"Polygon","coordinates":[[[7.202711389,43.646671389],[7.202976667,43.646865556],[7.202963611,43.646876667],[7.202695556,43.646683611],[7.202711389,43.646671389]]]}},{"type":"Feature","id":"marking.surface.252","properties":{"name":"Surface marking 252","layer":"Surface markings","category":"Surface markings","object_type":"Area","style_id":"marking.surface","airport":"LFMN","geometry_role":"filled_region"},"geometry":{"type":"Polygon","coordinates":[[[7.202744167,43.646650833],[7.2030075,43.646844722],[7.202993889,43.646855833],[7.202727222,43.646663889],[7.202744167,43.646650833]]]}},{"type":"Feature","id":"marking.surface.253","properties":{"name":"Surface marking 253","layer":"Surface markings","category":"Surface markings","object_type":"Area","style_id":"marking.surface","airport":"LFMN","geometry_role":"filled_region"},"geometry":{"type":"Polygon","coordinates":[[[7.214514167,43.651176111],[7.214506111,43.651181111],[7.214516944,43.65119],[7.214511944,43.651192778],[7.214485,43.6511725],[7.214489444,43.651169444],[7.214499444,43.651176667],[7.2145075,43.651171667],[7.214498333,43.651163889],[7.2145025,43.651160833],[7.214529167,43.651180278],[7.214524167,43.651183889],[7.214514167,43.651176111]]]}},{"type":"Feature","id":"marking.surface.254","properties":{"name":"Surface marking 254","layer":"Surface markings","category":"Surface markings","object_type":"Area","style_id":"marking.surface","airport":"LFMN","geometry_role":"filled_region"},"geometry":{"type":"Polygon","coordinates":[[[7.210895556,43.649177778],[7.210902222,43.649172778],[7.2109175,43.649181389],[7.2109275,43.649173611],[7.210915556,43.649163056],[7.210921667,43.649158611],[7.210958889,43.649185833],[7.210952778,43.649190556],[7.210935,43.649180278],[7.210924722,43.649187778],[7.210938333,43.649198611],[7.210932778,43.649203056],[7.210895556,43.649177778]]]}},{"type":"Feature","id":"surface.stand_area.001","properties":{"name":"Stand area 001","layer":"Airfield surfaces","category":"Stand areas","object_type":"Area","style_id":"surface.stand_area","airport":"LFMN","geometry_role":"filled_region"},"geometry":{"type":"Polygon","coordinates":[[[7.207990278,43.663736111],[7.207973333,43.663726111],[7.207958889,43.663711111],[7.207956389,43.663693056],[7.207959444,43.663674444],[7.207975833,43.663661944],[7.207995556,43.6636525],[7.208019444,43.663646944],[7.208040278,43.663649722],[7.2080625,43.663658056],[7.208080556,43.663671111],[7.208085556,43.6636875],[7.208083889,43.663708611],[7.208074444,43.663725278],[7.208056111,43.663738056],[7.2080325,43.663740833],[7.208006944,43.663743333],[7.207990278,43.663736111]]]}},{"type":"Feature","id":"surface.stand_area.002","properties":{"name":"Stand area 002","layer":"Airfield surfaces","category":"Stand areas","object_type":"Area","style_id":"surface.stand_area","airport":"LFMN","geometry_role":"filled_region"},"geometry":{"type":"Polygon","coordinates":[[[7.209420278,43.663856667],[7.209399167,43.663847778],[7.209386111,43.663835],[7.2093825,43.663814444],[7.2093875,43.663795556],[7.209403889,43.663779722],[7.209426667,43.663773611],[7.209449167,43.66377],[7.209476389,43.663773889],[7.209493333,43.663785278],[7.209508889,43.663802778],[7.209508333,43.663826389],[7.209501667,43.663841944],[7.209484444,43.663851111],[7.209461667,43.663861944],[7.209436667,43.663861389],[7.209420278,43.663856667]]]}},{"type":"Feature","id":"surface.stand_area.003","properties":{"name":"Stand area 003","layer":"Airfield surfaces","category":"Stand areas","object_type":"Area","style_id":"surface.stand_area","airport":"LFMN","geometry_role":"filled_region"},"geometry":{"type":"Polygon","coordinates":[[[7.2100975,43.663900278],[7.210079444,43.663891111],[7.210065,43.663878889],[7.210058333,43.663865],[7.21006,43.663846667],[7.210071111,43.663830556],[7.2100875,43.66382],[7.210105,43.663814444],[7.210125278,43.663811667],[7.2101475,43.663813889],[7.210166111,43.663822222],[7.210181389,43.663833889],[7.210186667,43.663851111],[7.210187222,43.663870278],[7.210176667,43.663884167],[7.210159444,43.663895278],[7.210140833,43.663903056],[7.210115556,43.663904167],[7.2100975,43.663900278]]]}},{"type":"Feature","id":"surface.stand_area.004","properties":{"name":"Stand area 004","layer":"Airfield surfaces","category":"Stand areas","object_type":"Area","style_id":"surface.stand_area","airport":"LFMN","geometry_role":"filled_region"},"geometry":{"type":"Polygon","coordinates":[[[7.207335833,43.659954722],[7.207352778,43.659943056],[7.207374167,43.659944444],[7.207395556,43.659951944],[7.207408056,43.659963889],[7.207404444,43.659986389],[7.207386389,43.659999722],[7.207364167,43.659999167],[7.207341944,43.659996111],[7.207326944,43.659982222],[7.207325556,43.659968056],[7.207335833,43.659954722]]]}},{"type":"Feature","id":"surface.stand_area.005","properties":{"name":"Stand area 005","layer":"Airfield surfaces","category":"Stand areas","object_type":"Area","style_id":"surface.stand_area","airport":"LFMN","geometry_role":"filled_region"},"geometry":{"type":"Polygon","coordinates":[[[7.2210575,43.667489444],[7.221063889,43.667516111],[7.221103889,43.667522222],[7.221033889,43.667536667],[7.2210575,43.667489444]]]}},{"type":"Feature","id":"surface.stand_area.006","properties":{"name":"Stand area 006","layer":"Airfield surfaces","category":"Stand areas","object_type":"Area","style_id":"surface.stand_area","airport":"LFMN","geometry_role":"filled_region"},"geometry":{"type":"Polygon","coordinates":[[[7.210103056,43.659371389],[7.210057222,43.659323333],[7.210155,43.659312222],[7.210103056,43.659371389]]]}},{"type":"Feature","id":"surface.stand_area.007","properties":{"name":"Stand area 007","layer":"Airfield surfaces","category":"Stand areas","object_type":"Area","style_id":"surface.stand_area","airport":"LFMN","geometry_role":"filled_region"},"geometry":{"type":"Polygon","coordinates":[[[7.209956111,43.659273611],[7.209948333,43.659214722],[7.210031389,43.659238611],[7.209956111,43.659273611]]]}},{"type":"Feature","id":"surface.stand_area.008","properties":{"name":"Stand area 008","layer":"Airfield surfaces","category":"Stand areas","object_type":"Area","style_id":"surface.stand_area","airport":"LFMN","geometry_role":"filled_region"},"geometry":{"type":"Polygon","coordinates":[[[7.209525833,43.658965556],[7.209485278,43.658924722],[7.209573889,43.658915556],[7.209525833,43.658965556]]]}},{"type":"Feature","id":"surface.stand_area.009","properties":{"name":"Stand area 009","layer":"Airfield surfaces","category":"Stand areas","object_type":"Area","style_id":"surface.stand_area","airport":"LFMN","geometry_role":"filled_region"},"geometry":{"type":"Polygon","coordinates":[[[7.209720833,43.659275],[7.209704722,43.659281944],[7.2096875,43.659283056],[7.209674444,43.659278056],[7.209666389,43.659268056],[7.209665833,43.659257222],[7.209676111,43.659248889],[7.209690833,43.659245],[7.209708056,43.659246389],[7.209721667,43.659253333],[7.209724167,43.659263889],[7.209720833,43.659275]]]}},{"type":"Feature","id":"surface.stand_area.010","properties":{"name":"Stand area 010","layer":"Airfield surfaces","category":"Stand areas","object_type":"Area","style_id":"surface.stand_area","airport":"LFMN","geometry_role":"filled_region"},"geometry":{"type":"Polygon","coordinates":[[[7.207715,43.657895833],[7.207660833,43.657938333],[7.207640833,43.657886389],[7.207715,43.657895833]]]}},{"type":"Feature","id":"surface.stand_area.011","properties":{"name":"Stand area 011","layer":"Airfield surfaces","category":"Stand areas","object_type":"Area","style_id":"surface.stand_area","airport":"LFMN","geometry_role":"filled_region"},"geometry":{"type":"Polygon","coordinates":[[[7.207725556,43.6579025],[7.207777778,43.657939167],[7.207702222,43.657962778],[7.207725556,43.6579025]]]}},{"type":"Feature","id":"surface.stand_area.012","properties":{"name":"Stand area 012","layer":"Airfield surfaces","category":"Stand areas","object_type":"Area","style_id":"surface.stand_area","airport":"LFMN","geometry_role":"filled_region"},"geometry":{"type":"Polygon","coordinates":[[[7.207416389,43.657715278],[7.207463333,43.65775],[7.207389167,43.657769444],[7.207416389,43.657715278]]]}},{"type":"Feature","id":"surface.stand_area.013","properties":{"name":"Stand area 013","layer":"Airfield surfaces","category":"Stand areas","object_type":"Area","style_id":"surface.stand_area","airport":"LFMN","geometry_role":"filled_region"},"geometry":{"type":"Polygon","coordinates":[[[7.207018611,43.657470556],[7.207066111,43.657475833],[7.207108056,43.657502778],[7.207032778,43.657540833],[7.207018611,43.657470556]]]}},{"type":"Feature","id":"surface.stand_area.014","properties":{"name":"Stand area 014","layer":"Airfield surfaces","category":"Stand areas","object_type":"Area","style_id":"surface.stand_area","airport":"LFMN","geometry_role":"filled_region"},"geometry":{"type":"Polygon","coordinates":[[[7.206733889,43.657225278],[7.20679,43.657265],[7.206711944,43.657282778],[7.206733889,43.657225278]]]}},{"type":"Feature","id":"surface.stand_area.015","properties":{"name":"Stand area 015","layer":"Airfield surfaces","category":"Stand areas","object_type":"Area","style_id":"surface.stand_area","airport":"LFMN","geometry_role":"filled_region"},"geometry":{"type":"Polygon","coordinates":[[[7.207756389,43.657687778],[7.207753056,43.657697778],[7.207738889,43.657709444],[7.207720833,43.657710278],[7.207705833,43.657707222],[7.207696667,43.657696111],[7.207695,43.657687222],[7.207703056,43.6576775],[7.207712778,43.657673611],[7.207728889,43.657669444],[7.207741111,43.657670833],[7.207751667,43.657676667],[7.207756389,43.657687778]]]}},{"type":"Feature","id":"surface.stand_area.016","properties":{"name":"Stand area 016","layer":"Airfield surfaces","category":"Stand areas","object_type":"Area","style_id":"surface.stand_area","airport":"LFMN","geometry_role":"filled_region"},"geometry":{"type":"Polygon","coordinates":[[[7.207159722,43.657275278],[7.207159444,43.657283611],[7.207150556,43.657292222],[7.207136667,43.657296944],[7.207126111,43.657296944],[7.207116111,43.657291389],[7.207107778,43.657282778],[7.207106667,43.6572725],[7.207114722,43.657264167],[7.207125833,43.657258611],[7.207139444,43.657258056],[7.207152222,43.657265278],[7.207159722,43.657275278]]]}},{"type":"Feature","id":"surface.stand_area.017","properties":{"name":"Stand area 017","layer":"Airfield surfaces","category":"Stand areas","object_type":"Area","style_id":"surface.stand_area","airport":"LFMN","geometry_role":"filled_region"},"geometry":{"type":"Polygon","coordinates":[[[7.211780833,43.662580556],[7.211706111,43.662609167],[7.211731944,43.662545556],[7.211780833,43.662580556]]]}},{"type":"Feature","id":"surface.stand_area.018","properties":{"name":"Stand area 018","layer":"Airfield surfaces","category":"Stand areas","object_type":"Area","style_id":"surface.stand_area","airport":"LFMN","geometry_role":"filled_region"},"geometry":{"type":"Polygon","coordinates":[[[7.211393333,43.662361389],[7.211330278,43.662351667],[7.211376111,43.662299444],[7.211393333,43.662361389]]]}},{"type":"Feature","id":"surface.stand_area.019","properties":{"name":"Stand area 019","layer":"Airfield surfaces","category":"Stand areas","object_type":"Area","style_id":"surface.stand_area","airport":"LFMN","geometry_role":"filled_region"},"geometry":{"type":"Polygon","coordinates":[[[7.211416667,43.662426111],[7.211439167,43.662483056],[7.211367222,43.662463056],[7.211416667,43.662426111]]]}},{"type":"Feature","id":"surface.stand_area.020","properties":{"name":"Stand area 020","layer":"Airfield surfaces","category":"Stand areas","object_type":"Area","style_id":"surface.stand_area","airport":"LFMN","geometry_role":"filled_region"},"geometry":{"type":"Polygon","coordinates":[[[7.211190278,43.662578611],[7.211217778,43.662640556],[7.211138889,43.662620556],[7.211190278,43.662578611]]]}},{"type":"Feature","id":"surface.stand_area.021","properties":{"name":"Stand area 021","layer":"Airfield surfaces","category":"Stand areas","object_type":"Area","style_id":"surface.stand_area","airport":"LFMN","geometry_role":"filled_region"},"geometry":{"type":"Polygon","coordinates":[[[7.210913889,43.661933056],[7.210958889,43.661962778],[7.210885833,43.661991111],[7.210913889,43.661933056]]]}},{"type":"Feature","id":"surface.stand_area.022","properties":{"name":"Stand area 022","layer":"Airfield surfaces","category":"Stand areas","object_type":"Area","style_id":"surface.stand_area","airport":"LFMN","geometry_role":"filled_region"},"geometry":{"type":"Polygon","coordinates":[[[7.211320278,43.662242222],[7.211364167,43.6622725],[7.211294722,43.662304167],[7.211320278,43.662242222]]]}},{"type":"Feature","id":"surface.stand_area.023","properties":{"name":"Stand area 023","layer":"Airfield surfaces","category":"Stand areas","object_type":"Area","style_id":"surface.stand_area","airport":"LFMN","geometry_role":"filled_region"},"geometry":{"type":"Polygon","coordinates":[[[7.212124167,43.662816389],[7.212171389,43.662848333],[7.212099722,43.6628725],[7.212124167,43.662816389]]]}},{"type":"Feature","id":"surface.stand_area.024","properties":{"name":"Stand area 024","layer":"Airfield surfaces","category":"Stand areas","object_type":"Area","style_id":"surface.stand_area","airport":"LFMN","geometry_role":"filled_region"},"geometry":{"type":"Polygon","coordinates":[[[7.212355,43.662684167],[7.2123625,43.662694167],[7.212360556,43.662703056],[7.21235,43.662711944],[7.212337778,43.662714444],[7.21232,43.662708889],[7.212314722,43.662700833],[7.212314722,43.662691667],[7.212322778,43.662684444],[7.212332778,43.662680556],[7.212342222,43.662678611],[7.212354167,43.662685],[7.212355,43.662684167]]]}},{"type":"Feature","id":"surface.stand_area.025","properties":{"name":"Stand area 025","layer":"Airfield surfaces","category":"Stand areas","object_type":"Area","style_id":"surface.stand_area","airport":"LFMN","geometry_role":"filled_region"},"geometry":{"type":"Polygon","coordinates":[[[7.211948889,43.662402778],[7.211947778,43.662412778],[7.211935556,43.662421389],[7.211923333,43.662423889],[7.211909444,43.66242],[7.211899722,43.662412222],[7.211900556,43.662403056],[7.211906944,43.662396389],[7.211914444,43.662390278],[7.211929722,43.662388889],[7.2119425,43.662394444],[7.211948889,43.662402778]]]}},{"type":"Feature","id":"surface.stand_area.026","properties":{"name":"Stand area 026","layer":"Airfield surfaces","category":"Stand areas","object_type":"Area","style_id":"surface.stand_area","airport":"LFMN","geometry_role":"filled_region"},"geometry":{"type":"Polygon","coordinates":[[[7.2115625,43.662076111],[7.211560833,43.662090278],[7.21155,43.662098611],[7.2115375,43.6621025],[7.211522222,43.662097222],[7.211511111,43.662087222],[7.211514167,43.662076111],[7.211524167,43.662066111],[7.211540556,43.662062222],[7.211554444,43.662065556],[7.2115625,43.662076111]]]}},{"type":"Feature","id":"surface.stand_area.027","properties":{"name":"Stand area 027","layer":"Airfield surfaces","category":"Stand areas","object_type":"Area","style_id":"surface.stand_area","airport":"LFMN","geometry_role":"filled_region"},"geometry":{"type":"Polygon","coordinates":[[[7.21113,43.661788611],[7.211127778,43.661798889],[7.211121111,43.661807778],[7.211103611,43.661811667],[7.211088611,43.661807222],[7.211081667,43.661797778],[7.211083889,43.6617875],[7.211095278,43.661778056],[7.211110278,43.661774167],[7.211120833,43.661780833],[7.21113,43.661788611]]]}},{"type":"Feature","id":"surface.stand_area.028","properties":{"name":"Stand area 028","layer":"Airfield surfaces","category":"Stand areas","object_type":"Area","style_id":"surface.stand_area","airport":"LFMN","geometry_role":"filled_region"},"geometry":{"type":"Polygon","coordinates":[[[7.202779722,43.656082222],[7.202795833,43.656115833],[7.202839722,43.656122222],[7.202743056,43.6561475],[7.202779722,43.656082222]]]}},{"type":"Feature","id":"surface.stand_area.029","properties":{"name":"Stand area 029","layer":"Airfield surfaces","category":"Stand areas","object_type":"Area","style_id":"surface.stand_area","airport":"LFMN","geometry_role":"filled_region"},"geometry":{"type":"Polygon","coordinates":[[[7.202446111,43.655773889],[7.202455556,43.655804722],[7.2025025,43.655798889],[7.202418056,43.655845],[7.202446111,43.655773889]]]}},{"type":"Feature","id":"surface.stand_area.030","properties":{"name":"Stand area 030","layer":"Airfield surfaces","category":"Stand areas","object_type":"Area","style_id":"surface.stand_area","airport":"LFMN","geometry_role":"filled_region"},"geometry":{"type":"Polygon","coordinates":[[[7.203299167,43.656611944],[7.203300278,43.65665],[7.203354167,43.656650833],[7.203243611,43.656686944],[7.203299167,43.656611944]]]}},{"type":"Feature","id":"surface.stand_area.031","properties":{"name":"Stand area 031","layer":"Airfield surfaces","category":"Stand areas","object_type":"Area","style_id":"surface.stand_area","airport":"LFMN","geometry_role":"filled_region"},"geometry":{"type":"Polygon","coordinates":[[[7.203525,43.656731389],[7.203533056,43.656764722],[7.203583611,43.656768333],[7.2034825,43.656799444],[7.203525,43.656731389]]]}},{"type":"Feature","id":"surface.stand_area.032","properties":{"name":"Stand area 032","layer":"Airfield surfaces","category":"Stand areas","object_type":"Area","style_id":"surface.stand_area","airport":"LFMN","geometry_role":"filled_region"},"geometry":{"type":"Polygon","coordinates":[[[7.203120556,43.6564325],[7.203129167,43.656464722],[7.203170833,43.656468611],[7.203081111,43.656498333],[7.203120556,43.6564325]]]}},{"type":"Feature","id":"surface.stand_area.033","properties":{"name":"Stand area 033","layer":"Airfield surfaces","category":"Stand areas","object_type":"Area","style_id":"surface.stand_area","airport":"LFMN","geometry_role":"filled_region"},"geometry":{"type":"Polygon","coordinates":[[[7.204008056,43.656965556],[7.204015556,43.657004722],[7.204069722,43.657007778],[7.203955556,43.657044722],[7.204008056,43.656965556]]]}},{"type":"Feature","id":"surface.stand_area.034","properties":{"name":"Stand area 034","layer":"Airfield surfaces","category":"Stand areas","object_type":"Area","style_id":"surface.stand_area","airport":"LFMN","geometry_role":"filled_region"},"geometry":{"type":"Polygon","coordinates":[[[7.204092778,43.657176389],[7.204110556,43.657210278],[7.204147778,43.657219444],[7.20406,43.657242222],[7.204092778,43.657176389]]]}},{"type":"Feature","id":"surface.stand_area.035","properties":{"name":"Stand area 035","layer":"Airfield surfaces","category":"Stand areas","object_type":"Area","style_id":"surface.stand_area","airport":"LFMN","geometry_role":"filled_region"},"geometry":{"type":"Polygon","coordinates":[[[7.204147778,43.657445],[7.204188333,43.657438889],[7.204121944,43.657489444],[7.204118333,43.657414167],[7.204147778,43.657445]]]}},{"type":"Feature","id":"surface.stand_area.036","properties":{"name":"Stand area 036","layer":"Airfield surfaces","category":"Stand areas","object_type":"Area","style_id":"surface.stand_area","airport":"LFMN","geometry_role":"filled_region"},"geometry":{"type":"Polygon","coordinates":[[[7.204225,43.657386667],[7.2042275,43.657441111],[7.204291389,43.6574375],[7.204169444,43.657480278],[7.204225,43.657386667]]]}},{"type":"Feature","id":"surface.stand_area.037","properties":{"name":"Stand area 037","layer":"Airfield surfaces","category":"Stand areas","object_type":"Area","style_id":"surface.stand_area","airport":"LFMN","geometry_role":"filled_region"},"geometry":{"type":"Polygon","coordinates":[[[7.204925833,43.657847222],[7.204958056,43.657878333],[7.205011667,43.657877222],[7.204925556,43.657920556],[7.204925833,43.657847222]]]}},{"type":"Feature","id":"surface.stand_area.038","properties":{"name":"Stand area 038","layer":"Airfield surfaces","category":"Stand areas","object_type":"Area","style_id":"surface.stand_area","airport":"LFMN","geometry_role":"filled_region"},"geometry":{"type":"Polygon","coordinates":[[[7.205175556,43.658170556],[7.205228333,43.658166667],[7.205136111,43.658222778],[7.205155278,43.658140556],[7.205175556,43.658170556]]]}},{"type":"Feature","id":"surface.stand_area.039","properties":{"name":"Stand area 039","layer":"Airfield surfaces","category":"Stand areas","object_type":"Area","style_id":"surface.stand_area","airport":"LFMN","geometry_role":"filled_region"},"geometry":{"type":"Polygon","coordinates":[[[7.205305,43.658145],[7.20532,43.658185833],[7.205371944,43.658198889],[7.20525,43.658239722],[7.205305,43.658145]]]}},{"type":"Feature","id":"surface.stand_area.040","properties":{"name":"Stand area 040","layer":"Airfield surfaces","category":"Stand areas","object_type":"Area","style_id":"surface.stand_area","airport":"LFMN","geometry_role":"filled_region"},"geometry":{"type":"Polygon","coordinates":[[[7.20587,43.658391389],[7.205888889,43.658439722],[7.205953889,43.658429722],[7.205849722,43.658485],[7.20587,43.658391389]]]}},{"type":"Feature","id":"surface.stand_area.041","properties":{"name":"Stand area 041","layer":"Airfield surfaces","category":"Stand areas","object_type":"Area","style_id":"surface.stand_area","airport":"LFMN","geometry_role":"filled_region"},"geometry":{"type":"Polygon","coordinates":[[[7.206046111,43.658741111],[7.206067778,43.658782222],[7.206137222,43.658768056],[7.206034722,43.658828611],[7.206046111,43.658741111]]]}},{"type":"Feature","id":"surface.stand_area.042","properties":{"name":"Stand area 042","layer":"Airfield surfaces","category":"Stand areas","object_type":"Area","style_id":"surface.stand_area","airport":"LFMN","geometry_role":"filled_region"},"geometry":{"type":"Polygon","coordinates":[[[7.206146111,43.658683611],[7.206140278,43.658726389],[7.206211667,43.658728333],[7.206068889,43.658774444],[7.206146111,43.658683611]]]}},{"type":"Feature","id":"surface.stand_area.043","properties":{"name":"Stand area 043","layer":"Airfield surfaces","category":"Stand areas","object_type":"Area","style_id":"surface.stand_area","airport":"LFMN","geometry_role":"filled_region"},"geometry":{"type":"Polygon","coordinates":[[[7.206654722,43.6589125],[7.206657778,43.658961389],[7.206716667,43.6589625],[7.206602778,43.658995833],[7.206654722,43.6589125]]]}},{"type":"Feature","id":"surface.stand_area.044","properties":{"name":"Stand area 044","layer":"Airfield surfaces","category":"Stand areas","object_type":"Area","style_id":"surface.stand_area","airport":"LFMN","geometry_role":"filled_region"},"geometry":{"type":"Polygon","coordinates":[[[7.206792222,43.659338611],[7.206863056,43.6593125],[7.206771111,43.659388056],[7.206760278,43.659292222],[7.206792222,43.659338611]]]}},{"type":"Feature","id":"surface.stand_area.045","properties":{"name":"Stand area 045","layer":"Airfield surfaces","category":"Stand areas","object_type":"Area","style_id":"surface.stand_area","airport":"LFMN","geometry_role":"filled_region"},"geometry":{"type":"Polygon","coordinates":[[[7.206883056,43.659274167],[7.206955,43.659220833],[7.206930278,43.659261667],[7.206978056,43.65928],[7.206883056,43.659274167]]]}},{"type":"Feature","id":"surface.stand_area.046","properties":{"name":"Stand area 046","layer":"Airfield surfaces","category":"Stand areas","object_type":"Area","style_id":"surface.stand_area","airport":"LFMN","geometry_role":"filled_region"},"geometry":{"type":"Polygon","coordinates":[[[7.207309167,43.659525833],[7.207264722,43.659573611],[7.207330278,43.659606944],[7.207178611,43.659584722],[7.207309167,43.659525833]]]}},{"type":"Feature","id":"surface.stand_area.047","properties":{"name":"Stand area 047","layer":"Airfield surfaces","category":"Stand areas","object_type":"Area","style_id":"surface.stand_area","airport":"LFMN","geometry_role":"filled_region"},"geometry":{"type":"Polygon","coordinates":[[[7.2069875,43.659884444],[7.20697,43.6599225],[7.207008333,43.659943889],[7.206913333,43.659933611],[7.2069875,43.659884444]]]}},{"type":"Feature","id":"surface.stand_area.048","properties":{"name":"Stand area 048","layer":"Airfield surfaces","category":"Stand areas","object_type":"Area","style_id":"surface.stand_area","airport":"LFMN","geometry_role":"filled_region"},"geometry":{"type":"Polygon","coordinates":[[[7.207141667,43.65991],[7.207109444,43.659934722],[7.207135,43.659973056],[7.207040556,43.659925556],[7.207141667,43.65991]]]}},{"type":"Feature","id":"surface.stand_area.049","properties":{"name":"Stand area 049","layer":"Airfield surfaces","category":"Stand areas","object_type":"Area","style_id":"surface.stand_area","airport":"LFMN","geometry_role":"filled_region"},"geometry":{"type":"Polygon","coordinates":[[[7.207053611,43.660491667],[7.207116667,43.660513611],[7.206998611,43.660505278],[7.207079722,43.660448056],[7.207053611,43.660491667]]]}},{"type":"Feature","id":"surface.stand_area.050","properties":{"name":"Stand area 050","layer":"Airfield surfaces","category":"Stand areas","object_type":"Area","style_id":"surface.stand_area","airport":"LFMN","geometry_role":"filled_region"},"geometry":{"type":"Polygon","coordinates":[[[7.2068875,43.660778889],[7.206885278,43.660816111],[7.206932222,43.66083],[7.206820833,43.660838056],[7.2068875,43.660778889]]]}},{"type":"Feature","id":"surface.stand_area.051","properties":{"name":"Stand area 051","layer":"Airfield surfaces","category":"Stand areas","object_type":"Area","style_id":"surface.stand_area","airport":"LFMN","geometry_role":"filled_region"},"geometry":{"type":"Polygon","coordinates":[[[7.20688,43.661166944],[7.206838333,43.661192222],[7.206868889,43.661223056],[7.206773889,43.661183056],[7.20688,43.661166944]]]}},{"type":"Feature","id":"surface.stand_area.052","properties":{"name":"Stand area 052","layer":"Airfield surfaces","category":"Stand areas","object_type":"Area","style_id":"surface.stand_area","airport":"LFMN","geometry_role":"filled_region"},"geometry":{"type":"Polygon","coordinates":[[[7.206755278,43.661673333],[7.206721389,43.661704444],[7.206748611,43.661738889],[7.206639722,43.661697222],[7.206755278,43.661673333]]]}},{"type":"Feature","id":"surface.stand_area.053","properties":{"name":"Stand area 053","layer":"Airfield surfaces","category":"Stand areas","object_type":"Area","style_id":"surface.stand_area","airport":"LFMN","geometry_role":"filled_region"},"geometry":{"type":"Polygon","coordinates":[[[7.206680278,43.662243611],[7.206655,43.662267778],[7.206673056,43.662294444],[7.206571944,43.662258611],[7.206680278,43.662243611]]]}},{"type":"Feature","id":"surface.stand_area.054","properties":{"name":"Stand area 054","layer":"Airfield surfaces","category":"Stand areas","object_type":"Area","style_id":"surface.stand_area","airport":"LFMN","geometry_role":"filled_region"},"geometry":{"type":"Polygon","coordinates":[[[7.206488056,43.662365278],[7.206454722,43.662383056],[7.206476389,43.662410556],[7.206384167,43.6623775],[7.206488056,43.662365278]]]}},{"type":"Feature","id":"surface.stand_area.055","properties":{"name":"Stand area 055","layer":"Airfield surfaces","category":"Stand areas","object_type":"Area","style_id":"surface.stand_area","airport":"LFMN","geometry_role":"filled_region"},"geometry":{"type":"Polygon","coordinates":[[[7.205594444,43.6626975],[7.205546389,43.662703333],[7.205536667,43.66274],[7.205501667,43.662676667],[7.205594444,43.6626975]]]}},{"type":"Feature","id":"surface.stand_area.056","properties":{"name":"Stand area 056","layer":"Airfield surfaces","category":"Stand areas","object_type":"Area","style_id":"surface.stand_area","airport":"LFMN","geometry_role":"filled_region"},"geometry":{"type":"Polygon","coordinates":[[[7.205529444,43.663193056],[7.205513056,43.663220278],[7.205545556,43.663234722],[7.205465,43.663225833],[7.205529444,43.663193056]]]}},{"type":"Feature","id":"surface.stand_area.057","properties":{"name":"Stand area 057","layer":"Airfield surfaces","category":"Stand areas","object_type":"Area","style_id":"surface.stand_area","airport":"LFMN","geometry_role":"filled_region"},"geometry":{"type":"Polygon","coordinates":[[[7.205586111,43.662975278],[7.205548889,43.663017222],[7.205534444,43.662968056],[7.205555278,43.662983889],[7.205586111,43.662975278]]]}},{"type":"Feature","id":"surface.stand_area.058","properties":{"name":"Stand area 058","layer":"Airfield surfaces","category":"Stand areas","object_type":"Area","style_id":"surface.stand_area","airport":"LFMN","geometry_role":"filled_region"},"geometry":{"type":"Polygon","coordinates":[[[7.205624444,43.663281944],[7.205655,43.663299167],[7.205566111,43.663293611],[7.205638333,43.663256389],[7.205624444,43.663281944]]]}},{"type":"Feature","id":"surface.stand_area.059","properties":{"name":"Stand area 059","layer":"Airfield surfaces","category":"Stand areas","object_type":"Area","style_id":"surface.stand_area","airport":"LFMN","geometry_role":"filled_region"},"geometry":{"type":"Polygon","coordinates":[[[7.205993889,43.663287222],[7.206069722,43.663278889],[7.2060325,43.663334722],[7.206032222,43.663300278],[7.205993889,43.663287222]]]}},{"type":"Feature","id":"surface.stand_area.060","properties":{"name":"Stand area 060","layer":"Airfield surfaces","category":"Stand areas","object_type":"Area","style_id":"surface.stand_area","airport":"LFMN","geometry_role":"filled_region"},"geometry":{"type":"Polygon","coordinates":[[[7.206691944,43.663698333],[7.206704167,43.663731389],[7.206746667,43.663735833],[7.2066725,43.663763889],[7.206691944,43.663698333]]]}},{"type":"Feature","id":"surface.stand_area.061","properties":{"name":"Stand area 061","layer":"Airfield surfaces","category":"Stand areas","object_type":"Area","style_id":"surface.stand_area","airport":"LFMN","geometry_role":"filled_region"},"geometry":{"type":"Polygon","coordinates":[[[7.206091389,43.662454167],[7.206053056,43.662458333],[7.206036944,43.662486944],[7.206006111,43.662432778],[7.206091389,43.662454167]]]}},{"type":"Feature","id":"surface.stand_area.062","properties":{"name":"Stand area 062","layer":"Airfield surfaces","category":"Stand areas","object_type":"Area","style_id":"surface.stand_area","airport":"LFMN","geometry_role":"filled_region"},"geometry":{"type":"Polygon","coordinates":[[[7.207379444,43.663755278],[7.207409444,43.663783056],[7.207454444,43.663761111],[7.207398333,43.663834722],[7.207379444,43.663755278]]]}},{"type":"Feature","id":"surface.stand_area.063","properties":{"name":"Stand area 063","layer":"Airfield surfaces","category":"Stand areas","object_type":"Area","style_id":"surface.stand_area","airport":"LFMN","geometry_role":"filled_region"},"geometry":{"type":"Polygon","coordinates":[[[7.209368056,43.663985],[7.209407222,43.664003611],[7.209451389,43.663993333],[7.209394722,43.664056389],[7.209368056,43.663985]]]}},{"type":"Feature","id":"surface.stand_area.064","properties":{"name":"Stand area 064","layer":"Airfield surfaces","category":"Stand areas","object_type":"Area","style_id":"surface.stand_area","airport":"LFMN","geometry_role":"filled_region"},"geometry":{"type":"Polygon","coordinates":[[[7.2100425,43.664038056],[7.210073889,43.6640575],[7.210112778,43.664050556],[7.210061111,43.664103056],[7.2100425,43.664038056]]]}},{"type":"Feature","id":"surface.stand_area.065","properties":{"name":"Stand area 065","layer":"Airfield surfaces","category":"Stand areas","object_type":"Area","style_id":"surface.stand_area","airport":"LFMN","geometry_role":"filled_region"},"geometry":{"type":"Polygon","coordinates":[[[7.210663333,43.663883056],[7.210693889,43.663909167],[7.210730833,43.663891389],[7.210676111,43.663949444],[7.210663333,43.663883056]]]}},{"type":"Feature","id":"surface.stand_area.066","properties":{"name":"Stand area 066","layer":"Airfield surfaces","category":"Stand areas","object_type":"Area","style_id":"surface.stand_area","airport":"LFMN","geometry_role":"filled_region"},"geometry":{"type":"Polygon","coordinates":[[[7.210900556,43.664104444],[7.210927778,43.664138056],[7.210975278,43.664111389],[7.210914722,43.664179722],[7.210900556,43.664104444]]]}},{"type":"Feature","id":"surface.stand_area.067","properties":{"name":"Stand area 067","layer":"Airfield surfaces","category":"Stand areas","object_type":"Area","style_id":"surface.stand_area","airport":"LFMN","geometry_role":"filled_region"},"geometry":{"type":"Polygon","coordinates":[[[7.211208889,43.663966667],[7.211244167,43.663995833],[7.2112875,43.663974444],[7.211233056,43.664036667],[7.211208889,43.663966667]]]}},{"type":"Feature","id":"surface.stand_area.068","properties":{"name":"Stand area 068","layer":"Airfield surfaces","category":"Stand areas","object_type":"Area","style_id":"surface.stand_area","airport":"LFMN","geometry_role":"filled_region"},"geometry":{"type":"Polygon","coordinates":[[[7.211786667,43.663979722],[7.211834722,43.664016389],[7.2118825,43.663996111],[7.211821389,43.6640675],[7.211786667,43.663979722]]]}},{"type":"Feature","id":"surface.stand_area.069","properties":{"name":"Stand area 069","layer":"Airfield surfaces","category":"Stand areas","object_type":"Area","style_id":"surface.stand_area","airport":"LFMN","geometry_role":"filled_region"},"geometry":{"type":"Polygon","coordinates":[[[7.212016389,43.664217778],[7.212069167,43.664263611],[7.212124444,43.664236389],[7.212057778,43.664310556],[7.212016389,43.664217778]]]}},{"type":"Feature","id":"surface.stand_area.070","properties":{"name":"Stand area 070","layer":"Airfield surfaces","category":"Stand areas","object_type":"Area","style_id":"surface.stand_area","airport":"LFMN","geometry_role":"filled_region"},"geometry":{"type":"Polygon","coordinates":[[[7.2122475,43.664250833],[7.212285556,43.664275556],[7.212344722,43.664243056],[7.212266389,43.664328333],[7.2122475,43.664250833]]]}},{"type":"Feature","id":"surface.stand_area.071","properties":{"name":"Stand area 071","layer":"Airfield surfaces","category":"Stand areas","object_type":"Area","style_id":"surface.stand_area","airport":"LFMN","geometry_role":"filled_region"},"geometry":{"type":"Polygon","coordinates":[[[7.212926944,43.664133056],[7.212971389,43.664168889],[7.213029167,43.664141667],[7.212956944,43.664221389],[7.212926944,43.664133056]]]}},{"type":"Feature","id":"surface.stand_area.072","properties":{"name":"Stand area 072","layer":"Airfield surfaces","category":"Stand areas","object_type":"Area","style_id":"surface.stand_area","airport":"LFMN","geometry_role":"filled_region"},"geometry":{"type":"Polygon","coordinates":[[[7.213249444,43.664343889],[7.213283889,43.664368333],[7.213331111,43.664359444],[7.213274444,43.664412222],[7.213249444,43.664343889]]]}},{"type":"Feature","id":"surface.stand_area.073","properties":{"name":"Stand area 073","layer":"Airfield surfaces","category":"Stand areas","object_type":"Area","style_id":"surface.stand_area","airport":"LFMN","geometry_role":"filled_region"},"geometry":{"type":"Polygon","coordinates":[[[7.213469722,43.664353889],[7.21351,43.664378611],[7.213565,43.66437],[7.213500278,43.664428611],[7.213469722,43.664353889]]]}},{"type":"Feature","id":"surface.stand_area.074","properties":{"name":"Stand area 074","layer":"Airfield surfaces","category":"Stand areas","object_type":"Area","style_id":"surface.stand_area","airport":"LFMN","geometry_role":"filled_region"},"geometry":{"type":"Polygon","coordinates":[[[7.214055833,43.664340833],[7.214094444,43.664368333],[7.214153889,43.664354722],[7.214083056,43.66443],[7.214055833,43.664340833]]]}},{"type":"Feature","id":"surface.stand_area.075","properties":{"name":"Stand area 075","layer":"Airfield surfaces","category":"Stand areas","object_type":"Area","style_id":"surface.stand_area","airport":"LFMN","geometry_role":"filled_region"},"geometry":{"type":"Polygon","coordinates":[[[7.214259722,43.664431111],[7.214293333,43.664456111],[7.214334167,43.664436944],[7.214288611,43.664503333],[7.214259722,43.664431111]]]}},{"type":"Feature","id":"surface.stand_area.076","properties":{"name":"Stand area 076","layer":"Airfield surfaces","category":"Stand areas","object_type":"Area","style_id":"surface.stand_area","airport":"LFMN","geometry_role":"filled_region"},"geometry":{"type":"Polygon","coordinates":[[[7.214401667,43.664471667],[7.214419444,43.664514444],[7.214471389,43.664525833],[7.214377778,43.664549722],[7.214401667,43.664471667]]]}},{"type":"Feature","id":"surface.stand_area.077","properties":{"name":"Stand area 077","layer":"Airfield surfaces","category":"Stand areas","object_type":"Area","style_id":"surface.stand_area","airport":"LFMN","geometry_role":"filled_region"},"geometry":{"type":"Polygon","coordinates":[[[7.214888611,43.664755833],[7.214896667,43.664805278],[7.214953889,43.664816667],[7.214841389,43.664846944],[7.214888611,43.664755833]]]}},{"type":"Feature","id":"surface.stand_area.078","properties":{"name":"Stand area 078","layer":"Airfield surfaces","category":"Stand areas","object_type":"Area","style_id":"surface.stand_area","airport":"LFMN","geometry_role":"filled_region"},"geometry":{"type":"Polygon","coordinates":[[[7.216546389,43.666008611],[7.216490556,43.666022222],[7.216493333,43.666058056],[7.216435278,43.665991944],[7.216546389,43.666008611]]]}},{"type":"Feature","id":"surface.stand_area.079","properties":{"name":"Stand area 079","layer":"Airfield surfaces","category":"Stand areas","object_type":"Area","style_id":"surface.stand_area","airport":"LFMN","geometry_role":"filled_region"},"geometry":{"type":"Polygon","coordinates":[[[7.216488333,43.666169722],[7.216481667,43.666211667],[7.216533333,43.666214722],[7.216441667,43.666239444],[7.216488333,43.666169722]]]}},{"type":"Feature","id":"surface.stand_area.080","properties":{"name":"Stand area 080","layer":"Airfield surfaces","category":"Stand areas","object_type":"Area","style_id":"surface.stand_area","airport":"LFMN","geometry_role":"filled_region"},"geometry":{"type":"Polygon","coordinates":[[[7.216996667,43.666324722],[7.216971944,43.666356389],[7.217001389,43.66639],[7.216880833,43.666358889],[7.216996667,43.666324722]]]}},{"type":"Feature","id":"surface.stand_area.081","properties":{"name":"Stand area 081","layer":"Airfield surfaces","category":"Stand areas","object_type":"Area","style_id":"surface.stand_area","airport":"LFMN","geometry_role":"filled_region"},"geometry":{"type":"Polygon","coordinates":[[[7.216123056,43.665675],[7.216136667,43.665718056],[7.216191389,43.665722778],[7.216063333,43.665767778],[7.216123056,43.665675]]]}},{"type":"Feature","id":"surface.stand_area.082","properties":{"name":"Stand area 082","layer":"Airfield surfaces","category":"Stand areas","object_type":"Area","style_id":"surface.stand_area","airport":"LFMN","geometry_role":"filled_region"},"geometry":{"type":"Polygon","coordinates":[[[7.215956944,43.665522222],[7.215961389,43.665576389],[7.216027222,43.665575278],[7.215902222,43.665613056],[7.215956944,43.665522222]]]}},{"type":"Feature","id":"surface.stand_area.083","properties":{"name":"Stand area 083","layer":"Airfield surfaces","category":"Stand areas","object_type":"Area","style_id":"surface.stand_area","airport":"LFMN","geometry_role":"filled_region"},"geometry":{"type":"Polygon","coordinates":[[[7.215703611,43.665365833],[7.215703333,43.665427778],[7.215777222,43.665428611],[7.215646667,43.66546],[7.215703611,43.665365833]]]}},{"type":"Feature","id":"surface.stand_area.084","properties":{"name":"Stand area 084","layer":"Airfield surfaces","category":"Stand areas","object_type":"Area","style_id":"surface.stand_area","airport":"LFMN","geometry_role":"filled_region"},"geometry":{"type":"Polygon","coordinates":[[[7.215291389,43.665058333],[7.215294722,43.665103056],[7.215355,43.665106667],[7.215250278,43.6651375],[7.215291389,43.665058333]]]}},{"type":"Feature","id":"surface.stand_area.085","properties":{"name":"Stand area 085","layer":"Airfield surfaces","category":"Stand areas","object_type":"Area","style_id":"surface.stand_area","airport":"LFMN","geometry_role":"filled_region"},"geometry":{"type":"Polygon","coordinates":[[[7.220930278,43.667414167],[7.2209425,43.6674375],[7.220976389,43.667445556],[7.22091,43.667461944],[7.220930278,43.667414167]]]}},{"type":"Feature","id":"surface.stand_area.086","properties":{"name":"Stand area 086","layer":"Airfield surfaces","category":"Stand areas","object_type":"Area","style_id":"surface.stand_area","airport":"LFMN","geometry_role":"filled_region"},"geometry":{"type":"Polygon","coordinates":[[[7.207938611,43.663846389],[7.207980556,43.663870556],[7.208025833,43.663860556],[7.207964444,43.663925833],[7.207938611,43.663846389]]]}},{"type":"Feature","id":"surface.stand_area.087","properties":{"name":"Stand area 087","layer":"Airfield surfaces","category":"Stand areas","object_type":"Area","style_id":"surface.stand_area","airport":"LFMN","geometry_role":"filled_region"},"geometry":{"type":"Polygon","coordinates":[[[7.207118611,43.660778611],[7.207083056,43.660803333],[7.207101111,43.660834444],[7.207015,43.660796944],[7.207118611,43.660778611]]]}},{"type":"Feature","id":"surface.stand_area.088","properties":{"name":"Stand area 088","layer":"Airfield surfaces","category":"Stand areas","object_type":"Area","style_id":"surface.stand_area","airport":"LFMN","geometry_role":"filled_region"},"geometry":{"type":"Polygon","coordinates":[[[7.220381111,43.667010556],[7.220391667,43.667038611],[7.220429167,43.6670475],[7.220353611,43.667065],[7.220381111,43.667010556]]]}},{"type":"Feature","id":"surface.stand_area.089","properties":{"name":"Stand area 089","layer":"Airfield surfaces","category":"Stand areas","object_type":"Area","style_id":"surface.stand_area","airport":"LFMN","geometry_role":"filled_region"},"geometry":{"type":"Polygon","coordinates":[[[7.219943333,43.666668889],[7.219949167,43.666698056],[7.219986667,43.666706389],[7.219917222,43.666720556],[7.219943333,43.666668889]]]}},{"type":"Feature","id":"surface.stand_area.090","properties":{"name":"Stand area 090","layer":"Airfield surfaces","category":"Stand areas","object_type":"Area","style_id":"surface.stand_area","airport":"LFMN","geometry_role":"filled_region"},"geometry":{"type":"Polygon","coordinates":[[[7.220608056,43.667177222],[7.220616111,43.667204722],[7.220650833,43.667208611],[7.220583611,43.6672275],[7.220608056,43.667177222]]]}},{"type":"Feature","id":"surface.stand_area.091","properties":{"name":"Stand area 091","layer":"Airfield surfaces","category":"Stand areas","object_type":"Area","style_id":"surface.stand_area","airport":"LFMN","geometry_role":"filled_region"},"geometry":{"type":"Polygon","coordinates":[[[7.220824722,43.667343611],[7.220831667,43.667373333],[7.220869167,43.667378333],[7.220801111,43.667396667],[7.220824722,43.667343611]]]}},{"type":"Feature","id":"surface.stand_area.092","properties":{"name":"Stand area 092","layer":"Airfield surfaces","category":"Stand areas","object_type":"Area","style_id":"surface.stand_area","airport":"LFMN","geometry_role":"filled_region"},"geometry":{"type":"Polygon","coordinates":[[[7.220044722,43.666741944],[7.220058889,43.666771667],[7.220095556,43.666781389],[7.220017778,43.666799444],[7.220044722,43.666741944]]]}},{"type":"Feature","id":"surface.stand_area.093","properties":{"name":"Stand area 093","layer":"Airfield surfaces","category":"Stand areas","object_type":"Area","style_id":"surface.stand_area","airport":"LFMN","geometry_role":"filled_region"},"geometry":{"type":"Polygon","coordinates":[[[7.208526389,43.663889722],[7.208562778,43.663911111],[7.208601944,43.663903056],[7.208554722,43.663971389],[7.208526389,43.663889722]]]}},{"type":"Feature","id":"surface.stand_area.094","properties":{"name":"Stand area 094","layer":"Airfield surfaces","category":"Stand areas","object_type":"Area","style_id":"surface.stand_area","airport":"LFMN","geometry_role":"filled_region"},"geometry":{"type":"Polygon","coordinates":[[[7.220187222,43.666816389],[7.220194444,43.666841389],[7.220229167,43.666855556],[7.220155278,43.666869444],[7.220187222,43.666816389]]]}},{"type":"Feature","id":"surface.stand_area.095","properties":{"name":"Stand area 095","layer":"Airfield surfaces","category":"Stand areas","object_type":"Area","style_id":"surface.stand_area","airport":"LFMN","geometry_role":"filled_region"},"geometry":{"type":"Polygon","coordinates":[[[7.220507222,43.667090833],[7.220514444,43.667116667],[7.220553889,43.6671225],[7.220476111,43.667143056],[7.220507222,43.667090833]]]}},{"type":"Feature","id":"surface.stand_area.096","properties":{"name":"Stand area 096","layer":"Airfield surfaces","category":"Stand areas","object_type":"Area","style_id":"surface.stand_area","airport":"LFMN","geometry_role":"filled_region"},"geometry":{"type":"Polygon","coordinates":[[[7.208070833,43.663716944],[7.208057222,43.663726389],[7.2080375,43.663732778],[7.208021667,43.663735],[7.207998611,43.663732222],[7.207980833,43.663723889],[7.207965556,43.663711667],[7.207956111,43.663698611],[7.207953333,43.663685556],[7.207958889,43.663666389],[7.207973333,43.663655278],[7.207989444,43.663643889],[7.208011111,43.663639722],[7.208029167,43.663641111],[7.208054167,43.663646667],[7.208076111,43.663663056],[7.208085,43.663679444],[7.208082778,43.663701667],[7.208070833,43.663716944]]]}},{"type":"Feature","id":"surface.stand_area.097","properties":{"name":"Stand area 097","layer":"Airfield surfaces","category":"Stand areas","object_type":"Area","style_id":"surface.stand_area","airport":"LFMN","geometry_role":"filled_region"},"geometry":{"type":"Polygon","coordinates":[[[7.208659444,43.663768611],[7.208651944,43.663780556],[7.208633889,43.663792778],[7.208615556,43.663800278],[7.208597778,43.663802222],[7.208577778,43.663800833],[7.208556667,43.663793889],[7.208542222,43.663781944],[7.2085325,43.663768333],[7.208530556,43.663755278],[7.208534444,43.663740833],[7.208541389,43.663728611],[7.208555833,43.663718889],[7.208576111,43.663711944],[7.208594444,43.66371],[7.208609167,43.663709444],[7.20863,43.663716111],[7.208644444,43.663723056],[7.208654722,43.663735278],[7.208660556,43.663746111],[7.208660833,43.663757778],[7.208659444,43.663768611]]]}},{"type":"Feature","id":"surface.stand_area.098","properties":{"name":"Stand area 098","layer":"Airfield surfaces","category":"Stand areas","object_type":"Area","style_id":"surface.stand_area","airport":"LFMN","geometry_role":"filled_region"},"geometry":{"type":"Polygon","coordinates":[[[7.206762222,43.6636425],[7.206761667,43.663623889],[7.206771667,43.663608889],[7.206793889,43.663598333],[7.206821667,43.6635975],[7.206841667,43.663606944],[7.2068575,43.663618611],[7.206859167,43.663635556],[7.206851111,43.663653611],[7.206835,43.663662222],[7.206815,43.663667222],[7.206796944,43.663667222],[7.206774167,43.663658056],[7.206762222,43.6636425]]]}},{"type":"Feature","id":"surface.stand_area.099","properties":{"name":"Stand area 099","layer":"Airfield surfaces","category":"Stand areas","object_type":"Area","style_id":"surface.stand_area","airport":"LFMN","geometry_role":"filled_region"},"geometry":{"type":"Polygon","coordinates":[[[7.2188875,43.665678333],[7.218885278,43.665659444],[7.218855278,43.665652222],[7.218917222,43.665636389],[7.2188875,43.665678333]]]}},{"type":"Feature","id":"surface.stand_area.100","properties":{"name":"Stand area 100","layer":"Airfield surfaces","category":"Stand areas","object_type":"Area","style_id":"surface.stand_area","airport":"LFMN","geometry_role":"filled_region"},"geometry":{"type":"Polygon","coordinates":[[[7.218586667,43.665471944],[7.218583056,43.665448889],[7.218548611,43.665447222],[7.218606667,43.665432222],[7.218586667,43.665471944]]]}},{"type":"Feature","id":"surface.stand_area.101","properties":{"name":"Stand area 101","layer":"Airfield surfaces","category":"Stand areas","object_type":"Area","style_id":"surface.stand_area","airport":"LFMN","geometry_role":"filled_region"},"geometry":{"type":"Polygon","coordinates":[[[7.218345833,43.665294444],[7.218369722,43.665250278],[7.218401944,43.665294444],[7.218371944,43.6652775],[7.218345833,43.665294444]]]}},{"type":"Feature","id":"surface.stand_area.102","properties":{"name":"Stand area 102","layer":"Airfield surfaces","category":"Stand areas","object_type":"Area","style_id":"surface.stand_area","airport":"LFMN","geometry_role":"filled_region"},"geometry":{"type":"Polygon","coordinates":[[[7.215176944,43.663001667],[7.215158889,43.662962778],[7.215121667,43.662957222],[7.215197778,43.662934722],[7.215176944,43.663001667]]]}},{"type":"Feature","id":"surface.stand_area.103","properties":{"name":"Stand area 103","layer":"Airfield surfaces","category":"Stand areas","object_type":"Area","style_id":"surface.stand_area","airport":"LFMN","geometry_role":"filled_region"},"geometry":{"type":"Polygon","coordinates":[[[7.214943611,43.662881667],[7.214940278,43.662843333],[7.214888333,43.662836944],[7.214970556,43.662818611],[7.214943611,43.662881667]]]}},{"type":"Feature","id":"surface.stand_area.104","properties":{"name":"Stand area 104","layer":"Airfield surfaces","category":"Stand areas","object_type":"Area","style_id":"surface.stand_area","airport":"LFMN","geometry_role":"filled_region"},"geometry":{"type":"Polygon","coordinates":[[[7.214905278,43.662790278],[7.214865278,43.662768889],[7.214816389,43.662793611],[7.214860556,43.662729167],[7.214905278,43.662790278]]]}},{"type":"Feature","id":"surface.stand_area.105","properties":{"name":"Stand area 105","layer":"Airfield surfaces","category":"Stand areas","object_type":"Area","style_id":"surface.stand_area","airport":"LFMN","geometry_role":"filled_region"},"geometry":{"type":"Polygon","coordinates":[[[7.214697778,43.662695278],[7.214698611,43.662656944],[7.214640556,43.662652222],[7.214733056,43.662631944],[7.214697778,43.662695278]]]}},{"type":"Feature","id":"surface.stand_area.106","properties":{"name":"Stand area 106","layer":"Airfield surfaces","category":"Stand areas","object_type":"Area","style_id":"surface.stand_area","airport":"LFMN","geometry_role":"filled_region"},"geometry":{"type":"Polygon","coordinates":[[[7.214763333,43.662745278],[7.214750833,43.662715833],[7.214705833,43.66271],[7.214787222,43.662686944],[7.214763333,43.662745278]]]}},{"type":"Feature","id":"surface.stand_area.107","properties":{"name":"Stand area 107","layer":"Airfield surfaces","category":"Stand areas","object_type":"Area","style_id":"surface.stand_area","airport":"LFMN","geometry_role":"filled_region"},"geometry":{"type":"Polygon","coordinates":[[[7.214413889,43.66245],[7.21441,43.662416389],[7.2143575,43.6624075],[7.214454444,43.662385833],[7.214413889,43.66245]]]}},{"type":"Feature","id":"surface.stand_area.108","properties":{"name":"Stand area 108","layer":"Airfield surfaces","category":"Stand areas","object_type":"Area","style_id":"surface.stand_area","airport":"LFMN","geometry_role":"filled_region"},"geometry":{"type":"Polygon","coordinates":[[[7.214288333,43.662458056],[7.214273333,43.662416389],[7.214215833,43.662408056],[7.214320556,43.662385],[7.214288333,43.662458056]]]}},{"type":"Feature","id":"surface.stand_area.109","properties":{"name":"Stand area 109","layer":"Airfield surfaces","category":"Stand areas","object_type":"Area","style_id":"surface.stand_area","airport":"LFMN","geometry_role":"filled_region"},"geometry":{"type":"Polygon","coordinates":[[[7.214086111,43.662205278],[7.214048611,43.662177778],[7.213998333,43.662197222],[7.21405,43.662132778],[7.214086111,43.662205278]]]}},{"type":"Feature","id":"surface.stand_area.110","properties":{"name":"Stand area 110","layer":"Airfield surfaces","category":"Stand areas","object_type":"Area","style_id":"surface.stand_area","airport":"LFMN","geometry_role":"filled_region"},"geometry":{"type":"Polygon","coordinates":[[[7.2139625,43.662149167],[7.213950556,43.662111667],[7.213893889,43.662103333],[7.214001667,43.662073333],[7.2139625,43.662149167]]]}},{"type":"Feature","id":"surface.stand_area.111","properties":{"name":"Stand area 111","layer":"Airfield surfaces","category":"Stand areas","object_type":"Area","style_id":"surface.stand_area","airport":"LFMN","geometry_role":"filled_region"},"geometry":{"type":"Polygon","coordinates":[[[7.213925,43.662077222],[7.213914722,43.662044722],[7.213868611,43.662029167],[7.213962778,43.662006389],[7.213925,43.662077222]]]}},{"type":"Feature","id":"surface.stand_area.112","properties":{"name":"Stand area 112","layer":"Airfield surfaces","category":"Stand areas","object_type":"Area","style_id":"surface.stand_area","airport":"LFMN","geometry_role":"filled_region"},"geometry":{"type":"Polygon","coordinates":[[[7.213486667,43.661956111],[7.213484722,43.661906389],[7.213422222,43.661897778],[7.213534722,43.661863611],[7.213486667,43.661956111]]]}},{"type":"Feature","id":"surface.stand_area.113","properties":{"name":"Stand area 113","layer":"Airfield surfaces","category":"Stand areas","object_type":"Area","style_id":"surface.stand_area","airport":"LFMN","geometry_role":"filled_region"},"geometry":{"type":"Polygon","coordinates":[[[7.213322778,43.661693056],[7.213322778,43.661652222],[7.21327,43.661650556],[7.213366667,43.661618611],[7.213322778,43.661693056]]]}},{"type":"Feature","id":"surface.stand_area.114","properties":{"name":"Stand area 114","layer":"Airfield surfaces","category":"Stand areas","object_type":"Area","style_id":"surface.stand_area","airport":"LFMN","geometry_role":"filled_region"},"geometry":{"type":"Polygon","coordinates":[[[7.213231667,43.661597778],[7.213176667,43.661611389],[7.213235,43.661555278],[7.213275556,43.661615],[7.213231667,43.661597778]]]}},{"type":"Feature","id":"surface.stand_area.115","properties":{"name":"Stand area 115","layer":"Airfield surfaces","category":"Stand areas","object_type":"Area","style_id":"surface.stand_area","airport":"LFMN","geometry_role":"filled_region"},"geometry":{"type":"Polygon","coordinates":[[[7.213156111,43.661552222],[7.21315,43.661511111],[7.213094167,43.661511389],[7.2131925,43.661476389],[7.213156111,43.661552222]]]}},{"type":"Feature","id":"surface.stand_area.116","properties":{"name":"Stand area 116","layer":"Airfield surfaces","category":"Stand areas","object_type":"Area","style_id":"surface.stand_area","airport":"LFMN","geometry_role":"filled_region"},"geometry":{"type":"Polygon","coordinates":[[[7.218318889,43.6652875],[7.218316944,43.665261944],[7.218275,43.665258611],[7.218353056,43.6652325],[7.218318889,43.6652875]]]}},{"type":"Feature","id":"surface.stand_area.117","properties":{"name":"Stand area 117","layer":"Airfield surfaces","category":"Stand areas","object_type":"Area","style_id":"surface.stand_area","airport":"LFMN","geometry_role":"filled_region"},"geometry":{"type":"Polygon","coordinates":[[[7.21803,43.665068889],[7.218029722,43.665041111],[7.217987222,43.665038333],[7.218066389,43.665011944],[7.21803,43.665068889]]]}},{"type":"Feature","id":"surface.stand_area.118","properties":{"name":"Stand area 118","layer":"Airfield surfaces","category":"Stand areas","object_type":"Area","style_id":"surface.stand_area","airport":"LFMN","geometry_role":"filled_region"},"geometry":{"type":"Polygon","coordinates":[[[7.217812222,43.664904444],[7.217787778,43.664886667],[7.217758611,43.664902222],[7.217791944,43.664859444],[7.217812222,43.664904444]]]}},{"type":"Feature","id":"surface.stand_area.119","properties":{"name":"Stand area 119","layer":"Airfield surfaces","category":"Stand areas","object_type":"Area","style_id":"surface.stand_area","airport":"LFMN","geometry_role":"filled_region"},"geometry":{"type":"Polygon","coordinates":[[[7.217768611,43.664868056],[7.21777,43.6648425],[7.21773,43.664839722],[7.217808889,43.664815833],[7.217768611,43.664868056]]]}},{"type":"Feature","id":"surface.stand_area.120","properties":{"name":"Stand area 120","layer":"Airfield surfaces","category":"Stand areas","object_type":"Area","style_id":"surface.stand_area","airport":"LFMN","geometry_role":"filled_region"},"geometry":{"type":"Polygon","coordinates":[[[7.217518611,43.664673333],[7.217511111,43.664654167],[7.217483611,43.664649167],[7.217542778,43.664629722],[7.217518611,43.664673333]]]}},{"type":"Feature","id":"surface.stand_area.121","properties":{"name":"Stand area 121","layer":"Airfield surfaces","category":"Stand areas","object_type":"Area","style_id":"surface.stand_area","airport":"LFMN","geometry_role":"filled_region"},"geometry":{"type":"Polygon","coordinates":[[[7.217302778,43.664526111],[7.217281389,43.664517778],[7.2172525,43.664528056],[7.217281944,43.664483611],[7.217302778,43.664526111]]]}},{"type":"Feature","id":"surface.stand_area.122","properties":{"name":"Stand area 122","layer":"Airfield surfaces","category":"Stand areas","object_type":"Area","style_id":"surface.stand_area","airport":"LFMN","geometry_role":"filled_region"},"geometry":{"type":"Polygon","coordinates":[[[7.217336944,43.664520278],[7.217332778,43.664497778],[7.2173025,43.664490833],[7.217363611,43.664473611],[7.217336944,43.664520278]]]}},{"type":"Feature","id":"surface.stand_area.123","properties":{"name":"Stand area 123","layer":"Airfield surfaces","category":"Stand areas","object_type":"Area","style_id":"surface.stand_area","airport":"LFMN","geometry_role":"filled_region"},"geometry":{"type":"Polygon","coordinates":[[[7.217708056,43.664819722],[7.217704167,43.664793889],[7.217668889,43.664795556],[7.217732222,43.664770278],[7.217708056,43.664819722]]]}},{"type":"Feature","id":"surface.stand_area.124","properties":{"name":"Stand area 124","layer":"Airfield surfaces","category":"Stand areas","object_type":"Area","style_id":"surface.stand_area","airport":"LFMN","geometry_role":"filled_region"},"geometry":{"type":"Polygon","coordinates":[[[7.217246667,43.6644875],[7.21724,43.664468611],[7.217210556,43.664463056],[7.217270833,43.664446111],[7.217246667,43.6644875]]]}},{"type":"Feature","id":"surface.stand_area.125","properties":{"name":"Stand area 125","layer":"Airfield surfaces","category":"Stand areas","object_type":"Area","style_id":"surface.stand_area","airport":"LFMN","geometry_role":"filled_region"},"geometry":{"type":"Polygon","coordinates":[[[7.216946944,43.664277222],[7.216939722,43.664256111],[7.216905,43.664248056],[7.216982222,43.664222778],[7.216946944,43.664277222]]]}},{"type":"Feature","id":"surface.stand_area.126","properties":{"name":"Stand area 126","layer":"Airfield surfaces","category":"Stand areas","object_type":"Area","style_id":"surface.stand_area","airport":"LFMN","geometry_role":"filled_region"},"geometry":{"type":"Polygon","coordinates":[[[7.216890278,43.664219722],[7.216890833,43.664196944],[7.216858056,43.664194167],[7.216921667,43.6641725],[7.216890278,43.664219722]]]}},{"type":"Feature","id":"surface.stand_area.127","properties":{"name":"Stand area 127","layer":"Airfield surfaces","category":"Stand areas","object_type":"Area","style_id":"surface.stand_area","airport":"LFMN","geometry_role":"filled_region"},"geometry":{"type":"Polygon","coordinates":[[[7.216693333,43.664076111],[7.216685278,43.664057778],[7.216658889,43.6640525],[7.216723889,43.664030556],[7.216693333,43.664076111]]]}},{"type":"Feature","id":"surface.stand_area.128","properties":{"name":"Stand area 128","layer":"Airfield surfaces","category":"Stand areas","object_type":"Area","style_id":"surface.stand_area","airport":"LFMN","geometry_role":"filled_region"},"geometry":{"type":"Polygon","coordinates":[[[7.209243611,43.661393333],[7.209337222,43.661378333],[7.209298333,43.6614],[7.209320556,43.6614325],[7.209243611,43.661393333]]]}},{"type":"Feature","id":"surface.stand_area.129","properties":{"name":"Stand area 129","layer":"Airfield surfaces","category":"Stand areas","object_type":"Area","style_id":"surface.stand_area","airport":"LFMN","geometry_role":"filled_region"},"geometry":{"type":"Polygon","coordinates":[[[7.216493889,43.663929722],[7.216495833,43.663908889],[7.216464167,43.663904167],[7.216526389,43.663878611],[7.216493889,43.663929722]]]}},{"type":"Feature","id":"surface.stand_area.130","properties":{"name":"Stand area 130","layer":"Airfield surfaces","category":"Stand areas","object_type":"Area","style_id":"surface.stand_area","airport":"LFMN","geometry_role":"filled_region"},"geometry":{"type":"Polygon","coordinates":[[[7.216451944,43.663916389],[7.216437222,43.663908333],[7.216415,43.663915833],[7.216438056,43.663888056],[7.216451944,43.663916389]]]}},{"type":"Feature","id":"surface.stand_area.131","properties":{"name":"Stand area 131","layer":"Airfield surfaces","category":"Stand areas","object_type":"Area","style_id":"surface.stand_area","airport":"LFMN","geometry_role":"filled_region"},"geometry":{"type":"Polygon","coordinates":[[[7.21643,43.663878056],[7.216424167,43.663864722],[7.216402778,43.663858056],[7.216449722,43.663844722],[7.21643,43.663878056]]]}},{"type":"Feature","id":"surface.stand_area.132","properties":{"name":"Stand area 132","layer":"Airfield surfaces","category":"Stand areas","object_type":"Area","style_id":"surface.stand_area","airport":"LFMN","geometry_role":"filled_region"},"geometry":{"type":"Polygon","coordinates":[[[7.212949167,43.661598611],[7.212944722,43.661566667],[7.212896111,43.661561667],[7.212983333,43.661529444],[7.212949167,43.661598611]]]}},{"type":"Feature","id":"surface.stand_area.133","properties":{"name":"Stand area 133","layer":"Airfield surfaces","category":"Stand areas","object_type":"Area","style_id":"surface.stand_area","airport":"LFMN","geometry_role":"filled_region"},"geometry":{"type":"Polygon","coordinates":[[[7.2126525,43.661355833],[7.212650833,43.661326667],[7.212608889,43.6613225],[7.2126925,43.661296389],[7.2126525,43.661355833]]]}},{"type":"Feature","id":"surface.stand_area.134","properties":{"name":"Stand area 134","layer":"Airfield surfaces","category":"Stand areas","object_type":"Area","style_id":"surface.stand_area","airport":"LFMN","geometry_role":"filled_region"},"geometry":{"type":"Polygon","coordinates":[[[7.21267,43.661246667],[7.212663611,43.6612225],[7.212629444,43.661215556],[7.212700556,43.661195556],[7.21267,43.661246667]]]}},{"type":"Feature","id":"surface.stand_area.135","properties":{"name":"Stand area 135","layer":"Airfield surfaces","category":"Stand areas","object_type":"Area","style_id":"surface.stand_area","airport":"LFMN","geometry_role":"filled_region"},"geometry":{"type":"Polygon","coordinates":[[[7.212423056,43.660989444],[7.212375278,43.661009444],[7.212431667,43.6609525],[7.212458889,43.66101],[7.212423056,43.660989444]]]}},{"type":"Feature","id":"surface.stand_area.136","properties":{"name":"Stand area 136","layer":"Airfield surfaces","category":"Stand areas","object_type":"Area","style_id":"surface.stand_area","airport":"LFMN","geometry_role":"filled_region"},"geometry":{"type":"Polygon","coordinates":[[[7.212346944,43.660953889],[7.212338611,43.660919722],[7.212295833,43.660916389],[7.2123725,43.6608925],[7.212346944,43.660953889]]]}},{"type":"Feature","id":"surface.stand_area.137","properties":{"name":"Stand area 137","layer":"Airfield surfaces","category":"Stand areas","object_type":"Area","style_id":"surface.stand_area","airport":"LFMN","geometry_role":"filled_region"},"geometry":{"type":"Polygon","coordinates":[[[7.212148333,43.660996111],[7.212143056,43.660961389],[7.212093889,43.660956111],[7.212176389,43.660934722],[7.212148333,43.660996111]]]}},{"type":"Feature","id":"surface.stand_area.138","properties":{"name":"Stand area 138","layer":"Airfield surfaces","category":"Stand areas","object_type":"Area","style_id":"surface.stand_area","airport":"LFMN","geometry_role":"filled_region"},"geometry":{"type":"Polygon","coordinates":[[[7.211860278,43.660758056],[7.2118575,43.660723611],[7.211809167,43.660718333],[7.211894167,43.660696389],[7.211860278,43.660758056]]]}},{"type":"Feature","id":"surface.stand_area.139","properties":{"name":"Stand area 139","layer":"Airfield surfaces","category":"Stand areas","object_type":"Area","style_id":"surface.stand_area","airport":"LFMN","geometry_role":"filled_region"},"geometry":{"type":"Polygon","coordinates":[[[7.211599722,43.660430556],[7.211561111,43.660443056],[7.2116,43.660395556],[7.211635278,43.660451389],[7.211599722,43.660430556]]]}},{"type":"Feature","id":"surface.stand_area.140","properties":{"name":"Stand area 140","layer":"Airfield surfaces","category":"Stand areas","object_type":"Area","style_id":"surface.stand_area","airport":"LFMN","geometry_role":"filled_region"},"geometry":{"type":"Polygon","coordinates":[[[7.211531667,43.660616389],[7.211524444,43.660589167],[7.21149,43.660580278],[7.211560833,43.660558889],[7.211531667,43.660616389]]]}},{"type":"Feature","id":"surface.stand_area.141","properties":{"name":"Stand area 141","layer":"Airfield surfaces","category":"Stand areas","object_type":"Area","style_id":"surface.stand_area","airport":"LFMN","geometry_role":"filled_region"},"geometry":{"type":"Polygon","coordinates":[[[7.211354167,43.660390833],[7.211340278,43.660362222],[7.211299444,43.660356944],[7.21138,43.660331389],[7.211354167,43.660390833]]]}},{"type":"Feature","id":"surface.stand_area.142","properties":{"name":"Stand area 142","layer":"Airfield surfaces","category":"Stand areas","object_type":"Area","style_id":"surface.stand_area","airport":"LFMN","geometry_role":"filled_region"},"geometry":{"type":"Polygon","coordinates":[[[7.211850278,43.660626389],[7.211797222,43.660620833],[7.211895,43.66059],[7.211856389,43.660658333],[7.211850278,43.660626389]]]}},{"type":"Feature","id":"surface.stand_area.143","properties":{"name":"Stand area 143","layer":"Airfield surfaces","category":"Stand areas","object_type":"Area","style_id":"surface.stand_area","airport":"LFMN","geometry_role":"filled_region"},"geometry":{"type":"Polygon","coordinates":[[[7.203497222,43.654520556],[7.203486389,43.654475],[7.203413333,43.654456944],[7.203539444,43.654433889],[7.203497222,43.654520556]]]}},{"type":"Feature","id":"surface.stand_area.144","properties":{"name":"Stand area 144","layer":"Airfield surfaces","category":"Stand areas","object_type":"Area","style_id":"surface.stand_area","airport":"LFMN","geometry_role":"filled_region"},"geometry":{"type":"Polygon","coordinates":[[[7.203788056,43.654794444],[7.203781667,43.654754722],[7.203724167,43.654745278],[7.203834722,43.654716944],[7.203788056,43.654794444]]]}},{"type":"Feature","id":"surface.stand_area.145","properties":{"name":"Stand area 145","layer":"Airfield surfaces","category":"Stand areas","object_type":"Area","style_id":"surface.stand_area","airport":"LFMN","geometry_role":"filled_region"},"geometry":{"type":"Polygon","coordinates":[[[7.203928611,43.654866389],[7.203890278,43.654858889],[7.20385,43.654879444],[7.203879444,43.654821667],[7.203928611,43.654866389]]]}},{"type":"Feature","id":"surface.stand_area.146","properties":{"name":"Stand area 146","layer":"Airfield surfaces","category":"Stand areas","object_type":"Area","style_id":"surface.stand_area","airport":"LFMN","geometry_role":"filled_region"},"geometry":{"type":"Polygon","coordinates":[[[7.204646667,43.655359444],[7.204603333,43.655352222],[7.204556389,43.655374444],[7.204591111,43.655316944],[7.204646667,43.655359444]]]}},{"type":"Feature","id":"surface.stand_area.147","properties":{"name":"Stand area 147","layer":"Airfield surfaces","category":"Stand areas","object_type":"Area","style_id":"surface.stand_area","airport":"LFMN","geometry_role":"filled_region"},"geometry":{"type":"Polygon","coordinates":[[[7.204625278,43.655309722],[7.204614722,43.655280833],[7.204575278,43.655273611],[7.204650278,43.655255278],[7.204625278,43.655309722]]]}},{"type":"Feature","id":"surface.stand_area.148","properties":{"name":"Stand area 148","layer":"Airfield surfaces","category":"Stand areas","object_type":"Area","style_id":"surface.stand_area","airport":"LFMN","geometry_role":"filled_region"},"geometry":{"type":"Polygon","coordinates":[[[7.2047375,43.655466944],[7.204735556,43.655432222],[7.204685833,43.655424722],[7.204774444,43.655403889],[7.2047375,43.655466944]]]}},{"type":"Feature","id":"surface.stand_area.149","properties":{"name":"Stand area 149","layer":"Airfield surfaces","category":"Stand areas","object_type":"Area","style_id":"surface.stand_area","airport":"LFMN","geometry_role":"filled_region"},"geometry":{"type":"Polygon","coordinates":[[[7.204913333,43.65558],[7.204906389,43.655544167],[7.20486,43.655538889],[7.204943611,43.655519444],[7.204913333,43.65558]]]}},{"type":"Feature","id":"surface.stand_area.150","properties":{"name":"Stand area 150","layer":"Airfield surfaces","category":"Stand areas","object_type":"Area","style_id":"surface.stand_area","airport":"LFMN","geometry_role":"filled_region"},"geometry":{"type":"Polygon","coordinates":[[[7.204995278,43.655600556],[7.204981667,43.655569722],[7.204940556,43.655561111],[7.205035556,43.655529722],[7.204995278,43.655600556]]]}},{"type":"Feature","id":"surface.stand_area.151","properties":{"name":"Stand area 151","layer":"Airfield surfaces","category":"Stand areas","object_type":"Area","style_id":"surface.stand_area","airport":"LFMN","geometry_role":"filled_region"},"geometry":{"type":"Polygon","coordinates":[[[7.2052625,43.655821944],[7.205257778,43.655792222],[7.205213889,43.655781944],[7.205300833,43.655759722],[7.2052625,43.655821944]]]}},{"type":"Feature","id":"surface.stand_area.152","properties":{"name":"Stand area 152","layer":"Airfield surfaces","category":"Stand areas","object_type":"Area","style_id":"surface.stand_area","airport":"LFMN","geometry_role":"filled_region"},"geometry":{"type":"Polygon","coordinates":[[[7.205369722,43.655800278],[7.205328611,43.655784444],[7.205285,43.655804722],[7.205320556,43.655750833],[7.205369722,43.655800278]]]}},{"type":"Feature","id":"surface.stand_area.153","properties":{"name":"Stand area 153","layer":"Airfield surfaces","category":"Stand areas","object_type":"Area","style_id":"surface.stand_area","airport":"LFMN","geometry_role":"filled_region"},"geometry":{"type":"Polygon","coordinates":[[[7.205664444,43.6561525],[7.205661389,43.656119444],[7.205613889,43.656116111],[7.205688333,43.656096944],[7.205664444,43.6561525]]]}},{"type":"Feature","id":"surface.stand_area.154","properties":{"name":"Stand area 154","layer":"Airfield surfaces","category":"Stand areas","object_type":"Area","style_id":"surface.stand_area","airport":"LFMN","geometry_role":"filled_region"},"geometry":{"type":"Polygon","coordinates":[[[7.205654722,43.656101667],[7.205652222,43.656071667],[7.205608889,43.656067778],[7.205681111,43.656050278],[7.205654722,43.656101667]]]}},{"type":"Feature","id":"surface.stand_area.155","properties":{"name":"Stand area 155","layer":"Airfield surfaces","category":"Stand areas","object_type":"Area","style_id":"surface.stand_area","airport":"LFMN","geometry_role":"filled_region"},"geometry":{"type":"Polygon","coordinates":[[[7.2054825,43.655971944],[7.205468333,43.655945],[7.205431944,43.655935],[7.205510556,43.655915],[7.2054825,43.655971944]]]}},{"type":"Feature","id":"surface.stand_area.156","properties":{"name":"Stand area 156","layer":"Airfield surfaces","category":"Stand areas","object_type":"Area","style_id":"surface.stand_area","airport":"LFMN","geometry_role":"filled_region"},"geometry":{"type":"Polygon","coordinates":[[[7.20402,43.654908056],[7.203974167,43.654901667],[7.204052778,43.654883333],[7.2040275,43.654938056],[7.20402,43.654908056]]]}},{"type":"Feature","id":"surface.stand_area.157","properties":{"name":"Stand area 157","layer":"Airfield surfaces","category":"Stand areas","object_type":"Area","style_id":"surface.stand_area","airport":"LFMN","geometry_role":"filled_region"},"geometry":{"type":"Polygon","coordinates":[[[7.203903611,43.654804167],[7.203901111,43.654763611],[7.203850278,43.654756389],[7.203943889,43.654729167],[7.203903611,43.654804167]]]}},{"type":"Feature","id":"surface.stand_area.158","properties":{"name":"Stand area 158","layer":"Airfield surfaces","category":"Stand areas","object_type":"Area","style_id":"surface.stand_area","airport":"LFMN","geometry_role":"filled_region"},"geometry":{"type":"Polygon","coordinates":[[[7.204275278,43.655088056],[7.204265278,43.655053889],[7.204219444,43.6550475],[7.204309167,43.6550275],[7.204275278,43.655088056]]]}},{"type":"Feature","id":"surface.stand_area.159","properties":{"name":"Stand area 159","layer":"Airfield surfaces","category":"Stand areas","object_type":"Area","style_id":"surface.stand_area","airport":"LFMN","geometry_role":"filled_region"},"geometry":{"type":"Polygon","coordinates":[[[7.204502778,43.655321111],[7.204503611,43.65528],[7.204446389,43.655273056],[7.204543333,43.655249722],[7.204502778,43.655321111]]]}},{"type":"Feature","id":"surface.stand_area.160","properties":{"name":"Stand area 160","layer":"Airfield surfaces","category":"Stand areas","object_type":"Area","style_id":"surface.stand_area","airport":"LFMN","geometry_role":"filled_region"},"geometry":{"type":"Polygon","coordinates":[[[7.204135278,43.655108611],[7.204130556,43.6550775],[7.204081667,43.65507],[7.204175,43.65504],[7.204135278,43.655108611]]]}},{"type":"Feature","id":"surface.stand_area.161","properties":{"name":"Stand area 161","layer":"Airfield surfaces","category":"Stand areas","object_type":"Area","style_id":"surface.stand_area","airport":"LFMN","geometry_role":"filled_region"},"geometry":{"type":"Polygon","coordinates":[[[7.202521389,43.655709444],[7.202523333,43.655695278],[7.202531389,43.655683333],[7.202546944,43.655675],[7.202565278,43.655671944],[7.202585556,43.655678611],[7.202598333,43.655688889],[7.2025925,43.655700833],[7.202586944,43.6557125],[7.202577222,43.655719722],[7.202565278,43.655725556],[7.202551944,43.655728611],[7.202531667,43.655721944],[7.202521389,43.655709444]]]}},{"type":"Feature","id":"surface.stand_area.162","properties":{"name":"Stand area 162","layer":"Airfield surfaces","category":"Stand areas","object_type":"Area","style_id":"surface.stand_area","airport":"LFMN","geometry_role":"filled_region"},"geometry":{"type":"Polygon","coordinates":[[[7.208589167,43.662466389],[7.208620833,43.6624425],[7.208602222,43.662408056],[7.208668333,43.662449722],[7.208589167,43.662466389]]]}},{"type":"Feature","id":"surface.stand_area.163","properties":{"name":"Stand area 163","layer":"Airfield surfaces","category":"Stand areas","object_type":"Area","style_id":"surface.stand_area","airport":"LFMN","geometry_role":"filled_region"},"geometry":{"type":"Polygon","coordinates":[[[7.208784167,43.662080556],[7.2088225,43.662073889],[7.208829722,43.662042778],[7.208850833,43.6620975],[7.208784167,43.662080556]]]}},{"type":"Feature","id":"surface.stand_area.164","properties":{"name":"Stand area 164","layer":"Airfield surfaces","category":"Stand areas","object_type":"Area","style_id":"surface.stand_area","airport":"LFMN","geometry_role":"filled_region"},"geometry":{"type":"Polygon","coordinates":[[[7.208701944,43.662095],[7.208721389,43.662080833],[7.208711667,43.662060556],[7.208757222,43.662085],[7.208701944,43.662095]]]}},{"type":"Feature","id":"surface.stand_area.165","properties":{"name":"Stand area 165","layer":"Airfield surfaces","category":"Stand areas","object_type":"Area","style_id":"surface.stand_area","airport":"LFMN","geometry_role":"filled_region"},"geometry":{"type":"Polygon","coordinates":[[[7.209378333,43.661854444],[7.209419444,43.66183],[7.209399444,43.661798611],[7.209472778,43.661837778],[7.209378333,43.661854444]]]}},{"type":"Feature","id":"surface.stand_area.166","properties":{"name":"Stand area 166","layer":"Airfield surfaces","category":"Stand areas","object_type":"Area","style_id":"surface.stand_area","airport":"LFMN","geometry_role":"filled_region"},"geometry":{"type":"Polygon","coordinates":[[[7.208821944,43.661688889],[7.208882222,43.661728611],[7.208808333,43.661744722],[7.208835556,43.661720833],[7.208821944,43.661688889]]]}},{"type":"Feature","id":"surface.stand_area.167","properties":{"name":"Stand area 167","layer":"Airfield surfaces","category":"Stand areas","object_type":"Area","style_id":"surface.stand_area","airport":"LFMN","geometry_role":"filled_region"},"geometry":{"type":"Polygon","coordinates":[[[7.208838056,43.661580278],[7.208888333,43.6615725],[7.208901944,43.661547222],[7.208920278,43.661600833],[7.208838056,43.661580278]]]}},{"type":"Feature","id":"surface.stand_area.168","properties":{"name":"Stand area 168","layer":"Airfield surfaces","category":"Stand areas","object_type":"Area","style_id":"surface.stand_area","airport":"LFMN","geometry_role":"filled_region"},"geometry":{"type":"Polygon","coordinates":[[[7.208863889,43.661378333],[7.208899167,43.661353056],[7.208881667,43.66132],[7.208938056,43.661359444],[7.208863889,43.661378333]]]}},{"type":"Feature","id":"surface.stand_area.169","properties":{"name":"Stand area 169","layer":"Airfield surfaces","category":"Stand areas","object_type":"Area","style_id":"surface.stand_area","airport":"LFMN","geometry_role":"filled_region"},"geometry":{"type":"Polygon","coordinates":[[[7.208985556,43.661128889],[7.209021667,43.661125],[7.209031667,43.661098889],[7.209050556,43.661145833],[7.208985556,43.661128889]]]}},{"type":"Feature","id":"surface.stand_area.170","properties":{"name":"Stand area 170","layer":"Airfield surfaces","category":"Stand areas","object_type":"Area","style_id":"surface.stand_area","airport":"LFMN","geometry_role":"filled_region"},"geometry":{"type":"Polygon","coordinates":[[[7.209037778,43.660961111],[7.209097778,43.661005],[7.209022222,43.661024722],[7.209051389,43.6609975],[7.209037778,43.660961111]]]}},{"type":"Feature","id":"surface.stand_area.171","properties":{"name":"Stand area 171","layer":"Airfield surfaces","category":"Stand areas","object_type":"Area","style_id":"surface.stand_area","airport":"LFMN","geometry_role":"filled_region"},"geometry":{"type":"Polygon","coordinates":[[[7.209324167,43.661030278],[7.209416667,43.661008333],[7.209385,43.661039444],[7.209402222,43.661071667],[7.209324167,43.661030278]]]}},{"type":"Feature","id":"surface.stand_area.172","properties":{"name":"Stand area 172","layer":"Airfield surfaces","category":"Stand areas","object_type":"Area","style_id":"surface.stand_area","airport":"LFMN","geometry_role":"filled_region"},"geometry":{"type":"Polygon","coordinates":[[[7.209355833,43.661117222],[7.209348889,43.661151944],[7.209394167,43.661171111],[7.209294167,43.661169167],[7.209355833,43.661117222]]]}},{"type":"Feature","id":"surface.stand_area.173","properties":{"name":"Stand area 173","layer":"Airfield surfaces","category":"Stand areas","object_type":"Area","style_id":"surface.stand_area","airport":"LFMN","geometry_role":"filled_region"},"geometry":{"type":"Polygon","coordinates":[[[7.209318333,43.661221667],[7.209410278,43.661201944],[7.209374167,43.661231389],[7.209392222,43.661263333],[7.209318333,43.661221667]]]}},{"type":"Feature","id":"surface.stand_area.174","properties":{"name":"Stand area 174","layer":"Airfield surfaces","category":"Stand areas","object_type":"Area","style_id":"surface.stand_area","airport":"LFMN","geometry_role":"filled_region"},"geometry":{"type":"Polygon","coordinates":[[[7.209105,43.6617525],[7.209192222,43.661728333],[7.209164722,43.661757778],[7.209178889,43.661790278],[7.209105,43.6617525]]]}},{"type":"Feature","id":"surface.stand_area.175","properties":{"name":"Stand area 175","layer":"Airfield surfaces","category":"Stand areas","object_type":"Area","style_id":"surface.stand_area","airport":"LFMN","geometry_role":"filled_region"},"geometry":{"type":"Polygon","coordinates":[[[7.209182778,43.662104722],[7.209160556,43.66213],[7.209174167,43.6621525],[7.209117778,43.662124444],[7.209182778,43.662104722]]]}},{"type":"Feature","id":"surface.stand_area.176","properties":{"name":"Stand area 176","layer":"Airfield surfaces","category":"Stand areas","object_type":"Area","style_id":"surface.stand_area","airport":"LFMN","geometry_role":"filled_region"},"geometry":{"type":"Polygon","coordinates":[[[7.208458611,43.662314722],[7.208543611,43.662292778],[7.208514444,43.662324444],[7.208534722,43.662360833],[7.208458611,43.662314722]]]}},{"type":"Feature","id":"surface.stand_area.177","properties":{"name":"Stand area 177","layer":"Airfield surfaces","category":"Stand areas","object_type":"Area","style_id":"surface.stand_area","airport":"LFMN","geometry_role":"filled_region"},"geometry":{"type":"Polygon","coordinates":[[[7.208933889,43.662478611],[7.209009167,43.662456667],[7.2089825,43.662482222],[7.208994444,43.662514167],[7.208933889,43.662478611]]]}},{"type":"Feature","id":"surface.stand_area.178","properties":{"name":"Stand area 178","layer":"Airfield surfaces","category":"Stand areas","object_type":"Area","style_id":"surface.stand_area","airport":"LFMN","geometry_role":"filled_region"},"geometry":{"type":"Polygon","coordinates":[[[7.216335556,43.666099444],[7.216313611,43.666129167],[7.216341111,43.666151667],[7.216275278,43.666130556],[7.216335556,43.666099444]]]}},{"type":"Feature","id":"surface.stand_area.179","properties":{"name":"Stand area 179","layer":"Airfield surfaces","category":"Stand areas","object_type":"Area","style_id":"surface.stand_area","airport":"LFMN","geometry_role":"filled_region"},"geometry":{"type":"Polygon","coordinates":[[[7.205983056,43.663496667],[7.205998056,43.663488889],[7.206,43.663475],[7.206025,43.663497778],[7.205983056,43.663496667]]]}},{"type":"Feature","id":"surface.stand_area.180","properties":{"name":"Stand area 180","layer":"Airfield surfaces","category":"Stand areas","object_type":"Area","style_id":"surface.stand_area","airport":"LFMN","geometry_role":"filled_region"},"geometry":{"type":"Polygon","coordinates":[[[7.207264722,43.660815556],[7.207273889,43.660810833],[7.207286111,43.660809444],[7.207299444,43.660811667],[7.207308333,43.660815833],[7.207315,43.660822778],[7.207316667,43.660832222],[7.207315278,43.660839722],[7.207309167,43.660844444],[7.207301389,43.660847778],[7.207290278,43.660848611],[7.207278889,43.660846944],[7.207271944,43.660843889],[7.207262778,43.660840278],[7.207258333,43.660835],[7.207258889,43.660824722],[7.207264722,43.660815556]]]}},{"type":"Feature","id":"surface.stand_area.181","properties":{"name":"Stand area 181","layer":"Airfield surfaces","category":"Stand areas","object_type":"Area","style_id":"surface.stand_area","airport":"LFMN","geometry_role":"filled_region"},"geometry":{"type":"Polygon","coordinates":[[[7.206787778,43.658848611],[7.206788333,43.6588375],[7.206796111,43.658825278],[7.206813333,43.658818611],[7.206828889,43.6588175],[7.206845,43.658821667],[7.206853333,43.658830833],[7.206856944,43.658841389],[7.206854167,43.658852222],[7.206843611,43.65886],[7.206832778,43.658863889],[7.2068175,43.658866944],[7.206805278,43.658863889],[7.206795,43.658859167],[7.206787778,43.658848611]]]}},{"type":"Feature","id":"surface.stand_area.182","properties":{"name":"Stand area 182","layer":"Airfield surfaces","category":"Stand areas","object_type":"Area","style_id":"surface.stand_area","airport":"LFMN","geometry_role":"filled_region"},"geometry":{"type":"Polygon","coordinates":[[[7.207062778,43.661200556],[7.2070725,43.661194444],[7.207091389,43.6611925],[7.207109444,43.661194444],[7.207123889,43.6612],[7.207129167,43.661207778],[7.207133889,43.661220556],[7.207132778,43.661231667],[7.207124444,43.661246111],[7.207113333,43.661251944],[7.207091389,43.661253611],[7.207073889,43.661249722],[7.207062222,43.661244444],[7.207055278,43.661236389],[7.207049167,43.661224444],[7.207053611,43.661210833],[7.207062778,43.661200556]]]}},{"type":"Feature","id":"surface.stand_area.183","properties":{"name":"Stand area 183","layer":"Airfield surfaces","category":"Stand areas","object_type":"Area","style_id":"surface.stand_area","airport":"LFMN","geometry_role":"filled_region"},"geometry":{"type":"Polygon","coordinates":[[[7.207256667,43.660421389],[7.207265833,43.660406111],[7.207283611,43.660396111],[7.207305833,43.660390278],[7.207326667,43.660392222],[7.207345,43.6604],[7.207355556,43.660415278],[7.207355,43.660430556],[7.2073475,43.660443889],[7.207332222,43.660453056],[7.207310833,43.660458333],[7.2072875,43.660458056],[7.207272222,43.660450278],[7.207261111,43.660436389],[7.207256667,43.660421389]]]}},{"type":"Feature","id":"surface.taxiway.002","properties":{"name":"Taxiway area 002","layer":"Airfield surfaces","category":"Taxiways","object_type":"Area","style_id":"surface.taxiway","airport":"LFMN","geometry_role":"filled_region"},"geometry":{"type":"Polygon","coordinates":[[[7.202411667,43.652973056],[7.202392778,43.652972778],[7.202392778,43.652938889],[7.202346667,43.652938889],[7.202347222,43.652925833],[7.202391389,43.652926111],[7.202394444,43.652891389],[7.2024125,43.652891111],[7.2024125,43.652924167],[7.202459722,43.652925556],[7.2024575,43.652939167],[7.202411944,43.652938056],[7.202411667,43.652973056]]]}},{"type":"Feature","id":"surface.taxiway.003","properties":{"name":"Taxiway area 003","layer":"Airfield surfaces","category":"Taxiways","object_type":"Area","style_id":"surface.taxiway","airport":"LFMN","geometry_role":"filled_region"},"geometry":{"type":"Polygon","coordinates":[[[7.200978333,43.647981389],[7.2009775,43.648019722],[7.200956667,43.64802],[7.200958056,43.647981944],[7.200905278,43.647983333],[7.200905278,43.647968611],[7.200957778,43.647968333],[7.200958611,43.647929722],[7.200976667,43.64793],[7.2009775,43.647968056],[7.20103,43.647968056],[7.201031111,43.647982222],[7.200978333,43.647981389]]]}},{"type":"Feature","id":"surface.taxiway.004","properties":{"name":"Taxiway area 004","layer":"Airfield surfaces","category":"Taxiways","object_type":"Area","style_id":"surface.taxiway","airport":"LFMN","geometry_role":"filled_region"},"geometry":{"type":"Polygon","coordinates":[[[7.227998333,43.666094444],[7.227985278,43.666094444],[7.227985556,43.666031389],[7.2279725,43.666030556],[7.227992222,43.666002778],[7.22801,43.666031667],[7.227999167,43.666031389],[7.227998333,43.666094444]]]}},{"type":"Feature","id":"surface.stand_area.184","properties":{"name":"Stand area 184","layer":"Airfield surfaces","category":"Stand areas","object_type":"Area","style_id":"surface.stand_area","airport":"LFMN","geometry_role":"filled_region"},"geometry":{"type":"Polygon","coordinates":[[[7.207395278,43.663681111],[7.207376111,43.663661944],[7.207373056,43.663638611],[7.2073875,43.663613056],[7.207415556,43.663595],[7.207451667,43.663593056],[7.207478056,43.663600278],[7.2075,43.6636175],[7.207506389,43.663643611],[7.207498333,43.663665278],[7.207481111,43.663678889],[7.207454722,43.66369],[7.207427222,43.663691944],[7.207395278,43.663681111]]]}},{"type":"Feature","id":"surface.stand_area.185","properties":{"name":"Stand area 185","layer":"Airfield surfaces","category":"Stand areas","object_type":"Area","style_id":"surface.stand_area","airport":"LFMN","geometry_role":"filled_region"},"geometry":{"type":"Polygon","coordinates":[[[7.208653611,43.66254],[7.208692778,43.662533056],[7.2087025,43.662504444],[7.208728056,43.662556389],[7.208653611,43.66254]]]}},{"type":"Feature","id":"surface.stand_area.186","properties":{"name":"Stand area 186","layer":"Airfield surfaces","category":"Stand areas","object_type":"Area","style_id":"surface.stand_area","airport":"LFMN","geometry_role":"filled_region"},"geometry":{"type":"Polygon","coordinates":[[[7.209158056,43.661654444],[7.209225,43.661593889],[7.2092225,43.661632778],[7.209272778,43.661653056],[7.209158056,43.661654444]]]}},{"type":"Feature","id":"surface.stand_area.187","properties":{"name":"Stand area 187","layer":"Airfield surfaces","category":"Stand areas","object_type":"Area","style_id":"surface.stand_area","airport":"LFMN","geometry_role":"filled_region"},"geometry":{"type":"Polygon","coordinates":[[[7.209006389,43.662141111],[7.209056667,43.662091111],[7.209051389,43.662128333],[7.209093889,43.662145833],[7.209006389,43.662141111]]]}},{"type":"Feature","id":"surface.stand_area.188","properties":{"name":"Stand area 188","layer":"Airfield surfaces","category":"Stand areas","object_type":"Area","style_id":"surface.stand_area","airport":"LFMN","geometry_role":"filled_region"},"geometry":{"type":"Polygon","coordinates":[[[7.209008333,43.662544722],[7.209,43.662584167],[7.209038889,43.662597222],[7.208951389,43.662601944],[7.209008333,43.662544722]]]}},{"type":"Feature","id":"surface.stand_area.189","properties":{"name":"Stand area 189","layer":"Airfield surfaces","category":"Stand areas","object_type":"Area","style_id":"surface.stand_area","airport":"LFMN","geometry_role":"filled_region"},"geometry":{"type":"Polygon","coordinates":[[[7.206580556,43.663521389],[7.206605278,43.663546944],[7.206644444,43.663541389],[7.2065775,43.663584167],[7.206580556,43.663521389]]]}},{"type":"Feature","id":"line.stand_entry.001","properties":{"name":"Stand entry line 001","layer":"Guidance lines","category":"Stand entry lines","object_type":"Line","style_id":"line.stand_entry","airport":"LFMN","geometry_role":"linework","vsmr_group_ids":["stands-and-gates"]},"geometry":{"type":"MultiLineString","coordinates":[[[7.208368889,43.661244722],[7.208894167,43.661579167]]]}},{"type":"Feature","id":"line.surface_markings.001","properties":{"name":"Surface marking line","layer":"Guidance lines","category":"Surface marking lines","object_type":"Line","style_id":"line.surface_markings","airport":"LFMN","geometry_role":"linework"},"geometry":{"type":"MultiLineString","coordinates":[[[7.211067222,43.649180833],[7.210926111,43.649283056]],[[7.210926111,43.649283056],[7.2107875,43.649181111]],[[7.2107875,43.649181111],[7.210926944,43.649080278]],[[7.210926944,43.649080278],[7.211067222,43.649180833]]]}},{"type":"Feature","id":"line.taxiway_centerline.001","properties":{"name":"Taxiway centerline 001","layer":"Guidance lines","category":"Taxiway centerlines","object_type":"Line","style_id":"line.taxiway_centerline","airport":"LFMN","geometry_role":"linework"},"geometry":{"type":"MultiLineString","coordinates":[[[7.203409722,43.652461111],[7.204810278,43.651450833]],[[7.204810278,43.651450833],[7.206003889,43.650584722]],[[7.206821389,43.6559325],[7.206822222,43.655974444]],[[7.206822222,43.655974444],[7.206829444,43.656030556]],[[7.206829444,43.656030556],[7.206845833,43.6560875]],[[7.206845833,43.6560875],[7.206865278,43.656131389]],[[7.206865278,43.656131389],[7.206896667,43.656176111]],[[7.206896667,43.656176111],[7.206940278,43.656224722]],[[7.206940278,43.656224722],[7.206974722,43.656258333]],[[7.2020625,43.653453889],[7.202119167,43.653400278]],[[7.202119167,43.653400278],[7.202179722,43.653351389]],[[7.202179722,43.653351389],[7.202541944,43.653088889]],[[7.202541944,43.653088889],[7.203138056,43.652660278]],[[7.203138056,43.652660278],[7.2033675,43.6524925]],[[7.203133056,43.652661667],[7.203079444,43.652721111]],[[7.203079444,43.652721111],[7.203028611,43.652793611]],[[7.203028611,43.652793611],[7.202986111,43.652878056]],[[7.202986111,43.652878056],[7.202962778,43.652940556]],[[7.202962778,43.652940556],[7.202949167,43.653026111]],[[7.202949167,43.653026111],[7.202950833,43.653108611]],[[7.202950833,43.653108611],[7.202960833,43.653185833]],[[7.202960833,43.653185833],[7.202985556,43.653251389]],[[7.202985556,43.653251389],[7.203016667,43.653313889]],[[7.203016667,43.653313889],[7.203053333,43.653371111]],[[7.203053333,43.653371111],[7.203108333,43.6534325]],[[7.203108333,43.6534325],[7.203162778,43.653485278]],[[7.206445278,43.655874722],[7.206490278,43.655912222]],[[7.206490278,43.655912222],[7.206530278,43.6559525]],[[7.206530278,43.6559525],[7.206573889,43.656012222]],[[7.206573889,43.656012222],[7.206605278,43.656074444]],[[7.206605278,43.656074444],[7.206623333,43.656141389]],[[7.206623333,43.656141389],[7.206630556,43.656209722]],[[7.206630556,43.656209722],[7.206618611,43.656275]],[[7.206618611,43.656275],[7.206591944,43.656341389]],[[7.206591944,43.656341389],[7.206552778,43.656405556]],[[7.206552778,43.656405556],[7.206497778,43.656470278]],[[7.206497778,43.656470278],[7.206471944,43.656493611]],[[7.206479444,43.656488056],[7.206519167,43.656466111]],[[7.206519167,43.656466111],[7.206567778,43.656443611]],[[7.206567778,43.656443611],[7.206617778,43.656423611]],[[7.206617778,43.656423611],[7.206691667,43.656403611]],[[7.206691667,43.656403611],[7.2067525,43.656390833]],[[7.2067525,43.656390833],[7.206801389,43.656384167]],[[7.206801389,43.656384167],[7.206861389,43.656381389]],[[7.206861389,43.656381389],[7.206956111,43.6563825]],[[7.206956111,43.6563825],[7.207045833,43.656395]],[[7.207045833,43.656395],[7.207131667,43.656416667]],[[7.207131667,43.656416667],[7.207214722,43.656448889]],[[7.207214722,43.656448889],[7.207291389,43.656490556]],[[7.205245278,43.656788889],[7.205324444,43.656828333]],[[7.205324444,43.656828333],[7.205406389,43.656861111]],[[7.205406389,43.656861111],[7.205490833,43.656885]],[[7.205490833,43.656885],[7.205582778,43.656895833]],[[7.205582778,43.656895833],[7.205676944,43.656901389]],[[7.205676944,43.656901389],[7.205768611,43.656892222]],[[7.205768611,43.656892222],[7.205857222,43.656876111]],[[7.205857222,43.656876111],[7.205941944,43.656848889]],[[7.205941944,43.656848889],[7.206023333,43.656812778]],[[7.206023333,43.656812778],[7.206057222,43.656792778]],[[7.211052778,43.649274722],[7.214095833,43.651488333]],[[7.214095833,43.651488333],[7.214145833,43.651525278]],[[7.214145833,43.651525278],[7.214174444,43.651545556]],[[7.214174444,43.651545556],[7.214199722,43.651568333]],[[7.214199722,43.651568333],[7.214211111,43.651588056]],[[7.214211111,43.651588056],[7.214216111,43.651608333]],[[7.214216111,43.651608333],[7.214215556,43.651636111]],[[7.214215556,43.651636111],[7.214211944,43.651659167]],[[7.214211944,43.651659167],[7.214207778,43.651677778]],[[7.214207778,43.651677778],[7.214200278,43.651693611]],[[7.214200278,43.651693611],[7.214173611,43.651720556]],[[7.214173611,43.651720556],[7.213665,43.652089722]],[[7.210665278,43.649907778],[7.211204167,43.649517222]],[[7.211204167,43.649517222],[7.211210833,43.649509444]],[[7.211210833,43.649509444],[7.211220833,43.649496944]],[[7.211220833,43.649496944],[7.211230556,43.649478889]],[[7.211230556,43.649478889],[7.211235,43.649463889]],[[7.211235,43.649463889],[7.211235,43.649445]],[[7.211235,43.649445],[7.211234444,43.649433333]],[[7.211234444,43.649433333],[7.211227778,43.649416389]],[[7.211227778,43.649416389],[7.2112175,43.649398056]],[[7.2112175,43.649398056],[7.211196389,43.649379167]],[[7.210891944,43.650073611],[7.211428056,43.649685833]],[[7.211428056,43.649685833],[7.211435833,43.6496775]],[[7.211435833,43.6496775],[7.211446111,43.649666944]],[[7.211446111,43.649666944],[7.211456111,43.649651944]],[[7.211456111,43.649651944],[7.211460833,43.649639167]],[[7.211460833,43.649639167],[7.211463889,43.649626111]],[[7.211463889,43.649626111],[7.211464722,43.649612222]],[[7.211464722,43.649612222],[7.211461667,43.6495975]],[[7.211461667,43.6495975],[7.211455833,43.649582778]],[[7.211455833,43.649582778],[7.211445833,43.649567222]],[[7.211445833,43.649567222],[7.211435278,43.649553889]],[[7.211435278,43.649553889],[7.211418611,43.649540556]],[[7.211418611,43.649540556],[7.211381944,43.649514444]],[[7.211381944,43.649514444],[7.2113625,43.649507778]],[[7.2113625,43.649507778],[7.211343333,43.649500833]],[[7.211343333,43.649500833],[7.211324167,43.649496944]],[[7.211324167,43.649496944],[7.211305833,43.649493889]],[[7.211305833,43.649493889],[7.211281667,43.649493611]],[[7.211281667,43.649493611],[7.211263611,43.649495833]],[[7.211263611,43.649495833],[7.211245833,43.649498889]],[[7.211245833,43.649498889],[7.211229444,43.649503889]],[[7.211229444,43.649503889],[7.211211667,43.649512222]],[[7.211211667,43.649512222],[7.211203889,43.649517222]],[[7.211424722,43.649687778],[7.2114325,43.649681944]],[[7.2114325,43.649681944],[7.211447222,43.649674444]],[[7.211447222,43.649674444],[7.211462778,43.649668056]],[[7.211462778,43.649668056],[7.211478056,43.649664167]],[[7.211478056,43.649664167],[7.211496667,43.649660556]],[[7.211496667,43.649660556],[7.211516944,43.649659167]],[[7.211516944,43.649659167],[7.211538056,43.649659722]],[[7.211538056,43.649659722],[7.211562222,43.649663611]],[[7.211562222,43.649663611],[7.211585833,43.649668889]],[[7.211585833,43.649668889],[7.2116075,43.649678889]],[[7.2116075,43.649678889],[7.2116575,43.649715278]],[[7.2116575,43.649715278],[7.211670278,43.649728056]],[[7.211670278,43.649728056],[7.211679722,43.649741944]],[[7.211679722,43.649741944],[7.211686944,43.649758056]],[[7.211686944,43.649758056],[7.211690833,43.649776111]],[[7.211690833,43.649776111],[7.211689444,43.649793056]],[[7.211689444,43.649793056],[7.211686389,43.649805556]],[[7.211686389,43.649805556],[7.211681667,43.649817778]],[[7.211681667,43.649817778],[7.211676111,43.649827222]],[[7.211676111,43.649827222],[7.211668611,43.649837778]],[[7.211668611,43.649837778],[7.211659444,43.649846389]],[[7.211659444,43.649846389],[7.211651389,43.649853333]],[[7.211651389,43.649853333],[7.211119444,43.650238333]],[[7.211659444,43.649847778],[7.211673611,43.64984]],[[7.211673611,43.64984],[7.211693333,43.6498325]],[[7.211693333,43.6498325],[7.211715278,43.6498275]],[[7.211715278,43.6498275],[7.211740833,43.649823056]],[[7.211740833,43.649823056],[7.211765556,43.649825278]],[[7.211765556,43.649825278],[7.211791111,43.649828056]],[[7.211791111,43.649828056],[7.211809722,43.649834167]],[[7.211809722,43.649834167],[7.211831111,43.6498425]],[[7.211831111,43.6498425],[7.211849167,43.649853889]],[[7.211849167,43.649853889],[7.21189,43.649885]],[[7.21189,43.649885],[7.211900278,43.649897778]],[[7.211900278,43.649897778],[7.2119075,43.649908889]],[[7.2119075,43.649908889],[7.211913611,43.649921389]],[[7.211913611,43.649921389],[7.211918056,43.649937778]],[[7.211918056,43.649937778],[7.211918056,43.649952222]],[[7.211918056,43.649952222],[7.211915833,43.649968056]],[[7.211915833,43.649968056],[7.211911944,43.64998]],[[7.211911944,43.64998],[7.211901667,43.649995833]],[[7.211901667,43.649995833],[7.2118875,43.650011944]],[[7.2118875,43.650011944],[7.211346944,43.650403611]],[[7.211884722,43.650013056],[7.211899167,43.650006111]],[[7.211899167,43.650006111],[7.2119125,43.649999722]],[[7.2119125,43.649999722],[7.211935278,43.649993333]],[[7.211935278,43.649993333],[7.211956667,43.649990278]],[[7.211956667,43.649990278],[7.211984444,43.649988333]],[[7.211984444,43.649988333],[7.212004722,43.649990278]],[[7.212004722,43.649990278],[7.212026667,43.649996111]],[[7.212026667,43.649996111],[7.212048611,43.650002778]],[[7.212048611,43.650002778],[7.212065556,43.650010833]],[[7.212065556,43.650010833],[7.212100833,43.6500375]],[[7.212100833,43.6500375],[7.212115,43.650054167]],[[7.212115,43.650054167],[7.212123889,43.650068056]],[[7.212123889,43.650068056],[7.212129167,43.650086389]],[[7.212129167,43.650086389],[7.212126667,43.6501025]],[[7.212126667,43.6501025],[7.212125,43.650116944]],[[7.212125,43.650116944],[7.212120278,43.650131389]],[[7.212120278,43.650131389],[7.212111389,43.650146111]],[[7.212111389,43.650146111],[7.212101667,43.650160833]],[[7.212101667,43.650160833],[7.211556667,43.650555833]],[[7.212103611,43.650161389],[7.2121225,43.650153056]],[[7.2121225,43.650153056],[7.212148611,43.650144722]],[[7.212148611,43.650144722],[7.212171944,43.650141667]],[[7.212171944,43.650141667],[7.212195278,43.650141111]],[[7.212195278,43.650141111],[7.212219167,43.650144722]],[[7.212219167,43.650144722],[7.212243611,43.650151111]],[[7.212243611,43.650151111],[7.212266111,43.650160833]],[[7.212266111,43.650160833],[7.212287778,43.650173611]],[[7.212287778,43.650173611],[7.212305556,43.650186944]],[[7.212305556,43.650186944],[7.212316111,43.650197222]],[[7.212316111,43.650197222],[7.212326944,43.650212778]],[[7.212326944,43.650212778],[7.212334722,43.650229444]],[[7.212334722,43.650229444],[7.212338333,43.650245278]],[[7.212338333,43.650245278],[7.212337778,43.650261667]],[[7.212337778,43.650261667],[7.212333333,43.650275278]],[[7.212333333,43.650275278],[7.212326944,43.650288056]],[[7.212326944,43.650288056],[7.212320556,43.650301111]],[[7.212320556,43.650301111],[7.212309444,43.650313611]],[[7.212309444,43.650313611],[7.211761667,43.650710556]],[[7.212295,43.650324167],[7.212313889,43.650310833]],[[7.212313889,43.650310833],[7.212330278,43.650303056]],[[7.212330278,43.650303056],[7.212351944,43.650296389]],[[7.212351944,43.650296389],[7.212374167,43.650293056]],[[7.212374167,43.650293056],[7.212397222,43.650292778]],[[7.212397222,43.650292778],[7.212421667,43.650295833]],[[7.212421667,43.650295833],[7.212442222,43.650299444]],[[7.212442222,43.650299444],[7.212459722,43.650305556]],[[7.212459722,43.650305556],[7.212476944,43.650313889]],[[7.212476944,43.650313889],[7.212498611,43.650326667]],[[7.212498611,43.650326667],[7.212516667,43.650341944]],[[7.212516667,43.650341944],[7.212527778,43.650357778]],[[7.212527778,43.650357778],[7.212537778,43.650376111]],[[7.212537778,43.650376111],[7.212541944,43.65039]],[[7.212541944,43.65039],[7.212545278,43.650405]],[[7.212545278,43.650405],[7.212546389,43.650418333]],[[7.212546389,43.650418333],[7.2125425,43.650431389]],[[7.2125425,43.650431389],[7.212536389,43.650444167]],[[7.212536389,43.650444167],[7.21253,43.650453889]],[[7.21253,43.650453889],[7.212521389,43.650463611]],[[7.212521389,43.650463611],[7.211975,43.650859722]],[[7.212510833,43.650471667],[7.212526389,43.650462222]],[[7.212526389,43.650462222],[7.212538611,43.650456667]],[[7.212538611,43.650456667],[7.212561111,43.650448056]],[[7.212561111,43.650448056],[7.212579167,43.650444722]],[[7.212579167,43.650444722],[7.212599722,43.650442222]],[[7.212599722,43.650442222],[7.212616389,43.650443056]],[[7.212616389,43.650443056],[7.212634444,43.650443889]],[[7.212634444,43.650443889],[7.212652778,43.650448333]],[[7.212652778,43.650448333],[7.212670556,43.650454444]],[[7.212670556,43.650454444],[7.212686667,43.650462778]],[[7.212686667,43.650462778],[7.212741389,43.650503333]],[[7.212741389,43.650503333],[7.212751667,43.650516944]],[[7.212751667,43.650516944],[7.212758056,43.650527778]],[[7.212758056,43.650527778],[7.212761111,43.650540556]],[[7.212761111,43.650540556],[7.212763611,43.650554167]],[[7.212763611,43.650554167],[7.212762778,43.650565]],[[7.212762778,43.650565],[7.21276,43.650575278]],[[7.21276,43.650575278],[7.212757222,43.650585278]],[[7.212757222,43.650585278],[7.212752222,43.650594444]],[[7.212752222,43.650594444],[7.212746111,43.6506025]],[[7.212746111,43.6506025],[7.212736111,43.650612778]],[[7.212736111,43.650612778],[7.212186667,43.651011944]],[[7.212721944,43.650622778],[7.212734444,43.650614167]],[[7.212734444,43.650614167],[7.2127475,43.650608056]],[[7.2127475,43.650608056],[7.212756667,43.650603611]],[[7.212756667,43.650603611],[7.212771667,43.650598056]],[[7.212771667,43.650598056],[7.212790833,43.650595]],[[7.212790833,43.650595],[7.212811111,43.650594167]],[[7.212811111,43.650594167],[7.212838056,43.650596111]],[[7.212838056,43.650596111],[7.2128625,43.650601111]],[[7.2128625,43.650601111],[7.212883611,43.650609167]],[[7.212883611,43.650609167],[7.212901667,43.650618889]],[[7.212901667,43.650618889],[7.212948333,43.650654722]],[[7.212948333,43.650654722],[7.212956667,43.650664722]],[[7.212956667,43.650664722],[7.212963889,43.650678611]],[[7.212963889,43.650678611],[7.212967222,43.650693056]],[[7.212967222,43.650693056],[7.212968056,43.650707778]],[[7.212968056,43.650707778],[7.212968056,43.650720278]],[[7.212968056,43.650720278],[7.212965,43.650730556]],[[7.212965,43.650730556],[7.212961389,43.650742778]],[[7.212961389,43.650742778],[7.212955278,43.6507525]],[[7.212955278,43.6507525],[7.212947222,43.650761389]],[[7.212947222,43.650761389],[7.212936667,43.650770833]],[[7.212936667,43.650770833],[7.2123925,43.651165278]],[[7.212941111,43.6507675],[7.212953333,43.650760833]],[[7.212953333,43.650760833],[7.212969444,43.650753056]],[[7.212969444,43.650753056],[7.212988611,43.650747778]],[[7.212988611,43.650747778],[7.213010278,43.650744722]],[[7.213010278,43.650744722],[7.213033611,43.650744444]],[[7.213033611,43.650744444],[7.213051389,43.650746667]],[[7.213051389,43.650746667],[7.213074167,43.650751944]],[[7.213074167,43.650751944],[7.21309,43.650758056]],[[7.21309,43.650758056],[7.213159722,43.6508075]],[[7.213159722,43.6508075],[7.213170833,43.650823333]],[[7.213170833,43.650823333],[7.21318,43.650840278]],[[7.21318,43.650840278],[7.213182222,43.650853333]],[[7.213182222,43.650853333],[7.213183333,43.650866389]],[[7.213183333,43.650866389],[7.213180556,43.6508775]],[[7.213180556,43.6508775],[7.213174722,43.650887778]],[[7.213174722,43.650887778],[7.213169444,43.650898889]],[[7.213169444,43.650898889],[7.213161944,43.650908611]],[[7.213161944,43.650908611],[7.213154167,43.650917778]],[[7.213154167,43.650917778],[7.213143333,43.650925278]],[[7.213143333,43.650925278],[7.2126,43.651317778]],[[7.213144722,43.650924444],[7.213156389,43.650914722]],[[7.213156389,43.650914722],[7.213168056,43.650909444]],[[7.213168056,43.650909444],[7.213187778,43.650902222]],[[7.213187778,43.650902222],[7.213208056,43.650900556]],[[7.213208056,43.650900556],[7.213229167,43.650898333]],[[7.213229167,43.650898333],[7.213253333,43.650899444]],[[7.213253333,43.650899444],[7.213270278,43.650901944]],[[7.213270278,43.650901944],[7.2132875,43.650906667]],[[7.2132875,43.650906667],[7.213306389,43.650914722]],[[7.213306389,43.650914722],[7.213347778,43.650943333]],[[7.213347778,43.650943333],[7.213361667,43.650955278]],[[7.213361667,43.650955278],[7.213369722,43.650965833]],[[7.213369722,43.650965833],[7.213376944,43.650980833]],[[7.213376944,43.650980833],[7.213380278,43.650994722]],[[7.213380278,43.650994722],[7.2133825,43.651008611]],[[7.2133825,43.651008611],[7.213383056,43.651021944]],[[7.213383056,43.651021944],[7.213380833,43.651035833]],[[7.213380833,43.651035833],[7.213377778,43.651045833]],[[7.213377778,43.651045833],[7.213373056,43.651056389]],[[7.213373056,43.651056389],[7.213358333,43.651072222]],[[7.213358333,43.651072222],[7.212810556,43.651469167]],[[7.213348889,43.651078611],[7.213363333,43.65107]],[[7.213363333,43.65107],[7.213375833,43.651062778]],[[7.213375833,43.651062778],[7.213388333,43.651058889]],[[7.213388333,43.651058889],[7.213406944,43.651054167]],[[7.213406944,43.651054167],[7.213425,43.651052778]],[[7.213425,43.651052778],[7.213443889,43.651052778]],[[7.213443889,43.651052778],[7.213466111,43.651054444]],[[7.213466111,43.651054444],[7.213481944,43.651058333]],[[7.213481944,43.651058333],[7.213500556,43.651063889]],[[7.213500556,43.651063889],[7.213522778,43.6510725]],[[7.213522778,43.6510725],[7.213598889,43.651126667]],[[7.213598889,43.651126667],[7.213605278,43.651136944]],[[7.213605278,43.651136944],[7.213610556,43.651145556]],[[7.213610556,43.651145556],[7.213615,43.651158333]],[[7.213615,43.651158333],[7.213615833,43.651170556]],[[7.213615833,43.651170556],[7.213615556,43.651180278]],[[7.213615556,43.651180278],[7.213614722,43.651188056]],[[7.213614722,43.651188056],[7.213612778,43.6511975]],[[7.213612778,43.6511975],[7.213608889,43.651208611]],[[7.213608889,43.651208611],[7.213602778,43.651218333]],[[7.213602778,43.651218333],[7.213594167,43.651229444]],[[7.213594167,43.651229444],[7.213583056,43.651240833]],[[7.213337222,43.651857222],[7.2138925,43.651454444]],[[7.2138925,43.651454444],[7.213901389,43.651443056]],[[7.213901389,43.651443056],[7.213911111,43.651426944]],[[7.213911111,43.651426944],[7.213913056,43.651411667]],[[7.213913056,43.651411667],[7.213914722,43.651398056]],[[7.213914722,43.651398056],[7.213911944,43.651381944]],[[7.213911944,43.651381944],[7.21391,43.65137]],[[7.21391,43.65137],[7.213902778,43.651354444]],[[7.213902778,43.651354444],[7.213892222,43.651341667]],[[7.213892222,43.651341667],[7.213760833,43.651243056]],[[7.213760833,43.651243056],[7.21373,43.651230278]],[[7.21373,43.651230278],[7.213708333,43.6512225]],[[7.213708333,43.6512225],[7.213686389,43.651218056]],[[7.213686389,43.651218056],[7.213663333,43.6512175]],[[7.213663333,43.6512175],[7.213637222,43.651220556]],[[7.213637222,43.651220556],[7.21361,43.651226944]],[[7.21361,43.651226944],[7.213585278,43.651238611]],[[7.213585278,43.651238611],[7.213038889,43.651633611]],[[7.213879722,43.651463889],[7.213894444,43.651453333]],[[7.213894444,43.651453333],[7.2139075,43.651447222]],[[7.2139075,43.651447222],[7.213925278,43.651440833]],[[7.213925278,43.651440833],[7.213943889,43.651438056]],[[7.213943889,43.651438056],[7.213969444,43.651436944]],[[7.213969444,43.651436944],[7.213993333,43.651439444]],[[7.213993333,43.651439444],[7.214014167,43.651443889]],[[7.214014167,43.651443889],[7.214035556,43.651451111]],[[7.214035556,43.651451111],[7.214059444,43.651461667]],[[7.214059444,43.651461667],[7.214076389,43.651473889]],[[7.2138225,43.651290833],[7.213808889,43.651278056]],[[7.213808889,43.651278056],[7.213798333,43.651261111]],[[7.213798333,43.651261111],[7.213789444,43.651242778]],[[7.213789444,43.651242778],[7.213784722,43.651218611]],[[7.213784722,43.651218611],[7.213783611,43.651192778]],[[7.213783611,43.651192778],[7.213787222,43.651169167]],[[7.213787222,43.651169167],[7.213802778,43.651143889]],[[7.213802778,43.651143889],[7.213813889,43.65113]],[[7.213813889,43.65113],[7.213828333,43.651115278]],[[7.213828333,43.651115278],[7.213847222,43.651100833]],[[7.213847222,43.651100833],[7.213971667,43.651010278]],[[7.213971667,43.651010278],[7.213998611,43.650992222]],[[7.213998611,43.650992222],[7.214014167,43.6509825]],[[7.214014167,43.6509825],[7.214031667,43.650973889]],[[7.214031667,43.650973889],[7.214043333,43.650968889]],[[7.214043333,43.650968889],[7.214062222,43.650963611]],[[7.214062222,43.650963611],[7.214144444,43.650953611]],[[7.214144444,43.650953611],[7.214171389,43.650951944]],[[7.214171389,43.650951944],[7.214186111,43.650954722]],[[7.214186111,43.650954722],[7.214225833,43.650977222]],[[7.214225833,43.650977222],[7.214274167,43.651007778]],[[7.214274167,43.651007778],[7.214338056,43.6510525]],[[7.213597222,43.651125278],[7.213618889,43.651135]],[[7.213618889,43.651135],[7.213648889,43.651141944]],[[7.213648889,43.651141944],[7.2136825,43.651146667]],[[7.2136825,43.651146667],[7.213706944,43.651147778]],[[7.213706944,43.651147778],[7.213736389,43.651146667]],[[7.213736389,43.651146667],[7.213763333,43.651141944]],[[7.213763333,43.651141944],[7.213783889,43.651136111]],[[7.213783889,43.651136111],[7.213802778,43.651128056]],[[7.213802778,43.651128056],[7.21382,43.651119722]],[[7.21382,43.651119722],[7.213835556,43.651109722]],[[7.206411944,43.663101389],[7.207259167,43.662994167]],[[7.207259167,43.662994167],[7.207288056,43.662995]],[[7.207288056,43.662995],[7.209437222,43.663246944]],[[7.209437222,43.663246944],[7.209569722,43.66324]],[[7.209569722,43.66324],[7.209658889,43.663222778]],[[7.209658889,43.663222778],[7.209721667,43.663202222]],[[7.209721667,43.663202222],[7.209790833,43.663165833]],[[7.209790833,43.663165833],[7.209844167,43.663128611]],[[7.209844167,43.663128611],[7.209896111,43.66308]],[[7.209896111,43.66308],[7.209925278,43.663044444]],[[7.209925278,43.663044444],[7.209949722,43.6629975]],[[7.209949722,43.6629975],[7.209970278,43.662938056]],[[7.209970278,43.662938056],[7.209996389,43.662836944]],[[7.209996389,43.662836944],[7.210478056,43.660679444]],[[7.210478056,43.660679444],[7.210641111,43.659961111]],[[7.210641111,43.659961111],[7.210663889,43.6598825]],[[7.210663889,43.6598825],[7.210697222,43.659821111]],[[7.210697222,43.659821111],[7.210731667,43.659776944]],[[7.210731667,43.659776944],[7.210803611,43.659702222]],[[7.210803611,43.659702222],[7.210848333,43.659671667]],[[7.210848333,43.659671667],[7.210899444,43.659623611]],[[7.210899444,43.659623611],[7.210930556,43.659584167]],[[7.210930556,43.659584167],[7.210953333,43.659549444]],[[7.210953333,43.659549444],[7.210978056,43.659499167]],[[7.210978056,43.659499167],[7.211,43.659438333]],[[7.211,43.659438333],[7.211000278,43.659396389]],[[7.211000278,43.659396389],[7.211002222,43.659352778]],[[7.211002222,43.659352778],[7.210991667,43.659290833]],[[7.210991667,43.659290833],[7.210971667,43.659237222]],[[7.210971667,43.659237222],[7.210959444,43.6592075]],[[7.210959444,43.6592075],[7.210941389,43.659178333]],[[7.210941389,43.659178333],[7.210913056,43.659141111]],[[7.210913056,43.659141111],[7.210872222,43.659098889]],[[7.210872222,43.659098889],[7.210840278,43.659068333]],[[7.210840278,43.659068333],[7.209419167,43.658037778]],[[7.209419167,43.658037778],[7.209385556,43.658020556]],[[7.209385556,43.658020556],[7.209338889,43.658000833]],[[7.209338889,43.658000833],[7.209306111,43.657988889]],[[7.209306111,43.657988889],[7.209259444,43.657975833]],[[7.209259444,43.657975833],[7.209218889,43.657967222]],[[7.209218889,43.657967222],[7.2091725,43.657961944]],[[7.2091725,43.657961944],[7.209121944,43.657957778]],[[7.209121944,43.657957778],[7.209066389,43.657959444]],[[7.209066389,43.657959444],[7.209015833,43.657964444]],[[7.209015833,43.657964444],[7.208975,43.657970833]],[[7.208975,43.657970833],[7.208930278,43.657981944]],[[7.208930278,43.657981944],[7.2088875,43.657994722]],[[7.2088875,43.657994722],[7.208842778,43.658011667]],[[7.208842778,43.658011667],[7.208811389,43.658028333]],[[7.208811389,43.658028333],[7.208770278,43.658051667]],[[7.208770278,43.658051667],[7.208737778,43.658077222]],[[7.208737778,43.658077222],[7.208706944,43.658103889]],[[7.208706944,43.658103889],[7.2086775,43.658136111]],[[7.2086775,43.658136111],[7.20865,43.658175278]],[[7.20865,43.658175278],[7.208631111,43.658209444]],[[7.208631111,43.658209444],[7.208623333,43.658232222]],[[7.208623333,43.658232222],[7.208578611,43.658427778]],[[7.208578611,43.658427778],[7.208539444,43.658502222]],[[7.208539444,43.658502222],[7.208498889,43.658550278]],[[7.208498889,43.658550278],[7.208455278,43.658592222]],[[7.208455278,43.658592222],[7.208394722,43.658631667]],[[7.208394722,43.658631667],[7.208325278,43.658665]],[[7.208325278,43.658665],[7.208246111,43.658697222]],[[7.208246111,43.658697222],[7.208166389,43.658712778]],[[7.208166389,43.658712778],[7.208079444,43.658715556]],[[7.208079444,43.658715556],[7.208026667,43.658706944]],[[7.208026667,43.658706944],[7.207944722,43.658694722]],[[7.207944722,43.658694722],[7.207898889,43.658680278]],[[7.207898889,43.658680278],[7.207816389,43.658648333]],[[7.207816389,43.658648333],[7.207758056,43.658616667]],[[7.207758056,43.658616667],[7.207708056,43.658583056]],[[7.207708056,43.658583056],[7.207133333,43.658161944]],[[7.207133333,43.658161944],[7.206318889,43.657571111]],[[7.206318889,43.657571111],[7.206049444,43.657371389]],[[7.206049444,43.657371389],[7.205244722,43.656789722]],[[7.205244722,43.656789722],[7.202152222,43.654536111]],[[7.202152222,43.654536111],[7.201941111,43.654379167]],[[7.201941111,43.654379167],[7.201881944,43.65432]],[[7.201881944,43.65432],[7.201843889,43.654271111]],[[7.201843889,43.654271111],[7.201791389,43.654167778]],[[7.201791389,43.654167778],[7.201778611,43.654122222]],[[7.201778611,43.654122222],[7.2017675,43.654038889]],[[7.2017675,43.654038889],[7.201779444,43.653948611]],[[7.201779444,43.653948611],[7.2017925,43.653880278]],[[7.2017925,43.653880278],[7.201816111,43.653814444]],[[7.201816111,43.653814444],[7.201844444,43.653748056]],[[7.201844444,43.653748056],[7.201877222,43.653686944]],[[7.201877222,43.653686944],[7.2019175,43.653625556]],[[7.2019175,43.653625556],[7.201957778,43.653566944]],[[7.201957778,43.653566944],[7.202007222,43.653510278]],[[7.202007222,43.653510278],[7.202060556,43.653453056]],[[7.202060556,43.653453056],[7.202086944,43.6534375]],[[7.202086944,43.6534375],[7.202153611,43.653394722]],[[7.202153611,43.653394722],[7.202230556,43.653356111]],[[7.202230556,43.653356111],[7.2023125,43.653326667]],[[7.2023125,43.653326667],[7.202401667,43.653305556]],[[7.202401667,43.653305556],[7.202492778,43.653293611]],[[7.202492778,43.653293611],[7.202585833,43.653289722]],[[7.202585833,43.653289722],[7.2026725,43.653292222]],[[7.2026725,43.653292222],[7.202763333,43.653304167]],[[7.202763333,43.653304167],[7.202860278,43.653324444]],[[7.202860278,43.653324444],[7.202943333,43.653353889]],[[7.202943333,43.653353889],[7.203024722,43.653391389]],[[7.203024722,43.653391389],[7.203092778,43.653435278]],[[7.203092778,43.653435278],[7.2031625,43.653484167]],[[7.2031625,43.653484167],[7.203237778,43.653539444]],[[7.203237778,43.653539444],[7.2050575,43.6548625]],[[7.2050575,43.6548625],[7.208624444,43.657458889]],[[7.208624444,43.657458889],[7.208654444,43.657489167]],[[7.208654444,43.657489167],[7.208698889,43.657550556]],[[7.208698889,43.657550556],[7.208728056,43.657613056]],[[7.208728056,43.657613056],[7.208738333,43.657681667]],[[7.208738333,43.657681667],[7.208733611,43.657744722]],[[7.208733611,43.657744722],[7.208700833,43.657882222]],[[7.208700833,43.657882222],[7.208669444,43.658013611]],[[7.208669444,43.658013611],[7.208625278,43.658223056]],[[7.207726667,43.658596389],[7.207839722,43.658696944]],[[7.207839722,43.658696944],[7.207934444,43.6587975]],[[7.207934444,43.6587975],[7.208035278,43.658921667]],[[7.208035278,43.658921667],[7.208127222,43.659075833]],[[7.208127222,43.659075833],[7.2082125,43.659257222]],[[7.2082125,43.659257222],[7.208254167,43.659407222]],[[7.208254167,43.659407222],[7.208278333,43.659556111]],[[7.208278333,43.659556111],[7.208276667,43.659707778]],[[7.208276667,43.659707778],[7.208270278,43.659792222]],[[7.208270278,43.659792222],[7.208225,43.660003333]],[[7.208225,43.660003333],[7.207814444,43.6618275]],[[7.207814444,43.6618275],[7.207615556,43.662700278]],[[7.207615556,43.662700278],[7.207595278,43.662785556]],[[7.207595278,43.662785556],[7.207575833,43.662826111]],[[7.207575833,43.662826111],[7.207550556,43.662865556]],[[7.207550556,43.662865556],[7.207522222,43.662891389]],[[7.207522222,43.662891389],[7.207487778,43.662920556]],[[7.207487778,43.662920556],[7.207429444,43.662949722]],[[7.207429444,43.662949722],[7.207378056,43.662970833]],[[7.207378056,43.662970833],[7.207329167,43.662981667]],[[7.207329167,43.662981667],[7.207259722,43.662994722]],[[7.207620278,43.6626775],[7.207618889,43.662731667]],[[7.207618889,43.662731667],[7.207627222,43.662782778]],[[7.207627222,43.662782778],[7.207647222,43.66284]],[[7.207647222,43.66284],[7.207678056,43.662896944]],[[7.207678056,43.662896944],[7.207717778,43.6629425]],[[7.207717778,43.6629425],[7.207752778,43.662970278]],[[7.207752778,43.662970278],[7.207788333,43.662993056]],[[7.207788333,43.662993056],[7.207830278,43.663019444]],[[7.207830278,43.663019444],[7.207875556,43.663039444]],[[7.207875556,43.663039444],[7.207925556,43.663056389]],[[7.207925556,43.663056389],[7.207973889,43.663070556]],[[7.207973889,43.663070556],[7.208018333,43.663081389]],[[7.210031111,43.662681111],[7.210029167,43.662718889]],[[7.210029167,43.662718889],[7.210031111,43.662753056]],[[7.210031111,43.662753056],[7.210040278,43.662796389]],[[7.210040278,43.662796389],[7.210058611,43.662841667]],[[7.210058611,43.662841667],[7.210086944,43.662891667]],[[7.210086944,43.662891667],[7.21013,43.662939444]],[[7.21013,43.662939444],[7.210169167,43.662972222]],[[7.210169167,43.662972222],[7.210220833,43.663005278]],[[7.210220833,43.663005278],[7.2102875,43.663036389]],[[7.2102875,43.663036389],[7.210346111,43.663058056]],[[7.210346111,43.663058056],[7.210375278,43.663067778]],[[7.209836111,43.663134167],[7.2098825,43.663111389]],[[7.2098825,43.663111389],[7.209939722,43.663083889]],[[7.209939722,43.663083889],[7.2100025,43.663066389]],[[7.2100025,43.663066389],[7.210046944,43.6630575]],[[7.210046944,43.6630575],[7.210084167,43.6630525]],[[7.210084167,43.6630525],[7.210146667,43.6630475]],[[7.210146667,43.6630475],[7.210196667,43.663049722]],[[7.210196667,43.663049722],[7.2102425,43.663053333]],[[7.2102425,43.663053333],[7.210317778,43.663061944]],[[7.210317778,43.663061944],[7.210390278,43.663069722]],[[7.210390278,43.663069722],[7.213360556,43.663416944]],[[7.213360556,43.663416944],[7.214498333,43.663551667]],[[7.21323,43.663401111],[7.213273333,43.663399722]],[[7.213273333,43.663399722],[7.2133175,43.663396667]],[[7.2133175,43.663396667],[7.213365556,43.663388333]],[[7.213365556,43.663388333],[7.213404444,43.663375833]],[[7.213404444,43.663375833],[7.213444167,43.663362778]],[[7.213444167,43.663362778],[7.213498333,43.663336944]],[[7.213498333,43.663336944],[7.213542778,43.663308056]],[[7.213542778,43.663308056],[7.213580278,43.663271667]],[[7.213580278,43.663271667],[7.213605,43.663242222]],[[7.213605,43.663242222],[7.213621944,43.663208889]],[[7.213621944,43.663208889],[7.213635833,43.663170833]],[[7.213635833,43.663170833],[7.213646944,43.663133056]],[[7.213646944,43.663133056],[7.213646111,43.663095556]],[[7.213646111,43.663095556],[7.213643333,43.663069167]],[[7.213643333,43.663069167],[7.213634444,43.663031389]],[[7.213634444,43.663031389],[7.213623333,43.663005278]],[[7.213623333,43.663005278],[7.213601111,43.662965833]],[[7.213601111,43.662965833],[7.213581667,43.6629375]],[[7.206038056,43.657365],[7.206003611,43.657324444]],[[7.206003611,43.657324444],[7.205964444,43.657266389]],[[7.205964444,43.657266389],[7.205934444,43.657212222]],[[7.205934444,43.657212222],[7.205913889,43.6571475]],[[7.205913889,43.6571475],[7.205910833,43.657090833]],[[7.205910833,43.657090833],[7.205921389,43.657026944]],[[7.205921389,43.657026944],[7.205934167,43.656979167]],[[7.205934167,43.656979167],[7.205965833,43.656898611]],[[7.205965833,43.656898611],[7.206001111,43.656850556]],[[7.206001111,43.656850556],[7.206053611,43.656795278]],[[7.206053611,43.656795278],[7.206076389,43.656779722]],[[7.206076389,43.656779722],[7.20651,43.656466111]],[[7.20651,43.656466111],[7.206575,43.656420833]],[[7.206575,43.656420833],[7.206625833,43.656378611]],[[7.206625833,43.656378611],[7.206671389,43.656336944]],[[7.206671389,43.656336944],[7.206693333,43.656309444]],[[7.206693333,43.656309444],[7.206725278,43.656264444]],[[7.206725278,43.656264444],[7.206748611,43.656227778]],[[7.206748611,43.656227778],[7.206786667,43.656081111]],[[7.206786667,43.656081111],[7.206803611,43.656008333]],[[7.206803611,43.656008333],[7.2068275,43.655904167]],[[7.2068275,43.655904167],[7.206838611,43.655839167]],[[7.206838611,43.655839167],[7.206855556,43.655766389]],[[7.206855556,43.655766389],[7.206876389,43.65566]],[[7.206876389,43.65566],[7.206956667,43.655301389]],[[7.205968889,43.655523056],[7.206023889,43.655552778]],[[7.206023889,43.655552778],[7.206083056,43.655578056]],[[7.206083056,43.655578056],[7.206160833,43.655601389]],[[7.206160833,43.655601389],[7.206251389,43.655618611]],[[7.206251389,43.655618611],[7.206345278,43.655625556]],[[7.206345278,43.655625556],[7.206438611,43.655621944]],[[7.206438611,43.655621944],[7.206530833,43.655608611]],[[7.206530833,43.655608611],[7.206623611,43.655581944]],[[7.206623611,43.655581944],[7.206705833,43.655547778]],[[7.206705833,43.655547778],[7.206776667,43.655509722]],[[7.206776667,43.655509722],[7.206818611,43.655478333]],[[7.206818611,43.655478333],[7.206850278,43.655453056]],[[7.206850278,43.655453056],[7.206888333,43.655408889]],[[7.206888333,43.655408889],[7.206928889,43.655363056]],[[7.206928889,43.655363056],[7.206950278,43.655331111]],[[7.208759167,43.656712222],[7.208726667,43.656732222]],[[7.208726667,43.656732222],[7.208696389,43.656749167]],[[7.208696389,43.656749167],[7.208665833,43.656765556]],[[7.208665833,43.656765556],[7.208623611,43.656783611]],[[7.208623611,43.656783611],[7.208578056,43.656801944]],[[7.208578056,43.656801944],[7.208501944,43.656825833]],[[7.208501944,43.656825833],[7.208441944,43.656841111]],[[7.208441944,43.656841111],[7.208401667,43.656849167]],[[7.208401667,43.656849167],[7.208326667,43.656859722]],[[7.208326667,43.656859722],[7.20825,43.656867222]],[[7.20825,43.656867222],[7.208183333,43.65687]],[[7.208183333,43.65687],[7.208116111,43.656868611]],[[7.208116111,43.656868611],[7.208058611,43.656863889]],[[7.208058611,43.656863889],[7.207975,43.656852778]],[[7.207975,43.656852778],[7.207888056,43.656835]],[[7.207888056,43.656835],[7.207805556,43.656809444]],[[7.207805556,43.656809444],[7.207728611,43.656779444]],[[7.207728611,43.656779444],[7.207655833,43.656743611]],[[7.207655833,43.656743611],[7.207599167,43.656713333]],[[7.208735278,43.657746944],[7.208955278,43.656773333]],[[7.208624444,43.657458611],[7.209508333,43.658101389]],[[7.208980556,43.657716944],[7.208938611,43.657678333]],[[7.208938611,43.657678333],[7.208912778,43.657651389]],[[7.208912778,43.657651389],[7.208885,43.657615556]],[[7.208885,43.657615556],[7.208864722,43.657584167]],[[7.208864722,43.657584167],[7.208848056,43.657550833]],[[7.208848056,43.657550833],[7.208834722,43.657515833]],[[7.208834722,43.657515833],[7.208823889,43.6574825]],[[7.208823889,43.6574825],[7.208820833,43.657453056]],[[7.208820833,43.657453056],[7.208819167,43.657411667]],[[7.208819167,43.657411667],[7.208818889,43.657377778]],[[7.207806944,43.658666667],[7.208409167,43.659172778]],[[7.208409167,43.659172778],[7.208560556,43.659281944]],[[7.208560556,43.659281944],[7.208831667,43.659481389]],[[7.208831667,43.659481389],[7.213576944,43.6629325]],[[7.213576944,43.6629325],[7.214356389,43.663497778]],[[7.214356389,43.663497778],[7.214498333,43.663550833]],[[7.210515,43.660515],[7.210516667,43.660558333]],[[7.210516667,43.660558333],[7.210519444,43.660593056]],[[7.210519444,43.660593056],[7.210528056,43.660636111]],[[7.210528056,43.660636111],[7.21055,43.660687778]],[[7.21055,43.660687778],[7.210571389,43.660722778]],[[7.210571389,43.660722778],[7.21061,43.660767222]],[[7.21061,43.660767222],[7.210649167,43.660803611]],[[7.210321389,43.660564167],[7.210370556,43.660613333]],[[7.210370556,43.660613333],[7.210406389,43.660658333]],[[7.210406389,43.660658333],[7.210430278,43.660704167]],[[7.210430278,43.660704167],[7.210431111,43.660705]],[[7.210431111,43.660705],[7.210441111,43.660745556]],[[7.210441111,43.660745556],[7.210448889,43.660786389]],[[7.210448889,43.660786389],[7.210446389,43.660818333]],[[7.209804167,43.660188889],[7.209846389,43.660211944]],[[7.209846389,43.660211944],[7.209927778,43.660244722]],[[7.209927778,43.660244722],[7.210011944,43.660266944]],[[7.210011944,43.660266944],[7.210096111,43.660278333]],[[7.210096111,43.660278333],[7.210154444,43.66028]],[[7.210154444,43.66028],[7.210239444,43.660279167]],[[7.210239444,43.660279167],[7.210329444,43.660265278]],[[7.210329444,43.660265278],[7.210400556,43.660247778]],[[7.210400556,43.660247778],[7.210461111,43.660220556]],[[7.210461111,43.660220556],[7.210524167,43.660176389]],[[7.210524167,43.660176389],[7.210560278,43.660138056]],[[7.210560278,43.660138056],[7.210586667,43.660089722]],[[7.210586667,43.660089722],[7.210613889,43.660031389]],[[7.210613889,43.660031389],[7.2106425,43.6599575]],[[7.208578611,43.65843],[7.208268611,43.659800833]],[[7.208448056,43.659003056],[7.208446944,43.659056944]],[[7.208446944,43.659056944],[7.208454444,43.659111389]],[[7.208454444,43.659111389],[7.2084725,43.659166944]],[[7.2084725,43.659166944],[7.208502222,43.659216944]],[[7.208502222,43.659216944],[7.208547222,43.659267222]],[[7.208547222,43.659267222],[7.2085775,43.659294167]],[[7.22858,43.671819167],[7.228361111,43.671980278]],[[7.228476944,43.671894444],[7.225967778,43.670071944]],[[7.225967778,43.670071944],[7.224039722,43.668667778]],[[7.224039722,43.668667778],[7.219575556,43.6654225]],[[7.219575556,43.6654225],[7.216670556,43.663311389]],[[7.216670556,43.663311389],[7.216603333,43.663270278]],[[7.216603333,43.663270278],[7.216530556,43.663239722]],[[7.216530556,43.663239722],[7.21645,43.6632175]],[[7.21645,43.6632175],[7.216364444,43.663207778]],[[7.216364444,43.663207778],[7.216277778,43.663206111]],[[7.216277778,43.663206111],[7.216192778,43.663218333]],[[7.216192778,43.663218333],[7.216111111,43.663239722]],[[7.216111111,43.663239722],[7.216034167,43.663272222]],[[7.216034167,43.663272222],[7.215977222,43.663306111]],[[7.215977222,43.663306111],[7.215517778,43.663639167]],[[7.215517778,43.663639167],[7.215458333,43.663677222]],[[7.215458333,43.663677222],[7.215376111,43.663712778]],[[7.215376111,43.663712778],[7.215291944,43.66374]],[[7.215291944,43.66374],[7.215201111,43.663756389]],[[7.215201111,43.663756389],[7.215110833,43.663765]],[[7.215110833,43.663765],[7.215016944,43.663760833]],[[7.215016944,43.663760833],[7.214925278,43.663750278]],[[7.214925278,43.663750278],[7.2148375,43.663727778]],[[7.2148375,43.663727778],[7.214803056,43.663710278]],[[7.214803056,43.663710278],[7.214758889,43.663677778]],[[7.214758889,43.663677778],[7.214710833,43.663643056]],[[7.214710833,43.663643056],[7.2146475,43.663603889]],[[7.2146475,43.663603889],[7.214594167,43.663579722]],[[7.214594167,43.663579722],[7.214551667,43.663566389]],[[7.214551667,43.663566389],[7.214496667,43.663550833]],[[7.210823056,43.659057222],[7.216708889,43.663338889]],[[7.215979167,43.663304722],[7.217114444,43.662483056]],[[7.215991111,43.662816944],[7.216034722,43.662856111]],[[7.216034722,43.662856111],[7.216071389,43.662905556]],[[7.216071389,43.662905556],[7.2161,43.662963611]],[[7.2161,43.662963611],[7.216115278,43.663022778]],[[7.216115278,43.663022778],[7.216114167,43.663064167]],[[7.216114167,43.663064167],[7.216110833,43.663103889]],[[7.216110833,43.663103889],[7.216099167,43.663150278]],[[7.216099167,43.663150278],[7.216082778,43.663186111]],[[7.216082778,43.663186111],[7.216058889,43.663226389]],[[7.216058889,43.663226389],[7.2160225,43.663267778]],[[7.2160225,43.663267778],[7.215975278,43.663307222]],[[7.216732222,43.662759167],[7.216679444,43.662813333]],[[7.216679444,43.662813333],[7.216651111,43.662848056]],[[7.216651111,43.662848056],[7.216621111,43.662892222]],[[7.216621111,43.662892222],[7.216605278,43.662926389]],[[7.216605278,43.662926389],[7.216589167,43.662975556]],[[7.216589167,43.662975556],[7.216578056,43.663033611]],[[7.216578056,43.663033611],[7.216582222,43.663088333]],[[7.216582222,43.663088333],[7.216585833,43.663132778]],[[7.216585833,43.663132778],[7.216606111,43.663184444]],[[7.216606111,43.663184444],[7.216631111,43.663233889]],[[7.216631111,43.663233889],[7.216661667,43.663283333]],[[7.216661667,43.663283333],[7.216703611,43.663328056]],[[7.216703611,43.663328056],[7.216749167,43.663368611]],[[7.215913333,43.662759722],[7.215990278,43.662799444]],[[7.215990278,43.662799444],[7.216070278,43.662833056]],[[7.216070278,43.662833056],[7.216135833,43.662848889]],[[7.216135833,43.662848889],[7.216200278,43.662861389]],[[7.216200278,43.662861389],[7.216273333,43.662869722]],[[7.216273333,43.662869722],[7.216348611,43.66287]],[[7.216348611,43.66287],[7.216418611,43.662864722]],[[7.216418611,43.662864722],[7.216481111,43.662855556]],[[7.216481111,43.662855556],[7.216550833,43.662839722]],[[7.216550833,43.662839722],[7.216611944,43.66282]],[[7.216611944,43.66282],[7.216671389,43.662791944]],[[7.216671389,43.662791944],[7.216728889,43.662761944]],[[7.211697222,43.659693889],[7.211630556,43.659651111]],[[7.211630556,43.659651111],[7.211556389,43.659616944]],[[7.211556389,43.659616944],[7.211501667,43.659597222]],[[7.211501667,43.659597222],[7.211422222,43.659576667]],[[7.211422222,43.659576667],[7.211356389,43.659567222]],[[7.211356389,43.659567222],[7.211280833,43.659563056]],[[7.211280833,43.659563056],[7.211201667,43.659564167]],[[7.211201667,43.659564167],[7.211118611,43.659573889]],[[7.211118611,43.659573889],[7.211049167,43.659587778]],[[7.211049167,43.659587778],[7.210975278,43.659611667]],[[7.210975278,43.659611667],[7.210912222,43.659640833]],[[7.210912222,43.659640833],[7.210856944,43.659668889]],[[7.210856944,43.659668889],[7.210803056,43.659703056]],[[7.210320833,43.661385556],[7.210348056,43.661309167]],[[7.210348056,43.661309167],[7.210379722,43.6612575]],[[7.210379722,43.6612575],[7.210437778,43.661199167]],[[7.210437778,43.661199167],[7.2104825,43.661168333]],[[7.2104825,43.661168333],[7.210526389,43.66114]],[[7.210526389,43.66114],[7.210585278,43.661114444]],[[7.210585278,43.661114444],[7.210632778,43.661098056]],[[7.210632778,43.661098056],[7.210708333,43.661082778]],[[7.210708333,43.661082778],[7.210771111,43.661074722]],[[7.210771111,43.661074722],[7.210856667,43.661075556]],[[7.210856667,43.661075556],[7.210924167,43.661081667]],[[7.210924167,43.661081667],[7.210988889,43.661096111]],[[7.210988889,43.661096111],[7.211045,43.661114722]],[[7.211045,43.661114722],[7.211109444,43.661144167]],[[7.211109444,43.661144167],[7.211155556,43.661170833]],[[7.226587222,43.670522778],[7.226555,43.670483333]],[[7.226555,43.670483333],[7.226545278,43.670452778]],[[7.226545278,43.670452778],[7.226532778,43.670405833]],[[7.226532778,43.670405833],[7.226522778,43.670359444]],[[7.226522778,43.670359444],[7.226526667,43.670318889]],[[7.226526667,43.670318889],[7.226546389,43.670262222]],[[7.226546389,43.670262222],[7.226591944,43.670205]],[[7.226591944,43.670205],[7.226661667,43.670151944]],[[7.226661667,43.670151944],[7.226729444,43.670103333]],[[7.226729444,43.670103333],[7.227166944,43.669789167]],[[7.2259675,43.670071389],[7.226006944,43.670091667]],[[7.226006944,43.670091667],[7.226086667,43.670128333]],[[7.226086667,43.670128333],[7.226176944,43.670156389]],[[7.226176944,43.670156389],[7.226251111,43.670168611]],[[7.226251111,43.670168611],[7.226322778,43.670176389]],[[7.226322778,43.670176389],[7.226394722,43.6701775]],[[7.226394722,43.6701775],[7.226467778,43.670171667]],[[7.226467778,43.670171667],[7.226556389,43.670158056]],[[7.226556389,43.670158056],[7.226610556,43.670143889]],[[7.226610556,43.670143889],[7.226663333,43.670125278]],[[7.226663333,43.670125278],[7.226720278,43.670099722]],[[7.226720278,43.670099722],[7.226773333,43.670071667]],[[7.224449722,43.667811667],[7.224051667,43.668100278]],[[7.224051667,43.668100278],[7.223983889,43.668133333]],[[7.223983889,43.668133333],[7.223934444,43.668153333]],[[7.223934444,43.668153333],[7.223860556,43.668175556]],[[7.223860556,43.668175556],[7.223796111,43.66819]],[[7.223796111,43.66819],[7.223727778,43.668198611]],[[7.223727778,43.668198611],[7.223653889,43.668203056]],[[7.223653889,43.668203056],[7.223586389,43.6682]],[[7.223586389,43.6682],[7.223511389,43.668190278]],[[7.223511389,43.668190278],[7.223433333,43.668173611]],[[7.223433333,43.668173611],[7.223363611,43.66815]],[[7.223363611,43.66815],[7.223254722,43.668096667]],[[7.224053333,43.668098333],[7.224028333,43.668125556]],[[7.224028333,43.668125556],[7.223977778,43.668184167]],[[7.223977778,43.668184167],[7.223954444,43.668225556]],[[7.223954444,43.668225556],[7.223929167,43.668273056]],[[7.223929167,43.668273056],[7.223918611,43.668318611]],[[7.223918611,43.668318611],[7.223911389,43.668354167]],[[7.223911389,43.668354167],[7.223909167,43.668400833]],[[7.223909167,43.668400833],[7.223914722,43.668441389]],[[7.223914722,43.668441389],[7.223927222,43.668491389]],[[7.223927222,43.668491389],[7.223944722,43.668534722]],[[7.223944722,43.668534722],[7.223970556,43.668579444]],[[7.223970556,43.668579444],[7.224015833,43.668638889]],[[7.224015833,43.668638889],[7.224058889,43.668682222]],[[7.220810556,43.665171111],[7.219156389,43.666368611]],[[7.219156389,43.666368611],[7.219083611,43.666411944]],[[7.219083611,43.666411944],[7.219015833,43.666438889]],[[7.219015833,43.666438889],[7.218944167,43.666458889]],[[7.218944167,43.666458889],[7.218876667,43.666469167]],[[7.218876667,43.666469167],[7.218801944,43.666472222]],[[7.218801944,43.666472222],[7.218729167,43.666468056]],[[7.218729167,43.666468056],[7.218648056,43.666455]],[[7.218648056,43.666455],[7.2185625,43.666428889]],[[7.2185625,43.666428889],[7.218504167,43.666400278]],[[7.218504167,43.666400278],[7.218409722,43.666334444]],[[7.218409722,43.666334444],[7.214803611,43.663710833]],[[7.215479722,43.663663333],[7.215435556,43.663702222]],[[7.215435556,43.663702222],[7.215390833,43.663745833]],[[7.215390833,43.663745833],[7.215357222,43.663789167]],[[7.215357222,43.663789167],[7.215334167,43.663839167]],[[7.215334167,43.663839167],[7.215318056,43.663897222]],[[7.215318056,43.663897222],[7.215315833,43.663936667]],[[7.215315833,43.663936667],[7.215319444,43.663978333]],[[7.215319444,43.663978333],[7.215330556,43.664023056]],[[7.215330556,43.664023056],[7.215349444,43.664066111]],[[7.215349444,43.664066111],[7.215374167,43.664103611]],[[7.215374167,43.664103611],[7.215400833,43.664136389]],[[7.215400833,43.664136389],[7.215443056,43.664176667]],[[7.220595556,43.665101111],[7.220598611,43.665126111]],[[7.220598611,43.665126111],[7.220598889,43.665160833]],[[7.220598889,43.665160833],[7.220595,43.665190833]],[[7.220595,43.665190833],[7.220583611,43.665236667]],[[7.220583611,43.665236667],[7.220567222,43.665281944]],[[7.220567222,43.665281944],[7.220543889,43.665321389]],[[7.220543889,43.665321389],[7.220507778,43.665371111]],[[7.220507778,43.665371111],[7.220471944,43.665413333]],[[7.220471944,43.665413333],[7.22042,43.665454722]],[[7.22042,43.665454722],[7.220374167,43.665499444]],[[7.220374167,43.665499444],[7.220338889,43.665545556]],[[7.220338889,43.665545556],[7.220311944,43.665589444]],[[7.220311944,43.665589444],[7.220287222,43.665647222]],[[7.220287222,43.665647222],[7.220275,43.665713889]],[[7.220275,43.665713889],[7.220277222,43.665783056]],[[7.220277222,43.665783056],[7.220290278,43.665851389]],[[7.220290278,43.665851389],[7.220312222,43.665903889]],[[7.220312222,43.665903889],[7.220347222,43.665959444]],[[7.220347222,43.665959444],[7.220390556,43.666006389]],[[7.220390556,43.666006389],[7.220425278,43.666040556]],[[7.219694167,43.665979167],[7.219759722,43.665944722]],[[7.219759722,43.665944722],[7.219821111,43.665921667]],[[7.219821111,43.665921667],[7.219876111,43.6659075]],[[7.219876111,43.6659075],[7.219944444,43.665896944]],[[7.219944444,43.665896944],[7.2200125,43.665893333]],[[7.2200125,43.665893333],[7.220079444,43.665896667]],[[7.220079444,43.665896667],[7.220136111,43.665903889]],[[7.220136111,43.665903889],[7.220184722,43.665915833]],[[7.220184722,43.665915833],[7.220253333,43.665938056]],[[7.220253333,43.665938056],[7.220296667,43.665956944]],[[7.220296667,43.665956944],[7.220349167,43.665988611]],[[7.220349167,43.665988611],[7.220395833,43.666019444]],[[7.2204325,43.665444444],[7.220384444,43.665469444]],[[7.220384444,43.665469444],[7.220316667,43.665502222]],[[7.220316667,43.665502222],[7.220248611,43.665524167]],[[7.220248611,43.665524167],[7.220200833,43.665536667]],[[7.220200833,43.665536667],[7.220129444,43.665549167]],[[7.220129444,43.665549167],[7.220059722,43.6655575]],[[7.220059722,43.6655575],[7.219991111,43.665555833]],[[7.219991111,43.665555833],[7.219915278,43.665551111]],[[7.219915278,43.665551111],[7.219835556,43.665536944]],[[7.219835556,43.665536944],[7.219747778,43.665513889]],[[7.219747778,43.665513889],[7.219681389,43.665487222]],[[7.219681389,43.665487222],[7.219615,43.665451389]],[[7.219682222,43.665501389],[7.219725,43.665539167]],[[7.219725,43.665539167],[7.219765278,43.665591667]],[[7.219765278,43.665591667],[7.2197925,43.665640833]],[[7.2197925,43.665640833],[7.219806944,43.665692222]],[[7.219806944,43.665692222],[7.219811667,43.665752778]],[[7.219811667,43.665752778],[7.219804444,43.665807222]],[[7.219804444,43.665807222],[7.219785556,43.665857222]],[[7.219785556,43.665857222],[7.219761667,43.665903056]],[[7.219761667,43.665903056],[7.219725278,43.665947222]],[[7.219725278,43.665947222],[7.219664167,43.666001111]],[[7.219135556,43.666595833],[7.219262778,43.666630833]],[[7.219262778,43.666630833],[7.219308056,43.66665]],[[7.219308056,43.66665],[7.219359444,43.666675833]],[[7.219359444,43.666675833],[7.219403333,43.666707778]],[[7.219403333,43.666707778],[7.219435556,43.666733056]],[[7.219435556,43.666733056],[7.220692222,43.667646667]],[[7.220692222,43.667646667],[7.22084,43.667725]],[[7.22084,43.667725],[7.220948056,43.667780556]],[[7.219258056,43.666493889],[7.219264167,43.666518333]],[[7.219264167,43.666518333],[7.219275556,43.666555]],[[7.219275556,43.666555],[7.219291667,43.666592222]],[[7.219291667,43.666592222],[7.219323056,43.666635278]],[[7.219323056,43.666635278],[7.219359722,43.666676111]],[[7.206123056,43.650608056],[7.2061125,43.650647778]],[[7.2061125,43.650647778],[7.206104722,43.650686111]],[[7.206104722,43.650686111],[7.206100556,43.6507275]],[[7.206100556,43.6507275],[7.206101944,43.650777222]],[[7.206101944,43.650777222],[7.206105278,43.650811111]],[[7.206105278,43.650811111],[7.206114722,43.650851667]],[[7.206114722,43.650851667],[7.206125,43.650888056]],[[7.206125,43.650888056],[7.206146111,43.650935556]],[[7.206146111,43.650935556],[7.2061725,43.650979722]],[[7.2061725,43.650979722],[7.206213056,43.651035]],[[7.206213056,43.651035],[7.2062625,43.651083333]],[[7.2062625,43.651083333],[7.206303333,43.65112]],[[7.203536111,43.652368333],[7.203643889,43.652305556]],[[7.203643889,43.652305556],[7.203741667,43.652255833]],[[7.203741667,43.652255833],[7.203852222,43.652217778]],[[7.203852222,43.652217778],[7.203956667,43.652194167]],[[7.203956667,43.652194167],[7.2040325,43.6521825]],[[7.2040325,43.6521825],[7.204143333,43.652175556]],[[7.204143333,43.652175556],[7.204229722,43.652175833]],[[7.204229722,43.652175833],[7.204312222,43.652183611]],[[7.204312222,43.652183611],[7.204398333,43.652196389]],[[7.204398333,43.652196389],[7.204482778,43.652215278]],[[7.204482778,43.652215278],[7.204578056,43.652244167]],[[7.204578056,43.652244167],[7.204646111,43.652277222]],[[7.204646111,43.652277222],[7.204717222,43.652310278]],[[7.204717222,43.652310278],[7.204772778,43.652346389]],[[7.204772778,43.652346389],[7.204811389,43.652373611]],[[7.206963333,43.655266944],[7.207276111,43.653896944]],[[7.207276111,43.653896944],[7.207330278,43.653781111]],[[7.207330278,43.653781111],[7.207370556,43.653712778]],[[7.207370556,43.653712778],[7.207423889,43.6536325]],[[7.207423889,43.6536325],[7.207504722,43.653538889]],[[7.207504722,43.653538889],[7.207573611,43.653473056]],[[7.207573611,43.653473056],[7.207651389,43.653410556]],[[7.207651389,43.653410556],[7.207889722,43.653238889]],[[7.207889722,43.653238889],[7.208064444,43.653111389]],[[7.2081025,43.653084167],[7.208849444,43.652540278]],[[7.208908611,43.65258],[7.208892778,43.6526225]],[[7.208892778,43.6526225],[7.208876111,43.652675556]],[[7.208876111,43.652675556],[7.208869167,43.652733889]],[[7.208869167,43.652733889],[7.208869722,43.652785556]],[[7.208869722,43.652785556],[7.208876389,43.652829722]],[[7.208876389,43.652829722],[7.208886667,43.652879444]],[[7.208886667,43.652879444],[7.208905,43.652926944]],[[7.208905,43.652926944],[7.20894,43.652994167]],[[7.20894,43.652994167],[7.208983333,43.653052222]],[[7.208983333,43.653052222],[7.209045556,43.653114167]],[[7.208094167,43.653075556],[7.208129167,43.653041389]],[[7.208129167,43.653041389],[7.2081525,43.6530125]],[[7.2081525,43.6530125],[7.208176667,43.652973333]],[[7.208176667,43.652973333],[7.208198056,43.652932778]],[[7.208198056,43.652932778],[7.208215278,43.652888611]],[[7.208215278,43.652888611],[7.208228333,43.652841667]],[[7.208228333,43.652841667],[7.208237222,43.652793611]],[[7.208237222,43.652793611],[7.208239444,43.652748889]],[[7.208239444,43.652748889],[7.208236667,43.652704444]],[[7.208236667,43.652704444],[7.208230556,43.652668056]],[[7.208230556,43.652668056],[7.2082175,43.652623889]],[[7.2082175,43.652623889],[7.208198056,43.652574722]],[[7.208198056,43.652574722],[7.208166667,43.652519722]],[[7.208166667,43.652519722],[7.208133056,43.6524725]],[[7.208133056,43.6524725],[7.208103333,43.652439444]],[[7.208103333,43.652439444],[7.208061944,43.652399722]],[[7.207276111,43.653896667],[7.207400556,43.65334]],[[7.207400556,43.65334],[7.207427778,43.653187778]],[[7.207427778,43.653187778],[7.2074275,43.65307]],[[7.2074275,43.65307],[7.207420278,43.653005]],[[7.207420278,43.653005],[7.207398333,43.652906111]],[[7.207398333,43.652906111],[7.207373611,43.652830278]],[[7.207373611,43.652830278],[7.207331389,43.652740278]],[[7.207331389,43.652740278],[7.207268611,43.6526375]],[[7.207268611,43.6526375],[7.2071925,43.652543611]],[[7.207164444,43.652508333],[7.207066389,43.652418333]],[[7.207066389,43.652418333],[7.206995278,43.652363889]],[[7.206995278,43.652363889],[7.206903056,43.652296667]],[[7.206903056,43.652296667],[7.206786111,43.652211389]],[[7.206786111,43.652211389],[7.206605278,43.652080278]],[[7.206605278,43.652080278],[7.205271667,43.651110556]],[[7.205271667,43.651110556],[7.202401389,43.649022778]],[[7.202401389,43.649022778],[7.202324444,43.648947222]],[[7.202324444,43.648947222],[7.202269722,43.648869722]],[[7.202269722,43.648869722],[7.202236667,43.648810278]],[[7.202236667,43.648810278],[7.202216944,43.648739444]],[[7.202216944,43.648739444],[7.202208056,43.648661111]],[[7.202208056,43.648661111],[7.202215278,43.648585556]],[[7.202215278,43.648585556],[7.202228333,43.64853]],[[7.202228333,43.64853],[7.202251389,43.648470833]],[[7.202251389,43.648470833],[7.202283889,43.648411389]],[[7.202283889,43.648411389],[7.202333889,43.648349722]],[[7.202333889,43.648349722],[7.202392222,43.648293333]],[[7.202392222,43.648293333],[7.202472778,43.648233333]],[[7.202472778,43.648233333],[7.202701111,43.648067222]],[[7.204797778,43.651458333],[7.204873056,43.651387222]],[[7.204873056,43.651387222],[7.204922222,43.6513375]],[[7.204922222,43.6513375],[7.204957222,43.651293056]],[[7.204957222,43.651293056],[7.205025,43.6512]],[[7.205046667,43.651163889],[7.205069167,43.651125278]],[[7.205089167,43.651088056],[7.205131111,43.650977222]],[[7.205131111,43.650977222],[7.205146389,43.650905556]],[[7.205146389,43.650905556],[7.205158889,43.650835]],[[7.205158889,43.650835],[7.205164722,43.650754444]],[[7.205164722,43.650754444],[7.205160278,43.65066]],[[7.205160278,43.65066],[7.205143611,43.650563056]],[[7.205143611,43.650563056],[7.205123611,43.650488333]],[[7.205123611,43.650488333],[7.205070278,43.6503625]],[[7.205070278,43.6503625],[7.205016667,43.650273056]],[[7.205016667,43.650273056],[7.204953333,43.650184722]],[[7.204953333,43.650184722],[7.204895278,43.6501175]],[[7.204895278,43.6501175],[7.204849167,43.650076111]],[[7.204849167,43.650076111],[7.204784444,43.650018333]],[[7.204784444,43.650018333],[7.202041944,43.648018611]],[[7.202041944,43.648018611],[7.204579167,43.649866389]],[[7.2027625,43.648105],[7.202734444,43.648165278]],[[7.202734444,43.648165278],[7.202724444,43.648221111]],[[7.202724444,43.648221111],[7.202718056,43.648281667]],[[7.202718056,43.648281667],[7.202720556,43.648343333]],[[7.202720556,43.648343333],[7.202736944,43.648411667]],[[7.202736944,43.648411667],[7.202760278,43.648469722]],[[7.202760278,43.648469722],[7.202801389,43.648535]],[[7.202801389,43.648535],[7.202844444,43.648590556]],[[7.202844444,43.648590556],[7.202898056,43.648642778]],[[7.201884444,43.647468889],[7.201857222,43.647528889]],[[7.201857222,43.647528889],[7.201845833,43.647585556]],[[7.201845833,43.647585556],[7.201840556,43.647644722]],[[7.201840556,43.647644722],[7.2018475,43.647711111]],[[7.2018475,43.647711111],[7.20186,43.647764444]],[[7.20186,43.647764444],[7.201883056,43.647826389]],[[7.201883056,43.647826389],[7.201920833,43.647893611]],[[7.201920833,43.647893611],[7.201985278,43.647970833]],[[7.201985278,43.647970833],[7.202045,43.648021944]],[[7.201827778,43.647426667],[7.201519167,43.647655]],[[7.201519167,43.647655],[7.201465556,43.647702222]],[[7.201465556,43.647702222],[7.201430278,43.647743889]],[[7.201430278,43.647743889],[7.201390278,43.647801667]],[[7.201390278,43.647801667],[7.201355,43.647883611]],[[7.201355,43.647883611],[7.201337222,43.647951667]],[[7.201337222,43.647951667],[7.201333333,43.648023889]],[[7.201333333,43.648023889],[7.201341667,43.648106667]],[[7.201341667,43.648106667],[7.201379167,43.648205]],[[7.201379167,43.648205],[7.201427222,43.648285278]],[[7.201427222,43.648285278],[7.201493333,43.648356667]],[[7.201493333,43.648356667],[7.201576667,43.648422778]],[[7.201576667,43.648422778],[7.202396944,43.649019167]],[[7.204518056,43.651661111],[7.2045925,43.651596111]],[[7.2045925,43.651596111],[7.204640833,43.651540833]],[[7.204640833,43.651540833],[7.204688056,43.6514775]],[[7.204688056,43.6514775],[7.204728056,43.651408056]],[[7.204728056,43.651408056],[7.204764722,43.651333889]],[[7.204764722,43.651333889],[7.204788056,43.651258333]],[[7.204788056,43.651258333],[7.204805,43.651192778]],[[7.204805,43.651192778],[7.204808611,43.651113611]],[[7.204808611,43.651113611],[7.204805833,43.651060278]],[[7.204805833,43.651060278],[7.204788611,43.650957778]],[[7.204788611,43.650957778],[7.204754722,43.650864722]],[[7.204754722,43.650864722],[7.204704722,43.650765278]],[[7.204704722,43.650765278],[7.204651389,43.650693889]],[[7.204651389,43.650693889],[7.204576944,43.650615556]],[[7.204576944,43.650615556],[7.204531111,43.650571389]],[[7.208959444,43.656739722],[7.20961,43.653875556]],[[7.20961,43.653875556],[7.209616389,43.653781111]],[[7.209616389,43.653781111],[7.209606389,43.653696111]],[[7.209606389,43.653696111],[7.209576667,43.653601667]],[[7.209576667,43.653601667],[7.209534167,43.653525278]],[[7.209534167,43.653525278],[7.209478333,43.653451111]],[[7.209478333,43.653451111],[7.209415,43.6533875]],[[7.209415,43.6533875],[7.209334722,43.653325]],[[7.209334722,43.653325],[7.204708611,43.649963611]],[[7.205196944,43.651168056],[7.205296389,43.651112222]],[[7.205296389,43.651112222],[7.205371111,43.651084444]],[[7.205371111,43.651084444],[7.205470278,43.651051111]],[[7.205470278,43.651051111],[7.205560278,43.651031389]],[[7.205560278,43.651031389],[7.205675556,43.651011944]],[[7.205675556,43.651011944],[7.205785,43.651007778]],[[7.205785,43.651007778],[7.205916667,43.651017778]],[[7.205916667,43.651017778],[7.206056111,43.651041389]],[[7.206056111,43.651041389],[7.206181667,43.651077222]],[[7.206181667,43.651077222],[7.206274444,43.651116944]],[[7.206274444,43.651116944],[7.2063475,43.651154167]],[[7.205766111,43.650753889],[7.205713056,43.650814444]],[[7.205713056,43.650814444],[7.205668333,43.650871111]],[[7.205668333,43.650871111],[7.205638611,43.65092]],[[7.205638611,43.65092],[7.205618611,43.650969444]],[[7.205618611,43.650969444],[7.205601111,43.651027222]],[[7.205601111,43.651027222],[7.2055925,43.651104444]],[[7.2055925,43.651104444],[7.205596944,43.651170556]],[[7.205596944,43.651170556],[7.205611389,43.651231944]],[[7.205611389,43.651231944],[7.205635833,43.6513]],[[7.205635833,43.6513],[7.205668889,43.651353056]],[[7.205668889,43.651353056],[7.2057175,43.651416111]],[[7.2057175,43.651416111],[7.205766667,43.651466944]],[[7.205766667,43.651466944],[7.205814444,43.651504722]],[[7.2071525,43.654435556],[7.207160278,43.654378056]],[[7.207160278,43.654378056],[7.207158611,43.654316944]],[[7.207158611,43.654316944],[7.207151389,43.654248056]],[[7.207151389,43.654248056],[7.207131389,43.6541825]],[[7.207131389,43.6541825],[7.207105278,43.654117778]],[[7.207105278,43.654117778],[7.207070833,43.654056667]],[[7.207070833,43.654056667],[7.207016667,43.653990556]],[[7.207016667,43.653990556],[7.206954722,43.653933056]],[[7.206954722,43.653933056],[7.206858611,43.653862222]],[[7.206858611,43.653862222],[7.206384444,43.653518889]],[[7.217156944,43.662453056],[7.217939167,43.661886389]],[[7.217939167,43.661886389],[7.218053889,43.6617875]],[[7.218053889,43.6617875],[7.218143611,43.661694722]],[[7.218143611,43.661694722],[7.218203333,43.661606389]],[[7.218203333,43.661606389],[7.218246667,43.661541111]],[[7.218246667,43.661541111],[7.218278889,43.661471944]],[[7.218278889,43.661471944],[7.218313889,43.661371111]],[[7.218313889,43.661371111],[7.218330833,43.661301111]],[[7.218330833,43.661301111],[7.218351944,43.661204167]],[[7.218351944,43.661204167],[7.2183525,43.661114722]],[[7.2183525,43.661114722],[7.218343056,43.661023056]],[[7.218343056,43.661023056],[7.218326667,43.660944167]],[[7.218326667,43.660944167],[7.218139444,43.660428889]],[[7.218139444,43.660428889],[7.217445833,43.658546389]],[[7.217445833,43.658546389],[7.217360278,43.658344722]],[[7.217360278,43.658344722],[7.217266944,43.658140833]],[[7.217266944,43.658140833],[7.217154722,43.657935278]],[[7.217154722,43.657935278],[7.217013889,43.657708056]],[[7.217013889,43.657708056],[7.216785,43.657393611]],[[7.216785,43.657393611],[7.216508611,43.657065278]],[[7.216508611,43.657065278],[7.216322222,43.656877778]],[[7.216322222,43.656877778],[7.216102778,43.656671944]],[[7.216102778,43.656671944],[7.215871389,43.656480833]],[[7.215871389,43.656480833],[7.215535556,43.656230278]],[[7.215535556,43.656230278],[7.215188333,43.655975833]],[[7.215188333,43.655975833],[7.214864722,43.655743889]],[[7.214864722,43.655743889],[7.214629722,43.655576667]],[[7.214629722,43.655576667],[7.214420278,43.655433333]],[[7.214420278,43.655433333],[7.214226667,43.655319722]],[[7.214226667,43.655319722],[7.213947778,43.655160833]],[[7.213947778,43.655160833],[7.213743056,43.655056389]],[[7.213743056,43.655056389],[7.2135225,43.654957778]],[[7.2135225,43.654957778],[7.213263333,43.654844722]],[[7.213263333,43.654844722],[7.212960833,43.654728611]],[[7.212960833,43.654728611],[7.212633056,43.654612778]],[[7.212633056,43.654612778],[7.212309444,43.6545175]],[[7.212309444,43.6545175],[7.212019444,43.654443333]],[[7.212019444,43.654443333],[7.211841111,43.654401111]],[[7.211841111,43.654401111],[7.211014167,43.654236667]],[[7.211014167,43.654236667],[7.2085225,43.653749722]],[[7.2085225,43.653749722],[7.208339722,43.653714167]],[[7.208339722,43.653714167],[7.208172222,43.653687778]],[[7.208172222,43.653687778],[7.208035278,43.653686111]],[[7.208035278,43.653686111],[7.207913056,43.653696389]],[[7.207913056,43.653696389],[7.207777778,43.653721111]],[[7.207777778,43.653721111],[7.207657778,43.653760278]],[[7.207657778,43.653760278],[7.207562778,43.653798056]],[[7.207562778,43.653798056],[7.207448056,43.653868611]],[[7.207448056,43.653868611],[7.207358611,43.653948333]],[[7.207358611,43.653948333],[7.207296944,43.654011111]],[[7.207296944,43.654011111],[7.2072625,43.654063889]],[[7.2072625,43.654063889],[7.207218889,43.654156944]],[[7.208791944,43.656686667],[7.208848333,43.656648056]],[[7.208848333,43.656648056],[7.208897222,43.656604167]],[[7.208897222,43.656604167],[7.208946389,43.656550556]],[[7.208946389,43.656550556],[7.208986389,43.656494444]],[[7.208986389,43.656494444],[7.209017778,43.656434167]],[[7.209017778,43.656434167],[7.209037222,43.656387222]],[[7.206970833,43.655267778],[7.207011389,43.655196667]],[[7.207011389,43.655196667],[7.207051667,43.655141389]],[[7.207051667,43.655141389],[7.207118333,43.655070833]],[[7.207118333,43.655070833],[7.207185556,43.655013611]],[[7.207185556,43.655013611],[7.207274722,43.654955556]],[[7.207274722,43.654955556],[7.207365,43.654911389]],[[7.207365,43.654911389],[7.207471389,43.654873333]],[[7.207471389,43.654873333],[7.207573611,43.654846667]],[[7.207573611,43.654846667],[7.207676389,43.654830556]],[[7.207676389,43.654830556],[7.207781111,43.654823333]],[[7.207781111,43.654823333],[7.207851111,43.6548225]],[[7.207851111,43.6548225],[7.207983333,43.654835]],[[7.207983333,43.654835],[7.208138889,43.654868889]],[[7.208138889,43.654868889],[7.208230278,43.654901111]],[[7.208230278,43.654901111],[7.208322778,43.654942222]],[[7.208322778,43.654942222],[7.208418889,43.654998056]],[[7.208418889,43.654998056],[7.208521667,43.655069167]],[[7.208521667,43.655069167],[7.208957222,43.655388889]],[[7.217421111,43.662258889],[7.217551944,43.662196389]],[[7.217551944,43.662196389],[7.217650833,43.662165]],[[7.217650833,43.662165],[7.217743056,43.662144167]],[[7.217743056,43.662144167],[7.2178525,43.662130556]],[[7.2178525,43.662130556],[7.217964722,43.662130556]],[[7.217964722,43.662130556],[7.218054167,43.662137778]],[[7.218054167,43.662137778],[7.218158611,43.662156667]],[[7.218158611,43.662156667],[7.218238056,43.662182778]],[[7.218238056,43.662182778],[7.218362778,43.662236667]],[[7.218362778,43.662236667],[7.218506667,43.662330556]],[[7.218506667,43.662330556],[7.218664444,43.662447222]],[[7.218664444,43.662447222],[7.218973333,43.662671667]],[[7.218059167,43.662006389],[7.218496944,43.662324722]],[[7.218496944,43.662324722],[7.218781944,43.66254]],[[7.218781944,43.66254],[7.21896,43.662685556]],[[7.21896,43.662685556],[7.219099722,43.662804167]],[[7.219099722,43.662804167],[7.219212222,43.662911667]],[[7.219212222,43.662911667],[7.219326667,43.663026944]],[[7.219326667,43.663026944],[7.219431667,43.663140278]],[[7.219431667,43.663140278],[7.219624167,43.663359444]],[[7.219624167,43.663359444],[7.2197825,43.663568056]],[[7.2197825,43.663568056],[7.219941389,43.663798611]],[[7.219941389,43.663798611],[7.220118889,43.664097778]],[[7.220118889,43.664097778],[7.220320278,43.664499167]],[[7.220320278,43.664499167],[7.220533611,43.664924722]],[[7.220533611,43.664924722],[7.220588056,43.665051944]],[[7.220588056,43.665051944],[7.220596111,43.665103333]],[[7.216858333,43.661134722],[7.217278056,43.661437222]],[[7.217278056,43.661437222],[7.217428611,43.661550833]],[[7.217428611,43.661550833],[7.2175,43.661628056]],[[7.2175,43.661628056],[7.217548889,43.661701111]],[[7.217548889,43.661701111],[7.217590833,43.661798333]],[[7.217590833,43.661798333],[7.217600556,43.661878056]],[[7.217600556,43.661878056],[7.217593889,43.661970833]],[[7.217593889,43.661970833],[7.217570556,43.662053889]],[[7.217570556,43.662053889],[7.217522778,43.662141389]],[[7.217522778,43.662141389],[7.217471667,43.662211111]],[[7.217471667,43.662211111],[7.217421111,43.662259444]],[[7.217259722,43.661426389],[7.21731,43.661474722]],[[7.21731,43.661474722],[7.217334722,43.661518056]],[[7.217334722,43.661518056],[7.217353611,43.661563611]],[[7.217353611,43.661563611],[7.217363611,43.661609444]],[[7.217363611,43.661609444],[7.217376944,43.661658889]],[[7.217376944,43.661658889],[7.217401111,43.661723056]],[[7.217401111,43.661723056],[7.217442222,43.661777778]],[[7.217442222,43.661777778],[7.217496389,43.661830278]],[[7.217496389,43.661830278],[7.217565,43.661878333]],[[7.217565,43.661878333],[7.21763,43.661905]],[[7.21763,43.661905],[7.2177075,43.661921111]],[[7.2177075,43.661921111],[7.217792222,43.661930833]],[[7.217792222,43.661930833],[7.217870556,43.661935556]],[[7.224485,43.667788056],[7.227358889,43.6657025]],[[7.227358889,43.6657025],[7.227426667,43.665656111]],[[7.227426667,43.665656111],[7.227469444,43.665623611]],[[7.227469444,43.665623611],[7.227509167,43.665583056]],[[7.227509167,43.665583056],[7.227550833,43.665538611]],[[7.227550833,43.665538611],[7.227576389,43.665501111]],[[7.227576389,43.665501111],[7.227608611,43.665444722]],[[7.227608611,43.665444722],[7.227625556,43.6654025]],[[7.227625556,43.6654025],[7.22764,43.665358889]],[[7.22764,43.665358889],[7.227646944,43.665307778]],[[7.227646944,43.665307778],[7.227650556,43.6652675]],[[7.227650556,43.6652675],[7.227645833,43.665223611]],[[7.227645833,43.665223611],[7.227642222,43.665181944]],[[7.227642222,43.665181944],[7.227630556,43.665143333]],[[7.227630556,43.665143333],[7.227614167,43.665100833]],[[7.227614167,43.665100833],[7.227578611,43.665031389]],[[7.227578611,43.665031389],[7.227528333,43.664964444]],[[7.227528333,43.664964444],[7.227486111,43.664921944]],[[7.227486111,43.664921944],[7.227428889,43.664875278]],[[7.227428889,43.664875278],[7.227273611,43.664762778]],[[7.227273611,43.664762778],[7.226901111,43.664493333]],[[7.226901111,43.664493333],[7.227378889,43.66484]],[[7.226961667,43.665993889],[7.227036111,43.665952778]],[[7.227036111,43.665952778],[7.227129722,43.665914722]],[[7.227129722,43.665914722],[7.227231389,43.665885278]],[[7.227231389,43.665885278],[7.227316111,43.665867778]],[[7.227316111,43.665867778],[7.227415,43.665860833]],[[7.227415,43.665860833],[7.227981111,43.665859444]],[[7.227981111,43.665859444],[7.228001944,43.665856389]],[[7.228001944,43.665856389],[7.228033333,43.665843611]],[[7.228033333,43.665843611],[7.228066389,43.665821389]],[[7.228066389,43.665821389],[7.228114167,43.66578]],[[7.228114167,43.66578],[7.228179167,43.665704722]],[[7.220848889,43.665142778],[7.222638611,43.663844722]],[[7.222638611,43.663844722],[7.222679167,43.663822222]],[[7.222679167,43.663822222],[7.222760833,43.663781111]],[[7.222760833,43.663781111],[7.222881389,43.663735278]],[[7.222881389,43.663735278],[7.223011944,43.663707778]],[[7.223011944,43.663707778],[7.223137222,43.663688889]],[[7.223137222,43.663688889],[7.223261667,43.663686944]],[[7.223261667,43.663686944],[7.223355556,43.663695833]],[[7.223355556,43.663695833],[7.223448611,43.663707778]],[[7.223448611,43.663707778],[7.223543056,43.663733889]],[[7.223543056,43.663733889],[7.223631944,43.663761667]],[[7.223631944,43.663761667],[7.223728889,43.663803333]],[[7.223728889,43.663803333],[7.223828889,43.663865833]],[[7.223828889,43.663865833],[7.223938333,43.663945]],[[7.223938333,43.663945],[7.226365556,43.66571]],[[7.226365556,43.66571],[7.226438333,43.665748056]],[[7.226438333,43.665748056],[7.226499722,43.6657725]],[[7.226499722,43.6657725],[7.226555278,43.665793333]],[[7.226555278,43.665793333],[7.226609167,43.665808056]],[[7.226609167,43.665808056],[7.226676667,43.665823889]],[[7.226676667,43.665823889],[7.226737778,43.665831389]],[[7.226737778,43.665831389],[7.2267925,43.665835556]],[[7.2267925,43.665835556],[7.2268375,43.665836667]],[[7.2268375,43.665836667],[7.226889167,43.665836389]],[[7.226889167,43.665836389],[7.226955,43.665832778]],[[7.226955,43.665832778],[7.227000556,43.665825833]],[[7.227000556,43.665825833],[7.227067778,43.665816389]],[[7.227067778,43.665816389],[7.227128333,43.665800556]],[[7.227128333,43.665800556],[7.227193333,43.665779444]],[[7.227193333,43.665779444],[7.227258056,43.665755]],[[7.227258056,43.665755],[7.227304444,43.6657325]],[[7.227304444,43.6657325],[7.227358611,43.665703056]],[[7.226367778,43.665711667],[7.226626944,43.665899167]],[[7.226626944,43.665899167],[7.226658333,43.665935278]],[[7.226658333,43.665935278],[7.226685,43.665972222]],[[7.226685,43.665972222],[7.226701111,43.666013889]],[[7.226701111,43.666013889],[7.226706667,43.666055556]],[[7.226706667,43.666055556],[7.226701944,43.666100278]],[[7.226701944,43.666100278],[7.226686667,43.666143889]],[[7.226686667,43.666143889],[7.226665278,43.6661875]],[[7.226665278,43.6661875],[7.226623056,43.666236667]],[[7.227197778,43.669762778],[7.2274075,43.669611667]],[[7.2274075,43.669611667],[7.227470556,43.669564722]],[[7.227470556,43.669564722],[7.227513889,43.669525278]],[[7.227513889,43.669525278],[7.227548333,43.669488611]],[[7.227548333,43.669488611],[7.227573889,43.669450278]],[[7.227573889,43.669450278],[7.227601944,43.669399722]],[[7.227601944,43.669399722],[7.2276275,43.669343056]],[[7.2276275,43.669343056],[7.227642778,43.669285]],[[7.227642778,43.669285],[7.227653611,43.669226389]],[[7.227653611,43.669226389],[7.227651389,43.669173611]],[[7.227651389,43.669173611],[7.227641944,43.6691125]],[[7.227641944,43.6691125],[7.227620556,43.669050556]],[[7.227620556,43.669050556],[7.227594444,43.668998333]],[[7.227594444,43.668998333],[7.227558056,43.668943056]],[[7.227558056,43.668943056],[7.2275175,43.668893611]],[[7.2275175,43.668893611],[7.227478889,43.668856667]],[[7.227478889,43.668856667],[7.227413889,43.668805]],[[7.227413889,43.668805],[7.227072222,43.668557778]],[[7.201861944,43.647399167],[7.202161667,43.647189722]],[[7.202161667,43.647189722],[7.202215278,43.647164167]],[[7.202215278,43.647164167],[7.202270833,43.647140278]],[[7.202270833,43.647140278],[7.202335833,43.647115556]],[[7.202335833,43.647115556],[7.20243,43.647091667]],[[7.20243,43.647091667],[7.202519444,43.647078889]],[[7.202519444,43.647078889],[7.202615556,43.647070833]],[[7.202615556,43.647070833],[7.202733056,43.647078611]],[[7.202733056,43.647078611],[7.202812222,43.647085556]],[[7.202812222,43.647085556],[7.202887778,43.647103611]],[[7.202887778,43.647103611],[7.202966944,43.647126111]],[[7.202966944,43.647126111],[7.203057778,43.647168056]],[[7.203057778,43.647168056],[7.203119444,43.647198333]],[[7.203119444,43.647198333],[7.203183333,43.647241944]],[[7.203183333,43.647241944],[7.203520556,43.647487222]],[[7.201905556,43.647431667],[7.201926667,43.6473975]],[[7.201926667,43.6473975],[7.201952222,43.647363611]],[[7.201952222,43.647363611],[7.201975556,43.647337222]],[[7.201975556,43.647337222],[7.202011389,43.647299722]],[[7.202011389,43.647299722],[7.202041944,43.647272778]],[[7.202775833,43.648064722],[7.2028,43.648024167]],[[7.2028,43.648024167],[7.202819167,43.6479975]],[[7.202819167,43.6479975],[7.202854444,43.647960278]],[[7.202854444,43.647960278],[7.202940556,43.647894444]],[[7.202940556,43.647894444],[7.203036944,43.647828333]],[[7.203036944,43.647828333],[7.203120278,43.647786111]],[[7.203120278,43.647786111],[7.203190278,43.647761389]],[[7.203190278,43.647761389],[7.203270556,43.647735833]],[[7.203270556,43.647735833],[7.203344722,43.647723056]],[[7.203344722,43.647723056],[7.203426667,43.647711667]],[[7.203426667,43.647711667],[7.203540556,43.647707222]],[[7.203540556,43.647707222],[7.203600556,43.647712222]],[[7.203600556,43.647712222],[7.203715,43.647728611]],[[7.203715,43.647728611],[7.203784444,43.647744722]],[[7.203784444,43.647744722],[7.203871944,43.647775278]],[[7.203871944,43.647775278],[7.20398,43.647827778]],[[7.20398,43.647827778],[7.204112222,43.647914722]],[[7.204112222,43.647914722],[7.204236667,43.6480075]],[[7.204236667,43.6480075],[7.2045775,43.648255833]],[[7.205831667,43.649169167],[7.206348889,43.649544444]],[[7.206348889,43.649544444],[7.206418889,43.649601944]],[[7.206418889,43.649601944],[7.206472778,43.649657778]],[[7.206472778,43.649657778],[7.206523889,43.6497275]],[[7.206523889,43.6497275],[7.206554444,43.649801667]],[[7.206554444,43.649801667],[7.206576667,43.649887778]],[[7.206576667,43.649887778],[7.206576667,43.649982778]],[[7.206576667,43.649982778],[7.206557778,43.650074722]],[[7.206557778,43.650074722],[7.206523611,43.650147778]],[[7.206523611,43.650147778],[7.20648,43.650210556]],[[7.20648,43.650210556],[7.206436667,43.650262778]],[[7.206436667,43.650262778],[7.206385278,43.650310278]],[[7.206385278,43.650310278],[7.2062975,43.650371944]],[[7.2062975,43.650371944],[7.206124167,43.6504975]],[[7.206162778,43.650524444],[7.206184167,43.650490833]],[[7.206184167,43.650490833],[7.206215833,43.650446111]],[[7.206215833,43.650446111],[7.206264167,43.650401111]],[[7.206264167,43.650401111],[7.206305556,43.650365833]],[[7.206395278,43.650302222],[7.206439444,43.65028]],[[7.206439444,43.65028],[7.206499722,43.650248056]],[[7.206499722,43.650248056],[7.206563611,43.650223333]],[[7.206563611,43.650223333],[7.206613333,43.650207222]],[[7.206613333,43.650207222],[7.206660278,43.650195]],[[7.206660278,43.650195],[7.206716389,43.650185278]],[[7.206716389,43.650185278],[7.206773333,43.650176389]],[[7.206773333,43.650176389],[7.206827222,43.650170833]],[[7.206827222,43.650170833],[7.2068875,43.650169167]],[[7.2068875,43.650169167],[7.206954444,43.650171389]],[[7.206954444,43.650171389],[7.207014722,43.650175278]],[[7.207014722,43.650175278],[7.207108056,43.650192778]],[[7.207108056,43.650192778],[7.207199722,43.650217778]],[[7.207199722,43.650217778],[7.207293056,43.650251667]],[[7.207293056,43.650251667],[7.207383333,43.650301944]],[[7.207383333,43.650301944],[7.207476944,43.650364444]],[[7.207476944,43.650364444],[7.207953889,43.650714444]],[[7.208594444,43.651181111],[7.209164444,43.651595278]],[[7.209164444,43.651595278],[7.209225833,43.651656944]],[[7.209225833,43.651656944],[7.20928,43.651733889]],[[7.20928,43.651733889],[7.209312222,43.651808056]],[[7.209312222,43.651808056],[7.209341667,43.651896944]],[[7.209341667,43.651896944],[7.209343611,43.651972222]],[[7.209343611,43.651972222],[7.209334722,43.652060556]],[[7.209334722,43.652060556],[7.209300833,43.652136944]],[[7.209300833,43.652136944],[7.209240278,43.652221667]],[[7.209240278,43.652221667],[7.209171667,43.652301389]],[[7.209171667,43.652301389],[7.209115278,43.652348889]],[[7.209115278,43.652348889],[7.208886389,43.652514722]],[[7.208926389,43.652541389],[7.208937222,43.652514444]],[[7.208937222,43.652514444],[7.208959722,43.652486667]],[[7.208959722,43.652486667],[7.208990556,43.652449167]],[[7.208990556,43.652449167],[7.209032222,43.652409167]],[[7.209131389,43.652338889],[7.2091825,43.652306111]],[[7.2091825,43.652306111],[7.209252222,43.6522675]],[[7.209252222,43.6522675],[7.209314167,43.652243889]],[[7.209314167,43.652243889],[7.209398889,43.652216944]],[[7.209398889,43.652216944],[7.209474444,43.652200833]],[[7.209474444,43.652200833],[7.209543056,43.652191111]],[[7.209543056,43.652191111],[7.209604444,43.652183611]],[[7.209604444,43.652183611],[7.209673889,43.652183611]],[[7.209673889,43.652183611],[7.209764722,43.652186667]],[[7.209764722,43.652186667],[7.209849167,43.652200556]],[[7.209849167,43.652200556],[7.209935,43.652219444]],[[7.209935,43.652219444],[7.21001,43.652245833]],[[7.21001,43.652245833],[7.210090278,43.65228]],[[7.210090278,43.65228],[7.210161944,43.652321667]],[[7.210161944,43.652321667],[7.2102175,43.65236]],[[7.2102175,43.65236],[7.210726667,43.652729444]],[[7.218824167,43.658626389],[7.219419167,43.659052778]],[[7.219419167,43.659052778],[7.219536667,43.6591425]],[[7.219536667,43.6591425],[7.219680556,43.659258889]],[[7.219680556,43.659258889],[7.219831389,43.659386111]],[[7.219831389,43.659386111],[7.2200475,43.659586111]],[[7.2200475,43.659586111],[7.220228333,43.659781389]],[[7.220228333,43.659781389],[7.220403611,43.659975833]],[[7.220403611,43.659975833],[7.220570833,43.660193056]],[[7.220570833,43.660193056],[7.220715278,43.660405833]],[[7.220715278,43.660405833],[7.220917778,43.660746389]],[[7.220917778,43.660746389],[7.221075,43.661059444]],[[7.221075,43.661059444],[7.221211111,43.661419444]],[[7.221211111,43.661419444],[7.221365556,43.661838333]],[[7.221365556,43.661838333],[7.221995556,43.663560556]],[[7.221995556,43.663560556],[7.222036667,43.663701389]],[[7.222036667,43.663701389],[7.222044722,43.663818056]],[[7.222044722,43.663818056],[7.222031389,43.663975]],[[7.222031389,43.663975],[7.221993056,43.6641125]],[[7.221993056,43.6641125],[7.221918889,43.664264167]],[[7.221918889,43.664264167],[7.22186,43.66435]],[[7.22186,43.66435],[7.221791111,43.664442222]],[[7.221791111,43.664442222],[7.221751389,43.664481667]],[[7.221751389,43.664481667],[7.221709444,43.664518889]],[[7.221116111,43.664946389],[7.221160556,43.664905278]],[[7.221160556,43.664905278],[7.221192222,43.664868611]],[[7.221192222,43.664868611],[7.221226389,43.664820556]],[[7.221226389,43.664820556],[7.221253056,43.664776667]],[[7.221253056,43.664776667],[7.221270833,43.664731667]],[[7.221270833,43.664731667],[7.221286111,43.664678889]],[[7.221286111,43.664678889],[7.221294167,43.664631944]],[[7.221294167,43.664631944],[7.221296389,43.664577222]],[[7.221296389,43.664577222],[7.221288611,43.664509167]],[[7.221288611,43.664509167],[7.221272778,43.664448333]],[[7.221272778,43.664448333],[7.221245,43.6643925]],[[7.221245,43.6643925],[7.22121,43.664333889]],[[7.22121,43.664333889],[7.221154167,43.664264722]],[[7.221154167,43.664264722],[7.221089167,43.664211111]],[[7.221089167,43.664211111],[7.221038889,43.664170833]],[[7.221038889,43.664170833],[7.220545833,43.663814444]],[[7.220942222,43.6641025],[7.220983056,43.664141111]],[[7.220983056,43.664141111],[7.221011111,43.664171667]],[[7.221011111,43.664171667],[7.221029444,43.664202222]],[[7.221029444,43.664202222],[7.221047778,43.664244444]],[[7.221047778,43.664244444],[7.221052778,43.664276389]],[[7.221052778,43.664276389],[7.221065278,43.664329444]],[[7.221065278,43.664329444],[7.221087222,43.664388611]],[[7.221087222,43.664388611],[7.221123611,43.664444722]],[[7.221123611,43.664444722],[7.221161944,43.6644875]],[[7.221161944,43.6644875],[7.221213056,43.664531944]],[[7.221213056,43.664531944],[7.221265,43.664561667]],[[7.221265,43.664561667],[7.221324444,43.664589444]],[[7.221324444,43.664589444],[7.221366111,43.664601667]],[[7.221366111,43.664601667],[7.221429722,43.664616111]],[[7.221429722,43.664616111],[7.221483333,43.6646225]],[[7.221483333,43.6646225],[7.221534444,43.664623611]],[[7.221534444,43.664623611],[7.221563889,43.664623889]],[[7.221119444,43.664947222],[7.221181667,43.664914722]],[[7.221181667,43.664914722],[7.221253333,43.664882778]],[[7.221253333,43.664882778],[7.221324167,43.664858056]],[[7.221324167,43.664858056],[7.221393611,43.664840278]],[[7.221393611,43.664840278],[7.221475833,43.664826111]],[[7.221475833,43.664826111],[7.221551944,43.664817222]],[[7.221551944,43.664817222],[7.221633611,43.664816944]],[[7.221633611,43.664816944],[7.221704444,43.664819444]],[[7.221704444,43.664819444],[7.221770833,43.664829722]],[[7.221770833,43.664829722],[7.221848611,43.664843611]],[[7.221848611,43.664843611],[7.221937222,43.664870278]],[[7.221937222,43.664870278],[7.222018056,43.664902222]],[[7.222018056,43.664902222],[7.222084444,43.664936389]],[[7.222084444,43.664936389],[7.222168333,43.664988056]],[[7.222168333,43.664988056],[7.222677222,43.665363889]],[[7.224200556,43.666446389],[7.224793889,43.666875]],[[7.224793889,43.666875],[7.2248675,43.66691]],[[7.2248675,43.66691],[7.224930278,43.666935278]],[[7.224930278,43.666935278],[7.225004167,43.666957778]],[[7.225004167,43.666957778],[7.225085,43.666973889]],[[7.225085,43.666973889],[7.225173889,43.666986389]],[[7.225173889,43.666986389],[7.225273333,43.666992778]],[[7.225273333,43.666992778],[7.225277222,43.666992222]],[[7.225277222,43.666992222],[7.225370278,43.666988889]],[[7.225370278,43.666988889],[7.2254775,43.66697]],[[7.2254775,43.66697],[7.225568611,43.666947222]],[[7.225568611,43.666947222],[7.225676389,43.666904444]],[[7.225676389,43.666904444],[7.225763056,43.666859722]],[[7.225763889,43.666859167],[7.225701389,43.666923889]],[[7.225701389,43.666923889],[7.225658889,43.666980833]],[[7.225658889,43.666980833],[7.225625,43.667039444]],[[7.225625,43.667039444],[7.225602222,43.667096111]],[[7.225602222,43.667096111],[7.225581389,43.667169444]],[[7.225581389,43.667169444],[7.225578889,43.667236944]],[[7.225578889,43.667236944],[7.225588611,43.667304722]],[[7.225588611,43.667304722],[7.225609167,43.667366389]],[[7.225609167,43.667366389],[7.225641389,43.667433611]],[[7.225641389,43.667433611],[7.225681111,43.667495556]],[[7.225681111,43.667495556],[7.225725556,43.6675475]],[[7.225725556,43.6675475],[7.2257375,43.667558611]],[[7.224775,43.66758],[7.224849722,43.667543611]],[[7.224849722,43.667543611],[7.22493,43.667510556]],[[7.22493,43.667510556],[7.225031667,43.667482778]],[[7.225031667,43.667482778],[7.225127778,43.667466389]],[[7.225127778,43.667466389],[7.225205278,43.667460278]],[[7.225205278,43.667460278],[7.225306111,43.667461389]],[[7.225306111,43.667461389],[7.225410833,43.667475833]],[[7.225410833,43.667475833],[7.225511667,43.667498333]],[[7.225511667,43.667498333],[7.225586389,43.667520833]],[[7.225586389,43.667520833],[7.225652222,43.667547778]],[[7.225652222,43.667547778],[7.225707778,43.667575833]],[[7.224181667,43.666457778],[7.224721667,43.666848056]],[[7.224721667,43.666848056],[7.224784722,43.6669025]],[[7.224784722,43.6669025],[7.224824722,43.666946944]],[[7.224824722,43.666946944],[7.224869722,43.667009722]],[[7.224869722,43.667009722],[7.224905,43.667079444]],[[7.224905,43.667079444],[7.224927778,43.667150833]],[[7.224927778,43.667150833],[7.224933889,43.667240556]],[[7.224933889,43.667240556],[7.224925,43.667322778]],[[7.224925,43.667322778],[7.224895278,43.6674075]],[[7.224895278,43.6674075],[7.224854444,43.667479167]],[[7.224854444,43.667479167],[7.224802778,43.667541667]],[[7.224802778,43.667541667],[7.224759722,43.667586667]],[[7.224759722,43.667586667],[7.224734167,43.667607778]],[[7.208971389,43.6567425],[7.208983889,43.656711667]],[[7.208983889,43.656711667],[7.2090075,43.6566625]],[[7.2090075,43.6566625],[7.209036667,43.656616667]],[[7.209036667,43.656616667],[7.209079722,43.656565556]],[[7.209079722,43.656565556],[7.209130556,43.656515556]],[[7.209130556,43.656515556],[7.209198333,43.656460556]],[[7.209198333,43.656460556],[7.209278056,43.656409444]],[[7.209278056,43.656409444],[7.209356111,43.656370833]],[[7.209356111,43.656370833],[7.209465556,43.656328889]],[[7.209465556,43.656328889],[7.209573611,43.656302778]],[[7.209573611,43.656302778],[7.209689444,43.656285]],[[7.209689444,43.656285],[7.209806389,43.656278333]],[[7.209806389,43.656278333],[7.209921389,43.656281944]],[[7.209921389,43.656281944],[7.210037222,43.656300278]],[[7.210037222,43.656300278],[7.210145,43.656323889]],[[7.210145,43.656323889],[7.210233611,43.656353611]],[[7.210233611,43.656353611],[7.210316111,43.656388611]],[[7.210316111,43.656388611],[7.210383611,43.656429167]],[[7.210383611,43.656429167],[7.210449444,43.656476944]],[[7.210449444,43.656476944],[7.210968611,43.656849722]],[[7.202675556,43.654761667],[7.202658056,43.654754722]],[[7.202658056,43.654754722],[7.202609167,43.654717222]],[[7.202609167,43.654717222],[7.202526667,43.654645833]],[[7.202526667,43.654645833],[7.20241,43.654549444]],[[7.20241,43.654549444],[7.202260278,43.654441667]],[[7.202260278,43.654441667],[7.202190556,43.654390833]],[[7.202190556,43.654390833],[7.2021175,43.654329167]],[[7.2021175,43.654329167],[7.202063333,43.654265]],[[7.202063333,43.654265],[7.202020278,43.654182778]],[[7.202020278,43.654182778],[7.202002778,43.654118333]],[[7.202002778,43.654118333],[7.201995556,43.654035833]],[[7.201995556,43.654035833],[7.202003056,43.653961389]],[[7.202003056,43.653961389],[7.202027778,43.653876944]],[[7.202027778,43.653876944],[7.202059167,43.653810833]],[[7.202059167,43.653810833],[7.202113056,43.653732778]],[[7.202113056,43.653732778],[7.202185,43.653670278]],[[7.202185,43.653670278],[7.202278333,43.653614444]],[[7.202278333,43.653614444],[7.202377222,43.653576111]],[[7.202377222,43.653576111],[7.202481389,43.653551944]],[[7.202481389,43.653551944],[7.202598333,43.653541111]],[[7.202598333,43.653541111],[7.202701944,43.653545833]],[[7.202701944,43.653545833],[7.2028225,43.653566667]],[[7.2028225,43.653566667],[7.202947778,43.653597778]],[[7.202947778,43.653597778],[7.203088889,43.653652222]],[[7.203088889,43.653652222],[7.20324,43.653725278]],[[7.20324,43.653725278],[7.203355278,43.653796111]],[[7.203355278,43.653796111],[7.203473333,43.653868333]],[[7.203473333,43.653868333],[7.203690278,43.654025]],[[7.203690278,43.654025],[7.203684722,43.654041667]],[[7.203684722,43.654041667],[7.202700278,43.654756111]],[[7.202700278,43.654756111],[7.202675556,43.654761667]],[[7.202284167,43.655973889],[7.202278333,43.655646389]],[[7.202278333,43.655646389],[7.202493333,43.655398056]],[[7.202493333,43.655398056],[7.202486389,43.655381667]],[[7.202486389,43.655381667],[7.202568611,43.655328056]],[[7.202568611,43.655328056],[7.202682222,43.655069722]],[[7.202682222,43.655069722],[7.2018825,43.654481111]],[[7.2018825,43.654481111],[7.201808611,43.654411667]],[[7.201808611,43.654411667],[7.201753056,43.654354167]],[[7.201753056,43.654354167],[7.201709722,43.654286111]],[[7.201709722,43.654286111],[7.201676389,43.654227778]],[[7.201676389,43.654227778],[7.201650278,43.654153056]],[[7.201650278,43.654153056],[7.201638333,43.654064444]],[[7.201638333,43.654064444],[7.201633333,43.653993889]],[[7.201633333,43.653993889],[7.201651389,43.653901944]],[[7.201651389,43.653901944],[7.201674167,43.65382]],[[7.201674167,43.65382],[7.201708333,43.653736111]],[[7.201708333,43.653736111],[7.201756667,43.653645833]],[[7.201756667,43.653645833],[7.201823889,43.653540556]],[[7.201823889,43.653540556],[7.201882778,43.653468889]],[[7.201882778,43.653468889],[7.201954444,43.653395]],[[7.201954444,43.653395],[7.202050556,43.653310833]],[[7.202050556,43.653310833],[7.2021575,43.6532275]],[[7.2021575,43.6532275],[7.203286667,43.652410556]],[[7.203286667,43.652410556],[7.203884167,43.651977222]],[[7.204245556,43.651664444],[7.204314167,43.651601389]],[[7.204314167,43.651601389],[7.2043625,43.65155]],[[7.2043625,43.65155],[7.204421667,43.651481389]],[[7.204421667,43.651481389],[7.204493611,43.651389167]],[[7.204493611,43.651389167],[7.204541389,43.651299167]],[[7.204541389,43.651299167],[7.204573056,43.651200556]],[[7.204573056,43.651200556],[7.204586667,43.651116944]],[[7.204586667,43.651116944],[7.2045725,43.651016111]],[[7.2045725,43.651016111],[7.204544722,43.6509275]],[[7.204544722,43.6509275],[7.204505556,43.65085]],[[7.204505556,43.65085],[7.204448889,43.650768333]],[[7.204448889,43.650768333],[7.204391667,43.650699444]],[[7.204391667,43.650699444],[7.204333611,43.650638333]],[[7.204333611,43.650638333],[7.204255556,43.650563611]],[[7.204255556,43.650563611],[7.204113333,43.650440833]],[[7.204113333,43.650440833],[7.204051389,43.650388611]],[[7.204051389,43.650388611],[7.203354722,43.649859722]],[[7.203354722,43.649859722],[7.201405,43.648439444]],[[7.201405,43.648439444],[7.201353333,43.648388889]],[[7.201353333,43.648388889],[7.201293889,43.648319444]],[[7.201293889,43.648319444],[7.201233889,43.648220833]],[[7.201233889,43.648220833],[7.201206944,43.648124444]],[[7.201206944,43.648124444],[7.201192778,43.6480175]],[[7.201192778,43.6480175],[7.201205556,43.647918056]],[[7.201205556,43.647918056],[7.201239167,43.647810556]],[[7.201239167,43.647810556],[7.201288333,43.647723611]],[[7.201288333,43.647723611],[7.201356667,43.647634444]],[[7.201356667,43.647634444],[7.201449722,43.647561667]],[[7.201449722,43.647561667],[7.201613889,43.647439444]],[[7.201613889,43.647439444],[7.202344444,43.646911389]],[[7.204610833,43.652501667],[7.204566389,43.652470556]],[[7.204566389,43.652470556],[7.204517222,43.652443056]],[[7.204517222,43.652443056],[7.204456389,43.652413056]],[[7.204456389,43.652413056],[7.204376111,43.652383333]],[[7.204376111,43.652383333],[7.204285556,43.652365]],[[7.204285556,43.652365],[7.204201667,43.652355278]],[[7.204201667,43.652355278],[7.204124167,43.652353333]],[[7.204124167,43.652353333],[7.204058056,43.652358611]],[[7.204058056,43.652358611],[7.203986944,43.652376389]],[[7.203986944,43.652376389],[7.203878611,43.652405833]],[[7.203878611,43.652405833],[7.2037775,43.6524475]],[[7.2037775,43.6524475],[7.203652778,43.652504722]],[[7.203652778,43.652504722],[7.203526389,43.652576389]],[[7.203526389,43.652576389],[7.203500833,43.652589722]],[[7.203500833,43.652589722],[7.203413889,43.652676389]],[[7.203413889,43.652676389],[7.203324444,43.652776944]],[[7.203324444,43.652776944],[7.203269444,43.65285]],[[7.203269444,43.65285],[7.203219167,43.652941111]],[[7.203219167,43.652941111],[7.203194722,43.653021389]],[[7.203194722,43.653021389],[7.203197778,43.65308]],[[7.203197778,43.65308],[7.203207222,43.653145833]],[[7.203207222,43.653145833],[7.203228056,43.653194444]],[[7.203228056,43.653194444],[7.203253889,43.653242222]],[[7.203253889,43.653242222],[7.203286944,43.653298056]],[[7.203286944,43.653298056],[7.203322778,43.653348056]],[[7.203322778,43.653348056],[7.203378333,43.653411111]],[[7.203378333,43.653411111],[7.203449167,43.653482778]],[[7.203449167,43.653482778],[7.203515833,43.653546111]],[[7.203515833,43.653546111],[7.203580833,43.653607778]],[[7.203580833,43.653607778],[7.203653611,43.653670833]],[[7.203653611,43.653670833],[7.203726944,43.653731667]],[[7.203726944,43.653731667],[7.203800833,43.653788611]],[[7.203800833,43.653788611],[7.203954167,43.653899167]],[[7.203954167,43.653899167],[7.204992222,43.654655278]],[[7.204992222,43.654655278],[7.205275833,43.654852778]],[[7.205275833,43.654852778],[7.205696667,43.655132778]],[[7.205696667,43.655132778],[7.205908056,43.655266389]],[[7.205908056,43.655266389],[7.205993056,43.655308333]],[[7.205993056,43.655308333],[7.206054444,43.655333889]],[[7.206054444,43.655333889],[7.206146389,43.655371667]],[[7.206146389,43.655371667],[7.206231389,43.655397778]],[[7.206231389,43.655397778],[7.206292778,43.655414167]],[[7.206292778,43.655414167],[7.206366667,43.655414444]],[[7.206366667,43.655414444],[7.206428611,43.655408889]],[[7.206428611,43.655408889],[7.206488333,43.655398333]],[[7.206488333,43.655398333],[7.206553611,43.655372778]],[[7.206553611,43.655372778],[7.206601389,43.655346111]],[[7.206601389,43.655346111],[7.206639722,43.65531]],[[7.206639722,43.65531],[7.206673056,43.655261111]],[[7.206673056,43.655261111],[7.206700833,43.655220833]],[[7.206700833,43.655220833],[7.206736389,43.655172778]],[[7.206736389,43.655172778],[7.206763611,43.655126389]],[[7.206763611,43.655126389],[7.206800556,43.655050556]],[[7.206800556,43.655050556],[7.206848611,43.654926389]],[[7.206848611,43.654926389],[7.206908333,43.654752778]],[[7.206908333,43.654752778],[7.206992222,43.654438889]],[[7.206992222,43.654438889],[7.206989722,43.654375]],[[7.206989722,43.654375],[7.20697,43.654319722]],[[7.20697,43.654319722],[7.206951944,43.654273056]],[[7.206951944,43.654273056],[7.206921944,43.654223611]],[[7.206921944,43.654223611],[7.206890556,43.654180833]],[[7.206890556,43.654180833],[7.206862222,43.654150278]],[[7.204483889,43.651830833],[7.205201667,43.651311111]],[[7.205201667,43.651311111],[7.20524,43.651296944]],[[7.20524,43.651296944],[7.205279167,43.651293611]],[[7.205279167,43.651293611],[7.205322222,43.651298056]],[[7.205322222,43.651298056],[7.20536,43.651313889]],[[7.20536,43.651313889],[7.205392778,43.651339167]],[[7.205392778,43.651339167],[7.206253333,43.651969444]],[[7.206253333,43.651969444],[7.206880556,43.652463611]],[[7.206880556,43.652463611],[7.206936944,43.652510833]],[[7.206936944,43.652510833],[7.206998889,43.652575278]],[[7.206998889,43.652575278],[7.207053889,43.652636944]],[[7.207053889,43.652636944],[7.207109167,43.652718056]],[[7.207109167,43.652718056],[7.2071525,43.652794167]],[[7.2071525,43.652794167],[7.207178889,43.652852778]],[[7.207178889,43.652852778],[7.207202778,43.652926667]],[[7.207202778,43.652926667],[7.207220556,43.652993611]],[[7.207220556,43.652993611],[7.207233333,43.653085556]],[[7.207233333,43.653085556],[7.207231944,43.65315]],[[7.207231944,43.65315],[7.207228611,43.653204167]],[[7.207228611,43.653204167],[7.207217778,43.653277778]],[[7.207217778,43.653277778],[7.2071925,43.653361389]],[[7.2071925,43.653361389],[7.207156667,43.653448611]],[[7.207156667,43.653448611],[7.207096389,43.65356]],[[7.207096389,43.65356],[7.207008333,43.653668056]],[[7.20561,43.656376389],[7.205407222,43.656525556]],[[7.205407222,43.656525556],[7.205396111,43.656546111]],[[7.205396111,43.656546111],[7.205390833,43.656570278]],[[7.205390833,43.656570278],[7.205394722,43.656600556]],[[7.205394722,43.656600556],[7.205406389,43.656627222]],[[7.205406389,43.656627222],[7.205431389,43.656645556]],[[7.205431389,43.656645556],[7.205456667,43.656656944]],[[7.205456667,43.656656944],[7.20554,43.656683056]],[[7.20554,43.656683056],[7.205628889,43.6567025]],[[7.205628889,43.6567025],[7.205682222,43.656701389]],[[7.205682222,43.656701389],[7.205775,43.656688611]],[[7.205775,43.656688611],[7.205866944,43.656658889]],[[7.205866944,43.656658889],[7.206260833,43.656383333]],[[7.206260833,43.656383333],[7.206296944,43.656345]],[[7.206296944,43.656345],[7.206325833,43.656299444]],[[7.206325833,43.656299444],[7.206348333,43.656249722]],[[7.206348333,43.656249722],[7.206361389,43.656193333]],[[7.206361389,43.656193333],[7.206350278,43.656140278]],[[7.206350278,43.656140278],[7.206317222,43.656077778]],[[7.206317222,43.656077778],[7.206273889,43.656013056]],[[7.206273889,43.656013056],[7.206241389,43.655979167]],[[7.206241389,43.655979167],[7.206218056,43.655968889]],[[7.206218056,43.655968889],[7.206194444,43.655966111]],[[7.206194444,43.655966111],[7.206165278,43.655972778]],[[7.206165278,43.655972778],[7.206147778,43.655985]],[[7.206147778,43.655985],[7.205873333,43.656184167]],[[7.208963333,43.655672222],[7.209001111,43.655700556]],[[7.209001111,43.655700556],[7.209022222,43.655734444]],[[7.209022222,43.655734444],[7.209021389,43.655773056]],[[7.209021389,43.655773056],[7.208930833,43.656066944]],[[7.208930833,43.656066944],[7.208861389,43.656235278]],[[7.208861389,43.656235278],[7.208769167,43.656407222]],[[7.208769167,43.656407222],[7.208689722,43.656503889]],[[7.208689722,43.656503889],[7.208612222,43.656567778]],[[7.208612222,43.656567778],[7.208504167,43.656625]],[[7.208504167,43.656625],[7.208416389,43.656657778]],[[7.208416389,43.656657778],[7.208299722,43.656684444]],[[7.208299722,43.656684444],[7.208181944,43.656690833]],[[7.208181944,43.656690833],[7.208089444,43.656683889]],[[7.208089444,43.656683889],[7.207990556,43.656668056]],[[7.207990556,43.656668056],[7.207908056,43.656643056]],[[7.207908056,43.656643056],[7.207815833,43.656608056]],[[7.207815833,43.656608056],[7.2077225,43.656566944]],[[7.2077225,43.656566944],[7.207640278,43.656524444]],[[7.207640278,43.656524444],[7.207511111,43.656454167]],[[7.207511111,43.656454167],[7.207435833,43.656402222]],[[7.207435833,43.656402222],[7.207381944,43.656363333]],[[7.207381944,43.656363333],[7.207338056,43.656328056]],[[7.207338056,43.656328056],[7.207281944,43.656275]],[[7.207281944,43.656275],[7.207235,43.656225]],[[7.207235,43.656225],[7.207161667,43.656146944]],[[7.207161667,43.656146944],[7.207123333,43.6561]],[[7.207123333,43.6561],[7.207090833,43.656037222]],[[7.207090833,43.656037222],[7.207075833,43.655969444]],[[7.207075833,43.655969444],[7.20706,43.655878611]],[[7.20706,43.655878611],[7.207055556,43.6558125]],[[7.207055556,43.6558125],[7.207055278,43.655723056]],[[7.207055278,43.655723056],[7.207061389,43.655653333]],[[7.207061389,43.655653333],[7.2070825,43.655585]],[[7.2070825,43.655585],[7.207125833,43.655473889]],[[7.207125833,43.655473889],[7.207205556,43.655320556]],[[7.207205556,43.655320556],[7.207245833,43.655253333]],[[7.207245833,43.655253333],[7.207275,43.655216111]],[[7.207275,43.655216111],[7.207310278,43.655179444]],[[7.207310278,43.655179444],[7.207363611,43.655135556]],[[7.207363611,43.655135556],[7.207431389,43.655103056]],[[7.207431389,43.655103056],[7.2075075,43.655078333]],[[7.2075075,43.655078333],[7.207589167,43.655056389]],[[7.207589167,43.655056389],[7.207668056,43.655042778]],[[7.207668056,43.655042778],[7.207747222,43.655036389]],[[7.207747222,43.655036389],[7.207841944,43.655039167]],[[7.207841944,43.655039167],[7.207933889,43.655047222]],[[7.207933889,43.655047222],[7.208008889,43.655058889]],[[7.208008889,43.655058889],[7.208095278,43.655083333]],[[7.208095278,43.655083333],[7.208161944,43.655108333]],[[7.208161944,43.655108333],[7.208214722,43.655133333]],[[7.208214722,43.655133333],[7.208259167,43.655157222]],[[7.206613056,43.657215833],[7.206424444,43.657351944]],[[7.206424444,43.657351944],[7.206391111,43.657361389]],[[7.206391111,43.657361389],[7.206361111,43.657358889]],[[7.206361111,43.657358889],[7.206332778,43.657348333]],[[7.206332778,43.657348333],[7.206293889,43.657304167]],[[7.206293889,43.657304167],[7.206231389,43.657212222]],[[7.206231389,43.657212222],[7.206187778,43.657128611]],[[7.206187778,43.657128611],[7.206180278,43.657079167]],[[7.206180278,43.657079167],[7.206192778,43.6570225]],[[7.206192778,43.6570225],[7.206216944,43.656971667]],[[7.206216944,43.656971667],[7.206245833,43.656928611]],[[7.206245833,43.656928611],[7.206293056,43.656887778]],[[7.206293056,43.656887778],[7.206633056,43.656637222]],[[7.206633056,43.656637222],[7.206696389,43.656609444]],[[7.206696389,43.656609444],[7.206745556,43.656594444]],[[7.206745556,43.656594444],[7.206801389,43.656579722]],[[7.206801389,43.656579722],[7.206852222,43.656573333]],[[7.206852222,43.656573333],[7.206903333,43.656574444]],[[7.206903333,43.656574444],[7.206965833,43.656585556]],[[7.206965833,43.656585556],[7.207045833,43.656611667]],[[7.207045833,43.656611667],[7.207098611,43.656640833]],[[7.207098611,43.656640833],[7.207136111,43.656670278]],[[7.207136111,43.656670278],[7.207154444,43.656703056]],[[7.207154444,43.656703056],[7.20716,43.656746944]],[[7.20716,43.656746944],[7.207155833,43.656789722]],[[7.207155833,43.656789722],[7.207147778,43.656815556]],[[7.207147778,43.656815556],[7.207123611,43.656847222]],[[7.207123611,43.656847222],[7.206973889,43.656952778]],[[7.215139444,43.663571111],[7.215118333,43.663507222]],[[7.215118333,43.663507222],[7.215680833,43.663090833]],[[7.215680833,43.663090833],[7.215773889,43.663108333]],[[7.215773889,43.663108333],[7.215760556,43.663148889]],[[7.215760556,43.663148889],[7.215739722,43.663188889]],[[7.215739722,43.663188889],[7.215712778,43.663232222]],[[7.215712778,43.663232222],[7.215674722,43.6632825]],[[7.215674722,43.6632825],[7.215617222,43.663343889]],[[7.215617222,43.663343889],[7.2155575,43.663390833]],[[7.2155575,43.663390833],[7.215520833,43.663419167]],[[7.215520833,43.663419167],[7.215467222,43.663452778]],[[7.215467222,43.663452778],[7.215410556,43.663481667]],[[7.215410556,43.663481667],[7.215377222,43.663498889]],[[7.215377222,43.663498889],[7.215319167,43.663523056]],[[7.215319167,43.663523056],[7.215269167,43.663539444]],[[7.215269167,43.663539444],[7.215186111,43.663562222]],[[7.215186111,43.663562222],[7.215139444,43.663571111]],[[7.215275833,43.663461667],[7.215321111,43.663523056]],[[7.215415556,43.663393889],[7.215475556,43.663448333]],[[7.215532778,43.663305556],[7.215607778,43.663349167]],[[7.215624444,43.663203889],[7.215710556,43.663235556]],[[7.215937778,43.663960833],[7.215916667,43.663966389]],[[7.215916667,43.663966389],[7.215844722,43.663915833]],[[7.215844722,43.663915833],[7.215770833,43.663859722]],[[7.215770833,43.663859722],[7.215738889,43.663820278]],[[7.215738889,43.663820278],[7.21573,43.663801667]],[[7.21573,43.663801667],[7.215728889,43.663776944]],[[7.215728889,43.663776944],[7.215736389,43.663743333]],[[7.215736389,43.663743333],[7.215746111,43.663715278]],[[7.215746111,43.663715278],[7.215765833,43.663687222]],[[7.215765833,43.663687222],[7.215790556,43.663665]],[[7.215790556,43.663665],[7.2158125,43.663644722]],[[7.2158125,43.663644722],[7.215882778,43.663596944]],[[7.215882778,43.663596944],[7.215933611,43.663565278]],[[7.215933611,43.663565278],[7.216028889,43.663519722]],[[7.216028889,43.663519722],[7.216105,43.663489167]],[[7.216105,43.663489167],[7.216191389,43.663462222]],[[7.216191389,43.663462222],[7.216268611,43.663451111]],[[7.216268611,43.663451111],[7.216333056,43.663449722]],[[7.216333056,43.663449722],[7.216393611,43.663453889]],[[7.216393611,43.663453889],[7.2164525,43.663461667]],[[7.2164525,43.663461667],[7.216503611,43.663475]],[[7.216503611,43.663475],[7.216532222,43.663483611]],[[7.216532222,43.663483611],[7.2165425,43.663488056]],[[7.2165425,43.663488056],[7.216544167,43.663497222]],[[7.216544167,43.663497222],[7.216538611,43.663503056]],[[7.216538611,43.663503056],[7.216216667,43.663734444]],[[7.215886944,43.6638525],[7.215823333,43.663898611]],[[7.215857222,43.663714444],[7.215785,43.663670278]],[[7.215823056,43.663786667],[7.215730278,43.663801944]],[[7.215911667,43.663578333],[7.215978056,43.663629722]],[[7.216076389,43.663501944],[7.2161175,43.663563056]],[[7.216265556,43.663452222],[7.216275556,43.663519722]],[[7.219114722,43.665754167],[7.219468056,43.665499722]],[[7.219468056,43.665499722],[7.219561944,43.665572778]],[[7.219561944,43.665572778],[7.219594722,43.665599167]],[[7.219594722,43.665599167],[7.219619722,43.665630556]],[[7.219619722,43.665630556],[7.21964,43.665666667]],[[7.21964,43.665666667],[7.219652778,43.665710556]],[[7.219652778,43.665710556],[7.219656111,43.6657425]],[[7.219656111,43.6657425],[7.219655,43.665765]],[[7.219655,43.665765],[7.219650833,43.665790556]],[[7.219650833,43.665790556],[7.219639167,43.665823056]],[[7.219639167,43.665823056],[7.219618333,43.665854444]],[[7.219618333,43.665854444],[7.219591944,43.665888056]],[[7.219591944,43.665888056],[7.219561111,43.665914444]],[[7.219561111,43.665914444],[7.219299444,43.666105833]],[[7.219461667,43.665890833],[7.219525278,43.665939722]],[[7.219545,43.665804722],[7.219635833,43.665828611]],[[7.219554722,43.665707778],[7.219647222,43.665692778]],[[7.219491667,43.665619444],[7.219560833,43.6655725]],[[7.210310833,43.656651944],[7.210279722,43.656627222]],[[7.210279722,43.656627222],[7.210235833,43.6566]],[[7.210235833,43.6566],[7.210184722,43.656575556]],[[7.210184722,43.656575556],[7.210128889,43.656551667]],[[7.210128889,43.656551667],[7.210072778,43.656533333]],[[7.210072778,43.656533333],[7.210001667,43.656514722]],[[7.210001667,43.656514722],[7.209933889,43.656502222]],[[7.209933889,43.656502222],[7.209854722,43.656493889]],[[7.209854722,43.656493889],[7.209771667,43.656492778]],[[7.209771667,43.656492778],[7.209698333,43.656497222]],[[7.209698333,43.656497222],[7.209615833,43.656508889]],[[7.209615833,43.656508889],[7.209531667,43.656527222]],[[7.209531667,43.656527222],[7.209479167,43.656544167]],[[7.209479167,43.656544167],[7.209418611,43.6565825]],[[7.209418611,43.6565825],[7.209376667,43.656614722]],[[7.209376667,43.656614722],[7.209316389,43.656667778]],[[7.209316389,43.656667778],[7.209277778,43.656710833]],[[7.209277778,43.656710833],[7.2092375,43.656766667]],[[7.2092375,43.656766667],[7.209206111,43.656809722]],[[7.209206111,43.656809722],[7.209155278,43.656911667]],[[7.209155278,43.656911667],[7.209114722,43.657002222]],[[7.209114722,43.657002222],[7.209084444,43.65709]],[[7.209084444,43.65709],[7.209074722,43.657203889]],[[7.209074722,43.657203889],[7.209074722,43.657303333]],[[7.209074722,43.657303333],[7.209085,43.657433333]],[[7.209085,43.657433333],[7.209103056,43.657485278]],[[7.209103056,43.657485278],[7.209126667,43.657521667]],[[7.209126667,43.657521667],[7.209187778,43.657600556]],[[7.209187778,43.657600556],[7.209288611,43.6577125]],[[7.209288611,43.6577125],[7.215590278,43.662284167]],[[7.215590278,43.662284167],[7.215900278,43.662505556]],[[7.215900278,43.662505556],[7.215992778,43.662569722]],[[7.215992778,43.662569722],[7.216171389,43.662644167]],[[7.216171389,43.662644167],[7.216278333,43.662669444]],[[7.216278333,43.662669444],[7.216337222,43.662674722]],[[7.216337222,43.662674722],[7.216392778,43.662670556]],[[7.216392778,43.662670556],[7.216483889,43.662643056]],[[7.216483889,43.662643056],[7.216588611,43.662600556]],[[7.216588611,43.662600556],[7.21677,43.662520833]],[[7.21677,43.662520833],[7.216973333,43.662399167]],[[7.216973333,43.662399167],[7.217032778,43.662358056]],[[7.217032778,43.662358056],[7.217156944,43.662235278]],[[7.217156944,43.662235278],[7.217204444,43.662185278]],[[7.217204444,43.662185278],[7.217318611,43.662018889]],[[7.217318611,43.662018889],[7.217348333,43.661947222]],[[7.217348333,43.661947222],[7.2173525,43.661910278]],[[7.2173525,43.661910278],[7.217348056,43.661876944]],[[7.217348056,43.661876944],[7.217336389,43.661843333]],[[7.217336389,43.661843333],[7.217319722,43.661803889]],[[7.217319722,43.661803889],[7.217295278,43.661753611]],[[7.217295278,43.661753611],[7.217265556,43.661714722]],[[7.217265556,43.661714722],[7.217233056,43.661685]],[[7.207225278,43.653223056],[7.207103611,43.653211667]],[[7.207166111,43.652818889],[7.207043611,43.65284]],[[7.206883333,43.652468889],[7.206788333,43.652525]],[[7.216538056,43.662544444],[7.216580556,43.662603889]],[[7.216748056,43.662453889],[7.216798056,43.662500278]],[[7.218227222,43.662405833],[7.218189444,43.662384167]],[[7.218189444,43.662384167],[7.218128333,43.662356667]],[[7.218128333,43.662356667],[7.218066389,43.662335556]],[[7.218066389,43.662335556],[7.218006944,43.662323333]],[[7.218006944,43.662323333],[7.217943056,43.662314167]],[[7.217943056,43.662314167],[7.217864167,43.662314167]],[[7.217864167,43.662314167],[7.217796111,43.662324167]],[[7.217796111,43.662324167],[7.217741389,43.662338333]],[[7.217741389,43.662338333],[7.217674167,43.662360556]],[[7.217674167,43.662360556],[7.217605278,43.662387778]],[[7.217605278,43.662387778],[7.217465278,43.662445556]],[[7.217465278,43.662445556],[7.217379167,43.662492778]],[[7.217379167,43.662492778],[7.217310556,43.662533889]],[[7.217310556,43.662533889],[7.217259167,43.662569167]],[[7.217259167,43.662569167],[7.217211111,43.662603889]],[[7.217211111,43.662603889],[7.217175278,43.662630833]],[[7.217175278,43.662630833],[7.217110833,43.662690556]],[[7.217110833,43.662690556],[7.216982778,43.662816944]],[[7.216982778,43.662816944],[7.216943333,43.662869167]],[[7.216943333,43.662869167],[7.216918333,43.662918889]],[[7.216918333,43.662918889],[7.216898056,43.662976389]],[[7.216898056,43.662976389],[7.216886944,43.663031111]],[[7.216886944,43.663031111],[7.216883889,43.663077222]],[[7.216883889,43.663077222],[7.216881389,43.663118056]],[[7.216881389,43.663118056],[7.216886944,43.663166389]],[[7.216886944,43.663166389],[7.216908056,43.663204722]],[[7.216908056,43.663204722],[7.216946944,43.663256389]],[[7.216946944,43.663256389],[7.216980833,43.663295278]],[[7.216980833,43.663295278],[7.217023611,43.663345278]],[[7.217023611,43.663345278],[7.217074167,43.663393333]],[[7.217074167,43.663393333],[7.217180833,43.663492222]],[[7.217180833,43.663492222],[7.217221667,43.663525]],[[7.217221667,43.663525],[7.217296667,43.663586389]],[[7.217296667,43.663586389],[7.217351111,43.663628889]],[[7.217351111,43.663628889],[7.217429722,43.663687778]],[[7.217429722,43.663687778],[7.217751944,43.663935556]],[[7.217751944,43.663935556],[7.217822222,43.663987778]],[[7.217822222,43.663987778],[7.218819722,43.664712222]],[[7.218819722,43.664712222],[7.2192475,43.664999722]],[[7.2192475,43.664999722],[7.2194075,43.665101944]],[[7.2194075,43.665101944],[7.219514444,43.665158333]],[[7.219514444,43.665158333],[7.219643889,43.665218611]],[[7.219643889,43.665218611],[7.219762222,43.665263889]],[[7.219762222,43.665263889],[7.219838056,43.665284167]],[[7.219838056,43.665284167],[7.219891389,43.665292222]],[[7.219891389,43.665292222],[7.219953056,43.665296111]],[[7.219953056,43.665296111],[7.220016667,43.665291944]],[[7.220016667,43.665291944],[7.220071944,43.66528]],[[7.220071944,43.66528],[7.2201325,43.665258889]],[[7.2201325,43.665258889],[7.2202175,43.665226111]],[[7.2202175,43.665226111],[7.220279722,43.665178611]],[[7.220279722,43.665178611],[7.220300833,43.66515]],[[7.220300833,43.66515],[7.220331944,43.665104444]],[[7.220331944,43.665104444],[7.220346389,43.665058889]],[[7.220346389,43.665058889],[7.220347778,43.665017222]],[[7.220347778,43.665017222],[7.220340556,43.664975278]],[[7.220340556,43.664975278],[7.220328333,43.6649225]],[[7.220328333,43.6649225],[7.2202925,43.664811667]],[[7.2202925,43.664811667],[7.220191111,43.664549722]],[[7.220191111,43.664549722],[7.220038056,43.6642325]],[[7.220038056,43.6642325],[7.219935278,43.664040833]],[[7.219935278,43.664040833],[7.219755833,43.663750556]],[[7.219755833,43.663750556],[7.219611667,43.663549444]],[[7.219611667,43.663549444],[7.219454722,43.663356944]],[[7.219454722,43.663356944],[7.219331667,43.663223333]],[[7.219331667,43.663223333],[7.219266944,43.663165]],[[7.219266944,43.663165],[7.21916,43.663085278]],[[7.207538333,43.654058333],[7.207584167,43.654013889]],[[7.207584167,43.654013889],[7.207670833,43.653955278]],[[7.207670833,43.653955278],[7.207739167,43.653920833]],[[7.207739167,43.653920833],[7.207835,43.653889722]],[[7.207835,43.653889722],[7.207937222,43.653868056]],[[7.207937222,43.653868056],[7.208036389,43.653857778]],[[7.208036389,43.653857778],[7.208155556,43.653857222]],[[7.208155556,43.653857222],[7.208263333,43.653861667]],[[7.208263333,43.653861667],[7.208439722,43.653875556]],[[7.208439722,43.653875556],[7.208588056,43.653895556]],[[7.208588056,43.653895556],[7.208819722,43.653928889]],[[7.208819722,43.653928889],[7.209386944,43.654036111]],[[7.209386944,43.654036111],[7.209378611,43.654141667]],[[7.209378611,43.654141667],[7.209361667,43.654234167]],[[7.209361667,43.654234167],[7.209332222,43.654387778]],[[7.209332222,43.654387778],[7.209293056,43.654568333]],[[7.209293056,43.654568333],[7.20922,43.654972222]],[[7.20922,43.654972222],[7.209160556,43.655233889]],[[7.207684722,43.653625556],[7.207807778,43.653494444]],[[7.207807778,43.653494444],[7.207993889,43.653336111]],[[7.207993889,43.653336111],[7.208089722,43.6532575]],[[7.208089722,43.6532575],[7.208173611,43.653200278]],[[7.208173611,43.653200278],[7.208553333,43.652921389]],[[7.208553333,43.652921389],[7.208901111,43.653182222]],[[7.208901111,43.653182222],[7.209025,43.653290278]],[[7.209025,43.653290278],[7.209135,43.653385833]],[[7.209135,43.653385833],[7.209216944,43.653479167]],[[7.209216944,43.653479167],[7.209316667,43.653591111]],[[7.209316667,43.653591111],[7.209346111,43.653649167]],[[7.209346111,43.653649167],[7.209366667,43.653719722]],[[7.209366667,43.653719722],[7.209376389,43.653796111]],[[7.209376389,43.653796111],[7.208750833,43.653675278]],[[7.208750833,43.653675278],[7.208362778,43.653598611]],[[7.208362778,43.653598611],[7.208275278,43.653582222]],[[7.208275278,43.653582222],[7.208188611,43.653574167]],[[7.208188611,43.653574167],[7.208114167,43.653570556]],[[7.208114167,43.653570556],[7.208018611,43.653570556]],[[7.208018611,43.653570556],[7.207925833,43.653578333]],[[7.207925833,43.653578333],[7.207846111,43.653586667]],[[7.207846111,43.653586667],[7.207774167,43.653600833]],[[7.207774167,43.653600833],[7.207715,43.653615]],[[7.207715,43.653615],[7.207684722,43.653625556]],[[7.207727222,43.653614444],[7.207727222,43.653583889]],[[7.207775278,43.653600833],[7.207773056,43.653533611]],[[7.207820833,43.653593056],[7.207817778,43.653487222]],[[7.207865556,43.653585833],[7.207865,43.653446111]],[[7.207910278,43.653578056],[7.207908889,43.653409167]],[[7.221883333,43.665063333],[7.221809722,43.665039444]],[[7.221809722,43.665039444],[7.221706389,43.665010833]],[[7.221706389,43.665010833],[7.22163,43.664999444]],[[7.22163,43.664999444],[7.221554444,43.665004167]],[[7.221554444,43.665004167],[7.221478889,43.6650175]],[[7.221478889,43.6650175],[7.221388056,43.6650425]],[[7.221388056,43.6650425],[7.2211975,43.665119722]],[[7.2211975,43.665119722],[7.221075278,43.665181667]],[[7.221075278,43.665181667],[7.2209625,43.665243333]],[[7.2209625,43.665243333],[7.220896667,43.665285556]],[[7.220896667,43.665285556],[7.220765278,43.6654075]],[[7.220765278,43.6654075],[7.220705833,43.665476944]],[[7.220705833,43.665476944],[7.220605556,43.665599167]],[[7.220605556,43.665599167],[7.220561667,43.665680278]],[[7.220561667,43.665680278],[7.220545556,43.665731667]],[[7.220545556,43.665731667],[7.220548889,43.665763056]],[[7.220548889,43.665763056],[7.220555833,43.665794722]],[[7.220555833,43.665794722],[7.220580278,43.665841667]],[[7.220580278,43.665841667],[7.220624167,43.665916667]],[[7.220624167,43.665916667],[7.22066,43.665959722]],[[7.22066,43.665959722],[7.220690833,43.666001389]],[[7.220690833,43.666001389],[7.220743611,43.666058333]],[[7.220743611,43.666058333],[7.220800833,43.6661125]],[[7.220800833,43.6661125],[7.220861389,43.6661725]],[[7.220861389,43.6661725],[7.220956667,43.666252222]],[[7.220956667,43.666252222],[7.221196944,43.666439444]],[[7.221196944,43.666439444],[7.222378611,43.667301944]],[[7.222378611,43.667301944],[7.222829722,43.667620833]],[[7.222829722,43.667620833],[7.222938889,43.667695]],[[7.222938889,43.667695],[7.223234722,43.667866111]],[[7.223234722,43.667866111],[7.22334,43.667916944]],[[7.22334,43.667916944],[7.223416667,43.667950833]],[[7.223416667,43.667950833],[7.223565556,43.667996111]],[[7.223565556,43.667996111],[7.223625556,43.66801]],[[7.223625556,43.66801],[7.223680278,43.668010833]],[[7.223680278,43.668010833],[7.223728056,43.668001389]],[[7.223728056,43.668001389],[7.223810556,43.667979722]],[[7.223810556,43.667979722],[7.223897778,43.667946667]],[[7.223897778,43.667946667],[7.224041667,43.667884722]],[[7.224041667,43.667884722],[7.224141667,43.667831389]],[[7.224141667,43.667831389],[7.224307778,43.667732222]],[[7.224307778,43.667732222],[7.224346111,43.667698056]],[[7.224346111,43.667698056],[7.224439167,43.667614444]],[[7.224439167,43.667614444],[7.224541667,43.667507222]],[[7.224541667,43.667507222],[7.224609722,43.667423056]],[[7.224609722,43.667423056],[7.224650556,43.6673575]],[[7.224650556,43.6673575],[7.224675833,43.667299167]],[[7.224675833,43.667299167],[7.224684167,43.667260278]],[[7.224684167,43.667260278],[7.224687222,43.667216111]],[[7.224687222,43.667216111],[7.224678056,43.667181389]],[[7.224678056,43.667181389],[7.224659444,43.6671375]],[[7.224659444,43.6671375],[7.2246375,43.667099722]],[[7.2246375,43.667099722],[7.224615833,43.66707]],[[7.224615833,43.66707],[7.224580556,43.6670325]],[[7.224580556,43.6670325],[7.224552222,43.6670075]],[[7.224552222,43.6670075],[7.22451,43.666975278]],[[7.225592222,43.667762778],[7.225531389,43.667727222]],[[7.225531389,43.667727222],[7.225493056,43.667704167]],[[7.225493056,43.667704167],[7.225446111,43.667685]],[[7.225446111,43.667685],[7.22539,43.66767]],[[7.22539,43.66767],[7.225319722,43.667653889]],[[7.225319722,43.667653889],[7.225265,43.667651389]],[[7.225265,43.667651389],[7.225206944,43.667648889]],[[7.225206944,43.667648889],[7.225164722,43.667651111]],[[7.225164722,43.667651111],[7.225113056,43.667662778]],[[7.225113056,43.667662778],[7.225051111,43.667678611]],[[7.225051111,43.667678611],[7.2249725,43.667703611]],[[7.2249725,43.667703611],[7.224785833,43.667790833]],[[7.224785833,43.667790833],[7.224663333,43.667851111]],[[7.224663333,43.667851111],[7.224581667,43.667899444]],[[7.224581667,43.667899444],[7.224454444,43.667974722]],[[7.224454444,43.667974722],[7.224298056,43.668104444]],[[7.224298056,43.668104444],[7.224234167,43.668173333]],[[7.224234167,43.668173333],[7.224208889,43.668213056]],[[7.224208889,43.668213056],[7.224187778,43.668253611]],[[7.224187778,43.668253611],[7.224177778,43.668289444]],[[7.224177778,43.668289444],[7.22417,43.668334722]],[[7.22417,43.668334722],[7.22417,43.6683875]],[[7.22417,43.6683875],[7.224182778,43.668431667]],[[7.224182778,43.668431667],[7.224198889,43.668470556]],[[7.224198889,43.668470556],[7.224225,43.668511389]],[[7.224225,43.668511389],[7.224251944,43.668553611]],[[7.224251944,43.668553611],[7.224276944,43.668581944]],[[7.224276944,43.668581944],[7.224313333,43.6686075]],[[7.224313333,43.6686075],[7.224433611,43.668694722]],[[7.224433611,43.668694722],[7.2250475,43.669143056]],[[7.2250475,43.669143056],[7.225507222,43.669474167]],[[7.225507222,43.669474167],[7.225707778,43.669610833]],[[7.225707778,43.669610833],[7.2258575,43.669705556]],[[7.2258575,43.669705556],[7.225970833,43.669773889]],[[7.225970833,43.669773889],[7.226058889,43.669821389]],[[7.226058889,43.669821389],[7.226159167,43.669866667]],[[7.226159167,43.669866667],[7.226246111,43.669905833]],[[7.226246111,43.669905833],[7.226460556,43.669949722]],[[7.226460556,43.669949722],[7.22662,43.669919722]],[[7.22662,43.669919722],[7.226678333,43.669896389]],[[7.226678333,43.669896389],[7.226788056,43.6698425]],[[7.226788056,43.6698425],[7.226869444,43.669799444]],[[7.226869444,43.669799444],[7.226999722,43.669721944]],[[7.226999722,43.669721944],[7.227049444,43.669688056]],[[7.227049444,43.669688056],[7.227105833,43.669636111]],[[7.227105833,43.669636111],[7.227165,43.669575278]],[[7.227165,43.669575278],[7.227246944,43.669490833]],[[7.227246944,43.669490833],[7.227304167,43.669413889]],[[7.227304167,43.669413889],[7.227348889,43.669345]],[[7.227348889,43.669345],[7.227367222,43.669303889]],[[7.227367222,43.669303889],[7.227368889,43.669264722]],[[7.227368889,43.669264722],[7.227360833,43.669189722]],[[7.227360833,43.669189722],[7.227341944,43.669129444]],[[7.227341944,43.669129444],[7.227315278,43.669070278]],[[7.227315278,43.669070278],[7.227269444,43.669004167]],[[7.227269444,43.669004167],[7.227231944,43.668959167]],[[7.227231944,43.668959167],[7.227163056,43.668901389]],[[7.227163056,43.668901389],[7.2270925,43.668846111]],[[7.2270925,43.668846111],[7.2268825,43.668692778]],[[7.227274722,43.668411111],[7.228269167,43.669134167]],[[7.228269167,43.669134167],[7.2272825,43.669849444]],[[7.2272825,43.669849444],[7.227079444,43.670014722]],[[7.227079444,43.670014722],[7.227021944,43.670071389]],[[7.227021944,43.670071389],[7.226978056,43.670124722]],[[7.226978056,43.670124722],[7.226952222,43.670161667]],[[7.226952222,43.670161667],[7.2269325,43.6701975]],[[7.2269325,43.6701975],[7.226917778,43.670235278]],[[7.226917778,43.670235278],[7.226910556,43.670257222]],[[7.226928333,43.670531111],[7.226918333,43.670501667]],[[7.226918333,43.670501667],[7.226908611,43.6704725]],[[7.226908611,43.6704725],[7.226901944,43.670443611]],[[7.226901944,43.670443611],[7.226896389,43.670409167]],[[7.226896389,43.670409167],[7.226895,43.670366944]],[[7.226895,43.670366944],[7.226893333,43.670339722]],[[7.226893333,43.670339722],[7.226898889,43.670299722]],[[7.226898889,43.670299722],[7.226905278,43.670270278]],[[7.226905278,43.670270278],[7.226910278,43.670260278]],[[7.226910278,43.670260278],[7.226939167,43.670243056]],[[7.226939167,43.670243056],[7.226961667,43.670231389]],[[7.226961667,43.670231389],[7.2269875,43.670215556]],[[7.2269875,43.670215556],[7.227032222,43.670191667]],[[7.227032222,43.670191667],[7.227159167,43.670124444]],[[7.226923333,43.670506944],[7.226982222,43.670508611]],[[7.226911111,43.670474167],[7.227057778,43.670475833]],[[7.226904722,43.670443056],[7.227057778,43.670443611]],[[7.2268975,43.670407778],[7.227050833,43.670408611]],[[7.226897222,43.670375],[7.227047778,43.670375556]],[[7.226895556,43.670341944],[7.227048056,43.670344444]],[[7.2269,43.670308056],[7.227051944,43.670311111]],[[7.226907222,43.670274444],[7.22706,43.670278611]],[[7.226945833,43.670242222],[7.227070278,43.670245278]],[[7.227004167,43.670208889],[7.227085556,43.670212778]],[[7.227064167,43.670177222],[7.2271075,43.670178889]],[[7.227120833,43.670145833],[7.227135833,43.6701475]],[[7.226179722,43.669875833],[7.226615833,43.669875833]],[[7.226270556,43.669908611],[7.226583056,43.669908889]],[[7.226536667,43.66984],[7.226648333,43.669841944]],[[7.226421667,43.66994],[7.226490556,43.669941111]],[[7.205837222,43.651135556],[7.205824722,43.651163333]],[[7.205824722,43.651163333],[7.205829444,43.651198889]],[[7.205829444,43.651198889],[7.205845833,43.651235]],[[7.205845833,43.651235],[7.205866667,43.651273611]],[[7.205866667,43.651273611],[7.205896111,43.651325278]],[[7.205896111,43.651325278],[7.205928889,43.651365]],[[7.205928889,43.651365],[7.205963056,43.651396389]],[[7.205963056,43.651396389],[7.205998056,43.651427222]],[[7.205998056,43.651427222],[7.2061,43.651514722]],[[7.2061,43.651514722],[7.206188889,43.651595556]],[[7.206188889,43.651595556],[7.206282778,43.651675278]],[[7.206282778,43.651675278],[7.206428056,43.651804167]],[[7.206428056,43.651804167],[7.206653611,43.651969444]],[[7.206653611,43.651969444],[7.207040278,43.652249167]],[[7.207040278,43.652249167],[7.207205556,43.652379444]],[[7.207205556,43.652379444],[7.2072975,43.652467222]],[[7.2072975,43.652467222],[7.207338611,43.652515556]],[[7.207338611,43.652515556],[7.207404167,43.652604722]],[[7.207404167,43.652604722],[7.207476389,43.652730833]],[[7.207476389,43.652730833],[7.2075275,43.652855556]],[[7.2075275,43.652855556],[7.207554722,43.652966111]],[[7.207554722,43.652966111],[7.207569444,43.653082222]],[[7.207569444,43.653082222],[7.2075675,43.653191667]],[[7.2075675,43.653191667],[7.207560278,43.653268056]],[[7.207560278,43.653268056],[7.207542222,43.653335833]],[[7.207542222,43.653335833],[7.207611944,43.653276944]],[[7.207611944,43.653276944],[7.207735833,43.653181389]],[[7.207735833,43.653181389],[7.207793611,43.653133889]],[[7.207793611,43.653133889],[7.207868333,43.653059444]],[[7.207868333,43.653059444],[7.207938056,43.652983611]],[[7.207938056,43.652983611],[7.207977222,43.652930556]],[[7.207977222,43.652930556],[7.208001944,43.652885833]],[[7.208001944,43.652885833],[7.208022778,43.652841389]],[[7.208022778,43.652841389],[7.208031667,43.652792222]],[[7.208031667,43.652792222],[7.208033333,43.652725833]],[[7.208033333,43.652725833],[7.208017222,43.652659722]],[[7.208017222,43.652659722],[7.207984444,43.652593056]],[[7.207984444,43.652593056],[7.207936111,43.652521111]],[[7.207936111,43.652521111],[7.207881667,43.652460278]],[[7.207881667,43.652460278],[7.207813611,43.652395833]],[[7.207813611,43.652395833],[7.207674167,43.652275833]],[[7.207674167,43.652275833],[7.207557778,43.652186667]],[[7.207557778,43.652186667],[7.207388611,43.652052778]],[[7.207388611,43.652052778],[7.206633056,43.651503889]],[[7.206633056,43.651503889],[7.206373889,43.651314444]],[[7.206373889,43.651314444],[7.206252778,43.651231944]],[[7.206252778,43.651231944],[7.206180833,43.651192778]],[[7.206180833,43.651192778],[7.206138333,43.651175]],[[7.206138333,43.651175],[7.2060775,43.651155]],[[7.2060775,43.651155],[7.206013889,43.651137222]],[[7.206013889,43.651137222],[7.205948333,43.651123056]],[[7.205948333,43.651123056],[7.205890278,43.651116667]],[[7.205890278,43.651116667],[7.2058675,43.651118333]],[[7.2058675,43.651118333],[7.205850556,43.651124722]],[[7.205850556,43.651124722],[7.205837222,43.651135556]],[[7.205835556,43.651187778],[7.206152778,43.6511925]],[[7.205843889,43.651151944],[7.206042778,43.651153889]],[[7.205851667,43.651224167],[7.206223889,43.651226111]],[[7.20587,43.651258889],[7.206281111,43.651263056]],[[7.206087222,43.651502222],[7.206189722,43.651454444]],[[7.206097778,43.651372778],[7.205983889,43.651413889]],[[7.206016389,43.651296111],[7.205896667,43.651315278]],[[7.205955833,43.651227778],[7.205839444,43.651206944]],[[7.2059875,43.651132222],[7.205964444,43.651218333]],[[7.206126389,43.651174722],[7.206075833,43.651253889]],[[7.206252778,43.6512325],[7.206183333,43.651301667]],[[7.206360278,43.651307778],[7.206274167,43.651369444]],[[7.207842222,43.652429444],[7.207745278,43.652478333]],[[7.208026111,43.652689444],[7.207901389,43.652698056]],[[7.207844722,43.652911389],[7.207955833,43.652960556]],[[7.207576111,43.653049444],[7.207873333,43.653041667]],[[7.2075775,43.6530825],[7.207840278,43.653076667]],[[7.207581944,43.653148056],[7.207765556,43.653144167]],[[7.207581667,43.653179722],[7.207730556,43.653177222]],[[7.207578333,43.653214444],[7.207684167,43.653211111]],[[7.207570833,43.653249722],[7.207642222,43.653246944]],[[7.207568889,43.653278889],[7.207595833,43.653279167]],[[7.209407222,43.655414722],[7.209703056,43.654083333]],[[7.209703056,43.654083333],[7.209841944,43.654109444]],[[7.209841944,43.654109444],[7.210269722,43.654189722]],[[7.210269722,43.654189722],[7.211166389,43.654365278]],[[7.211166389,43.654365278],[7.211798611,43.654493333]],[[7.211798611,43.654493333],[7.212062222,43.654553333]],[[7.212062222,43.654553333],[7.212346944,43.654630556]],[[7.212346944,43.654630556],[7.212710833,43.654742778]],[[7.212710833,43.654742778],[7.212963889,43.654838333]],[[7.212963889,43.654838333],[7.213403056,43.6550125]],[[7.213403056,43.6550125],[7.213620278,43.655110556]],[[7.203156667,43.647501111],[7.203167222,43.647523611]],[[7.203167222,43.647523611],[7.203170556,43.647550556]],[[7.203170556,43.647550556],[7.203156667,43.647585]],[[7.203156667,43.647585],[7.203138333,43.647603056]],[[7.203138333,43.647603056],[7.2024375,43.648113889]],[[7.2024375,43.648113889],[7.202364722,43.648044722]],[[7.202364722,43.648044722],[7.202238333,43.647917222]],[[7.202238333,43.647917222],[7.202141667,43.647776944]],[[7.202141667,43.647776944],[7.2021125,43.647689722]],[[7.2021125,43.647689722],[7.202108333,43.6476]],[[7.202108333,43.6476],[7.20213,43.647538056]],[[7.20213,43.647538056],[7.202161111,43.647476667]],[[7.202161111,43.647476667],[7.202196944,43.647430278]],[[7.202196944,43.647430278],[7.20225,43.647380278]],[[7.20225,43.647380278],[7.202305278,43.647346389]],[[7.202305278,43.647346389],[7.202364444,43.647314167]],[[7.202364444,43.647314167],[7.202411944,43.647298611]],[[7.202411944,43.647298611],[7.202474722,43.647277222]],[[7.202474722,43.647277222],[7.202561944,43.647263333]],[[7.202561944,43.647263333],[7.20264,43.647260833]],[[7.20264,43.647260833],[7.202733056,43.647268889]],[[7.202733056,43.647268889],[7.202818333,43.647288056]],[[7.202818333,43.647288056],[7.202893056,43.647310556]],[[7.202014722,43.648508333],[7.201981111,43.648504167]],[[7.201981111,43.648504167],[7.201944167,43.648488611]],[[7.201944167,43.648488611],[7.201914722,43.648463056]],[[7.201914722,43.648463056],[7.201851667,43.648400278]],[[7.201851667,43.648400278],[7.2017775,43.648325556]],[[7.2017775,43.648325556],[7.201716667,43.648257222]],[[7.201716667,43.648257222],[7.201658889,43.648177778]],[[7.201658889,43.648177778],[7.201618333,43.648096389]],[[7.201618333,43.648096389],[7.201598056,43.648038611]],[[7.201598056,43.648038611],[7.201596111,43.648006111]],[[7.201596111,43.648006111],[7.201613056,43.647941667]],[[7.201613056,43.647941667],[7.201645278,43.647875833]],[[7.201645278,43.647875833],[7.201668056,43.647835]],[[7.201668056,43.647835],[7.201718611,43.6477725]],[[7.201718611,43.6477725],[7.201726111,43.647803611]],[[7.201726111,43.647803611],[7.201739444,43.647832778]],[[7.201739444,43.647832778],[7.201761111,43.647875556]],[[7.201761111,43.647875556],[7.201788056,43.647925278]],[[7.201788056,43.647925278],[7.201830278,43.647981111]],[[7.201830278,43.647981111],[7.201879722,43.648038611]],[[7.201879722,43.648038611],[7.201948333,43.648093889]],[[7.201948333,43.648093889],[7.202009444,43.648143333]],[[7.202009444,43.648143333],[7.202156944,43.648247222]],[[7.202156944,43.648247222],[7.202219167,43.64829]],[[7.202219167,43.64829],[7.202190278,43.648321944]],[[7.202190278,43.648321944],[7.202157222,43.648363889]],[[7.202157222,43.648363889],[7.202128056,43.648421944]],[[7.202128056,43.648421944],[7.202101667,43.648459167]],[[7.202101667,43.648459167],[7.202048333,43.648502222]],[[7.202048333,43.648502222],[7.202014722,43.648508333]],[[7.204953889,43.650731389],[7.204515833,43.650412778]],[[7.204515833,43.650412778],[7.203458611,43.649645]],[[7.203458611,43.649645],[7.203081944,43.64935]],[[7.203081944,43.64935],[7.202798333,43.649111944]],[[7.202798333,43.649111944],[7.202711667,43.649024722]],[[7.202711667,43.649024722],[7.202633889,43.648941667]],[[7.202633889,43.648941667],[7.202566944,43.648857778]],[[7.202566944,43.648857778],[7.202525833,43.648791944]],[[7.202525833,43.648791944],[7.202489444,43.648723889]],[[7.202489444,43.648723889],[7.202476944,43.648693333]],[[7.202476944,43.648693333],[7.202471111,43.648661111]],[[7.202471111,43.648661111],[7.2024725,43.648637778]],[[7.2024725,43.648637778],[7.202483056,43.648593611]],[[7.202483056,43.648593611],[7.2025025,43.648548333]],[[7.2025025,43.648548333],[7.202521111,43.648513889]],[[7.202521111,43.648513889],[7.203336111,43.649110833]],[[7.203336111,43.649110833],[7.204199167,43.649757778]],[[7.204199167,43.649757778],[7.204370833,43.649891389]],[[7.204370833,43.649891389],[7.204558611,43.650048333]],[[7.204558611,43.650048333],[7.20464,43.650124444]],[[7.20464,43.650124444],[7.204689167,43.650172778]],[[7.204689167,43.650172778],[7.204739444,43.650229167]],[[7.204739444,43.650229167],[7.204793889,43.650296667]],[[7.204793889,43.650296667],[7.204830556,43.650352778]],[[7.204830556,43.650352778],[7.204860833,43.650398889]],[[7.204860833,43.650398889],[7.204889444,43.650457778]],[[7.204889444,43.650457778],[7.204909444,43.650505]],[[7.204909444,43.650505],[7.204923333,43.650548333]],[[7.204923333,43.650548333],[7.204933333,43.650586389]],[[7.204933333,43.650586389],[7.204942222,43.650633889]],[[7.204942222,43.650633889],[7.204948611,43.650678611]],[[7.204948611,43.650678611],[7.204953889,43.650731389]],[[7.202494722,43.648728889],[7.202800556,43.648726389]],[[7.202480833,43.648693333],[7.202750556,43.648692222]],[[7.202476111,43.648657222],[7.202701667,43.648656667]],[[7.202478889,43.648621667],[7.202657778,43.648623056]],[[7.202490278,43.648587778],[7.202608333,43.648588056]],[[7.202507222,43.648550833],[7.202561389,43.6485525]],[[7.204663611,43.650509722],[7.204905833,43.650509444]],[[7.204708333,43.650543611],[7.2049175,43.650543333]],[[7.204758333,43.65058],[7.2049275,43.650578333]],[[7.204804444,43.650613056],[7.204933611,43.650613333]],[[7.2048525,43.650648333],[7.204939167,43.650647222]],[[7.204901111,43.650683056],[7.204945,43.650681667]],[[7.204944167,43.650716667],[7.204951944,43.650717222]],[[7.203771389,43.647948611],[7.203689722,43.647926111]],[[7.203689722,43.647926111],[7.203620833,43.647909167]],[[7.203620833,43.647909167],[7.203563333,43.647903333]],[[7.203563333,43.647903333],[7.203496667,43.647898056]],[[7.203496667,43.647898056],[7.203421111,43.647902222]],[[7.203421111,43.647902222],[7.203355,43.647915833]],[[7.203355,43.647915833],[7.203284167,43.647936944]],[[7.203284167,43.647936944],[7.203231667,43.647955833]],[[7.203231667,43.647955833],[7.203181111,43.64798]],[[7.203181111,43.64798],[7.203146944,43.647999444]],[[7.203146944,43.647999444],[7.203119722,43.648020556]],[[7.203119722,43.648020556],[7.203080278,43.648059722]],[[7.203080278,43.648059722],[7.203040278,43.648111111]],[[7.203040278,43.648111111],[7.203004444,43.648164167]],[[7.203004444,43.648164167],[7.202993056,43.648212222]],[[7.202993056,43.648212222],[7.202982778,43.648259167]],[[7.202982778,43.648259167],[7.202988611,43.648318333]],[[7.202988611,43.648318333],[7.203006389,43.648382778]],[[7.203006389,43.648382778],[7.203037778,43.648442778]],[[7.203037778,43.648442778],[7.203076389,43.6485025]],[[7.203076389,43.6485025],[7.203174722,43.648610833]],[[7.203174722,43.648610833],[7.203285,43.648722222]],[[7.203285,43.648722222],[7.2033625,43.648787778]],[[7.2033625,43.648787778],[7.203567778,43.648954167]],[[7.203567778,43.648954167],[7.20378,43.649117778]],[[7.20378,43.649117778],[7.204138889,43.6493775]],[[7.204138889,43.6493775],[7.204668889,43.649761667]],[[7.204668889,43.649761667],[7.205330833,43.650242778]],[[7.205330833,43.650242778],[7.205620556,43.650453333]],[[7.205620556,43.650453333],[7.205648611,43.650468333]],[[7.205648611,43.650468333],[7.205684722,43.650476667]],[[7.205684722,43.650476667],[7.205736389,43.650484167]],[[7.205736389,43.650484167],[7.205784722,43.650488056]],[[7.205784722,43.650488056],[7.205833611,43.650486389]],[[7.205833611,43.650486389],[7.205900833,43.650475]],[[7.205900833,43.650475],[7.205948056,43.650464167]],[[7.205948056,43.650464167],[7.205975278,43.650451111]],[[7.205975278,43.650451111],[7.206021111,43.650405556]],[[7.206021111,43.650405556],[7.206091944,43.650335833]],[[7.206091944,43.650335833],[7.206144722,43.650284444]],[[7.206144722,43.650284444],[7.206205833,43.650226389]],[[7.206205833,43.650226389],[7.206267222,43.650156667]],[[7.206267222,43.650156667],[7.206296944,43.650111944]],[[7.206296944,43.650111944],[7.206316389,43.650066389]],[[7.206316389,43.650066389],[7.206327222,43.65003]],[[7.206327222,43.65003],[7.2063325,43.649992778]],[[7.2063325,43.649992778],[7.206332778,43.649956389]],[[7.206332778,43.649956389],[7.206329167,43.649918889]],[[7.206329167,43.649918889],[7.206319722,43.649884722]],[[7.206319722,43.649884722],[7.206301944,43.649837222]],[[7.206301944,43.649837222],[7.206279167,43.649798333]],[[7.206279167,43.649798333],[7.206253333,43.649764444]],[[7.206253333,43.649764444],[7.206225,43.649736389]],[[7.207151667,43.650406111],[7.207119167,43.6503925]],[[7.207119167,43.6503925],[7.207085,43.650378333]],[[7.207085,43.650378333],[7.207036667,43.650365833]],[[7.207036667,43.650365833],[7.206983889,43.650358333]],[[7.206983889,43.650358333],[7.206926111,43.650354444]],[[7.206926111,43.650354444],[7.206849722,43.650356944]],[[7.206849722,43.650356944],[7.206784722,43.650364167]],[[7.206784722,43.650364167],[7.206719444,43.650378056]],[[7.206719444,43.650378056],[7.206658611,43.650399444]],[[7.206658611,43.650399444],[7.206601111,43.650423056]],[[7.206601111,43.650423056],[7.206561667,43.650443889]],[[7.206561667,43.650443889],[7.206516667,43.6504725]],[[7.206516667,43.6504725],[7.206494167,43.650488611]],[[7.206494167,43.650488611],[7.206475278,43.6505075]],[[7.206475278,43.6505075],[7.206445278,43.650539167]],[[7.206445278,43.650539167],[7.206416944,43.650575556]],[[7.206416944,43.650575556],[7.206395556,43.650615]],[[7.206395556,43.650615],[7.206379444,43.650655]],[[7.206379444,43.650655],[7.206367778,43.650708889]],[[7.206367778,43.650708889],[7.206366389,43.650744444]],[[7.206366389,43.650744444],[7.206370833,43.650781667]],[[7.206370833,43.650780833],[7.206375833,43.650808333]],[[7.206375833,43.650808333],[7.206385556,43.650838611]],[[7.206385556,43.650838611],[7.206400833,43.650872222]],[[7.206400833,43.650872222],[7.206416389,43.650899167]],[[7.206416389,43.650899167],[7.206450278,43.650950556]],[[7.206450278,43.650950556],[7.206489722,43.651003056]],[[7.206489722,43.651003056],[7.206529444,43.651048889]],[[7.206529444,43.651048889],[7.206552778,43.651073611]],[[7.206552778,43.651073611],[7.206626111,43.651146389]],[[7.206626111,43.651146389],[7.206696111,43.65121]],[[7.206696111,43.65121],[7.206857778,43.651345278]],[[7.206857778,43.651345278],[7.207041389,43.651486667]],[[7.207041389,43.651486667],[7.207470556,43.651811389]],[[7.207470556,43.651811389],[7.208161111,43.652318056]],[[7.208161111,43.652318056],[7.208561944,43.652608611]],[[7.208561944,43.652608611],[7.2086825,43.652509167]],[[7.2086825,43.652509167],[7.208787778,43.652422222]],[[7.208787778,43.652422222],[7.208859722,43.652355833]],[[7.208859722,43.652355833],[7.208993333,43.652215833]],[[7.208993333,43.652215833],[7.209061389,43.652132778]],[[7.209061389,43.652132778],[7.209075278,43.652106111]],[[7.209075278,43.652106111],[7.2090875,43.652073889]],[[7.2090875,43.652073889],[7.209094444,43.65203]],[[7.209094444,43.65203],[7.209099444,43.651994444]],[[7.209099444,43.651994444],[7.209099722,43.651960556]],[[7.209099722,43.651960556],[7.209093611,43.651926667]],[[7.209093611,43.651926667],[7.209085278,43.651889167]],[[7.209085278,43.651889167],[7.209070833,43.651855556]],[[7.209070833,43.651855556],[7.209054167,43.651822222]],[[7.209054167,43.651822222],[7.209027778,43.651788333]],[[7.209027778,43.651788333],[7.209009444,43.651767222]],[[7.209009444,43.651767222],[7.208988056,43.651744167]],[[7.209973889,43.652462778],[7.2099275,43.652436389]],[[7.2099275,43.652436389],[7.209878889,43.652416111]],[[7.209878889,43.652416111],[7.209830556,43.652399444]],[[7.209830556,43.652399444],[7.209779722,43.652385556]],[[7.209779722,43.652385556],[7.209724167,43.652378333]],[[7.209724167,43.652378333],[7.209668333,43.652374444]],[[7.209668333,43.652374444],[7.209608333,43.652375556]],[[7.209608333,43.652375556],[7.209553611,43.652381111]],[[7.209553611,43.652381111],[7.2095025,43.652391389]],[[7.2095025,43.652391389],[7.209444444,43.652407222]],[[7.209444444,43.652407222],[7.209396111,43.652425556]],[[7.209396111,43.652425556],[7.209359444,43.65244]],[[7.209359444,43.65244],[7.209316944,43.652464167]],[[7.209316944,43.652464167],[7.209281944,43.652489444]],[[7.209281944,43.652489444],[7.209248056,43.652515556]],[[7.209248056,43.652515556],[7.209217778,43.652549722]],[[7.209217778,43.652549722],[7.209185556,43.652586667]],[[7.209185556,43.652586667],[7.209161111,43.652629167]],[[7.209161111,43.652629167],[7.209146111,43.652676389]],[[7.209146111,43.652676389],[7.209133889,43.652716667]],[[7.209133889,43.652716667],[7.209134722,43.652766667]],[[7.209134722,43.652766667],[7.20914,43.652813333]],[[7.20914,43.652813333],[7.209160278,43.652864444]],[[7.209160278,43.652864444],[7.209178611,43.652910833]],[[7.209178611,43.652910833],[7.209215556,43.652959722]],[[7.209215556,43.652959722],[7.209268889,43.653027778]],[[7.209268889,43.653027778],[7.209364722,43.6531375]],[[7.209364722,43.6531375],[7.209463889,43.6532475]],[[7.209463889,43.6532475],[7.209547778,43.653339444]],[[7.209547778,43.653339444],[7.209593611,43.653393611]],[[7.209593611,43.653393611],[7.209633333,43.653443333]],[[7.209633333,43.653443333],[7.209663333,43.653488056]],[[7.209663333,43.653488056],[7.209686667,43.653526111]],[[7.209686667,43.653526111],[7.209709167,43.653568333]],[[7.209709167,43.653568333],[7.209721944,43.653606389]],[[7.209721944,43.653606389],[7.2097375,43.653655278]],[[7.2097375,43.653655278],[7.209745556,43.6536925]],[[7.209745556,43.6536925],[7.209751944,43.653736389]],[[7.209751944,43.653736389],[7.209756111,43.653774444]],[[7.209756111,43.653774444],[7.209753333,43.653815]],[[7.209753333,43.653815],[7.209751111,43.653855278]],[[7.209751111,43.653855278],[7.209746667,43.653885]],[[7.209746667,43.653885],[7.211843056,43.654295556]],[[7.211843056,43.654295556],[7.211945278,43.6543175]],[[7.211945278,43.6543175],[7.21207,43.6543475]],[[7.21207,43.6543475],[7.212243056,43.654393056]],[[7.212243056,43.654393056],[7.212392778,43.654433056]],[[7.212392778,43.654433056],[7.212545,43.654477778]],[[7.212545,43.654477778],[7.212741667,43.654536667]],[[7.212741667,43.654536667],[7.212913611,43.654597778]],[[7.225966389,43.667456389],[7.225946389,43.667435833]],[[7.225946389,43.667435833],[7.225919444,43.667407778]],[[7.225919444,43.667407778],[7.225896944,43.667384444]],[[7.225896944,43.667384444],[7.2258725,43.667350833]],[[7.2258725,43.667350833],[7.225852222,43.667318056]],[[7.225852222,43.667318056],[7.225838056,43.667286944]],[[7.225838056,43.667286944],[7.225827222,43.667258056]],[[7.225827222,43.667258056],[7.225815556,43.667217222]],[[7.225815556,43.667217222],[7.225812222,43.667174444]],[[7.225812222,43.667174444],[7.22581,43.667143056]],[[7.22581,43.667143056],[7.225813889,43.667101111]],[[7.225813889,43.667101111],[7.225822222,43.667068333]],[[7.225822222,43.667068333],[7.2258425,43.667036389]],[[7.2258425,43.667036389],[7.225879444,43.666989167]],[[7.225879444,43.666989167],[7.225928889,43.666936667]],[[7.225928889,43.666936667],[7.225981111,43.666884167]],[[7.225981111,43.666884167],[7.226077778,43.666798333]],[[7.226077778,43.666798333],[7.226161667,43.666727778]],[[7.226161667,43.666727778],[7.226408889,43.666536944]],[[7.226408889,43.666536944],[7.226439722,43.666516389]],[[7.226439722,43.666516389],[7.226734167,43.666334444]],[[7.226734167,43.666334444],[7.227085,43.666121111]],[[7.227085,43.666121111],[7.227143611,43.666088889]],[[7.227143611,43.666088889],[7.227192778,43.666068056]],[[7.227192778,43.666068056],[7.227243611,43.666051667]],[[7.227243611,43.666051667],[7.227298333,43.666035]],[[7.227298333,43.666035],[7.227356389,43.666023611]],[[7.227356389,43.666023611],[7.227414722,43.666015278]],[[7.227414722,43.666015278],[7.227452778,43.666012222]],[[7.225834722,43.667275278],[7.225956667,43.667270833]],[[7.225815556,43.667156667],[7.225921111,43.667154444]],[[7.225841944,43.667035556],[7.225955,43.667076944]],[[7.225934722,43.666930556],[7.22603,43.666991944]],[[7.224945,43.666711111],[7.224972222,43.666728333]],[[7.224972222,43.666728333],[7.224996944,43.666741667]],[[7.224996944,43.666741667],[7.225024167,43.666754722]],[[7.225024167,43.666754722],[7.225062222,43.666771111]],[[7.225062222,43.666771111],[7.225100556,43.666785278]],[[7.225100556,43.666785278],[7.225136389,43.666796389]],[[7.225136389,43.666796389],[7.225181944,43.666809444]],[[7.225181944,43.666809444],[7.225216389,43.666815556]],[[7.225216389,43.666815556],[7.225260833,43.66682]],[[7.225260833,43.66682],[7.225316667,43.666824167]],[[7.225316667,43.666824167],[7.225376389,43.666825]],[[7.225376389,43.666825],[7.22542,43.666824722]],[[7.22542,43.666824722],[7.225464444,43.666818056]],[[7.225464444,43.666818056],[7.225500556,43.666809167]],[[7.225500556,43.666809167],[7.225529722,43.666799722]],[[7.225529722,43.666799722],[7.225575833,43.666779167]],[[7.225575833,43.666779167],[7.225629444,43.666755556]],[[7.225629444,43.666755556],[7.225676111,43.666732778]],[[7.225676111,43.666732778],[7.225745833,43.666692222]],[[7.225745833,43.666692222],[7.225846111,43.666634722]],[[7.225846111,43.666634722],[7.225953056,43.666567222]],[[7.225953056,43.666567222],[7.226198611,43.666399444]],[[7.226198611,43.666399444],[7.226230833,43.666377222]],[[7.226230833,43.666377222],[7.226266667,43.6663475]],[[7.226266667,43.6663475],[7.226289444,43.666326389]],[[7.226289444,43.666326389],[7.226313611,43.666297778]],[[7.226313611,43.666297778],[7.226335833,43.666269167]],[[7.226335833,43.666269167],[7.226355,43.666238056]],[[7.226355,43.666238056],[7.226375,43.666194722]],[[7.226375,43.666194722],[7.226389722,43.666155278]],[[7.226389722,43.666155278],[7.226398056,43.666119167]],[[7.226398056,43.666119167],[7.226402778,43.666085556]],[[7.226402778,43.666085556],[7.2264025,43.666054722]],[[7.2264025,43.666054722],[7.226399444,43.6660225]],[[7.226399444,43.6660225],[7.226389167,43.6659725]],[[7.226389167,43.6659725],[7.226379722,43.6659425]],[[7.226379722,43.6659425],[7.226365278,43.665911944]],[[7.226365278,43.665911944],[7.226345556,43.665878056]],[[7.226345556,43.665878056],[7.226321667,43.665843889]],[[7.226321667,43.665843889],[7.226297778,43.665815]],[[7.226297778,43.665815],[7.226271944,43.665789722]],[[7.226271944,43.665789722],[7.226241111,43.665763333]],[[7.226241111,43.665763333],[7.226190556,43.665726111]],[[7.226190556,43.665726111],[7.225758889,43.665415]],[[7.225758889,43.665415],[7.2250275,43.664881667]],[[7.2250275,43.664881667],[7.224602222,43.66458]],[[7.224602222,43.66458],[7.224400278,43.664438889]],[[7.224400278,43.664438889],[7.224269722,43.664349167]],[[7.224269722,43.664349167],[7.224106944,43.664241944]],[[7.224106944,43.664241944],[7.223966389,43.664154722]],[[7.223966389,43.664154722],[7.223830278,43.664075556]],[[7.223830278,43.664075556],[7.223716944,43.664015556]],[[7.223716944,43.664015556],[7.223639167,43.663979722]],[[7.223639167,43.663979722],[7.223551944,43.663943611]],[[7.223551944,43.663943611],[7.223463611,43.663911944]],[[7.223463611,43.663911944],[7.223384722,43.663890556]],[[7.223384722,43.663890556],[7.223294444,43.663873611]],[[7.223294444,43.663873611],[7.223218889,43.663868889]],[[7.223218889,43.663868889],[7.2231625,43.663871944]],[[7.2231625,43.663871944],[7.223112778,43.663879444]],[[7.223112778,43.663879444],[7.22306,43.663890833]],[[7.22306,43.663890833],[7.2230025,43.663904444]],[[7.2230025,43.663904444],[7.222952778,43.663919444]],[[7.222952778,43.663919444],[7.222903333,43.663937778]],[[7.222903333,43.663937778],[7.222839444,43.663962778]],[[7.222839444,43.663962778],[7.222778333,43.663989167]],[[7.222778333,43.663989167],[7.222727222,43.6640125]],[[7.222727222,43.6640125],[7.2226725,43.664041389]],[[7.2226725,43.664041389],[7.222512222,43.664130833]],[[7.222512222,43.664130833],[7.222334722,43.66424]],[[7.222334722,43.66424],[7.222107778,43.664389722]],[[7.222107778,43.664389722],[7.221926111,43.664517222]],[[7.225199444,43.666722222],[7.225193611,43.666813889]],[[7.22536,43.666743611],[7.225360833,43.666824722]],[[7.225465278,43.666720278],[7.225520833,43.666799167]],[[7.225586111,43.666670833],[7.225666667,43.666736667]],[[7.227248333,43.665024167],[7.227275,43.665055833]],[[7.227275,43.665055833],[7.227304722,43.665100556]],[[7.227304722,43.665100556],[7.227320556,43.6651325]],[[7.227320556,43.6651325],[7.227339444,43.66518]],[[7.227339444,43.66518],[7.2273525,43.665230556]],[[7.2273525,43.665230556],[7.227358333,43.665283611]],[[7.227358333,43.665283611],[7.227351389,43.665330556]],[[7.227351389,43.665330556],[7.227331944,43.665388889]],[[7.227331944,43.665388889],[7.2272975,43.6654475]],[[7.2272975,43.6654475],[7.227260833,43.665489444]],[[7.227260833,43.665489444],[7.227205278,43.665531944]],[[7.227205278,43.665531944],[7.227160833,43.665561667]],[[7.227160833,43.665561667],[7.227101944,43.6655875]],[[7.227101944,43.6655875],[7.227038056,43.665605556]],[[7.227038056,43.665605556],[7.226978056,43.665620278]],[[7.226978056,43.665620278],[7.226919167,43.665628056]],[[7.226919167,43.665628056],[7.226844167,43.665628333]],[[7.226844167,43.665628333],[7.226771944,43.665619722]],[[7.226771944,43.665619722],[7.226686389,43.6656025]],[[7.226686389,43.6656025],[7.226599722,43.665578611]],[[7.226599722,43.665578611],[7.226533056,43.665551111]],[[7.226533056,43.665551111],[7.226454722,43.665519722]],[[7.226454722,43.665519722],[7.226365556,43.665480556]],[[7.226365556,43.665480556],[7.226296389,43.665441944]],[[7.226296389,43.665441944],[7.226147778,43.665358333]],[[7.226147778,43.665358333],[7.225953056,43.665236667]],[[7.225953056,43.665236667],[7.225758611,43.665106944]],[[7.225758611,43.665106944],[7.225546667,43.664965833]],[[7.225546667,43.664965833],[7.225408333,43.664868889]],[[7.225408333,43.664868889],[7.224211944,43.663998611]],[[7.224211944,43.663998611],[7.224003056,43.663846111]],[[7.224003056,43.663846111],[7.223936389,43.663796944]],[[7.223936389,43.663796944],[7.223886111,43.663763889]],[[7.223886111,43.663763889],[7.223840278,43.663738611]],[[7.223840278,43.663738611],[7.2237975,43.663715833]],[[7.2237975,43.663715833],[7.223746667,43.663691667]],[[7.223746667,43.663691667],[7.223686944,43.663666944]],[[7.223686944,43.663666944],[7.223632222,43.663648056]],[[7.223632222,43.663648056],[7.223579167,43.663632222]],[[7.223579167,43.663632222],[7.223528333,43.663619444]],[[7.223528333,43.663619444],[7.223475278,43.663609167]],[[7.223475278,43.663609167],[7.223423333,43.6636]],[[7.223423333,43.6636],[7.223364722,43.663593611]],[[7.223364722,43.663593611],[7.223319167,43.663589167]],[[7.223319167,43.663589167],[7.2232575,43.663586944]],[[7.2232575,43.663586944],[7.223208056,43.663585556]],[[7.223208056,43.663585556],[7.223147222,43.663587778]],[[7.223147222,43.663587778],[7.223099444,43.663591667]],[[7.223099444,43.663591667],[7.2230425,43.663597222]],[[7.2230425,43.663597222],[7.222984722,43.663605556]],[[7.222984722,43.663605556],[7.222927222,43.663618889]],[[7.222927222,43.663618889],[7.222875556,43.663629167]],[[7.222875556,43.663629167],[7.222818889,43.663645278]],[[7.222818889,43.663645278],[7.222767222,43.663662222]],[[7.222767222,43.663662222],[7.222723056,43.663679167]],[[7.222723056,43.663679167],[7.222670833,43.663701667]],[[7.222670833,43.663701667],[7.222613611,43.663729167]],[[7.222613611,43.663729167],[7.222549722,43.663768333]],[[7.222549722,43.663768333],[7.222506389,43.663796389]],[[7.222506389,43.663796389],[7.222451944,43.663835556]],[[7.222451944,43.663835556],[7.222396389,43.663875]],[[7.222396389,43.663875],[7.222153056,43.664061667]],[[7.222153056,43.664061667],[7.222162778,43.664023333]],[[7.222162778,43.664023333],[7.222170556,43.663995278]],[[7.222170556,43.663995278],[7.222178333,43.663951667]],[[7.222178333,43.663951667],[7.222180556,43.663911389]],[[7.222180556,43.663911389],[7.222185,43.663861389]],[[7.222185,43.663861389],[7.222186111,43.663813056]],[[7.222186111,43.663813056],[7.222185,43.663764444]],[[7.222185,43.663764444],[7.222179444,43.663708889]],[[7.222179444,43.663708889],[7.222170556,43.663666944]],[[7.222170556,43.663666944],[7.222158889,43.6636125]],[[7.222158889,43.6636125],[7.222147778,43.663571667]],[[7.222147778,43.663571667],[7.222096389,43.663444167]],[[7.222096389,43.663444167],[7.222018333,43.663228333]],[[7.222018333,43.663228333],[7.221893333,43.662887778]],[[7.221893333,43.662887778],[7.221792222,43.662619722]],[[7.221792222,43.662619722],[7.221710833,43.662392222]],[[7.221710833,43.662392222],[7.221601111,43.662095833]],[[7.221601111,43.662095833],[7.221524444,43.661885833]],[[7.221524444,43.661885833],[7.221459722,43.661714722]],[[7.221459722,43.661714722],[7.221394444,43.66153]],[[7.221394444,43.66153],[7.221307778,43.661299167]],[[7.221307778,43.661299167],[7.221226944,43.661083889]],[[7.221226944,43.661083889],[7.221206944,43.661036944]],[[7.221206944,43.661036944],[7.221162778,43.660945556]],[[7.221162778,43.660945556],[7.221134444,43.660885556]],[[7.221134444,43.660885556],[7.221095278,43.660808611]],[[7.221095278,43.660808611],[7.221053056,43.660723611]],[[7.221053056,43.660723611],[7.221001944,43.660632222]],[[7.221001944,43.660632222],[7.220943889,43.660526944]],[[7.220943889,43.660526944],[7.220897778,43.660453611]],[[7.220897778,43.660453611],[7.220872222,43.660413056]],[[7.220872222,43.660413056],[7.220840833,43.660365278]],[[7.217905556,43.661594444],[7.217945278,43.661580278]],[[7.217945278,43.661580278],[7.217993889,43.661551389]],[[7.217993889,43.661551389],[7.2180375,43.661515]],[[7.2180375,43.661515],[7.218074167,43.661454167]],[[7.218074167,43.661454167],[7.2180975,43.661400278]],[[7.2180975,43.661400278],[7.218121111,43.661331944]],[[7.218121111,43.661331944],[7.218138889,43.661257778]],[[7.218138889,43.661257778],[7.218146111,43.661189444]],[[7.218146111,43.661189444],[7.218147222,43.661125278]],[[7.218147222,43.661125278],[7.218138889,43.661049444]],[[7.218138889,43.661049444],[7.218133611,43.660977222]],[[7.218133611,43.660977222],[7.218122778,43.660916667]],[[7.218122778,43.660916667],[7.218073611,43.660713333]],[[7.218073611,43.660713333],[7.2179925,43.660442222]],[[7.2179925,43.660442222],[7.217638056,43.659441667]],[[7.217638056,43.659441667],[7.217406944,43.658814444]],[[7.217406944,43.658814444],[7.217225833,43.658366111]],[[7.217225833,43.658366111],[7.217159722,43.658229444]],[[7.217159722,43.658229444],[7.217091667,43.658091111]],[[7.217091667,43.658091111],[7.217020556,43.657966667]],[[7.217020556,43.657966667],[7.216939722,43.65782]],[[7.216939722,43.65782],[7.216853056,43.657698333]],[[7.216853056,43.657698333],[7.216778611,43.657583333]],[[7.216778611,43.657583333],[7.216705,43.657483611]],[[7.216705,43.657483611],[7.216610833,43.657372778]],[[7.216610833,43.657372778],[7.216548056,43.657288889]],[[7.216548056,43.657288889],[7.216423333,43.657156667]],[[7.218199722,43.661812778],[7.2182675,43.661739444]],[[7.2182675,43.661739444],[7.218333333,43.661648889]],[[7.218333333,43.661648889],[7.218380833,43.661565278]],[[7.218380833,43.661565278],[7.218420556,43.661483333]],[[7.218420556,43.661483333],[7.218455278,43.661385]],[[7.218455278,43.661385],[7.218477222,43.661291944]],[[7.218477222,43.661291944],[7.218489444,43.661175833]],[[7.218489444,43.661175833],[7.218487222,43.661068333]],[[7.218487222,43.661068333],[7.218473611,43.660976667]],[[7.218473611,43.660976667],[7.218455833,43.660895]],[[7.218455833,43.660895],[7.218409722,43.660778333]],[[7.218409722,43.660778333],[7.218308611,43.66051]],[[7.218308611,43.66051],[7.218085556,43.659898056]],[[7.218085556,43.659898056],[7.217873611,43.659326944]],[[7.217873611,43.659326944],[7.217673333,43.658777778]],[[7.217673333,43.658777778],[7.217554722,43.658459444]],[[7.217554722,43.658459444],[7.2174825,43.658284167]],[[7.2174825,43.658284167],[7.217428056,43.658176111]],[[7.217428056,43.658176111],[7.217356389,43.6580275]],[[7.217356389,43.6580275],[7.217264722,43.657866389]],[[7.217264722,43.657866389],[7.217178333,43.65773]],[[7.217178333,43.65773],[7.217146944,43.657676667]],[[7.221603056,43.664279167],[7.221652222,43.664256111]],[[7.221652222,43.664256111],[7.221694167,43.664229722]],[[7.221694167,43.664229722],[7.221731111,43.664197778]],[[7.221731111,43.664197778],[7.221763889,43.664155]],[[7.221763889,43.664155],[7.221786944,43.664099722]],[[7.221786944,43.664099722],[7.221813333,43.664035278]],[[7.221813333,43.664035278],[7.221826667,43.663968889]],[[7.221826667,43.663968889],[7.221836667,43.663899722]],[[7.221836667,43.663899722],[7.221841389,43.663836667]],[[7.221841389,43.663836667],[7.221835278,43.663776111]],[[7.221835278,43.663776111],[7.2218325,43.663716667]],[[7.2218325,43.663716667],[7.221824444,43.663660278]],[[7.221824444,43.663660278],[7.221816111,43.663616389]],[[7.221816111,43.663616389],[7.221798889,43.663526667]],[[7.221798889,43.663526667],[7.221678889,43.663128333]],[[7.221678889,43.663128333],[7.221577222,43.662819167]],[[7.221577222,43.662819167],[7.2214925,43.6625775]],[[7.2214925,43.6625775],[7.221227778,43.661852222]],[[7.221227778,43.661852222],[7.221088333,43.6614675]],[[7.221088333,43.6614675],[7.220986389,43.661204444]],[[7.220986389,43.661204444],[7.220918056,43.661040278]],[[7.220918056,43.661040278],[7.220865556,43.660921389]],[[7.220865556,43.660921389],[7.220775556,43.660745]],[[7.220775556,43.660745],[7.220668056,43.660555278]],[[7.220668056,43.660555278],[7.220533056,43.6603575]],[[7.220533056,43.6603575],[7.220387778,43.660156944]],[[7.220387778,43.660156944],[7.220255,43.659989722]],[[7.220255,43.659989722],[7.220121389,43.659844722]],[[7.210396944,43.662825278],[7.210419722,43.662838611]],[[7.210419722,43.662838611],[7.210518333,43.662457778]],[[7.210518333,43.662457778],[7.210414722,43.662443611]],[[7.210414722,43.662443611],[7.210333611,43.662504167]],[[7.210333611,43.662504167],[7.210335556,43.662600278]],[[7.210335556,43.662600278],[7.210346111,43.662666389]],[[7.210346111,43.662666389],[7.210366389,43.662751111]],[[7.210366389,43.662751111],[7.210396944,43.662825278]],[[7.210355556,43.662693611],[7.210445278,43.6626825]],[[7.2103375,43.662568889],[7.210428333,43.662566389]],[[7.210375556,43.662475278],[7.210441111,43.662521389]],[[7.212528056,43.662952778],[7.212569167,43.663144722]],[[7.212569167,43.663144722],[7.212649444,43.663171111]],[[7.212649444,43.663171111],[7.2126775,43.663162222]],[[7.2126775,43.663162222],[7.212735278,43.663140556]],[[7.212735278,43.663140556],[7.212767222,43.663125]],[[7.212767222,43.663125],[7.212816944,43.663094444]],[[7.212816944,43.663094444],[7.21285,43.663068333]],[[7.21285,43.663068333],[7.212886944,43.663034722]],[[7.212886944,43.663034722],[7.212917778,43.6629975]],[[7.212917778,43.6629975],[7.212937778,43.662962222]],[[7.212937778,43.662962222],[7.2129525,43.662921111]],[[7.2129525,43.662921111],[7.212961667,43.662882778]],[[7.212961667,43.662882778],[7.212963611,43.662850556]],[[7.212963611,43.662850556],[7.212963056,43.662818333]],[[7.212963056,43.662818333],[7.212956389,43.662787222]],[[7.212956389,43.662787222],[7.212946944,43.662758611]],[[7.212946944,43.662758611],[7.212932778,43.66273]],[[7.212932778,43.66273],[7.212917778,43.662707222]],[[7.212917778,43.662707222],[7.212896667,43.662685]],[[7.212896667,43.662685],[7.212875556,43.662666389]],[[7.212875556,43.662666389],[7.212848889,43.662643889]],[[7.212848889,43.662643889],[7.212710556,43.662749167]],[[7.212558333,43.663086944],[7.212651389,43.663076389]],[[7.212636667,43.6631],[7.212669444,43.663164167]],[[7.212764444,43.663039167],[7.212826389,43.663085833]],[[7.212845833,43.662943889],[7.2129325,43.66297]],[[7.212869167,43.662837222],[7.212961389,43.662833333]],[[7.212824722,43.662729167],[7.212908611,43.662700278]],[[7.208624722,43.662748333],[7.208206389,43.6627]],[[7.208206389,43.6627],[7.208144722,43.662693889]],[[7.208144722,43.662693889],[7.208119167,43.662691944]],[[7.208119167,43.662691944],[7.208084722,43.662693333]],[[7.208084722,43.662693333],[7.208056944,43.662697778]],[[7.208056944,43.662697778],[7.208029722,43.662707222]],[[7.208029722,43.662707222],[7.2080025,43.662718889]],[[7.2080025,43.662718889],[7.207978333,43.662735]],[[7.207978333,43.662735],[7.207956944,43.662753611]],[[7.207956944,43.662753611],[7.207938333,43.662779167]],[[7.207938333,43.662779167],[7.207930556,43.662796389]],[[7.207930556,43.662796389],[7.207926667,43.662818611]],[[7.207926667,43.662818611],[7.207955556,43.662836944]],[[7.207955556,43.662836944],[7.207989444,43.662854722]],[[7.207989444,43.662854722],[7.208027222,43.662872222]],[[7.208027222,43.662872222],[7.208079722,43.662893889]],[[7.208079722,43.662893889],[7.208168611,43.662924444]],[[7.208168611,43.662924444],[7.208261667,43.662951111]],[[7.208261667,43.662951111],[7.208342778,43.662971667]],[[7.208342778,43.662971667],[7.208519444,43.6630075]],[[7.208519444,43.6630075],[7.208681667,43.663038056]],[[7.208681667,43.663038056],[7.208748611,43.663046944]],[[7.208748611,43.663046944],[7.2088325,43.663054167]],[[7.2088325,43.663054167],[7.208919167,43.663057778]],[[7.208919167,43.663057778],[7.209125,43.663064167]],[[7.209125,43.663064167],[7.209227778,43.663066389]],[[7.209227778,43.663066389],[7.209305556,43.663064444]],[[7.209305556,43.663064444],[7.209396667,43.663058056]],[[7.209396667,43.663058056],[7.2094625,43.663049722]],[[7.2094625,43.663049722],[7.209543333,43.6630375]],[[7.209543333,43.6630375],[7.209544444,43.663036944]],[[7.209544444,43.663036944],[7.209602222,43.663021111]],[[7.209602222,43.663021111],[7.209620556,43.663009444]],[[7.209620556,43.663009444],[7.209611944,43.662999444]],[[7.209611944,43.662999444],[7.209594722,43.662981667]],[[7.209594722,43.662981667],[7.209565833,43.6629575]],[[7.209565833,43.6629575],[7.209533611,43.662934167]],[[7.209533611,43.662934167],[7.209486944,43.662908889]],[[7.209486944,43.662908889],[7.209446667,43.66289]],[[7.209446667,43.66289],[7.209396667,43.662871389]],[[7.209396667,43.662871389],[7.2093575,43.662861667]],[[7.2093575,43.662861667],[7.209311667,43.662852778]],[[7.209311667,43.662852778],[7.209241389,43.662845556]],[[7.209241389,43.662845556],[7.209026667,43.662819167]],[[7.209026667,43.662819167],[7.208731944,43.662784444]],[[7.208002778,43.662861111],[7.208067222,43.662775833]],[[7.2083425,43.662971389],[7.208428056,43.662785833]],[[7.208166667,43.662925556],[7.208268611,43.662754444]],[[7.208523056,43.663009722],[7.208597222,43.662806389]],[[7.208885833,43.663057222],[7.208910278,43.662841389]],[[7.209073056,43.663061111],[7.209077222,43.662864444]],[[7.209257222,43.663064444],[7.209245278,43.662879167]],[[7.209406944,43.662898333],[7.209442778,43.6630525]],[[7.210751944,43.661691111],[7.21049,43.661652222]],[[7.21049,43.661652222],[7.210534722,43.661543056]],[[7.210534722,43.661543056],[7.210575833,43.661511667]],[[7.210575833,43.661511667],[7.210615833,43.661486667]],[[7.210615833,43.661486667],[7.210658889,43.661462778]],[[7.210658889,43.661462778],[7.210707778,43.661441667]],[[7.210707778,43.661441667],[7.210765556,43.661423333]],[[7.210765556,43.661423333],[7.210812778,43.661411944]],[[7.210812778,43.661411944],[7.210868611,43.661401667]],[[7.210868611,43.661401667],[7.210930833,43.661393611]],[[7.210930833,43.661393611],[7.2109925,43.661390833]],[[7.2109925,43.661390833],[7.211055278,43.6613925]],[[7.211055278,43.6613925],[7.211117778,43.6614]],[[7.211117778,43.6614],[7.211178056,43.661411389]],[[7.211178056,43.661411389],[7.211200278,43.661416389]],[[7.211200278,43.661416389],[7.211087778,43.661593056]],[[7.210600556,43.661617222],[7.210511944,43.661598333]],[[7.210611389,43.661490278],[7.210669444,43.661543611]],[[7.210762778,43.661424722],[7.210798333,43.661489722]],[[7.210941389,43.661462222],[7.210933611,43.661394722]],[[7.211089722,43.661467222],[7.211107778,43.661398056]],[[7.226141389,43.66984],[7.2261075,43.669841667]],[[7.226063056,43.669807778],[7.226036667,43.66981]],[[7.226005,43.669773611],[7.225982222,43.669776389]],[[7.2259575,43.669741944],[7.225929444,43.669745278]],[[7.225909444,43.669710833],[7.225865,43.669711111]],[[7.225865833,43.669675556],[7.225815278,43.669675278]],[[7.224386111,43.668249167],[7.224193056,43.668247778]],[[7.2243425,43.668285],[7.224181667,43.66828]],[[7.2243025,43.668313333],[7.224173333,43.668311667]],[[7.224326944,43.668379722],[7.224178611,43.668376667]],[[7.224283056,43.668346111],[7.224176667,43.668344444]],[[7.2243375,43.668415],[7.2241775,43.668415278]],[[7.224345556,43.668446667],[7.224192778,43.668442778]],[[7.224362778,43.668480556],[7.224206944,43.668479722]],[[7.224408889,43.668545556],[7.22425,43.668546111]],[[7.224379444,43.668513056],[7.224226389,43.668510833]],[[7.223733889,43.667997778],[7.223588056,43.667996667]],[[7.223761111,43.667965],[7.223475556,43.667967222]],[[7.223718889,43.667931667],[7.223385556,43.667933611]],[[7.223671389,43.667898056],[7.223315556,43.667901111]],[[7.223510556,43.667865833],[7.223247222,43.667868611]],[[7.223425556,43.667835556],[7.223184722,43.667834722]],[[7.223355,43.667801944],[7.223131389,43.667804444]],[[7.223292778,43.6677675],[7.223066944,43.667768056]],[[7.223236667,43.6677375],[7.223016667,43.667735556]],[[7.220881389,43.665446944],[7.220607222,43.665606944]],[[7.220849444,43.66548],[7.220830833,43.665476944]],[[7.220819722,43.665514444],[7.220774722,43.665511389]],[[7.220786111,43.665551111],[7.220705556,43.665551667]],[[7.220756944,43.665580833],[7.220653889,43.665580833]],[[7.220735,43.665613889],[7.220601667,43.665613889]],[[7.220703333,43.665678611],[7.220561667,43.665685556]],[[7.220714722,43.665644722],[7.220581111,43.665647222]],[[7.220698333,43.665712222],[7.220557222,43.665715278]],[[7.220695,43.665743611],[7.220548611,43.665746944]],[[7.220698611,43.665780556],[7.220559167,43.665782222]],[[7.2207,43.665810833],[7.220568333,43.665815833]],[[7.220710833,43.665845],[7.220587778,43.665848611]],[[7.220724722,43.6658775],[7.220603889,43.665880833]],[[7.220740278,43.665911667],[7.220626667,43.665917222]],[[7.206386389,43.655160556],[7.206289167,43.655409444]],[[7.206386389,43.655165833],[7.2062675,43.6551675]],[[7.206373056,43.655197778],[7.205812778,43.655205833]],[[7.206352778,43.655231389],[7.205869444,43.655237778]],[[7.206341944,43.6552675],[7.205914167,43.655270278]],[[7.206328889,43.655296944],[7.205988056,43.6553025]],[[7.206316111,43.6553325],[7.206063611,43.655335833]],[[7.206305833,43.655364444],[7.206143056,43.655370278]],[[7.206290833,43.655396111],[7.206236944,43.655398611]],[[7.208539722,43.656597222],[7.208456667,43.656597222]],[[7.208481389,43.656631944],[7.208349444,43.656627222]],[[7.208380278,43.656666667],[7.207993333,43.656664444]],[[7.208011944,43.656626667],[7.20788,43.656628889]],[[7.207896389,43.656596111],[7.207798333,43.656598333]],[[7.207834167,43.656564444],[7.207720556,43.656566111]],[[7.207785833,43.656531944],[7.207648611,43.656530556]],[[7.207745278,43.656498056],[7.207592778,43.656498056]],[[7.20769,43.656463611],[7.207531944,43.656466389]],[[7.207648611,43.656431944],[7.2074825,43.656433611]],[[7.207599722,43.656398889],[7.207434722,43.656399444]],[[7.207198333,43.655605833],[7.207079722,43.655606667]],[[7.207189167,43.655638056],[7.207068056,43.655641944]],[[7.207180833,43.655674444],[7.207063333,43.655673333]],[[7.207178056,43.655707778],[7.207058333,43.655707778]],[[7.207170833,43.655740833],[7.207058333,43.65574]],[[7.207147778,43.655841667],[7.207058333,43.655840833]],[[7.207144722,43.655906389],[7.207063611,43.655906389]],[[7.207153056,43.655972222],[7.207078056,43.655971667]],[[7.207179444,43.6560375],[7.2070925,43.656038056]],[[7.207224167,43.656103333],[7.2071275,43.656103889]],[[7.207555556,43.656366944],[7.20739,43.656367778]],[[7.207514167,43.656331944],[7.2073475,43.656333611]],[[7.207469722,43.656301111],[7.207313333,43.656301111]],[[7.207421944,43.656267222],[7.207280278,43.656265556]],[[7.207376944,43.656233889],[7.2072475,43.656233056]],[[7.207335,43.656202222],[7.207213333,43.656203611]],[[7.207291111,43.656168056],[7.207183611,43.656169722]],[[7.207249722,43.656135],[7.207153611,43.656135]],[[7.207146111,43.655871944],[7.207058056,43.6558725]],[[7.207148333,43.655938056],[7.207071389,43.655938889]],[[7.207159167,43.655805833],[7.207055278,43.6558075]],[[7.207165278,43.655773611],[7.207055,43.655774722]],[[7.207165,43.656001667],[7.207085278,43.656003333]],[[7.2072,43.656071111],[7.207107778,43.656071667]],[[7.216545833,43.662566389],[7.216391944,43.662669444]],[[7.216330833,43.662586667],[7.216338056,43.662671667]],[[7.216152778,43.662535278],[7.2160925,43.662611944]],[[7.216479167,43.662544722],[7.215951667,43.662537222]],[[7.216530556,43.662573333],[7.215998889,43.662574167]],[[7.216476667,43.662604444],[7.216078056,43.662605]],[[7.216437778,43.662638889],[7.216169444,43.662639722]],[[7.216201389,43.662505556],[7.215900833,43.662505833]],[[7.2160975,43.662472778],[7.215853889,43.662470556]],[[7.216034722,43.662438889],[7.215806944,43.662438611]],[[7.215974722,43.662404167],[7.215760556,43.662403333]],[[7.220156389,43.665086111],[7.22007,43.665276667]],[[7.220141667,43.665115833],[7.220106111,43.665113889]],[[7.220131944,43.665146944],[7.220035556,43.665144722]],[[7.220109167,43.665181389],[7.219540556,43.665170833]],[[7.220098333,43.665212222],[7.219613889,43.665204167]],[[7.220081944,43.665246667],[7.219694444,43.6652375]],[[7.220065556,43.665276944],[7.219810278,43.665276111]],[[7.219762222,43.665141667],[7.219470278,43.665134444]],[[7.219681667,43.665106389],[7.219409444,43.665100278]],[[7.224433889,43.66858],[7.224280278,43.668579167]],[[7.224464167,43.668611944],[7.224326111,43.668611389]],[[7.2244975,43.668641111],[7.224365278,43.668642778]],[[7.224528333,43.668674167],[7.224410556,43.668675278]],[[7.224564444,43.668706667],[7.224456667,43.668709444]],[[7.224597778,43.668739167],[7.224500278,43.668741944]],[[7.224681111,43.668803333],[7.224585278,43.668806111]],[[7.224768889,43.668871944],[7.224685833,43.668875278]],[[7.22577,43.669610833],[7.225706389,43.669611111]],[[7.225680556,43.669545833],[7.225615,43.669545278]],[[7.225591111,43.669476111],[7.22552,43.669478611]],[[7.225493611,43.669409444],[7.225423333,43.669411944]],[[7.225403056,43.669343056],[7.225329444,43.669344167]],[[7.225310833,43.669275278],[7.225240556,43.669278056]],[[7.224858056,43.668942222],[7.224779722,43.668943333]],[[7.224945278,43.669009722],[7.224872778,43.669013333]],[[7.225038056,43.669076389],[7.224957222,43.6690775]],[[7.225133056,43.669144444],[7.2250525,43.669144722]],[[7.225221389,43.669210556],[7.2251425,43.669210833]],[[7.225450556,43.669376111],[7.225373889,43.669376389]],[[7.2253575,43.669310278],[7.225282222,43.669310278]],[[7.225266667,43.669243611],[7.225189722,43.669243333]],[[7.225175,43.669175833],[7.2251,43.669175833]],[[7.225085278,43.669110278],[7.225007778,43.669111111]],[[7.224992222,43.669041944],[7.224918056,43.669045278]],[[7.224903611,43.668977222],[7.224826111,43.668979167]],[[7.224641667,43.668769444],[7.224544722,43.668774167]],[[7.224815833,43.668905833],[7.224729722,43.668910278]],[[7.224724167,43.668835833],[7.224636667,43.668841111]],[[7.225818611,43.669642778],[7.2257625,43.669645]],[[7.225727222,43.669575833],[7.22566,43.669577222]],[[7.225632778,43.669509722],[7.225562778,43.669511389]],[[7.225539722,43.669441389],[7.2254675,43.6694425]],[[7.217150278,43.662746389],[7.217083056,43.662713611]],[[7.21699,43.662882222],[7.216940833,43.662868889]],[[7.217175556,43.663338056],[7.217075556,43.663392222]],[[7.217033611,43.6631925],[7.216933889,43.663235556]],[[7.216987222,43.663059167],[7.216883056,43.663054722]],[[7.216993889,43.663096944],[7.2168825,43.663091111]],[[7.216983889,43.663027778],[7.216890556,43.663023611]],[[7.216979444,43.662996389],[7.216896944,43.662990833]],[[7.216976944,43.662963611],[7.216908056,43.662956944]],[[7.216984444,43.662930556],[7.216918889,43.662926667]],[[7.216988611,43.662898333],[7.216934722,43.662893056]],[[7.2170075,43.663129167],[7.216884722,43.663124722]],[[7.217141667,43.6633375],[7.21701,43.663330556]],[[7.217073056,43.663266667],[7.216953056,43.663260278]],[[7.217030556,43.663196389],[7.216901944,43.66319]],[[7.217331667,43.663477222],[7.217163056,43.663472778]],[[7.217466667,43.663577778],[7.217284444,43.663573056]],[[7.217614722,43.663676944],[7.217415,43.663674167]],[[7.219543056,43.665034444],[7.219305833,43.665034722]],[[7.219430278,43.664966944],[7.219194444,43.664965556]],[[7.219326944,43.664899722],[7.219104444,43.664898333]],[[7.219191667,43.664806667],[7.218958056,43.664802778]],[[7.219042222,43.664711111],[7.218816111,43.664708611]],[[7.218897778,43.664611667],[7.218681667,43.664607778]],[[7.218713056,43.664476944],[7.218494722,43.664472222]],[[7.218030278,43.663976944],[7.217803333,43.663973889]],[[7.218161667,43.664076667],[7.217946111,43.664075]],[[7.218439722,43.664278333],[7.218218889,43.664273611]],[[7.218526944,43.664346389],[7.218311111,43.664340556]],[[7.217936944,43.663912222],[7.2177275,43.663907778]],[[7.220786944,43.665971944],[7.220678333,43.665976944]],[[7.220864444,43.666039167],[7.220736389,43.666045]],[[7.221134167,43.666240278],[7.220946389,43.666241389]],[[7.221315,43.666371944],[7.221118333,43.666376111]],[[7.221550833,43.666541111],[7.221334444,43.666543611]],[[7.221777222,43.6667075],[7.221576389,43.666710556]],[[7.222097222,43.666938056],[7.221889167,43.666943056]],[[7.222553056,43.667273611],[7.222353333,43.667273333]],[[7.222318611,43.667103889],[7.222112778,43.667111111]],[[7.222193611,43.667004722],[7.221981389,43.667009722]],[[7.222933056,43.667535278],[7.222711667,43.667539167]],[[7.222693611,43.667373056],[7.222483333,43.667375833]],[[7.223081111,43.667638889],[7.222853611,43.667636667]],[[7.223125278,43.667665833],[7.222906667,43.667668889]],[[7.222784444,43.667438056],[7.222576667,43.667437778]],[[7.222460278,43.667203056],[7.222254444,43.667207222]],[[7.221911389,43.666804722],[7.221706667,43.666808889]],[[7.221038333,43.666171389],[7.220869444,43.6661725]],[[7.220949722,43.666106389],[7.220796667,43.666109444]],[[7.220761944,43.665943333],[7.220649722,43.665945833]],[[7.220997778,43.666138056],[7.220832778,43.666143056]],[[7.221219722,43.666307778],[7.221035278,43.666309722]],[[7.221085278,43.666203333],[7.220908056,43.666206389]],[[7.220905,43.6660725],[7.220765278,43.666074722]],[[7.220820556,43.666006667],[7.2207075,43.666010556]],[[7.221866111,43.666774722],[7.22166,43.666776111]],[[7.221682222,43.666638889],[7.221478611,43.666640833]],[[7.221584722,43.666574167],[7.221388333,43.666574167]],[[7.221633056,43.666601944],[7.221425,43.666608889]],[[7.221450556,43.66647],[7.221244722,43.666472778]],[[7.221406944,43.66644],[7.221203056,43.666441111]],[[7.2211825,43.666269722],[7.22099,43.666275556]],[[7.221496667,43.666505833],[7.221296111,43.666508611]],[[7.221361667,43.666404444],[7.221160833,43.666408889]],[[7.221271944,43.666336944],[7.221074167,43.666341389]],[[7.222510556,43.667238611],[7.222306667,43.667243333]],[[7.222414167,43.667172778],[7.222211667,43.6671775]],[[7.222370278,43.667136667],[7.2221675,43.667142222]],[[7.221999722,43.666873056],[7.221802222,43.666877222]],[[7.223178056,43.667702778],[7.222961111,43.667704444]],[[7.222985278,43.667569444],[7.222761389,43.667569167]],[[7.223033889,43.6676025],[7.222801111,43.667603889]],[[7.222833056,43.667472222],[7.222620833,43.667471944]],[[7.222881389,43.667504722],[7.222661667,43.667505]],[[7.222273056,43.667071389],[7.222068611,43.667076944]],[[7.222142222,43.666972778],[7.221933333,43.666975833]],[[7.222236944,43.667036111],[7.222026389,43.667046389]],[[7.221818056,43.666739444],[7.221614722,43.666743056]],[[7.22196,43.666840278],[7.221749167,43.666843333]],[[7.222736389,43.667403889],[7.222532222,43.667406111]],[[7.222643056,43.667339167],[7.222435833,43.667340278]],[[7.222601944,43.667304167],[7.222391944,43.667309167]],[[7.22205,43.666904167],[7.221845556,43.666909444]],[[7.215889167,43.662339167],[7.2156725,43.662337222]],[[7.215696944,43.662204722],[7.215481111,43.662204167]],[[7.215791111,43.662270278],[7.215578333,43.662271667]],[[7.217050556,43.66323],[7.216925833,43.663224167]],[[7.217379722,43.663508333],[7.217203611,43.663506389]],[[7.217423889,43.663544444],[7.2172425,43.663539167]],[[7.217652222,43.663706389],[7.217457222,43.663706667]],[[7.217562222,43.663643333],[7.217372778,43.663641389]],[[7.217515556,43.663608333],[7.21733,43.663605833]],[[7.217697222,43.663743889],[7.217496389,43.663738333]],[[7.21825,43.664144167],[7.218034444,43.664140556]],[[7.217982778,43.663943889],[7.217765,43.663938333]],[[7.217748056,43.663778056],[7.217543056,43.663771667]],[[7.218214722,43.664111389],[7.21799,43.664109722]],[[7.218070556,43.664008611],[7.217848889,43.664005278]],[[7.218115556,43.664044167],[7.217897778,43.664039722]],[[7.218804444,43.664546389],[7.218581389,43.664542222]],[[7.218581389,43.664542222],[7.218577222,43.6645425]],[[7.218577222,43.6645425],[7.218576389,43.664541667]],[[7.21858,43.664378611],[7.218353611,43.664373056]],[[7.218300556,43.664176667],[7.218075278,43.664171944]],[[7.218758333,43.664511389],[7.218540833,43.6645075]],[[7.218348333,43.664210556],[7.218126667,43.664206944]],[[7.218485278,43.664310278],[7.218266667,43.664306389]],[[7.218851667,43.6645775],[7.218631111,43.664574167]],[[7.219,43.664678889],[7.218768056,43.6646725]],[[7.219094722,43.664741389],[7.218860833,43.664739722]],[[7.219140833,43.664773611],[7.218913056,43.664772778]],[[7.219229444,43.664836944],[7.21901,43.664835833]],[[7.219376944,43.664933889],[7.219150556,43.664932778]],[[7.219480278,43.665001944],[7.219253333,43.664998333]],[[7.219606111,43.665066944],[7.219357778,43.665067222]],[[7.2192825,43.66487],[7.219051389,43.664866389]],[[7.218667778,43.664443611],[7.218447222,43.664441389]],[[7.218389444,43.664245],[7.21817,43.664241667]],[[7.217885,43.663876667],[7.217674722,43.663871944]],[[7.217842778,43.663843611],[7.217631667,43.663840556]],[[7.217795278,43.663806944],[7.217586944,43.663805556]],[[7.217285556,43.663442778],[7.217128056,43.663438611]],[[7.217241389,43.663408889],[7.2170875,43.663401667]],[[7.217191667,43.663372778],[7.217050833,43.663366111]],[[7.217105278,43.663300556],[7.216981944,43.663295278]],[[7.217015,43.663162222],[7.216891667,43.663152222]],[[7.218623889,43.664411667],[7.218401944,43.664405833]],[[7.2032625,43.653008611],[7.203199722,43.653005833]],[[7.205959722,43.655172222],[7.205769722,43.655177222]],[[7.205885278,43.655140278],[7.205721111,43.655145278]],[[7.205827222,43.655107222],[7.205673056,43.655110556]],[[7.205735,43.655044444],[7.205576667,43.655045278]],[[7.205646667,43.654978056],[7.205469167,43.654980833]],[[7.205557222,43.654912222],[7.205371944,43.654915278]],[[7.205246667,43.654684167],[7.205036944,43.654684444]],[[7.205515833,43.654878333],[7.205321944,43.654878889]],[[7.205781389,43.655074167],[7.205622778,43.655078889]],[[7.205691111,43.655008889],[7.205523333,43.655013889]],[[7.205603056,43.654943889],[7.205414167,43.654948611]],[[7.205280278,43.654713889],[7.205089444,43.654718611]],[[7.205462222,43.654847222],[7.205275833,43.654849722]],[[7.205417778,43.654813333],[7.205233056,43.654819444]],[[7.20533,43.654746667],[7.2051425,43.654751389]],[[7.205369444,43.654779167],[7.205179722,43.654782778]],[[7.204154722,43.653891944],[7.203951111,43.653895556]],[[7.204018611,43.653794167],[7.203811667,43.653792778]],[[7.203933056,43.653725],[7.203725556,43.653727778]],[[7.203836667,43.65366],[7.203654722,43.653663889]],[[7.203522778,43.653435556],[7.203403056,43.6534375]],[[7.203400833,43.653340556],[7.203323333,43.653340556]],[[7.203440833,43.653370278],[7.203351667,43.653371944]],[[7.203363056,43.653306111],[7.203298611,43.653306389]],[[7.203329444,43.653273611],[7.203275278,43.653274167]],[[7.203307222,43.653240278],[7.203253333,43.653239167]],[[7.203293056,43.653206944],[7.20324,43.653206667]],[[7.203276389,43.653173333],[7.203221667,43.653173056]],[[7.203254167,43.653041944],[7.203195278,43.653038056]],[[7.203257222,43.653073889],[7.203198056,43.653072222]],[[7.203260278,43.653106389],[7.203200556,43.653103889]],[[7.203265278,43.653141389],[7.203208056,43.653139167]],[[7.203623333,43.653500833],[7.203470833,43.653502222]],[[7.203489722,43.653404444],[7.203374444,43.653405]],[[7.203576667,43.653467222],[7.203435278,43.653468056]],[[7.203714167,43.653568889],[7.203542222,43.653568333]],[[7.203665,43.653534167],[7.203505833,43.653535278]],[[7.203884167,43.653693611],[7.203685556,43.653698611]],[[7.203751667,43.653598056],[7.203576389,43.653598889]],[[7.203797222,43.653628333],[7.203610278,43.653631944]],[[7.204065556,43.653825833],[7.203861389,43.65383]],[[7.204651667,43.654253889],[7.204446389,43.654254722]],[[7.204519722,43.654155833],[7.2043075,43.654155833]],[[7.204466944,43.654120556],[7.204259167,43.654124444]],[[7.204425,43.654088611],[7.204223333,43.654091111]],[[7.204379722,43.654055278],[7.204175,43.654055556]],[[7.204243889,43.653958056],[7.204038611,43.653961667]],[[7.204205278,43.653923611],[7.203994167,43.653928611]],[[7.204109167,43.653858333],[7.203902778,43.653861944]],[[7.2039825,43.653760278],[7.203768333,43.65376]],[[7.205107222,43.654583056],[7.2049,43.654586944]],[[7.205012222,43.654515556],[7.204808056,43.654519167]],[[7.205148056,43.654615556],[7.204950833,43.654618889]],[[7.205194167,43.654647222],[7.204989722,43.654651944]],[[7.205060833,43.65455],[7.204857778,43.6545525]],[[7.204967222,43.654482778],[7.204763056,43.654486667]],[[7.204833056,43.654383333],[7.204626944,43.654388056]],[[7.204699167,43.654286944],[7.204490556,43.654288333]],[[7.204743889,43.654319444],[7.204539444,43.654321667]],[[7.204789444,43.654351389],[7.204580556,43.654355278]],[[7.204876111,43.654418889],[7.204675833,43.6544225]],[[7.204925833,43.654450556],[7.204718056,43.654453333]],[[7.209274444,43.6568875],[7.209168889,43.656878333]],[[7.209254167,43.656916389],[7.209158333,43.65691]],[[7.209234722,43.656950278],[7.2091425,43.656945]],[[7.209219444,43.656981111],[7.209130556,43.656974444]],[[7.209206111,43.657011389],[7.209116389,43.657007222]],[[7.209185556,43.657044167],[7.209103889,43.657039444]],[[7.209176944,43.657074444],[7.2090975,43.657073333]],[[7.20916,43.657108333],[7.209088056,43.657103611]],[[7.209156389,43.657141111],[7.209083889,43.657138333]],[[7.209156111,43.657174444],[7.209080278,43.657170556]],[[7.209162222,43.657240833],[7.209074444,43.657237222]],[[7.209158333,43.657274444],[7.2090725,43.657271667]],[[7.209156667,43.657306389],[7.209075278,43.657303611]],[[7.209192778,43.657436944],[7.209088889,43.657434722]],[[7.209166944,43.657374444],[7.209083333,43.657370278]],[[7.2091625,43.657341111],[7.209079167,43.657335833]],[[7.209155556,43.657207222],[7.209079167,43.657203889]],[[7.209179167,43.657405556],[7.209082222,43.657400833]],[[7.209210833,43.657471944],[7.209100833,43.657470833]],[[7.209236111,43.657505278],[7.209116111,43.657502778]],[[7.209264722,43.657538056],[7.209142222,43.657537778]],[[7.209311944,43.657573333],[7.209164722,43.65757]],[[7.209405833,43.657637778],[7.209225278,43.657637222]],[[7.209355278,43.657605],[7.20919,43.657604722]],[[7.215836667,43.662303889],[7.215621667,43.662305]],[[7.215745,43.6622375],[7.21553,43.662238333]],[[7.215645278,43.662168889],[7.215445556,43.662171667]],[[7.215603056,43.662136111],[7.215393056,43.662136389]],[[7.215561944,43.662103056],[7.215346389,43.662101944]],[[7.215511111,43.662068333],[7.215305,43.662070833]],[[7.215465278,43.662035278],[7.215255556,43.662036667]],[[7.215416944,43.662001944],[7.215206944,43.662000556]],[[7.215373056,43.661969444],[7.215162222,43.661970833]],[[7.215280833,43.6619025],[7.215067222,43.6619025]],[[7.215191389,43.661833056],[7.214979722,43.661834444]],[[7.215096111,43.661766944],[7.214888889,43.661769167]],[[7.215003611,43.661699444],[7.214794722,43.661700278]],[[7.214867222,43.661601944],[7.214655833,43.661602778]],[[7.215335,43.6619375],[7.215116667,43.661934722]],[[7.215234722,43.6618675],[7.215026944,43.661867778]],[[7.214728889,43.661500278],[7.214512222,43.661499722]],[[7.214774722,43.661533056],[7.214558611,43.661534167]],[[7.2150525,43.661733333],[7.214838611,43.661735]],[[7.214825,43.6615675],[7.214606111,43.661565556]],[[7.215146667,43.661801667],[7.214928889,43.661801944]],[[7.214956944,43.661666944],[7.214744167,43.661665556]],[[7.214744167,43.661665556],[7.214741667,43.661665]],[[7.214915556,43.661633333],[7.214698333,43.661634167]],[[7.214639167,43.661431667],[7.2144225,43.6614325]],[[7.2144225,43.6614325],[7.214421667,43.661431944]],[[7.214594444,43.661401111],[7.214374722,43.661398611]],[[7.214683056,43.661465556],[7.214466667,43.661466667]],[[7.214544722,43.661365556],[7.214325833,43.661365556]],[[7.214325833,43.661365556],[7.214325556,43.661366944]],[[7.214455,43.661298333],[7.214236111,43.661298333]],[[7.214316111,43.6612],[7.214094722,43.661198333]],[[7.213902222,43.660896389],[7.213682222,43.660895833]],[[7.214175833,43.661097778],[7.213962222,43.661096389]],[[7.214225278,43.661133056],[7.214007222,43.661131667]],[[7.214505278,43.661333056],[7.214287778,43.661333889]],[[7.214405556,43.661265833],[7.214190278,43.661265556]],[[7.214190278,43.661265556],[7.214190278,43.661266944]],[[7.214359722,43.661231111],[7.214143889,43.6612325]],[[7.214265833,43.661165278],[7.214049444,43.661165]],[[7.218945833,43.664645556],[7.218725278,43.664641111]],[[7.209449444,43.657669722],[7.209251944,43.657668889]],[[7.214133056,43.661066667],[7.213913056,43.661063889]],[[7.214087222,43.661029722],[7.213872222,43.661031944]],[[7.214038889,43.660996389],[7.213822778,43.660997778]],[[7.213992222,43.660964444],[7.213780833,43.660963611]],[[7.213946111,43.66093],[7.213728056,43.66093]],[[7.213855556,43.660863611],[7.213634167,43.660864444]],[[7.213808333,43.660828056],[7.213591111,43.660831944]],[[7.213764722,43.660796667],[7.213545833,43.660795833]],[[7.213719444,43.660764167],[7.213494167,43.660764167]],[[7.213669722,43.660728889],[7.213451944,43.66073]],[[7.213628056,43.660698611],[7.213404722,43.660693611]],[[7.213580278,43.660660833],[7.213364167,43.660662222]],[[7.213364167,43.660662222],[7.213362222,43.660662222]],[[7.213257222,43.660430833],[7.213035833,43.660428889]],[[7.213436944,43.660563889],[7.213221667,43.660563056]],[[7.213305833,43.660461111],[7.213083889,43.660461667]],[[7.2133925,43.660530556],[7.213178611,43.660529444]],[[7.213533611,43.660630278],[7.213316111,43.660631944]],[[7.213485278,43.660595556],[7.213270278,43.660596389]],[[7.213344167,43.660494722],[7.213131667,43.660495833]],[[7.213214722,43.660395833],[7.212991667,43.660395833]],[[7.213117778,43.660329444],[7.212903056,43.660329722]],[[7.212424444,43.659824444],[7.212214167,43.659828611]],[[7.213166389,43.6603625],[7.212945556,43.660364167]],[[7.2130275,43.660260278],[7.212808889,43.660262222]],[[7.213070278,43.660296667],[7.213068333,43.660298333]],[[7.213068333,43.660298333],[7.212855278,43.660295278]],[[7.212981944,43.660228889],[7.212765556,43.660228333]],[[7.212765556,43.660228333],[7.212764444,43.660229167]],[[7.212937222,43.660195278],[7.212718333,43.6601975]],[[7.212718333,43.6601975],[7.212713056,43.660197778]],[[7.212713056,43.660197778],[7.212715556,43.660194167]],[[7.212614167,43.659958889],[7.212397778,43.65996]],[[7.212397778,43.65996],[7.212396944,43.659960833]],[[7.212290833,43.659725278],[7.212071389,43.6597275]],[[7.212656944,43.659996111],[7.212440278,43.6599925]],[[7.212753056,43.660061944],[7.212535833,43.660062778]],[[7.212895556,43.660162778],[7.212669722,43.660162222]],[[7.212798889,43.660096944],[7.212579722,43.660092778]],[[7.212579722,43.660092778],[7.212576111,43.660093611]],[[7.212841944,43.660126111],[7.212625833,43.660129167]],[[7.212572222,43.659927222],[7.2123475,43.65993]],[[7.212521944,43.659894722],[7.212301389,43.659895278]],[[7.212379722,43.659790278],[7.212165833,43.659795556]],[[7.211836389,43.659396667],[7.211620278,43.659393611]],[[7.212341111,43.659761389],[7.212117222,43.659761667]],[[7.212474444,43.65986],[7.212258333,43.659863611]],[[7.212244722,43.659693333],[7.212024444,43.659694444]],[[7.2120125,43.659526944],[7.211796111,43.659527222]],[[7.211556667,43.659192778],[7.211342222,43.659191944]],[[7.211967222,43.6594925],[7.211753056,43.659494444]],[[7.212115556,43.659595278],[7.211896111,43.659592778]],[[7.212061667,43.659558611],[7.211845556,43.659562778]],[[7.211788889,43.659359444],[7.211565833,43.659359722]],[[7.211697222,43.659291111],[7.211476667,43.659291111]],[[7.211601944,43.659223333],[7.211383056,43.659226667]],[[7.211927222,43.659461111],[7.211711944,43.659459722]],[[7.211711944,43.659459722],[7.211706667,43.659461389]],[[7.212156111,43.659628611],[7.211945278,43.659626389]],[[7.212206111,43.659661389],[7.211985,43.659662222]],[[7.209637222,43.657799167],[7.209408056,43.6577975]],[[7.209542778,43.657735833],[7.209318889,43.657732222]],[[7.209501667,43.6577025],[7.209279444,43.657700278]],[[7.209591111,43.657763889],[7.209366667,43.657765]],[[7.209908611,43.657996944],[7.209683611,43.657993889]],[[7.210045833,43.658094722],[7.209820833,43.658094167]],[[7.209818889,43.657929444],[7.209586389,43.657927222]],[[7.209684722,43.657828889],[7.209453889,43.657829444]],[[7.209728611,43.657863333],[7.209496667,43.657863333]],[[7.209771111,43.657896667],[7.209543333,43.657895556]],[[7.2099575,43.658028056],[7.209726389,43.658027778]],[[7.209998611,43.658060556],[7.209774167,43.658062222]],[[7.209774167,43.658062222],[7.209773333,43.658061667]],[[7.209864167,43.657961389],[7.209634167,43.657960833]],[[7.210370556,43.658328889],[7.210134444,43.658326389]],[[7.211148611,43.658891667],[7.210915556,43.6588925]],[[7.211503889,43.659160278],[7.211500833,43.659160833]],[[7.211500833,43.659160833],[7.211286667,43.659159167]],[[7.211461667,43.659126111],[7.211238889,43.659125]],[[7.211419167,43.659091667],[7.211199167,43.659093056]],[[7.211325833,43.659024167],[7.211101667,43.659024722]],[[7.211231944,43.658958056],[7.211009167,43.658957778]],[[7.211051389,43.658825],[7.210825833,43.658822222]],[[7.211096667,43.658858611],[7.210871111,43.658859444]],[[7.211741944,43.659327778],[7.211514722,43.659326111]],[[7.211188056,43.658924167],[7.210966111,43.658926389]],[[7.21096,43.658758333],[7.210730278,43.658759722]],[[7.211006389,43.658792778],[7.210778611,43.658793056]],[[7.211651111,43.659261389],[7.211426667,43.659259722]],[[7.211876667,43.659424722],[7.2116575,43.659428333]],[[7.211278056,43.658991389],[7.211062778,43.658991389]],[[7.210919722,43.658725556],[7.210688333,43.658725556]],[[7.211373889,43.659058056],[7.211153333,43.659059167]],[[7.210774722,43.658626111],[7.210551667,43.658624444]],[[7.210865278,43.658689444],[7.210641944,43.658691389]],[[7.2108225,43.6586575],[7.210597222,43.658659444]],[[7.210640556,43.658527222],[7.210411944,43.658527222]],[[7.210732222,43.658590278],[7.210508333,43.658592222]],[[7.210685556,43.658555833],[7.210460833,43.658559722]],[[7.210590556,43.658490556],[7.210366111,43.658489722]],[[7.210366111,43.658489722],[7.210366667,43.658488056]],[[7.210455556,43.658391389],[7.210228333,43.658393056]],[[7.210228333,43.658393056],[7.2102275,43.658391111]],[[7.210409722,43.658358611],[7.210181667,43.658359722]],[[7.210501667,43.658422778],[7.210271944,43.658426389]],[[7.21055,43.658458611],[7.210319444,43.658460278]],[[7.2103175,43.658292222],[7.210090833,43.658290556]],[[7.210090556,43.658126667],[7.209862778,43.658127222]],[[7.210185556,43.658196944],[7.209957222,43.658193056]],[[7.210135,43.658156944],[7.209911111,43.658160278]],[[7.210228333,43.658227222],[7.210002222,43.6582275]],[[7.210274167,43.6582625],[7.210044722,43.658259167]],[[7.204609444,43.654221111],[7.204400556,43.654221667]],[[7.2045625,43.6541875],[7.204356667,43.654189167]],[[7.204291944,43.653990833],[7.204082222,43.653990556]],[[7.204331389,43.654022222],[7.204130556,43.654023889]],[[7.21271,43.660027778],[7.212484167,43.660027778]],[[7.221730833,43.666673056],[7.221520833,43.666675556]],[[7.206367778,43.663107778],[7.206327222,43.663110833]],[[7.206327222,43.663110833],[7.2063,43.663112222]],[[7.2063,43.663112222],[7.206265556,43.663110556]],[[7.206265556,43.663110556],[7.206239722,43.663107778]],[[7.206239722,43.663107778],[7.206210278,43.663103056]],[[7.206210278,43.663103056],[7.206178611,43.663096389]],[[7.206178611,43.663096389],[7.206154444,43.663090833]],[[7.206154444,43.663090833],[7.206128333,43.663080278]],[[7.206128333,43.663080278],[7.206100278,43.6630675]],[[7.206100278,43.6630675],[7.206066389,43.663050833]],[[7.206410556,43.663101944],[7.206165,43.663135]],[[7.206148056,43.663136667],[7.206122778,43.66314]],[[7.207088889,43.663015833],[7.206849167,43.662983056]],[[7.206849167,43.662983056],[7.206566389,43.662794167]],[[7.215714444,43.662369167],[7.215924722,43.662371389]],[[7.208436667,43.656651667],[7.207935833,43.656649722]],[[7.208226111,43.660003333],[7.208235,43.659982778]],[[7.208235,43.659982778],[7.2082475,43.659953611]],[[7.2082475,43.659953611],[7.208263611,43.659928611]],[[7.208263611,43.659928611],[7.208278056,43.659906389]],[[7.208278056,43.659906389],[7.208295,43.659884722]],[[7.208295,43.659884722],[7.208310278,43.659866111]],[[7.208310278,43.659866111],[7.2083325,43.659843889]],[[7.2083325,43.659843889],[7.208356667,43.659820833]],[[7.208356667,43.659820833],[7.208383333,43.6598]],[[7.208383333,43.6598],[7.208408611,43.659782778]],[[7.208408611,43.659782778],[7.208435556,43.659765833]],[[7.208435556,43.659765833],[7.208463889,43.659751111]],[[7.208463889,43.659751111],[7.208491111,43.659737778]],[[7.208491111,43.659737778],[7.208517222,43.659726111]],[[7.208517222,43.659726111],[7.208544722,43.659716111]],[[7.208544722,43.659716111],[7.208575,43.659705833]],[[7.208575,43.659705833],[7.208603611,43.659696944]],[[7.208603611,43.659696944],[7.208631944,43.659689722]],[[7.208631944,43.659689722],[7.208669444,43.659680833]],[[7.208669444,43.659680833],[7.208706111,43.659673889]],[[7.208706111,43.659673889],[7.208741389,43.659668333]],[[7.208741389,43.659668333],[7.208775,43.659665833]],[[7.208775,43.659665833],[7.208815556,43.659665556]],[[7.208815556,43.659665556],[7.208859167,43.659665556]],[[7.208859167,43.659665556],[7.20891,43.659668611]],[[7.20891,43.659668611],[7.208974722,43.659676944]],[[7.208974722,43.659676944],[7.209035556,43.659687778]],[[7.209035556,43.659687778],[7.209085,43.659700833]],[[7.209085,43.659700833],[7.209129444,43.659715]],[[7.209129444,43.659715],[7.209166667,43.659731111]],[[7.209166667,43.659731111],[7.2091975,43.659747778]],[[7.207764722,43.663050833],[7.206555,43.663107778]],[[7.206555,43.663107778],[7.206095278,43.663196111]],[[7.207541389,43.663033611],[7.207618889,43.662689167]],[[7.213664167,43.652206111],[7.213666944,43.652089444]],[[7.213666944,43.652089444],[7.213504444,43.652088611]],[[7.213342778,43.651973056],[7.213338611,43.651856667]],[[7.213338611,43.651856667],[7.213180278,43.651854167]],[[7.213038333,43.651753056],[7.213039444,43.651633333]],[[7.213039444,43.651633333],[7.212876944,43.651633611]],[[7.212810833,43.651586111],[7.212813889,43.651467222]],[[7.212813889,43.651467222],[7.212651389,43.651469167]],[[7.212602222,43.651437222],[7.212601389,43.651316944]],[[7.212601389,43.651316944],[7.212437778,43.651315556]],[[7.212394444,43.651284722],[7.212392778,43.651165556]],[[7.212392778,43.651165556],[7.21223,43.651163611]],[[7.212183889,43.651132222],[7.212184722,43.651012778]],[[7.212184722,43.651012778],[7.212017778,43.651011111]],[[7.211976389,43.650979167],[7.211975833,43.650859167]],[[7.211975833,43.650859167],[7.211812222,43.650859167]],[[7.211766667,43.650826389],[7.211761667,43.650711111]],[[7.211761667,43.650711111],[7.211604722,43.6507075]],[[7.211557778,43.650679444],[7.211558056,43.650554167]],[[7.211558056,43.650554167],[7.211393056,43.650555556]],[[7.211346111,43.650523333],[7.211349167,43.650402778]],[[7.211349167,43.650402778],[7.211186667,43.650403056]],[[7.211121944,43.6503575],[7.211121667,43.650236944]],[[7.211121667,43.650236944],[7.210955278,43.650236389]],[[7.210893889,43.650192778],[7.210893333,43.6500725]],[[7.210893333,43.6500725],[7.210728333,43.6500725]],[[7.210666111,43.650025278],[7.210666389,43.649906944]],[[7.210666389,43.649906944],[7.210503611,43.649907222]],[[7.213726389,43.652068611],[7.213715556,43.652054722]],[[7.213715556,43.652054722],[7.213694444,43.652044722]],[[7.213694444,43.652044722],[7.213671944,43.652041111]],[[7.213671944,43.652041111],[7.213652778,43.652040833]],[[7.213652778,43.652040833],[7.213626111,43.652048333]],[[7.213626111,43.652048333],[7.213607778,43.652063611]],[[7.213607778,43.652063611],[7.213598333,43.652083056]],[[7.213598333,43.652083056],[7.213599722,43.652100556]],[[7.213599722,43.652100556],[7.213608056,43.652115833]],[[7.213608056,43.652115833],[7.213631389,43.652131389]],[[7.213631389,43.652131389],[7.213655278,43.652137778]],[[7.213655278,43.652137778],[7.213680278,43.652136389]],[[7.213680278,43.652136389],[7.213706944,43.652126667]],[[7.213706944,43.652126667],[7.213721111,43.652116667]],[[7.213721111,43.652116667],[7.213729167,43.652102778]],[[7.213729167,43.652102778],[7.213732222,43.652086944]],[[7.213732222,43.652086944],[7.213726389,43.652068611]],[[7.213380278,43.651825278],[7.213391944,43.6518375]],[[7.213391944,43.6518375],[7.213397222,43.651850833]],[[7.213397222,43.651850833],[7.213395,43.651863611]],[[7.213395,43.651863611],[7.213388333,43.6518775]],[[7.213388333,43.6518775],[7.213373056,43.651889167]],[[7.213373056,43.651889167],[7.213353611,43.651894722]],[[7.213353611,43.651894722],[7.213330556,43.651894167]],[[7.213330556,43.651894167],[7.213308611,43.6518875]],[[7.213308611,43.6518875],[7.213293889,43.651876389]],[[7.213293889,43.651876389],[7.213285833,43.65186]],[[7.213285833,43.65186],[7.213286944,43.651844444]],[[7.213286944,43.651844444],[7.213298333,43.651827778]],[[7.213298333,43.651827778],[7.213320556,43.651816111]],[[7.213320556,43.651816111],[7.213341667,43.651814167]],[[7.213341667,43.651814167],[7.213360833,43.651815833]],[[7.213360833,43.651815833],[7.213380278,43.651825278]],[[7.213079444,43.651604167],[7.213089167,43.651615278]],[[7.213089167,43.651615278],[7.213096111,43.651628333]],[[7.213096111,43.651628333],[7.213095,43.651641389]],[[7.213095,43.651641389],[7.213089167,43.651653611]],[[7.213089167,43.651653611],[7.213075833,43.651665556]],[[7.213075833,43.651665556],[7.213059444,43.6516725]],[[7.213059444,43.6516725],[7.21304,43.651674722]],[[7.21304,43.651674722],[7.213021111,43.651673056]],[[7.213021111,43.651673056],[7.213004167,43.651666389]],[[7.213004167,43.651666389],[7.212990833,43.651656389]],[[7.212990833,43.651656389],[7.212983611,43.651641111]],[[7.212983611,43.651641111],[7.2129825,43.651627778]],[[7.2129825,43.651627778],[7.212988611,43.6516125]],[[7.212988611,43.6516125],[7.213003056,43.651601389]],[[7.213003056,43.651601389],[7.213021111,43.651593056]],[[7.213021111,43.651593056],[7.213042778,43.651591944]],[[7.213042778,43.651591944],[7.213059444,43.651595]],[[7.213059444,43.651595],[7.213079444,43.651604167]],[[7.212845833,43.651444444],[7.212855,43.651456667]],[[7.212855,43.651456667],[7.212857778,43.651471389]],[[7.212857778,43.651471389],[7.212854444,43.651482778]],[[7.212854444,43.651482778],[7.212841944,43.651493889]],[[7.212841944,43.651493889],[7.212825278,43.651501389]],[[7.212825278,43.651501389],[7.212805,43.651501389]],[[7.212805,43.651501389],[7.212786111,43.651497222]],[[7.212786111,43.651497222],[7.2127725,43.651486944]],[[7.2127725,43.651486944],[7.212765278,43.651474444]],[[7.212765278,43.651474444],[7.212766667,43.651458889]],[[7.212766667,43.651458889],[7.2127725,43.651448889]],[[7.2127725,43.651448889],[7.212785833,43.651438889]],[[7.212785833,43.651438889],[7.212799444,43.651435278]],[[7.212799444,43.651435278],[7.212814722,43.651433889]],[[7.212814722,43.651433889],[7.212831111,43.651436111]],[[7.212831111,43.651436111],[7.212845833,43.651444444]],[[7.210704167,43.649880556],[7.210716111,43.649893611]],[[7.210716111,43.649893611],[7.210719167,43.6499075]],[[7.210719167,43.6499075],[7.210718611,43.649919444]],[[7.210718611,43.649919444],[7.210708611,43.649931667]],[[7.210708611,43.649931667],[7.210693611,43.649941667]],[[7.210693611,43.649941667],[7.210678056,43.649946389]],[[7.210678056,43.649946389],[7.210661389,43.6499475]],[[7.210661389,43.6499475],[7.210641667,43.649944167]],[[7.210641667,43.649944167],[7.210626667,43.649936667]],[[7.210626667,43.649936667],[7.210615833,43.649924444]],[[7.210615833,43.649924444],[7.210612222,43.649911944]],[[7.210612222,43.649911944],[7.210612222,43.649899444]],[[7.210612222,43.649899444],[7.210621667,43.649885278]],[[7.210621667,43.649885278],[7.2106325,43.649875556]],[[7.2106325,43.649875556],[7.210651667,43.649868611]],[[7.210651667,43.649868611],[7.210667222,43.649868889]],[[7.210667222,43.649868889],[7.210685,43.649871111]],[[7.210685,43.649871111],[7.210704167,43.649880556]],[[7.211161111,43.650210278],[7.211171389,43.6502225]],[[7.211171389,43.6502225],[7.211175,43.6502325]],[[7.211175,43.6502325],[7.211176667,43.650243611]],[[7.211176667,43.650243611],[7.211170556,43.650257222]],[[7.211170556,43.650257222],[7.211159444,43.650266944]],[[7.211159444,43.650266944],[7.211143889,43.650275278]],[[7.211143889,43.650275278],[7.211130278,43.650278333]],[[7.211130278,43.650278333],[7.211113611,43.650278333]],[[7.211113611,43.650278333],[7.211096111,43.650274722]],[[7.211096111,43.650274722],[7.211081111,43.650266667]],[[7.211081111,43.650266667],[7.211069444,43.650255278]],[[7.211069444,43.650255278],[7.211065,43.650241944]],[[7.211065,43.650241944],[7.211065556,43.6502275]],[[7.211065556,43.6502275],[7.211072778,43.650216389]],[[7.211072778,43.650216389],[7.211086944,43.650204444]],[[7.211086944,43.650204444],[7.2111025,43.650198611]],[[7.2111025,43.650198611],[7.211115556,43.650197222]],[[7.211115556,43.650197222],[7.211131667,43.650198056]],[[7.211131667,43.650198056],[7.211147778,43.650201389]],[[7.211147778,43.650201389],[7.211161111,43.650210278]],[[7.210925833,43.650049167],[7.210934444,43.650058889]],[[7.210934444,43.650058889],[7.210938889,43.650069444]],[[7.210938889,43.650069444],[7.210938611,43.650078056]],[[7.210938611,43.650078056],[7.210933611,43.650088889]],[[7.210933611,43.650088889],[7.210923611,43.650098056]],[[7.210923611,43.650098056],[7.210908889,43.650103333]],[[7.210908889,43.650103333],[7.2108925,43.650105833]],[[7.2108925,43.650105833],[7.210874444,43.6501025]],[[7.210874444,43.6501025],[7.210861389,43.650096389]],[[7.210861389,43.650096389],[7.210850556,43.650085833]],[[7.210850556,43.650085833],[7.2108475,43.650076111]],[[7.2108475,43.650076111],[7.210847222,43.650064167]],[[7.210847222,43.650064167],[7.210851944,43.650056111]],[[7.210851944,43.650056111],[7.210860556,43.650048611]],[[7.210860556,43.650048611],[7.210873889,43.650041111]],[[7.210873889,43.650041111],[7.2108825,43.650039722]],[[7.2108825,43.650039722],[7.2108975,43.650039722]],[[7.2108975,43.650039722],[7.210912222,43.650041944]],[[7.210912222,43.650041944],[7.210925833,43.650049167]],[[7.212426111,43.65114],[7.212433333,43.651146389]],[[7.212433333,43.651146389],[7.212439167,43.651156111]],[[7.212439167,43.651156111],[7.212441111,43.651164167]],[[7.212441111,43.651164167],[7.212436944,43.651175]],[[7.212436944,43.651175],[7.212430556,43.651184722]],[[7.212430556,43.651184722],[7.212416944,43.651192778]],[[7.212416944,43.651192778],[7.212403611,43.651197222]],[[7.212403611,43.651197222],[7.212390556,43.651197778]],[[7.212390556,43.651197778],[7.212376111,43.651195833]],[[7.212376111,43.651195833],[7.212363889,43.651190278]],[[7.212363889,43.651190278],[7.212353611,43.651181667]],[[7.212353611,43.651181667],[7.212348333,43.651173056]],[[7.212348333,43.651173056],[7.212346667,43.651164444]],[[7.212346667,43.651164444],[7.212348889,43.651154722]],[[7.212348889,43.651154722],[7.212354722,43.651145833]],[[7.212354722,43.651145833],[7.212365,43.651136667]],[[7.212365,43.651136667],[7.212378611,43.651131944]],[[7.212378611,43.651131944],[7.212390278,43.651130278]],[[7.212390278,43.651130278],[7.212405,43.651130833]],[[7.212405,43.651130833],[7.212415278,43.651134167]],[[7.212415278,43.651134167],[7.212426111,43.65114]],[[7.212635278,43.6512925],[7.212641389,43.651298333]],[[7.212641389,43.651298333],[7.212646111,43.651304167]],[[7.212646111,43.651304167],[7.212648333,43.651311667]],[[7.212648333,43.651311667],[7.212648611,43.651318611]],[[7.212648611,43.651318611],[7.212646667,43.651327778]],[[7.212646667,43.651327778],[7.212641667,43.651335278]],[[7.212641667,43.651335278],[7.212633611,43.651341667]],[[7.212633611,43.651341667],[7.212624444,43.651346111]],[[7.212624444,43.651346111],[7.212613611,43.651349444]],[[7.212613611,43.651349444],[7.212601667,43.651350833]],[[7.212601667,43.651350833],[7.212590833,43.651349444]],[[7.212590833,43.651349444],[7.212581944,43.651346667]],[[7.212581944,43.651346667],[7.212573611,43.6513425]],[[7.212573611,43.6513425],[7.212565556,43.651336389]],[[7.212565556,43.651336389],[7.21256,43.651330278]],[[7.21256,43.651330278],[7.212556944,43.651323056]],[[7.212556944,43.651323056],[7.212555278,43.651316389]],[[7.212555278,43.651316389],[7.212556389,43.651309167]],[[7.212556389,43.651309167],[7.212559722,43.651301944]],[[7.212559722,43.651301944],[7.212565,43.651295833]],[[7.212565,43.651295833],[7.212573889,43.651289722]],[[7.212573889,43.651289722],[7.212584444,43.651285]],[[7.212584444,43.651285],[7.212593889,43.6512825]],[[7.212593889,43.6512825],[7.212603056,43.6512825]],[[7.212603056,43.6512825],[7.212613056,43.651283333]],[[7.212613056,43.651283333],[7.212623056,43.651285556]],[[7.212623056,43.651285556],[7.212628889,43.651288333]],[[7.212628889,43.651288333],[7.212635278,43.6512925]],[[7.212217778,43.650988611],[7.212223611,43.650993889]],[[7.212223611,43.650993889],[7.212228056,43.651001389]],[[7.212228056,43.651001389],[7.212230278,43.651009167]],[[7.212230278,43.651009167],[7.212229444,43.651016111]],[[7.212229444,43.651016111],[7.212227778,43.651023333]],[[7.212227778,43.651023333],[7.212223611,43.651029722]],[[7.212223611,43.651029722],[7.212218056,43.651035]],[[7.212218056,43.651035],[7.212210556,43.651039722]],[[7.212210556,43.651039722],[7.212202778,43.651043611]],[[7.212202778,43.651043611],[7.2121925,43.651046111]],[[7.2121925,43.651046111],[7.2121775,43.651046111]],[[7.2121775,43.651046111],[7.212166944,43.651043611]],[[7.212166944,43.651043611],[7.212155833,43.651038889]],[[7.212155833,43.651038889],[7.212145833,43.651031111]],[[7.212145833,43.651031111],[7.212139444,43.651023333]],[[7.212139444,43.651023333],[7.212137778,43.651012778]],[[7.212137778,43.651012778],[7.212139167,43.651004167]],[[7.212139167,43.651004167],[7.212144167,43.650995]],[[7.212144167,43.650995],[7.212153056,43.650988333]],[[7.212153056,43.650988333],[7.212160556,43.650983056]],[[7.212160556,43.650983056],[7.212170278,43.650979722]],[[7.212170278,43.650979722],[7.212180556,43.650978333]],[[7.212180556,43.650978333],[7.212193333,43.650979444]],[[7.212193333,43.650979444],[7.212203611,43.650980833]],[[7.212203611,43.650980833],[7.212210278,43.650983889]],[[7.212210278,43.650983889],[7.212217778,43.650988611]],[[7.212009722,43.650836111],[7.212018889,43.650846111]],[[7.212018889,43.650846111],[7.212021667,43.650856667]],[[7.212021667,43.650856667],[7.212020833,43.650865833]],[[7.212020833,43.650865833],[7.212015556,43.650875278]],[[7.212015556,43.650875278],[7.212006944,43.650883889]],[[7.212006944,43.650883889],[7.211992222,43.650891111]],[[7.211992222,43.650891111],[7.211979444,43.650893333]],[[7.211979444,43.650893333],[7.211963889,43.6508925]],[[7.211963889,43.6508925],[7.211949722,43.650888056]],[[7.211949722,43.650888056],[7.211939444,43.650880833]],[[7.211939444,43.650880833],[7.211932222,43.650872778]],[[7.211932222,43.650872778],[7.211928889,43.650864722]],[[7.211928889,43.650864722],[7.211928611,43.650854167]],[[7.211928611,43.650854167],[7.211932222,43.650846944]],[[7.211932222,43.650846944],[7.211938333,43.650839722]],[[7.211938333,43.650839722],[7.211949444,43.650832222]],[[7.211949444,43.650832222],[7.211960556,43.650827222]],[[7.211960556,43.650827222],[7.211974444,43.650825556]],[[7.211974444,43.650825556],[7.211986389,43.650826944]],[[7.211986389,43.650826944],[7.211996944,43.650829722]],[[7.211996944,43.650829722],[7.212009722,43.650836111]],[[7.211380556,43.650379722],[7.211389167,43.650388333]],[[7.211389167,43.650388333],[7.211393889,43.650398889]],[[7.211393889,43.650398889],[7.211393056,43.650408889]],[[7.211393056,43.650408889],[7.211390556,43.650418611]],[[7.211390556,43.650418611],[7.211381944,43.650426667]],[[7.211381944,43.650426667],[7.211370556,43.650433056]],[[7.211370556,43.650433056],[7.211358889,43.650436111]],[[7.211358889,43.650436111],[7.211345556,43.650436944]],[[7.211345556,43.650436944],[7.211333056,43.650435833]],[[7.211333056,43.650435833],[7.211319167,43.650429444]],[[7.211319167,43.650429444],[7.211308333,43.650420556]],[[7.211308333,43.650420556],[7.211301667,43.650409167]],[[7.211301667,43.650409167],[7.211301944,43.650398333]],[[7.211301944,43.650398333],[7.211305,43.650389722]],[[7.211305,43.650389722],[7.211311111,43.650381389]],[[7.211311111,43.650381389],[7.211320833,43.650375278]],[[7.211320833,43.650375278],[7.2113325,43.650370833]],[[7.2113325,43.650370833],[7.211345556,43.65037]],[[7.211345556,43.65037],[7.211355278,43.65037]],[[7.211355278,43.65037],[7.211367778,43.650372778]],[[7.211367778,43.650372778],[7.211380556,43.650379722]],[[7.211590278,43.650531944],[7.211598611,43.65054]],[[7.211598611,43.65054],[7.211602222,43.650548333]],[[7.211602222,43.650548333],[7.211603611,43.650557222]],[[7.211603611,43.650557222],[7.211601111,43.650566111]],[[7.211601111,43.650566111],[7.211596944,43.650573333]],[[7.211596944,43.650573333],[7.211588611,43.650580278]],[[7.211588611,43.650580278],[7.211577222,43.650585833]],[[7.211577222,43.650585833],[7.211565556,43.650588889]],[[7.211565556,43.650588889],[7.211554444,43.650588889]],[[7.211554444,43.650588889],[7.211543333,43.650587222]],[[7.211543333,43.650587222],[7.211531389,43.650582778]],[[7.211531389,43.650582778],[7.2115225,43.650578333]],[[7.2115225,43.650578333],[7.211514722,43.65057]],[[7.211514722,43.65057],[7.211512222,43.650562778]],[[7.211512222,43.650562778],[7.211511389,43.650554167]],[[7.211511389,43.650554167],[7.211511944,43.650546389]],[[7.211511944,43.650546389],[7.211516667,43.650539722]],[[7.211516667,43.650539722],[7.211524722,43.650531944]],[[7.211524722,43.650531944],[7.211533889,43.650526667]],[[7.211533889,43.650526667],[7.211545,43.650522222]],[[7.211545,43.650522222],[7.211556111,43.650521667]],[[7.211556111,43.650521667],[7.211568611,43.650523056]],[[7.211568611,43.650523056],[7.211579722,43.650525556]],[[7.211579722,43.650525556],[7.211590278,43.650531944]],[[7.211803333,43.650688333],[7.21181,43.650694722]],[[7.21181,43.650694722],[7.2118125,43.650701389]],[[7.2118125,43.650701389],[7.211813611,43.650707778]],[[7.211813611,43.650707778],[7.211811667,43.650713056]],[[7.211811667,43.650713056],[7.211809444,43.650718611]],[[7.211809444,43.650718611],[7.211805,43.650724444]],[[7.211805,43.650724444],[7.211798611,43.650729722]],[[7.211798611,43.650729722],[7.21179,43.650735278]],[[7.21179,43.650735278],[7.211781111,43.650739167]],[[7.211781111,43.650739167],[7.211770833,43.650740833]],[[7.211770833,43.650740833],[7.211761389,43.65074]],[[7.211761389,43.65074],[7.2117525,43.650739167]],[[7.2117525,43.650739167],[7.211740278,43.650734722]],[[7.211740278,43.650734722],[7.2117325,43.65073]],[[7.2117325,43.65073],[7.211726667,43.650724167]],[[7.211726667,43.650724167],[7.211722778,43.650716944]],[[7.211722778,43.650716944],[7.211720833,43.65071]],[[7.211720833,43.65071],[7.211720278,43.650702778]],[[7.211720278,43.650702778],[7.211723333,43.650695833]],[[7.211723333,43.650695833],[7.211727778,43.650688611]],[[7.211727778,43.650688611],[7.211735278,43.650683333]],[[7.211735278,43.650683333],[7.211741389,43.650679167]],[[7.211741389,43.650679167],[7.211751111,43.650675556]],[[7.211751111,43.650675556],[7.211759444,43.650674167]],[[7.211759444,43.650674167],[7.211768611,43.650674444]],[[7.211768611,43.650674444],[7.211776111,43.650674722]],[[7.211776111,43.650674722],[7.211783056,43.650676111]],[[7.211783056,43.650676111],[7.211789444,43.650678056]],[[7.211789444,43.650678056],[7.211795556,43.650681667]],[[7.211795556,43.650681667],[7.211795556,43.650681667]],[[7.211795556,43.650681667],[7.211803333,43.650688333]],[[7.214648889,43.651176111],[7.214510556,43.651277222]],[[7.214510556,43.651277222],[7.214369444,43.651171667]],[[7.214369444,43.651171667],[7.214511667,43.651071944]],[[7.214511667,43.651071944],[7.214648889,43.651176111]]]}},{"type":"Feature","id":"line.stand_entry.002","properties":{"name":"Stand entry line 002","layer":"Guidance lines","category":"Stand entry lines","object_type":"Line","style_id":"line.stand_entry","airport":"LFMN","geometry_role":"linework","vsmr_group_ids":["stands-and-gates"]},"geometry":{"type":"MultiLineString","coordinates":[[[7.208478611,43.661676389],[7.208831111,43.661720833]],[[7.209776667,43.661082222],[7.209327222,43.661031944]],[[7.206601944,43.663553333],[7.2067875,43.663257222]]]}},{"type":"Feature","id":"line.taxiway_centerline.002","properties":{"name":"Taxiway centerline 002","layer":"Guidance lines","category":"Taxiway centerlines","object_type":"Line","style_id":"line.taxiway_centerline","airport":"LFMN","geometry_role":"linework"},"geometry":{"type":"MultiLineString","coordinates":[[[7.2207625,43.664248889],[7.220711667,43.664225]],[[7.220711667,43.664225],[7.22065,43.664216667]],[[7.22065,43.664216667],[7.220598889,43.664220278]],[[7.220598889,43.664220278],[7.220533889,43.664239722]],[[7.220533889,43.664239722],[7.220501667,43.664253611]],[[7.220501667,43.664253611],[7.220475278,43.664273333]],[[7.220475278,43.664273333],[7.220451389,43.664296111]],[[7.220451389,43.664296111],[7.220434444,43.664320833]],[[7.220434444,43.664320833],[7.220422222,43.664348889]],[[7.220422222,43.664348889],[7.220418056,43.6643725]],[[7.220418056,43.6643725],[7.220431944,43.664424722]],[[7.220431944,43.664424722],[7.220723333,43.665012778]],[[7.220723333,43.665012778],[7.220736389,43.665020278]],[[7.220736389,43.665020278],[7.220751389,43.6650225]],[[7.220751389,43.6650225],[7.220766389,43.665013056]],[[7.220766389,43.665013056],[7.220894167,43.664881944]],[[7.220894167,43.664881944],[7.220929167,43.664835]],[[7.220929167,43.664835],[7.2209725,43.664777222]],[[7.2209725,43.664777222],[7.221011944,43.664713611]],[[7.221011944,43.664713611],[7.221040556,43.664645833]],[[7.221040556,43.664645833],[7.2210475,43.6645825]],[[7.2210475,43.6645825],[7.221035556,43.664531389]],[[7.221035556,43.664531389],[7.221016944,43.664481944]],[[7.221016944,43.664481944],[7.220990278,43.664433333]],[[7.220990278,43.664433333],[7.220967222,43.664399167]],[[7.220537778,43.664255556],[7.220766389,43.664266667]],[[7.2207225,43.664975556],[7.220784167,43.6649775]],[[7.220698333,43.664940556],[7.220825278,43.664938333]],[[7.220685,43.664907778],[7.220861944,43.664899167]],[[7.220475556,43.66429],[7.220831111,43.664301944]],[[7.220446389,43.664330833],[7.220881944,43.664337778]],[[7.220435556,43.664369722],[7.220926944,43.6643725]],[[7.220446667,43.6644075],[7.220945278,43.664405]],[[7.220665556,43.664871111],[7.220890278,43.664860833]],[[7.220649722,43.66484],[7.220924444,43.664825]],[[7.220636111,43.664802222],[7.220949444,43.664787778]],[[7.220619167,43.664772222],[7.220971944,43.664753611]],[[7.220599444,43.664735278],[7.220999167,43.664719722]],[[7.220462778,43.664446944],[7.220982222,43.664439167]],[[7.220478611,43.664483056],[7.220995833,43.664476944]],[[7.220496944,43.6645225],[7.221010556,43.664508889]],[[7.220585,43.664701667],[7.221005278,43.6646825]],[[7.220565556,43.664664722],[7.221020833,43.664648611]],[[7.220549722,43.664632222],[7.221025833,43.664613889]],[[7.220534722,43.664593611],[7.221026389,43.664579444]],[[7.220518889,43.664555833],[7.221020833,43.6645425]],[[7.229651389,43.666773889],[7.230059167,43.666478611]],[[7.201137778,43.646125556],[7.2016075,43.645786389]],[[7.207780278,43.653909722],[7.207798889,43.653935556]],[[7.208009722,43.653860833],[7.208014167,43.653893611]],[[7.208244167,43.653861389],[7.208227222,43.653902222]],[[7.207645556,43.653117778],[7.207731667,43.653185]],[[7.207578333,43.653115],[7.207803889,43.653107778]],[[7.205279167,43.650967222],[7.205298333,43.650855278]],[[7.205298333,43.650855278],[7.205305,43.650750833]],[[7.205305,43.650750833],[7.205303056,43.650678056]],[[7.205303056,43.650678056],[7.2052975,43.650612222]],[[7.2052975,43.650612222],[7.205286667,43.650561667]],[[7.205286667,43.650561667],[7.2052775,43.650518056]],[[7.2052775,43.650518056],[7.205320278,43.650549167]],[[7.205320278,43.650549167],[7.205353611,43.650576111]],[[7.205353611,43.650576111],[7.20538,43.650601944]],[[7.20538,43.650601944],[7.205404444,43.650636111]],[[7.205404444,43.650636111],[7.205423889,43.650679722]],[[7.205423889,43.650679722],[7.205433611,43.650722778]],[[7.205433611,43.650722778],[7.2054325,43.650766111]],[[7.2054325,43.650766111],[7.205424722,43.650800556]],[[7.205424722,43.650800556],[7.205406667,43.650844167]],[[7.205406667,43.650844167],[7.20538,43.650880833]],[[7.20538,43.650880833],[7.205353056,43.650908611]],[[7.205353056,43.650908611],[7.205318056,43.650938611]],[[7.205318056,43.650938611],[7.205279167,43.650967222]],[[7.205293889,43.650546111],[7.205307778,43.650546667]],[[7.205294722,43.650930556],[7.205318889,43.650929722]],[[7.205302222,43.650896111],[7.205359722,43.650895556]],[[7.2053075,43.650859722],[7.205384444,43.650861111]],[[7.205311111,43.650824722],[7.205408333,43.650826944]],[[7.205314167,43.650790556],[7.205418333,43.650789722]],[[7.205313889,43.650754444],[7.2054225,43.650756944]],[[7.205316111,43.650720556],[7.205423611,43.650721389]],[[7.205313889,43.650685833],[7.205416667,43.650686111]],[[7.205312778,43.650650556],[7.205400556,43.650650278]],[[7.205308333,43.650615278],[7.205377778,43.650614722]],[[7.2053475,43.650579167],[7.205298611,43.650580278]],[[7.228478611,43.671893056],[7.228538889,43.671941111]],[[7.228538889,43.671941111],[7.228568611,43.671975556]],[[7.228568611,43.671975556],[7.228593333,43.672016667]],[[7.228593333,43.672016667],[7.228611389,43.672062222]],[[7.228611389,43.672062222],[7.228621944,43.672108333]],[[7.228621944,43.672108333],[7.228624444,43.672163333]],[[7.228624444,43.672163333],[7.228621944,43.672212222]],[[7.228621944,43.672212222],[7.228609167,43.672271667]],[[7.228609167,43.672271667],[7.228586111,43.672320278]],[[7.228586111,43.672320278],[7.228557778,43.672366389]],[[7.228557778,43.672366389],[7.228529722,43.6724]],[[7.228529722,43.6724],[7.228490833,43.672435556]],[[7.228490833,43.672435556],[7.228444722,43.672473889]],[[7.228444722,43.672473889],[7.228396944,43.672507222]],[[7.228396944,43.672507222],[7.228345,43.672536111]],[[7.228345,43.672536111],[7.228281667,43.672558889]],[[7.228281667,43.672558889],[7.228231389,43.672573056]],[[7.228231389,43.672573056],[7.228177778,43.672586111]],[[7.228177778,43.672586111],[7.228131667,43.672594167]],[[7.228131667,43.672594167],[7.228078056,43.6726]],[[7.228078056,43.6726],[7.228026667,43.672601944]],[[7.228026667,43.672601944],[7.227977778,43.672601667]],[[7.227977778,43.672601667],[7.227920833,43.6725975]],[[7.227920833,43.6725975],[7.227858056,43.672587778]],[[7.227858056,43.672587778],[7.227802222,43.672575]],[[7.227802222,43.672575],[7.227752778,43.672558611]],[[7.227752778,43.672558611],[7.227706667,43.672541111]],[[7.227706667,43.672541111],[7.227655278,43.672516111]],[[7.227655278,43.672516111],[7.227620556,43.672495556]],[[7.227620556,43.672495556],[7.2275575,43.672451667]],[[7.2275575,43.672451667],[7.2263125,43.671544722]],[[7.2263125,43.671544722],[7.225483056,43.670920278]],[[7.225483056,43.670920278],[7.225321389,43.670798333]],[[7.225321389,43.670798333],[7.225008056,43.670568889]],[[7.225008056,43.670568889],[7.223879444,43.669748056]],[[7.223879444,43.669748056],[7.223395278,43.669398056]],[[7.223395278,43.669398056],[7.223302222,43.669334722]],[[7.223302222,43.669334722],[7.223211111,43.669275833]],[[7.223211111,43.669275833],[7.223080278,43.669195278]],[[7.223080278,43.669195278],[7.222931667,43.669107778]],[[7.222931667,43.669107778],[7.222842222,43.669053889]],[[7.222842222,43.669053889],[7.222800833,43.66903]],[[7.222800833,43.66903],[7.22274,43.668990556]],[[7.22274,43.668990556],[7.222572222,43.6688775]],[[7.222572222,43.6688775],[7.222238056,43.668637778]],[[7.222238056,43.668637778],[7.221539444,43.668128889]],[[7.221539444,43.668128889],[7.221423333,43.668050556]],[[7.221423333,43.668050556],[7.221302778,43.667971389]],[[7.221302778,43.667971389],[7.221243889,43.667936944]],[[7.221243889,43.667936944],[7.221183611,43.667903056]],[[7.221183611,43.667903056],[7.220947222,43.667781389]]]}},{"type":"Feature","id":"line.stand_entry.003","properties":{"name":"Stand entry line 003","layer":"Guidance lines","category":"Stand entry lines","object_type":"Line","style_id":"line.stand_entry","airport":"LFMN","geometry_role":"linework","vsmr_group_ids":["stands-and-gates"]},"geometry":{"type":"MultiLineString","coordinates":[[[7.228153889,43.672240556],[7.228091944,43.672285833]],[[7.228073333,43.672299722],[7.228005556,43.672348611]],[[7.227969722,43.672374167],[7.227908056,43.672418056]],[[7.227949722,43.672108056],[7.227649722,43.672324167]],[[7.227900833,43.672068611],[7.227840278,43.67211]],[[7.227817222,43.672125833],[7.227751667,43.672175833]],[[7.227740556,43.672182778],[7.227669167,43.672235833]],[[7.227734167,43.671954722],[7.227409167,43.672189722]],[[7.227570278,43.671837222],[7.227256944,43.672067778]],[[7.227520556,43.671799444],[7.227215,43.672021389]]]}},{"type":"Feature","id":"line.taxiway_blue.001","properties":{"name":"Blue taxiway guidance line 001","layer":"Guidance lines","category":"Blue taxiway guidance lines","object_type":"Line","style_id":"line.taxiway_blue","airport":"LFMN","geometry_role":"linework"},"geometry":{"type":"MultiLineString","coordinates":[[[7.227409444,43.671718889],[7.227171667,43.671890556]]]}},{"type":"Feature","id":"line.stand_entry.004","properties":{"name":"Stand entry line 004","layer":"Guidance lines","category":"Stand entry lines","object_type":"Line","style_id":"line.stand_entry","airport":"LFMN","geometry_role":"linework","vsmr_group_ids":["stands-and-gates"]},"geometry":{"type":"MultiLineString","coordinates":[[[7.227305556,43.671645556],[7.227009722,43.671861111]],[[7.227219444,43.671625278],[7.227167222,43.671663056]],[[7.227126944,43.671690278],[7.22705,43.671748333]],[[7.227094722,43.671489722],[7.227092222,43.671491389]],[[7.227092222,43.671491389],[7.226791389,43.671709444]]]}},{"type":"Feature","id":"line.taxiway_blue.002","properties":{"name":"Blue taxiway guidance line 002","layer":"Guidance lines","category":"Blue taxiway guidance lines","object_type":"Line","style_id":"line.taxiway_blue","airport":"LFMN","geometry_role":"linework"},"geometry":{"type":"MultiLineString","coordinates":[[[7.227076944,43.671488333],[7.226791667,43.671694722]]]}},{"type":"Feature","id":"line.stand_entry.005","properties":{"name":"Stand entry line 005","layer":"Guidance lines","category":"Stand entry lines","object_type":"Line","style_id":"line.stand_entry","airport":"LFMN","geometry_role":"linework","vsmr_group_ids":["stands-and-gates"]},"geometry":{"type":"MultiLineString","coordinates":[[[7.226919444,43.6713675],[7.226662778,43.671555278]],[[7.226869444,43.6713425],[7.226559444,43.671566389]]]}},{"type":"Feature","id":"line.taxiway_blue.003","properties":{"name":"Blue taxiway guidance line 003","layer":"Guidance lines","category":"Blue taxiway guidance lines","object_type":"Line","style_id":"line.taxiway_blue","airport":"LFMN","geometry_role":"linework"},"geometry":{"type":"MultiLineString","coordinates":[[[7.226763333,43.6712475],[7.226761389,43.671248889]],[[7.226761389,43.671248889],[7.226462222,43.671464167]]]}},{"type":"Feature","id":"line.stand_entry.006","properties":{"name":"Stand entry line 006","layer":"Guidance lines","category":"Stand entry lines","object_type":"Line","style_id":"line.stand_entry","airport":"LFMN","geometry_role":"linework","vsmr_group_ids":["stands-and-gates"]},"geometry":{"type":"MultiLineString","coordinates":[[[7.226655278,43.671187778],[7.226349722,43.671407778]],[[7.226589722,43.671135278],[7.226319444,43.671334444]],[[7.226440278,43.671032778],[7.226160278,43.671236111]],[[7.226234167,43.670870833],[7.225937222,43.671086944]],[[7.226260556,43.6709025],[7.225993056,43.671093889]],[[7.226017778,43.670720278],[7.2257575,43.670908611]],[[7.225945556,43.670686667],[7.225705556,43.670859444]],[[7.225801667,43.670566667],[7.2255675,43.670735278]],[[7.225629444,43.670465556],[7.225381389,43.670645]],[[7.225595556,43.670405278],[7.225339167,43.670591111]],[[7.225375,43.670254444],[7.225136389,43.670428056]],[[7.225305,43.670219167],[7.225277222,43.670239167]],[[7.225261389,43.670251944],[7.225231944,43.670272222]],[[7.225210556,43.670288889],[7.225188611,43.670305]],[[7.225169167,43.670319167],[7.225148611,43.670335278]],[[7.225126667,43.670349444],[7.225101944,43.670368333]],[[7.225073889,43.670386667],[7.225046389,43.670408333]],[[7.225170833,43.670093056],[7.224919722,43.670274167]],[[7.224994444,43.669995556],[7.224740556,43.670181389]],[[7.224962222,43.669932222],[7.224664444,43.670149444]],[[7.224742222,43.669783889],[7.224468889,43.669981111]],[[7.224679722,43.669745556],[7.224442222,43.669916389]],[[7.224533056,43.669625556],[7.224256944,43.669824722]],[[7.224321389,43.669468611],[7.224076667,43.669646111]],[[7.224345833,43.669529444],[7.224133056,43.669689444]],[[7.224075833,43.669287778],[7.223817778,43.669475278]],[[7.223755278,43.669098333],[7.223753889,43.669099167]],[[7.223753889,43.669099167],[7.223489167,43.669298056]],[[7.223488056,43.668876944],[7.223203889,43.669081667]],[[7.223169722,43.668678611],[7.222866667,43.668896389]],[[7.222849722,43.668488611],[7.222574444,43.668686389]],[[7.222600833,43.668312222],[7.222338889,43.6685025]],[[7.222546111,43.668282778],[7.222279722,43.668471667]],[[7.222380278,43.668159167],[7.222113889,43.668353056]],[[7.222237778,43.668108333],[7.222010556,43.668276944]],[[7.2221625,43.668008611],[7.221908889,43.6681925]],[[7.221949444,43.6678525],[7.221692222,43.668040556]],[[7.221875556,43.667821111],[7.221629722,43.667999444]],[[7.221727778,43.6677025],[7.221483333,43.667880556]],[[7.221508611,43.667593611],[7.221293611,43.66775]],[[7.221531389,43.667536111],[7.221246944,43.667740556]],[[7.228209722,43.671813611],[7.227934444,43.672011944]],[[7.228008056,43.671663333],[7.227713611,43.671878056]],[[7.227791667,43.671510556],[7.227520833,43.671705278]],[[7.227580278,43.671355833],[7.2272875,43.671565556]],[[7.227365278,43.671199444],[7.2270725,43.671410833]],[[7.227151389,43.6710425],[7.226856389,43.671256667]],[[7.226938889,43.670889722],[7.226646667,43.6711]],[[7.226722778,43.670735556],[7.226431111,43.670945]]]}},{"type":"Feature","id":"line.taxiway_blue.004","properties":{"name":"Blue taxiway guidance line 004","layer":"Guidance lines","category":"Blue taxiway guidance lines","object_type":"Line","style_id":"line.taxiway_blue","airport":"LFMN","geometry_role":"linework"},"geometry":{"type":"MultiLineString","coordinates":[[[7.226430278,43.671009722],[7.226134167,43.671226944]]]}},{"type":"Feature","id":"line.taxiway_centerline.003","properties":{"name":"Taxiway centerline 003","layer":"Guidance lines","category":"Taxiway centerlines","object_type":"Line","style_id":"line.taxiway_centerline","airport":"LFMN","geometry_role":"linework"},"geometry":{"type":"MultiLineString","coordinates":[[[7.228041111,43.672166389],[7.227675278,43.671899444]],[[7.227675278,43.671899444],[7.225112778,43.670025]],[[7.225112778,43.670025],[7.223653889,43.668960833]],[[7.223653889,43.668960833],[7.222820278,43.668450556]],[[7.222820278,43.668450556],[7.220038611,43.666424444]]]}},{"type":"Feature","id":"line.stand_entry.007","properties":{"name":"Stand entry line 007","layer":"Guidance lines","category":"Stand entry lines","object_type":"Line","style_id":"line.stand_entry","airport":"LFMN","geometry_role":"linework","vsmr_group_ids":["stands-and-gates"]},"geometry":{"type":"MultiLineString","coordinates":[[[7.227499167,43.670571389],[7.227156944,43.670819444]],[[7.227638333,43.67068],[7.227307222,43.670918611]],[[7.227779722,43.670785278],[7.227451944,43.6710225]],[[7.227951111,43.6709075],[7.227615278,43.67115]],[[7.228145556,43.671051389],[7.2278175,43.671288333]],[[7.228362222,43.671203333],[7.228033056,43.671441944]],[[7.228594722,43.671344722],[7.228249444,43.671595833]],[[7.228836944,43.671480278],[7.228468333,43.671746944]],[[7.229101111,43.671799444],[7.228652778,43.671946389]],[[7.229239722,43.672019444],[7.228741111,43.672091667]],[[7.229306389,43.672294722],[7.228735,43.672242778]],[[7.229068056,43.672523611],[7.228667778,43.672386667]],[[7.229315278,43.6722475],[7.229216944,43.672244722]],[[7.229190833,43.672243611],[7.229095,43.6722375]],[[7.229069167,43.672236944],[7.228973611,43.672233056]],[[7.228945556,43.672230556],[7.228847778,43.672226389]],[[7.229176389,43.6719325],[7.229083889,43.671953056]],[[7.229058611,43.671958056],[7.228962222,43.67198]],[[7.228936944,43.671986111],[7.228837778,43.672006667]],[[7.228808889,43.672013056],[7.228715,43.672034167]],[[7.228898611,43.672009167],[7.228887222,43.6719825]],[[7.22895,43.672242778],[7.228953333,43.672218611]],[[7.229053611,43.672242778],[7.229053889,43.672225833]],[[7.228989444,43.672245556],[7.228989722,43.672221667]],[[7.228553611,43.672507222],[7.228866667,43.672726111]],[[7.228391944,43.672611389],[7.228610278,43.672874444]],[[7.228141667,43.672754167],[7.228196944,43.673075]],[[7.228224722,43.673233611],[7.22821,43.673133333]],[[7.227014444,43.67259],[7.227305833,43.672378611]],[[7.226693333,43.67251],[7.227086944,43.67223]],[[7.227601944,43.673012778],[7.227633056,43.672946111]],[[7.227641667,43.672926944],[7.227674167,43.672849722]],[[7.227688889,43.672819722],[7.227727778,43.672729167]],[[7.226873889,43.672072778],[7.226489722,43.672350278]],[[7.226551389,43.67238],[7.226621389,43.672328889]],[[7.226641944,43.672313611],[7.226710833,43.672264167]],[[7.226726667,43.672249722],[7.2267975,43.672199722]],[[7.226883333,43.672136667],[7.226816667,43.6721875]],[[7.226875,43.672614722],[7.226944167,43.672562778]],[[7.226965,43.672548889],[7.227034722,43.672498056]],[[7.227051389,43.672485556],[7.227117778,43.672436111]],[[7.2271375,43.672422222],[7.227205833,43.672373889]],[[7.229087222,43.672693056],[7.229008889,43.672653056]],[[7.228989167,43.672642778],[7.228904722,43.672598333]],[[7.228883333,43.672585556],[7.228799722,43.672543611]],[[7.228784444,43.672536389],[7.228702778,43.672491944]],[[7.2286825,43.672481944],[7.228618611,43.672448611]],[[7.227641944,43.672257222],[7.227571389,43.672306111]],[[7.227025,43.671765],[7.226975556,43.671802778]],[[7.226951111,43.671818611],[7.226901389,43.671853889]],[[7.227565833,43.672566667],[7.227501389,43.672616944]],[[7.227478889,43.672633611],[7.227418056,43.672681667]],[[7.2274,43.672695556],[7.227332778,43.672745]],[[7.227312778,43.67276],[7.227244167,43.672814444]],[[7.227224722,43.672828333],[7.227173333,43.672868611]],[[7.228700833,43.672928056],[7.228646667,43.672866111]],[[7.228631667,43.672849444],[7.228582778,43.672791111]],[[7.228567778,43.672773889],[7.228516667,43.672715]],[[7.228501944,43.672699444],[7.228450556,43.6726375]]]}},{"type":"Feature","id":"line.taxiway_blue.005","properties":{"name":"Blue taxiway guidance line 005","layer":"Guidance lines","category":"Blue taxiway guidance lines","object_type":"Line","style_id":"line.taxiway_blue","airport":"LFMN","geometry_role":"linework"},"geometry":{"type":"MultiLineString","coordinates":[[[7.228919167,43.672831944],[7.228524444,43.672528889]],[[7.228808333,43.672708056],[7.228756389,43.672743889]],[[7.228679444,43.672370278],[7.229215556,43.672520833]],[[7.229010556,43.672491389],[7.2290375,43.672441667]],[[7.229304722,43.672126667],[7.228725556,43.672149444]],[[7.2290025,43.671669722],[7.228652222,43.671921944]],[[7.228795278,43.671781389],[7.228845278,43.671818333]],[[7.229169444,43.672158333],[7.229168056,43.672106944]],[[7.229293611,43.672345833],[7.228715278,43.672275833]],[[7.229031111,43.672321111],[7.229034444,43.672303889]],[[7.228968889,43.672313333],[7.2289725,43.672299722]],[[7.228933333,43.672308333],[7.228935833,43.672294444]],[[7.227411944,43.672457778],[7.2270125,43.672748611]],[[7.226765833,43.67199],[7.226371111,43.672275]],[[7.223270278,43.668105833],[7.223975556,43.668521389]],[[7.223975556,43.668521389],[7.224511944,43.668907778]],[[7.224511944,43.668907778],[7.226055833,43.67003]],[[7.226055833,43.67003],[7.2261075,43.67006]],[[7.2261075,43.67006],[7.226174167,43.670090833]],[[7.226174167,43.670090833],[7.226245833,43.670113056]],[[7.226245833,43.670113056],[7.226326389,43.6701275]],[[7.226326389,43.6701275],[7.226385278,43.670131667]],[[7.226385278,43.670131667],[7.226454444,43.670125556]],[[7.226454444,43.670125556],[7.2265425,43.670112222]],[[7.2265425,43.670112222],[7.226666667,43.6700825]],[[7.226666667,43.6700825],[7.2267325,43.670065278]],[[7.2267325,43.670065278],[7.226784167,43.670046667]],[[7.226784167,43.670046667],[7.226827222,43.670024167]],[[7.226827222,43.670024167],[7.22686,43.670009167]],[[7.227162222,43.672675833],[7.227111667,43.672639167]],[[7.227116944,43.672709444],[7.227063056,43.672671111]],[[7.227090833,43.672728333],[7.227038056,43.67269]],[[7.226514444,43.672207778],[7.226461944,43.672169722]],[[7.226465833,43.672240278],[7.226416667,43.672205]],[[7.226441667,43.672259167],[7.226390556,43.672223056]]]}},{"type":"Feature","id":"line.stand_entry.008","properties":{"name":"Stand entry line 008","layer":"Guidance lines","category":"Stand entry lines","object_type":"Line","style_id":"line.stand_entry","airport":"LFMN","geometry_role":"linework","vsmr_group_ids":["stands-and-gates"]},"geometry":{"type":"MultiLineString","coordinates":[[[7.227360556,43.672733333],[7.227345833,43.672723611]],[[7.226750833,43.672175278],[7.226728333,43.672157778]],[[7.226664722,43.671914444],[7.226273889,43.672196667]],[[7.226445278,43.671754722],[7.226033889,43.672051944]],[[7.226237222,43.6716025],[7.225946667,43.671813889]],[[7.2260225,43.671448056],[7.225683889,43.671685833]],[[7.225806667,43.671294444],[7.225473611,43.671530278]],[[7.225601111,43.671132222],[7.225296667,43.671354167]],[[7.225391111,43.670976111],[7.225086944,43.671196111]],[[7.225176111,43.67082],[7.224872222,43.671041944]],[[7.224962778,43.670665556],[7.224664722,43.670882222]],[[7.224721389,43.670532222],[7.224448611,43.670728611]],[[7.224238333,43.6705725],[7.224533889,43.670354722]],[[7.224321389,43.670200833],[7.224024167,43.670415833]],[[7.2241075,43.670045278],[7.223808889,43.670261667]],[[7.223892222,43.669892778],[7.223596111,43.670105833]],[[7.223683056,43.669731944],[7.223404444,43.669935278]],[[7.223470833,43.669577222],[7.223170833,43.669793333]],[[7.223247222,43.669427778],[7.222914444,43.669668333]],[[7.223026389,43.669271389],[7.222701944,43.669506389]],[[7.221235278,43.668036667],[7.220941389,43.668249722]],[[7.221319167,43.668091667],[7.221042778,43.668293056]],[[7.221451111,43.668185],[7.221170833,43.6683825]],[[7.221672222,43.668343889],[7.221384444,43.6685475]],[[7.221731667,43.668385833],[7.221664167,43.668434444]],[[7.221596111,43.668483333],[7.221521389,43.668534444]],[[7.221487222,43.668558889],[7.221430556,43.668596389]],[[7.22189,43.668505833],[7.221608056,43.668708333]],[[7.222108056,43.668665278],[7.221815556,43.66887]],[[7.222088611,43.668640833],[7.222019722,43.668691667]],[[7.221993056,43.6687075],[7.221924167,43.668758611]],[[7.221905833,43.668771944],[7.221819444,43.668832222]],[[7.222329444,43.668823056],[7.222326111,43.668825556]],[[7.222326111,43.668825556],[7.222068333,43.669011111]],[[7.222544167,43.668985556],[7.222269444,43.6691825]],[[7.222389722,43.668861111],[7.222322222,43.668909167]],[[7.222291111,43.668932222],[7.222226667,43.668979444]],[[7.222205278,43.668994722],[7.2221375,43.669042778]],[[7.222724444,43.669088889],[7.222655278,43.669139722]],[[7.222629167,43.669156389],[7.222558333,43.669208889]],[[7.222538889,43.669224444],[7.222470278,43.6692725]],[[7.222788611,43.669126389],[7.222493333,43.669338611]],[[7.223094444,43.669305278],[7.223020556,43.669357222]],[[7.223001389,43.669371389],[7.222926111,43.669426389]],[[7.222900833,43.669443889],[7.222836111,43.669492222]],[[7.222815833,43.669505278],[7.222750833,43.669553611]],[[7.223412778,43.669538333],[7.223341389,43.669589167]],[[7.223312778,43.669607778],[7.223242778,43.669659444]],[[7.223223056,43.669671944],[7.223154444,43.669722778]],[[7.223138333,43.669734444],[7.223083889,43.669774167]],[[7.223737778,43.669775833],[7.223669722,43.669825]],[[7.223639167,43.669848889],[7.2236375,43.66985]],[[7.2236375,43.66985],[7.223569167,43.669898611]],[[7.223549444,43.669912778],[7.223444167,43.669987222]],[[7.224050556,43.670003611],[7.2239825,43.670053333]],[[7.223949444,43.670076944],[7.223839722,43.6701575]],[[7.223819167,43.670172222],[7.2237525,43.670220278]],[[7.224375833,43.670243333],[7.224306944,43.670293611]],[[7.224281667,43.670311111],[7.224210556,43.670363889]],[[7.224185278,43.670381389],[7.224123333,43.670426667]],[[7.224100833,43.6704425],[7.224053333,43.670476944]],[[7.2246875,43.670471389],[7.224618889,43.670521111]],[[7.224595556,43.670539444],[7.224525,43.670590556]],[[7.224503611,43.670606667],[7.224437778,43.670654167]],[[7.224418333,43.670668889],[7.224370278,43.670702778]],[[7.225016944,43.670708056],[7.224946944,43.670758333]],[[7.224923333,43.670776389],[7.224859444,43.670823611]],[[7.224839444,43.6708375],[7.224771667,43.670886111]],[[7.224752222,43.670900833],[7.224696944,43.670940833]],[[7.225326944,43.670939167],[7.225258889,43.670987222]],[[7.225236111,43.671006389],[7.225173889,43.671050556]],[[7.225155278,43.671064722],[7.225088611,43.671113611]],[[7.225065,43.671129444],[7.225009722,43.671169167]],[[7.225652222,43.671179167],[7.225586111,43.671229722]],[[7.225552778,43.67125],[7.225485556,43.671300556]],[[7.225468611,43.671310833],[7.2254675,43.671311667]],[[7.2254675,43.671311667],[7.225404167,43.671359444]],[[7.225384444,43.671373056],[7.225328056,43.671414722]],[[7.226606111,43.671871944],[7.226535278,43.6719225]],[[7.226471111,43.67197],[7.226415833,43.672011944]],[[7.226394444,43.672025556],[7.226325556,43.672075556]],[[7.226306667,43.672088889],[7.226240556,43.672137778]],[[7.226285278,43.67164],[7.226216111,43.671688333]],[[7.226196944,43.671701389],[7.226130833,43.671750556]],[[7.226113056,43.671761944],[7.226043611,43.671812778]],[[7.226024722,43.671826389],[7.225953056,43.671878611]],[[7.225966944,43.671410556],[7.225894167,43.671461111]],[[7.225860833,43.671481111],[7.225793333,43.671528889]],[[7.225776389,43.671540833],[7.225710556,43.671586667]],[[7.225687222,43.671601667],[7.225624722,43.671643611]],[[7.226591389,43.670839167],[7.226579167,43.670829722]],[[7.226803889,43.670994167],[7.2267925,43.670985556]],[[7.227018889,43.671150278],[7.227003333,43.671139167]],[[7.227232222,43.671306944],[7.227218056,43.671296111]],[[7.227447778,43.6714625],[7.227431944,43.671450278]],[[7.227660278,43.671616667],[7.227643056,43.671604167]],[[7.227880833,43.671770833],[7.227861389,43.6717575]],[[7.228091111,43.671915],[7.228076389,43.671903611]],[[7.228591111,43.672786944],[7.228575,43.672793333]]]}},{"type":"Feature","id":"line.taxiway_blue.006","properties":{"name":"Blue taxiway guidance line 006","layer":"Guidance lines","category":"Blue taxiway guidance lines","object_type":"Line","style_id":"line.taxiway_blue","airport":"LFMN","geometry_role":"linework"},"geometry":{"type":"MultiLineString","coordinates":[[[7.226738333,43.671305833],[7.226683889,43.671265556]]]}},{"type":"Feature","id":"line.stand_entry.009","properties":{"name":"Stand entry line 009","layer":"Guidance lines","category":"Stand entry lines","object_type":"Line","style_id":"line.stand_entry","airport":"LFMN","geometry_role":"linework","vsmr_group_ids":["stands-and-gates"]},"geometry":{"type":"MultiLineString","coordinates":[[[7.205728333,43.663385833],[7.205997778,43.663488333]],[[7.208383056,43.662038611],[7.208739722,43.662083333]],[[7.208831944,43.662080833],[7.208423056,43.661821389]],[[7.218674167,43.665812778],[7.218918333,43.665635556]],[[7.218354722,43.665616944],[7.218608333,43.6654325]],[[7.218097778,43.665420556],[7.218338889,43.665245833]],[[7.218397778,43.665462222],[7.218371944,43.665250556]],[[7.217791667,43.665213333],[7.218050556,43.665025556]],[[7.217514722,43.665034167],[7.217783611,43.664833889]],[[7.217785,43.664879444],[7.217766111,43.665101667]],[[7.217451667,43.664986111],[7.217719444,43.664783333]],[[7.216170556,43.664051111],[7.216438611,43.663854722]],[[7.2172575,43.664845556],[7.217524722,43.664643611]],[[7.217266667,43.664725833],[7.217282778,43.664504444]],[[7.216682222,43.664442222],[7.216970278,43.664235833]],[[7.217050278,43.664698333],[7.217331944,43.664498056]],[[7.217009167,43.664634444],[7.217266389,43.664450833]],[[7.216629167,43.664385278],[7.216906389,43.664185278]],[[7.216423056,43.664250556],[7.216703333,43.664046944]],[[7.216231667,43.664101389],[7.216516389,43.663891944]],[[7.216437778,43.663895833],[7.216423056,43.664116667]],[[7.203248056,43.654643889],[7.203516389,43.654445556]],[[7.203588889,43.654891111],[7.203823889,43.654723889]],[[7.203656111,43.654938889],[7.203925833,43.654745278]],[[7.203827222,43.655048056],[7.204049167,43.654889444]],[[7.203996389,43.655171389],[7.204169167,43.655048056]],[[7.203964444,43.655175833],[7.203885833,43.654858889]],[[7.20404,43.655221944],[7.204303056,43.655030278]],[[7.204725833,43.655754444],[7.204983333,43.655570278]],[[7.204686389,43.655701667],[7.204939167,43.655521944]],[[7.204520556,43.655584722],[7.204760833,43.655411111]],[[7.204356944,43.655471111],[7.204615833,43.6552775]],[[7.204303889,43.6554225],[7.204540833,43.655250556]],[[7.204681111,43.655681944],[7.204591389,43.655311111]],[[7.205479722,43.656243611],[7.205678611,43.656101389]],[[7.205443056,43.656221389],[7.205650556,43.656072778]],[[7.205368889,43.656154444],[7.205319167,43.655748333]],[[7.205075833,43.655982778],[7.205361667,43.655780833]],[[7.205259722,43.6561],[7.205470833,43.6559425]],[[7.20504,43.65595],[7.205298889,43.655763056]],[[7.214805,43.663219444],[7.215171667,43.662954444]],[[7.214395833,43.662970278],[7.214786389,43.662684722]],[[7.214563611,43.663106389],[7.214991111,43.662805]],[[7.214810556,43.663188889],[7.214863611,43.662749444]],[[7.213936944,43.662658333],[7.21433,43.662374167]],[[7.21399,43.662718333],[7.214403333,43.662420278]],[[7.214331111,43.662918611],[7.214725833,43.662632222]],[[7.213986111,43.662673889],[7.214051944,43.662148333]],[[7.21357,43.662387222],[7.213990556,43.662080833]],[[7.213511667,43.662331389],[7.21395,43.662015]],[[7.213221389,43.662100556],[7.213478333,43.661907778]],[[7.213143056,43.662055],[7.213509444,43.661784167]],[[7.213171389,43.662088611],[7.213235833,43.661554444]],[[7.212935833,43.6619275],[7.213361667,43.661621667]],[[7.212759722,43.661797222],[7.2131775,43.661487222]],[[7.212696111,43.661744444],[7.212980556,43.6615375]],[[7.212402222,43.661506667],[7.212678611,43.661306389]],[[7.212313333,43.661471111],[7.212695556,43.661196111]],[[7.2123575,43.661497778],[7.212424722,43.660965556]],[[7.211958889,43.661190278],[7.212365833,43.660897778]],[[7.211884444,43.6611475],[7.212177778,43.6609375]],[[7.211584722,43.660917222],[7.211886389,43.660700278]],[[7.211542778,43.660901944],[7.211603889,43.660405]],[[7.211143889,43.660501944],[7.211365,43.660345278]],[[7.211333611,43.6607275],[7.211558056,43.660563333]],[[7.211505556,43.660877778],[7.211846389,43.660624722]],[[7.208049444,43.657709167],[7.207702778,43.657959722]],[[7.209598056,43.659555556],[7.210148611,43.659315833]],[[7.209059722,43.659148056],[7.209571111,43.658916389]],[[7.209263333,43.659300833],[7.210029722,43.659238333]],[[7.207747222,43.657507778],[7.207411944,43.657753056]],[[7.207759444,43.657544167],[7.207673056,43.657902222]],[[7.207375,43.657276389],[7.207059722,43.657502778]],[[7.207189444,43.657123056],[7.2070575,43.657476667]],[[7.207053056,43.657038056],[7.206753611,43.657255556]],[[7.210709722,43.662276944],[7.211197778,43.662628056]],[[7.211273056,43.662736111],[7.211371667,43.662313056]],[[7.210778611,43.662005833],[7.211433611,43.662481111]],[[7.211199167,43.661708611],[7.210899722,43.661984444]],[[7.211626944,43.661996944],[7.211315833,43.662284444]],[[7.212047778,43.662293889],[7.211727222,43.662591944]],[[7.2124675,43.662603611],[7.212118611,43.662855556]],[[7.207130833,43.662323333],[7.206570278,43.662256944]],[[7.207266667,43.661771389],[7.206648333,43.661696111]],[[7.207366944,43.661256389],[7.206778889,43.661185278]],[[7.207453889,43.660849444],[7.207016111,43.660796389]],[[7.207507222,43.660583056],[7.206869722,43.660823333]],[[7.207575,43.660351111],[7.207021389,43.660503889]],[[7.207655556,43.660011389],[7.207128889,43.659935833]],[[7.207683333,43.659791111],[7.206942222,43.659929444]],[[7.207678889,43.659516111],[7.207221389,43.659580833]],[[7.207481389,43.659108056],[7.206881944,43.659273611]],[[7.207049444,43.658830833],[7.2067775,43.659381389]],[[7.2069875,43.658723611],[7.206648889,43.658965556]],[[7.206584722,43.658404167],[7.206133056,43.658735833]],[[7.206347778,43.658256944],[7.206068333,43.658786667]],[[7.206160278,43.658096667],[7.205896389,43.658432778]],[[7.205793611,43.657845833],[7.205264167,43.658229167]],[[7.205542778,43.657656944],[7.205144167,43.658215]],[[7.205284167,43.657460833],[7.204928611,43.657916111]],[[7.202682222,43.655570833],[7.202426389,43.6558375]],[[7.203123056,43.655879444],[7.202777222,43.6561275]],[[7.203516389,43.656186111],[7.203086667,43.656496667]],[[7.203721389,43.656344167],[7.203255,43.6566825]],[[7.203925,43.656481111],[7.203484444,43.6567975]],[[7.204329722,43.656776111],[7.203972222,43.657035278]],[[7.204481111,43.656860556],[7.204124444,43.657494722]],[[7.204516667,43.656914167],[7.204083056,43.657228889]],[[7.2047075,43.657093889],[7.204177222,43.657475278]],[[7.206041667,43.662451944],[7.2064575,43.662724167]],[[7.205510278,43.662680556],[7.206000556,43.663008611]],[[7.207106111,43.662443611],[7.206387222,43.662380278]],[[7.206049444,43.663150278],[7.205496944,43.663222778]],[[7.206311111,43.663154167],[7.205581389,43.663289444]],[[7.20558,43.662884444],[7.205558333,43.662985]],[[7.205801111,43.663434167],[7.2060375,43.6632975]],[[7.206981944,43.6634725],[7.206702222,43.663733056]],[[7.207475833,43.663476667],[7.207408333,43.663781944]],[[7.208063333,43.663501111],[7.207975833,43.663878889]],[[7.209495833,43.663588056],[7.209401944,43.664022222]],[[7.210193889,43.663515833],[7.210071667,43.664064167]],[[7.210770833,43.663561667],[7.210688611,43.663918611]],[[7.211062222,43.663554167],[7.210922778,43.664176944]],[[7.211347778,43.663583333],[7.211257778,43.663984444]],[[7.212201944,43.663681667],[7.212058056,43.664310278]],[[7.212512778,43.663718889],[7.212266944,43.664331944]],[[7.213057222,43.663792778],[7.212959444,43.664217778]],[[7.213409722,43.6638225],[7.213276389,43.664409167]],[[7.213627778,43.663851389],[7.213508611,43.664383889]],[[7.21419,43.663943889],[7.214088056,43.66441]],[[7.214373611,43.664019167],[7.214286944,43.664504444]],[[7.214286944,43.664504444],[7.214283056,43.664505556]],[[7.21474,43.664291389],[7.2143925,43.664535833]],[[7.215198333,43.664589722],[7.214869444,43.664820833]],[[7.215618056,43.664875556],[7.215271111,43.665118056]],[[7.216007778,43.6652025],[7.215658889,43.66546]],[[7.216271944,43.665353333],[7.215906667,43.665612778]],[[7.216453333,43.665486667],[7.216073333,43.6657625]],[[7.216438611,43.665496111],[7.216071667,43.665762778]],[[7.211908889,43.663673889],[7.211835833,43.664002222]],[[7.208636111,43.663584167],[7.208561389,43.663911111]],[[7.216964167,43.665861111],[7.216464167,43.666225833]],[[7.217103611,43.666245278],[7.216458056,43.666008889]],[[7.216960278,43.665861944],[7.216465833,43.666224722]],[[7.217302778,43.666100556],[7.216287222,43.66613]],[[7.217636944,43.666334722],[7.216946111,43.666361111]],[[7.221309444,43.667342222],[7.221039167,43.667535]],[[7.221104444,43.667179167],[7.220805556,43.667390833]],[[7.221182222,43.667266111],[7.220914167,43.667455833]],[[7.220861944,43.667026944],[7.220589167,43.667222778]],[[7.220746389,43.666950556],[7.220484722,43.667135833]],[[7.220638056,43.66686],[7.220371389,43.6670525]],[[7.220401944,43.666687778],[7.220159167,43.6668675]],[[7.220286111,43.666606667],[7.220036667,43.666785556]],[[7.2201775,43.666531667],[7.219926944,43.666713611]],[[7.208306667,43.662400556],[7.208630556,43.662444444]],[[7.209411667,43.662532222],[7.208932778,43.662476667]],[[7.209462778,43.662435833],[7.208463333,43.662318056]],[[7.208483333,43.6617225],[7.209421944,43.661832222]],[[7.208490556,43.661304722],[7.208916667,43.661355833]],[[7.208628333,43.660864167],[7.209028889,43.661129167]],[[7.208603056,43.660944444],[7.209056389,43.660998611]],[[7.209564444,43.662174722],[7.209119722,43.662125]],[[7.209100556,43.661751667],[7.209586944,43.661811111]],[[7.209721389,43.661451944],[7.209244722,43.661393611]],[[7.209800278,43.661015],[7.209308333,43.661165833]],[[7.209741389,43.661273333],[7.209298611,43.661221389]],[[7.208352778,43.662311389],[7.208729722,43.662558056]],[[7.209429722,43.662447222],[7.208972222,43.662591667]],[[7.20957,43.661965556],[7.209010833,43.662139444]],[[7.209688889,43.661488333],[7.209165833,43.661651111]]]}},{"type":"Feature","id":"label.gates_stands.001","properties":{"name":"1","layer":"Labels","category":"Gate and stand labels","object_type":"Label","style_id":"label.gates_stands","airport":"LFMN","geometry_role":"text_label","text-field":"1","vsmr_group_ids":["stands-and-gates"]},"geometry":{"type":"Point","coordinates":[7.2105325,43.6499925]}},{"type":"Feature","id":"label.gates_stands.002","properties":{"name":"10","layer":"Labels","category":"Gate and stand labels","object_type":"Label","style_id":"label.gates_stands","airport":"LFMN","geometry_role":"text_label","text-field":"10","vsmr_group_ids":["stands-and-gates"]},"geometry":{"type":"Point","coordinates":[7.212480556,43.651383611]}},{"type":"Feature","id":"label.gates_stands.003","properties":{"name":"10A (1)","layer":"Labels","category":"Gate and stand labels","object_type":"Label","style_id":"label.gates_stands","airport":"LFMN","geometry_role":"text_label","text-field":"10A","vsmr_group_ids":["stands-and-gates"]},"geometry":{"type":"Point","coordinates":[7.214635278,43.664507778]}},{"type":"Feature","id":"label.gates_stands.004","properties":{"name":"10A (2)","layer":"Labels","category":"Gate and stand labels","object_type":"Label","style_id":"label.gates_stands","airport":"LFMN","geometry_role":"text_label","text-field":"10A","vsmr_group_ids":["stands-and-gates"]},"geometry":{"type":"Point","coordinates":[7.214604444,43.664556111]}},{"type":"Feature","id":"label.gates_stands.005","properties":{"name":"10B","layer":"Labels","category":"Gate and stand labels","object_type":"Label","style_id":"label.gates_stands","airport":"LFMN","geometry_role":"text_label","text-field":"10B","vsmr_group_ids":["stands-and-gates"]},"geometry":{"type":"Point","coordinates":[7.214413333,43.6643525]}},{"type":"Feature","id":"label.gates_stands.006","properties":{"name":"10C (1)","layer":"Labels","category":"Gate and stand labels","object_type":"Label","style_id":"label.gates_stands","airport":"LFMN","geometry_role":"text_label","text-field":"10C","vsmr_group_ids":["stands-and-gates"]},"geometry":{"type":"Point","coordinates":[7.213999167,43.664255278]}},{"type":"Feature","id":"label.gates_stands.007","properties":{"name":"10C (2)","layer":"Labels","category":"Gate and stand labels","object_type":"Label","style_id":"label.gates_stands","airport":"LFMN","geometry_role":"text_label","text-field":"10C","vsmr_group_ids":["stands-and-gates"]},"geometry":{"type":"Point","coordinates":[7.214213056,43.664406944]}},{"type":"Feature","id":"label.gates_stands.008","properties":{"name":"11 (1)","layer":"Labels","category":"Gate and stand labels","object_type":"Label","style_id":"label.gates_stands","airport":"LFMN","geometry_role":"text_label","text-field":"11","vsmr_group_ids":["stands-and-gates"]},"geometry":{"type":"Point","coordinates":[7.2126625,43.651538889]}},{"type":"Feature","id":"label.gates_stands.009","properties":{"name":"11 (2)","layer":"Labels","category":"Gate and stand labels","object_type":"Label","style_id":"label.gates_stands","airport":"LFMN","geometry_role":"text_label","text-field":"11","vsmr_group_ids":["stands-and-gates"]},"geometry":{"type":"Point","coordinates":[7.2111775,43.661869722]}},{"type":"Feature","id":"label.gates_stands.010","properties":{"name":"11 (3)","layer":"Labels","category":"Gate and stand labels","object_type":"Label","style_id":"label.gates_stands","airport":"LFMN","geometry_role":"text_label","text-field":"11","vsmr_group_ids":["stands-and-gates"]},"geometry":{"type":"Point","coordinates":[7.211973056,43.662791944]}},{"type":"Feature","id":"label.gates_stands.011","properties":{"name":"12","layer":"Labels","category":"Gate and stand labels","object_type":"Label","style_id":"label.gates_stands","airport":"LFMN","geometry_role":"text_label","text-field":"12","vsmr_group_ids":["stands-and-gates"]},"geometry":{"type":"Point","coordinates":[7.212899167,43.6517]}},{"type":"Feature","id":"label.gates_stands.012","properties":{"name":"12A (1)","layer":"Labels","category":"Gate and stand labels","object_type":"Label","style_id":"label.gates_stands","airport":"LFMN","geometry_role":"text_label","text-field":"12A","vsmr_group_ids":["stands-and-gates"]},"geometry":{"type":"Point","coordinates":[7.213621667,43.664294167]}},{"type":"Feature","id":"label.gates_stands.013","properties":{"name":"12A (2)","layer":"Labels","category":"Gate and stand labels","object_type":"Label","style_id":"label.gates_stands","airport":"LFMN","geometry_role":"text_label","text-field":"12A","vsmr_group_ids":["stands-and-gates"]},"geometry":{"type":"Point","coordinates":[7.21343,43.664329167]}},{"type":"Feature","id":"label.gates_stands.014","properties":{"name":"12B","layer":"Labels","category":"Gate and stand labels","object_type":"Label","style_id":"label.gates_stands","airport":"LFMN","geometry_role":"text_label","text-field":"12B","vsmr_group_ids":["stands-and-gates"]},"geometry":{"type":"Point","coordinates":[7.213185278,43.664250556]}},{"type":"Feature","id":"label.gates_stands.015","properties":{"name":"12C (1)","layer":"Labels","category":"Gate and stand labels","object_type":"Label","style_id":"label.gates_stands","airport":"LFMN","geometry_role":"text_label","text-field":"12C","vsmr_group_ids":["stands-and-gates"]},"geometry":{"type":"Point","coordinates":[7.212867222,43.664051667]}},{"type":"Feature","id":"label.gates_stands.016","properties":{"name":"12C (2)","layer":"Labels","category":"Gate and stand labels","object_type":"Label","style_id":"label.gates_stands","airport":"LFMN","geometry_role":"text_label","text-field":"12C","vsmr_group_ids":["stands-and-gates"]},"geometry":{"type":"Point","coordinates":[7.212729167,43.664239722]}},{"type":"Feature","id":"label.gates_stands.017","properties":{"name":"13 (1)","layer":"Labels","category":"Gate and stand labels","object_type":"Label","style_id":"label.gates_stands","airport":"LFMN","geometry_role":"text_label","text-field":"13","vsmr_group_ids":["stands-and-gates"]},"geometry":{"type":"Point","coordinates":[7.213208611,43.651921111]}},{"type":"Feature","id":"label.gates_stands.018","properties":{"name":"13 (2)","layer":"Labels","category":"Gate and stand labels","object_type":"Label","style_id":"label.gates_stands","airport":"LFMN","geometry_role":"text_label","text-field":"13","vsmr_group_ids":["stands-and-gates"]},"geometry":{"type":"Point","coordinates":[7.211117222,43.662655833]}},{"type":"Feature","id":"label.gates_stands.019","properties":{"name":"13 (3)","layer":"Labels","category":"Gate and stand labels","object_type":"Label","style_id":"label.gates_stands","airport":"LFMN","geometry_role":"text_label","text-field":"13","vsmr_group_ids":["stands-and-gates"]},"geometry":{"type":"Point","coordinates":[7.2114925,43.662739444]}},{"type":"Feature","id":"label.gates_stands.020","properties":{"name":"14","layer":"Labels","category":"Gate and stand labels","object_type":"Label","style_id":"label.gates_stands","airport":"LFMN","geometry_role":"text_label","text-field":"14","vsmr_group_ids":["stands-and-gates"]},"geometry":{"type":"Point","coordinates":[7.213545556,43.652165833]}},{"type":"Feature","id":"label.gates_stands.021","properties":{"name":"14A (1)","layer":"Labels","category":"Gate and stand labels","object_type":"Label","style_id":"label.gates_stands","airport":"LFMN","geometry_role":"text_label","text-field":"14A","vsmr_group_ids":["stands-and-gates"]},"geometry":{"type":"Point","coordinates":[7.212460278,43.664168056]}},{"type":"Feature","id":"label.gates_stands.022","properties":{"name":"14A (2)","layer":"Labels","category":"Gate and stand labels","object_type":"Label","style_id":"label.gates_stands","airport":"LFMN","geometry_role":"text_label","text-field":"14A","vsmr_group_ids":["stands-and-gates"]},"geometry":{"type":"Point","coordinates":[7.212383333,43.664203889]}},{"type":"Feature","id":"label.gates_stands.023","properties":{"name":"14B","layer":"Labels","category":"Gate and stand labels","object_type":"Label","style_id":"label.gates_stands","airport":"LFMN","geometry_role":"text_label","text-field":"14B","vsmr_group_ids":["stands-and-gates"]},"geometry":{"type":"Point","coordinates":[7.211986667,43.664153333]}},{"type":"Feature","id":"label.gates_stands.024","properties":{"name":"14C (1)","layer":"Labels","category":"Gate and stand labels","object_type":"Label","style_id":"label.gates_stands","airport":"LFMN","geometry_role":"text_label","text-field":"14C","vsmr_group_ids":["stands-and-gates"]},"geometry":{"type":"Point","coordinates":[7.211698333,43.663891389]}},{"type":"Feature","id":"label.gates_stands.025","properties":{"name":"14C (2)","layer":"Labels","category":"Gate and stand labels","object_type":"Label","style_id":"label.gates_stands","airport":"LFMN","geometry_role":"text_label","text-field":"14C","vsmr_group_ids":["stands-and-gates"]},"geometry":{"type":"Point","coordinates":[7.211609444,43.664114444]}},{"type":"Feature","id":"label.gates_stands.026","properties":{"name":"15 (1)","layer":"Labels","category":"Gate and stand labels","object_type":"Label","style_id":"label.gates_stands","airport":"LFMN","geometry_role":"text_label","text-field":"15","vsmr_group_ids":["stands-and-gates"]},"geometry":{"type":"Point","coordinates":[7.211459167,43.662301667]}},{"type":"Feature","id":"label.gates_stands.027","properties":{"name":"15 (2)","layer":"Labels","category":"Gate and stand labels","object_type":"Label","style_id":"label.gates_stands","airport":"LFMN","geometry_role":"text_label","text-field":"15","vsmr_group_ids":["stands-and-gates"]},"geometry":{"type":"Point","coordinates":[7.211019167,43.662677222]}},{"type":"Feature","id":"label.gates_stands.028","properties":{"name":"16A (1)","layer":"Labels","category":"Gate and stand labels","object_type":"Label","style_id":"label.gates_stands","airport":"LFMN","geometry_role":"text_label","text-field":"16A","vsmr_group_ids":["stands-and-gates"]},"geometry":{"type":"Point","coordinates":[7.211417222,43.663891389]}},{"type":"Feature","id":"label.gates_stands.029","properties":{"name":"16A (2)","layer":"Labels","category":"Gate and stand labels","object_type":"Label","style_id":"label.gates_stands","airport":"LFMN","geometry_role":"text_label","text-field":"16A","vsmr_group_ids":["stands-and-gates"]},"geometry":{"type":"Point","coordinates":[7.211099722,43.664054722]}},{"type":"Feature","id":"label.gates_stands.030","properties":{"name":"16B","layer":"Labels","category":"Gate and stand labels","object_type":"Label","style_id":"label.gates_stands","airport":"LFMN","geometry_role":"text_label","text-field":"16B","vsmr_group_ids":["stands-and-gates"]},"geometry":{"type":"Point","coordinates":[7.211061944,43.664080556]}},{"type":"Feature","id":"label.gates_stands.031","properties":{"name":"16C (1)","layer":"Labels","category":"Gate and stand labels","object_type":"Label","style_id":"label.gates_stands","airport":"LFMN","geometry_role":"text_label","text-field":"16C","vsmr_group_ids":["stands-and-gates"]},"geometry":{"type":"Point","coordinates":[7.210788333,43.663833056]}},{"type":"Feature","id":"label.gates_stands.032","properties":{"name":"16C (2)","layer":"Labels","category":"Gate and stand labels","object_type":"Label","style_id":"label.gates_stands","airport":"LFMN","geometry_role":"text_label","text-field":"16C","vsmr_group_ids":["stands-and-gates"]},"geometry":{"type":"Point","coordinates":[7.209970833,43.663929167]}},{"type":"Feature","id":"label.gates_stands.033","properties":{"name":"17","layer":"Labels","category":"Gate and stand labels","object_type":"Label","style_id":"label.gates_stands","airport":"LFMN","geometry_role":"text_label","text-field":"17","vsmr_group_ids":["stands-and-gates"]},"geometry":{"type":"Point","coordinates":[7.211492778,43.662515278]}},{"type":"Feature","id":"label.gates_stands.034","properties":{"name":"18","layer":"Labels","category":"Gate and stand labels","object_type":"Label","style_id":"label.gates_stands","airport":"LFMN","geometry_role":"text_label","text-field":"18","vsmr_group_ids":["stands-and-gates"]},"geometry":{"type":"Point","coordinates":[7.209242778,43.663845556]}},{"type":"Feature","id":"label.gates_stands.035","properties":{"name":"18A","layer":"Labels","category":"Gate and stand labels","object_type":"Label","style_id":"label.gates_stands","airport":"LFMN","geometry_role":"text_label","text-field":"18A","vsmr_group_ids":["stands-and-gates"]},"geometry":{"type":"Point","coordinates":[7.210218611,43.663944722]}},{"type":"Feature","id":"label.gates_stands.036","properties":{"name":"18C","layer":"Labels","category":"Gate and stand labels","object_type":"Label","style_id":"label.gates_stands","airport":"LFMN","geometry_role":"text_label","text-field":"18C","vsmr_group_ids":["stands-and-gates"]},"geometry":{"type":"Point","coordinates":[7.209560278,43.663886667]}},{"type":"Feature","id":"label.gates_stands.037","properties":{"name":"19A (1)","layer":"Labels","category":"Gate and stand labels","object_type":"Label","style_id":"label.gates_stands","airport":"LFMN","geometry_role":"text_label","text-field":"19A","vsmr_group_ids":["stands-and-gates"]},"geometry":{"type":"Point","coordinates":[7.2089225,43.662576667]}},{"type":"Feature","id":"label.gates_stands.038","properties":{"name":"19A (2)","layer":"Labels","category":"Gate and stand labels","object_type":"Label","style_id":"label.gates_stands","airport":"LFMN","geometry_role":"text_label","text-field":"19A","vsmr_group_ids":["stands-and-gates"]},"geometry":{"type":"Point","coordinates":[7.209181111,43.662652222]}},{"type":"Feature","id":"label.gates_stands.039","properties":{"name":"19B","layer":"Labels","category":"Gate and stand labels","object_type":"Label","style_id":"label.gates_stands","airport":"LFMN","geometry_role":"text_label","text-field":"19B","vsmr_group_ids":["stands-and-gates"]},"geometry":{"type":"Point","coordinates":[7.209031111,43.6622925]}},{"type":"Feature","id":"label.gates_stands.040","properties":{"name":"19C","layer":"Labels","category":"Gate and stand labels","object_type":"Label","style_id":"label.gates_stands","airport":"LFMN","geometry_role":"text_label","text-field":"19C","vsmr_group_ids":["stands-and-gates"]},"geometry":{"type":"Point","coordinates":[7.209272222,43.66227]}},{"type":"Feature","id":"label.gates_stands.041","properties":{"name":"19D","layer":"Labels","category":"Gate and stand labels","object_type":"Label","style_id":"label.gates_stands","airport":"LFMN","geometry_role":"text_label","text-field":"19D","vsmr_group_ids":["stands-and-gates"]},"geometry":{"type":"Point","coordinates":[7.208978333,43.662446944]}},{"type":"Feature","id":"label.gates_stands.042","properties":{"name":"19E","layer":"Labels","category":"Gate and stand labels","object_type":"Label","style_id":"label.gates_stands","airport":"LFMN","geometry_role":"text_label","text-field":"19E","vsmr_group_ids":["stands-and-gates"]},"geometry":{"type":"Point","coordinates":[7.209299444,43.662183056]}},{"type":"Feature","id":"label.gates_stands.043","properties":{"name":"1B","layer":"Labels","category":"Gate and stand labels","object_type":"Label","style_id":"label.gates_stands","airport":"LFMN","geometry_role":"text_label","text-field":"1B","vsmr_group_ids":["stands-and-gates"]},"geometry":{"type":"Point","coordinates":[7.219868889,43.666744722]}},{"type":"Feature","id":"label.gates_stands.044","properties":{"name":"1C","layer":"Labels","category":"Gate and stand labels","object_type":"Label","style_id":"label.gates_stands","airport":"LFMN","geometry_role":"text_label","text-field":"1C","vsmr_group_ids":["stands-and-gates"]},"geometry":{"type":"Point","coordinates":[7.219963333,43.666818611]}},{"type":"Feature","id":"label.gates_stands.045","properties":{"name":"1D","layer":"Labels","category":"Gate and stand labels","object_type":"Label","style_id":"label.gates_stands","airport":"LFMN","geometry_role":"text_label","text-field":"1D","vsmr_group_ids":["stands-and-gates"]},"geometry":{"type":"Point","coordinates":[7.220094167,43.66691]}},{"type":"Feature","id":"label.gates_stands.046","properties":{"name":"1E","layer":"Labels","category":"Gate and stand labels","object_type":"Label","style_id":"label.gates_stands","airport":"LFMN","geometry_role":"text_label","text-field":"1E","vsmr_group_ids":["stands-and-gates"]},"geometry":{"type":"Point","coordinates":[7.220323611,43.667081944]}},{"type":"Feature","id":"label.gates_stands.047","properties":{"name":"1F","layer":"Labels","category":"Gate and stand labels","object_type":"Label","style_id":"label.gates_stands","airport":"LFMN","geometry_role":"text_label","text-field":"1F","vsmr_group_ids":["stands-and-gates"]},"geometry":{"type":"Point","coordinates":[7.220443611,43.667165556]}},{"type":"Feature","id":"label.gates_stands.048","properties":{"name":"1G","layer":"Labels","category":"Gate and stand labels","object_type":"Label","style_id":"label.gates_stands","airport":"LFMN","geometry_role":"text_label","text-field":"1G","vsmr_group_ids":["stands-and-gates"]},"geometry":{"type":"Point","coordinates":[7.220550833,43.667248889]}},{"type":"Feature","id":"label.gates_stands.049","properties":{"name":"1H","layer":"Labels","category":"Gate and stand labels","object_type":"Label","style_id":"label.gates_stands","airport":"LFMN","geometry_role":"text_label","text-field":"1H","vsmr_group_ids":["stands-and-gates"]},"geometry":{"type":"Point","coordinates":[7.220784722,43.667414444]}},{"type":"Feature","id":"label.gates_stands.050","properties":{"name":"1J","layer":"Labels","category":"Gate and stand labels","object_type":"Label","style_id":"label.gates_stands","airport":"LFMN","geometry_role":"text_label","text-field":"1J","vsmr_group_ids":["stands-and-gates"]},"geometry":{"type":"Point","coordinates":[7.220887778,43.667485278]}},{"type":"Feature","id":"label.gates_stands.051","properties":{"name":"1Q","layer":"Labels","category":"Gate and stand labels","object_type":"Label","style_id":"label.gates_stands","airport":"LFMN","geometry_role":"text_label","text-field":"1Q","vsmr_group_ids":["stands-and-gates"]},"geometry":{"type":"Point","coordinates":[7.221014722,43.667561111]}},{"type":"Feature","id":"label.gates_stands.052","properties":{"name":"2","layer":"Labels","category":"Gate and stand labels","object_type":"Label","style_id":"label.gates_stands","airport":"LFMN","geometry_role":"text_label","text-field":"2","vsmr_group_ids":["stands-and-gates"]},"geometry":{"type":"Point","coordinates":[7.210750833,43.650159722]}},{"type":"Feature","id":"label.gates_stands.053","properties":{"name":"20 (1)","layer":"Labels","category":"Gate and stand labels","object_type":"Label","style_id":"label.gates_stands","airport":"LFMN","geometry_role":"text_label","text-field":"20","vsmr_group_ids":["stands-and-gates"]},"geometry":{"type":"Point","coordinates":[7.208731667,43.663794444]}},{"type":"Feature","id":"label.gates_stands.054","properties":{"name":"20 (2)","layer":"Labels","category":"Gate and stand labels","object_type":"Label","style_id":"label.gates_stands","airport":"LFMN","geometry_role":"text_label","text-field":"20","vsmr_group_ids":["stands-and-gates"]},"geometry":{"type":"Point","coordinates":[7.208696389,43.663797778]}},{"type":"Feature","id":"label.gates_stands.055","properties":{"name":"21","layer":"Labels","category":"Gate and stand labels","object_type":"Label","style_id":"label.gates_stands","airport":"LFMN","geometry_role":"text_label","text-field":"21","vsmr_group_ids":["stands-and-gates"]},"geometry":{"type":"Point","coordinates":[7.209372222,43.661846111]}},{"type":"Feature","id":"label.gates_stands.056","properties":{"name":"21A","layer":"Labels","category":"Gate and stand labels","object_type":"Label","style_id":"label.gates_stands","airport":"LFMN","geometry_role":"text_label","text-field":"21A","vsmr_group_ids":["stands-and-gates"]},"geometry":{"type":"Point","coordinates":[7.209371389,43.661944444]}},{"type":"Feature","id":"label.gates_stands.057","properties":{"name":"21D","layer":"Labels","category":"Gate and stand labels","object_type":"Label","style_id":"label.gates_stands","airport":"LFMN","geometry_role":"text_label","text-field":"21D","vsmr_group_ids":["stands-and-gates"]},"geometry":{"type":"Point","coordinates":[7.209450278,43.661718889]}},{"type":"Feature","id":"label.gates_stands.058","properties":{"name":"22 (1)","layer":"Labels","category":"Gate and stand labels","object_type":"Label","style_id":"label.gates_stands","airport":"LFMN","geometry_role":"text_label","text-field":"22","vsmr_group_ids":["stands-and-gates"]},"geometry":{"type":"Point","coordinates":[7.208123056,43.663726111]}},{"type":"Feature","id":"label.gates_stands.059","properties":{"name":"22 (2)","layer":"Labels","category":"Gate and stand labels","object_type":"Label","style_id":"label.gates_stands","airport":"LFMN","geometry_role":"text_label","text-field":"22","vsmr_group_ids":["stands-and-gates"]},"geometry":{"type":"Point","coordinates":[7.208146944,43.663736111]}},{"type":"Feature","id":"label.gates_stands.060","properties":{"name":"23A (1)","layer":"Labels","category":"Gate and stand labels","object_type":"Label","style_id":"label.gates_stands","airport":"LFMN","geometry_role":"text_label","text-field":"23A","vsmr_group_ids":["stands-and-gates"]},"geometry":{"type":"Point","coordinates":[7.2092625,43.661365556]}},{"type":"Feature","id":"label.gates_stands.061","properties":{"name":"23A (2)","layer":"Labels","category":"Gate and stand labels","object_type":"Label","style_id":"label.gates_stands","airport":"LFMN","geometry_role":"text_label","text-field":"23A","vsmr_group_ids":["stands-and-gates"]},"geometry":{"type":"Point","coordinates":[7.209454167,43.66144]}},{"type":"Feature","id":"label.gates_stands.062","properties":{"name":"23B","layer":"Labels","category":"Gate and stand labels","object_type":"Label","style_id":"label.gates_stands","airport":"LFMN","geometry_role":"text_label","text-field":"23B","vsmr_group_ids":["stands-and-gates"]},"geometry":{"type":"Point","coordinates":[7.209282778,43.661241944]}},{"type":"Feature","id":"label.gates_stands.063","properties":{"name":"23C","layer":"Labels","category":"Gate and stand labels","object_type":"Label","style_id":"label.gates_stands","airport":"LFMN","geometry_role":"text_label","text-field":"23C","vsmr_group_ids":["stands-and-gates"]},"geometry":{"type":"Point","coordinates":[7.209526944,43.661046111]}},{"type":"Feature","id":"label.gates_stands.064","properties":{"name":"23D","layer":"Labels","category":"Gate and stand labels","object_type":"Label","style_id":"label.gates_stands","airport":"LFMN","geometry_role":"text_label","text-field":"23D","vsmr_group_ids":["stands-and-gates"]},"geometry":{"type":"Point","coordinates":[7.209145,43.661606389]}},{"type":"Feature","id":"label.gates_stands.065","properties":{"name":"24A (1)","layer":"Labels","category":"Gate and stand labels","object_type":"Label","style_id":"label.gates_stands","airport":"LFMN","geometry_role":"text_label","text-field":"24A","vsmr_group_ids":["stands-and-gates"]},"geometry":{"type":"Point","coordinates":[7.207547778,43.663663333]}},{"type":"Feature","id":"label.gates_stands.066","properties":{"name":"24A (2)","layer":"Labels","category":"Gate and stand labels","object_type":"Label","style_id":"label.gates_stands","airport":"LFMN","geometry_role":"text_label","text-field":"24A","vsmr_group_ids":["stands-and-gates"]},"geometry":{"type":"Point","coordinates":[7.207522222,43.663666389]}},{"type":"Feature","id":"label.gates_stands.067","properties":{"name":"24C (1)","layer":"Labels","category":"Gate and stand labels","object_type":"Label","style_id":"label.gates_stands","airport":"LFMN","geometry_role":"text_label","text-field":"24C","vsmr_group_ids":["stands-and-gates"]},"geometry":{"type":"Point","coordinates":[7.206528889,43.663646944]}},{"type":"Feature","id":"label.gates_stands.068","properties":{"name":"24C (2)","layer":"Labels","category":"Gate and stand labels","object_type":"Label","style_id":"label.gates_stands","airport":"LFMN","geometry_role":"text_label","text-field":"24C","vsmr_group_ids":["stands-and-gates"]},"geometry":{"type":"Point","coordinates":[7.206571944,43.663725278]}},{"type":"Feature","id":"label.gates_stands.069","properties":{"name":"24D","layer":"Labels","category":"Gate and stand labels","object_type":"Label","style_id":"label.gates_stands","airport":"LFMN","geometry_role":"text_label","text-field":"24D","vsmr_group_ids":["stands-and-gates"]},"geometry":{"type":"Point","coordinates":[7.207071111,43.663672222]}},{"type":"Feature","id":"label.gates_stands.070","properties":{"name":"25A","layer":"Labels","category":"Gate and stand labels","object_type":"Label","style_id":"label.gates_stands","airport":"LFMN","geometry_role":"text_label","text-field":"25A","vsmr_group_ids":["stands-and-gates"]},"geometry":{"type":"Point","coordinates":[7.209306944,43.661112778]}},{"type":"Feature","id":"label.gates_stands.071","properties":{"name":"25D","layer":"Labels","category":"Gate and stand labels","object_type":"Label","style_id":"label.gates_stands","airport":"LFMN","geometry_role":"text_label","text-field":"25D","vsmr_group_ids":["stands-and-gates"]},"geometry":{"type":"Point","coordinates":[7.209352222,43.660993611]}},{"type":"Feature","id":"label.gates_stands.072","properties":{"name":"26 (1)","layer":"Labels","category":"Gate and stand labels","object_type":"Label","style_id":"label.gates_stands","airport":"LFMN","geometry_role":"text_label","text-field":"26","vsmr_group_ids":["stands-and-gates"]},"geometry":{"type":"Point","coordinates":[7.206049444,43.663291111]}},{"type":"Feature","id":"label.gates_stands.073","properties":{"name":"26 (2)","layer":"Labels","category":"Gate and stand labels","object_type":"Label","style_id":"label.gates_stands","airport":"LFMN","geometry_role":"text_label","text-field":"26","vsmr_group_ids":["stands-and-gates"]},"geometry":{"type":"Point","coordinates":[7.205614444,43.663349167]}},{"type":"Feature","id":"label.gates_stands.074","properties":{"name":"26A","layer":"Labels","category":"Gate and stand labels","object_type":"Label","style_id":"label.gates_stands","airport":"LFMN","geometry_role":"text_label","text-field":"26A","vsmr_group_ids":["stands-and-gates"]},"geometry":{"type":"Point","coordinates":[7.206111667,43.663538611]}},{"type":"Feature","id":"label.gates_stands.075","properties":{"name":"26R","layer":"Labels","category":"Gate and stand labels","object_type":"Label","style_id":"label.gates_stands","airport":"LFMN","geometry_role":"text_label","text-field":"26R","vsmr_group_ids":["stands-and-gates"]},"geometry":{"type":"Point","coordinates":[7.205498056,43.663303889]}},{"type":"Feature","id":"label.gates_stands.076","properties":{"name":"28 (1)","layer":"Labels","category":"Gate and stand labels","object_type":"Label","style_id":"label.gates_stands","airport":"LFMN","geometry_role":"text_label","text-field":"28","vsmr_group_ids":["stands-and-gates"]},"geometry":{"type":"Point","coordinates":[7.205424444,43.662626111]}},{"type":"Feature","id":"label.gates_stands.077","properties":{"name":"28 (2)","layer":"Labels","category":"Gate and stand labels","object_type":"Label","style_id":"label.gates_stands","airport":"LFMN","geometry_role":"text_label","text-field":"28","vsmr_group_ids":["stands-and-gates"]},"geometry":{"type":"Point","coordinates":[7.205497778,43.662905833]}},{"type":"Feature","id":"label.gates_stands.078","properties":{"name":"28A","layer":"Labels","category":"Gate and stand labels","object_type":"Label","style_id":"label.gates_stands","airport":"LFMN","geometry_role":"text_label","text-field":"28A","vsmr_group_ids":["stands-and-gates"]},"geometry":{"type":"Point","coordinates":[7.205536389,43.663071667]}},{"type":"Feature","id":"label.gates_stands.079","properties":{"name":"2A (1)","layer":"Labels","category":"Gate and stand labels","object_type":"Label","style_id":"label.gates_stands","airport":"LFMN","geometry_role":"text_label","text-field":"2A","vsmr_group_ids":["stands-and-gates"]},"geometry":{"type":"Point","coordinates":[7.217039722,43.666443889]}},{"type":"Feature","id":"label.gates_stands.080","properties":{"name":"2A (2)","layer":"Labels","category":"Gate and stand labels","object_type":"Label","style_id":"label.gates_stands","airport":"LFMN","geometry_role":"text_label","text-field":"2A","vsmr_group_ids":["stands-and-gates"]},"geometry":{"type":"Point","coordinates":[7.217039722,43.666464722]}},{"type":"Feature","id":"label.gates_stands.081","properties":{"name":"2B","layer":"Labels","category":"Gate and stand labels","object_type":"Label","style_id":"label.gates_stands","airport":"LFMN","geometry_role":"text_label","text-field":"2B","vsmr_group_ids":["stands-and-gates"]},"geometry":{"type":"Point","coordinates":[7.216264722,43.666053611]}},{"type":"Feature","id":"label.gates_stands.082","properties":{"name":"2C (1)","layer":"Labels","category":"Gate and stand labels","object_type":"Label","style_id":"label.gates_stands","airport":"LFMN","geometry_role":"text_label","text-field":"2C","vsmr_group_ids":["stands-and-gates"]},"geometry":{"type":"Point","coordinates":[7.216770833,43.666150556]}},{"type":"Feature","id":"label.gates_stands.083","properties":{"name":"2C (2)","layer":"Labels","category":"Gate and stand labels","object_type":"Label","style_id":"label.gates_stands","airport":"LFMN","geometry_role":"text_label","text-field":"2C","vsmr_group_ids":["stands-and-gates"]},"geometry":{"type":"Point","coordinates":[7.216581111,43.666249722]}},{"type":"Feature","id":"label.gates_stands.084","properties":{"name":"2L (1)","layer":"Labels","category":"Gate and stand labels","object_type":"Label","style_id":"label.gates_stands","airport":"LFMN","geometry_role":"text_label","text-field":"2L","vsmr_group_ids":["stands-and-gates"]},"geometry":{"type":"Point","coordinates":[7.216573611,43.665973333]}},{"type":"Feature","id":"label.gates_stands.085","properties":{"name":"2L (2)","layer":"Labels","category":"Gate and stand labels","object_type":"Label","style_id":"label.gates_stands","airport":"LFMN","geometry_role":"text_label","text-field":"2L","vsmr_group_ids":["stands-and-gates"]},"geometry":{"type":"Point","coordinates":[7.217227222,43.666234722]}},{"type":"Feature","id":"label.gates_stands.086","properties":{"name":"3","layer":"Labels","category":"Gate and stand labels","object_type":"Label","style_id":"label.gates_stands","airport":"LFMN","geometry_role":"text_label","text-field":"3","vsmr_group_ids":["stands-and-gates"]},"geometry":{"type":"Point","coordinates":[7.210969444,43.650326667]}},{"type":"Feature","id":"label.gates_stands.087","properties":{"name":"31 (1)","layer":"Labels","category":"Gate and stand labels","object_type":"Label","style_id":"label.gates_stands","airport":"LFMN","geometry_role":"text_label","text-field":"31","vsmr_group_ids":["stands-and-gates"]},"geometry":{"type":"Point","coordinates":[7.218890833,43.665800833]}},{"type":"Feature","id":"label.gates_stands.088","properties":{"name":"31 (2)","layer":"Labels","category":"Gate and stand labels","object_type":"Label","style_id":"label.gates_stands","airport":"LFMN","geometry_role":"text_label","text-field":"31","vsmr_group_ids":["stands-and-gates"]},"geometry":{"type":"Point","coordinates":[7.218854722,43.665806667]}},{"type":"Feature","id":"label.gates_stands.089","properties":{"name":"33B","layer":"Labels","category":"Gate and stand labels","object_type":"Label","style_id":"label.gates_stands","airport":"LFMN","geometry_role":"text_label","text-field":"33B","vsmr_group_ids":["stands-and-gates"]},"geometry":{"type":"Point","coordinates":[7.218455278,43.665345833]}},{"type":"Feature","id":"label.gates_stands.090","properties":{"name":"33D (1)","layer":"Labels","category":"Gate and stand labels","object_type":"Label","style_id":"label.gates_stands","airport":"LFMN","geometry_role":"text_label","text-field":"33D","vsmr_group_ids":["stands-and-gates"]},"geometry":{"type":"Point","coordinates":[7.218558889,43.665586944]}},{"type":"Feature","id":"label.gates_stands.091","properties":{"name":"33D (2)","layer":"Labels","category":"Gate and stand labels","object_type":"Label","style_id":"label.gates_stands","airport":"LFMN","geometry_role":"text_label","text-field":"33D","vsmr_group_ids":["stands-and-gates"]},"geometry":{"type":"Point","coordinates":[7.218506944,43.665593333]}},{"type":"Feature","id":"label.gates_stands.092","properties":{"name":"33E (1)","layer":"Labels","category":"Gate and stand labels","object_type":"Label","style_id":"label.gates_stands","airport":"LFMN","geometry_role":"text_label","text-field":"33E","vsmr_group_ids":["stands-and-gates"]},"geometry":{"type":"Point","coordinates":[7.2182675,43.665391944]}},{"type":"Feature","id":"label.gates_stands.093","properties":{"name":"33E (2)","layer":"Labels","category":"Gate and stand labels","object_type":"Label","style_id":"label.gates_stands","airport":"LFMN","geometry_role":"text_label","text-field":"33E","vsmr_group_ids":["stands-and-gates"]},"geometry":{"type":"Point","coordinates":[7.218203611,43.665418611]}},{"type":"Feature","id":"label.gates_stands.094","properties":{"name":"35B","layer":"Labels","category":"Gate and stand labels","object_type":"Label","style_id":"label.gates_stands","airport":"LFMN","geometry_role":"text_label","text-field":"35B","vsmr_group_ids":["stands-and-gates"]},"geometry":{"type":"Point","coordinates":[7.217833611,43.6649575]}},{"type":"Feature","id":"label.gates_stands.095","properties":{"name":"35C (1)","layer":"Labels","category":"Gate and stand labels","object_type":"Label","style_id":"label.gates_stands","airport":"LFMN","geometry_role":"text_label","text-field":"35C","vsmr_group_ids":["stands-and-gates"]},"geometry":{"type":"Point","coordinates":[7.217434167,43.664923611]}},{"type":"Feature","id":"label.gates_stands.096","properties":{"name":"35C (2)","layer":"Labels","category":"Gate and stand labels","object_type":"Label","style_id":"label.gates_stands","airport":"LFMN","geometry_role":"text_label","text-field":"35C","vsmr_group_ids":["stands-and-gates"]},"geometry":{"type":"Point","coordinates":[7.217626667,43.664960278]}},{"type":"Feature","id":"label.gates_stands.097","properties":{"name":"35D (1)","layer":"Labels","category":"Gate and stand labels","object_type":"Label","style_id":"label.gates_stands","airport":"LFMN","geometry_role":"text_label","text-field":"35D","vsmr_group_ids":["stands-and-gates"]},"geometry":{"type":"Point","coordinates":[7.217952778,43.665193333]}},{"type":"Feature","id":"label.gates_stands.098","properties":{"name":"35D (2)","layer":"Labels","category":"Gate and stand labels","object_type":"Label","style_id":"label.gates_stands","airport":"LFMN","geometry_role":"text_label","text-field":"35D","vsmr_group_ids":["stands-and-gates"]},"geometry":{"type":"Point","coordinates":[7.217951944,43.665209722]}},{"type":"Feature","id":"label.gates_stands.099","properties":{"name":"35E","layer":"Labels","category":"Gate and stand labels","object_type":"Label","style_id":"label.gates_stands","airport":"LFMN","geometry_role":"text_label","text-field":"35E","vsmr_group_ids":["stands-and-gates"]},"geometry":{"type":"Point","coordinates":[7.217619167,43.665054444]}},{"type":"Feature","id":"label.gates_stands.100","properties":{"name":"37A (1)","layer":"Labels","category":"Gate and stand labels","object_type":"Label","style_id":"label.gates_stands","airport":"LFMN","geometry_role":"text_label","text-field":"37A","vsmr_group_ids":["stands-and-gates"]},"geometry":{"type":"Point","coordinates":[7.217224722,43.6646775]}},{"type":"Feature","id":"label.gates_stands.101","properties":{"name":"37A (2)","layer":"Labels","category":"Gate and stand labels","object_type":"Label","style_id":"label.gates_stands","airport":"LFMN","geometry_role":"text_label","text-field":"37A","vsmr_group_ids":["stands-and-gates"]},"geometry":{"type":"Point","coordinates":[7.217093889,43.664743889]}},{"type":"Feature","id":"label.gates_stands.102","properties":{"name":"37B","layer":"Labels","category":"Gate and stand labels","object_type":"Label","style_id":"label.gates_stands","airport":"LFMN","geometry_role":"text_label","text-field":"37B","vsmr_group_ids":["stands-and-gates"]},"geometry":{"type":"Point","coordinates":[7.217338056,43.664617778]}},{"type":"Feature","id":"label.gates_stands.103","properties":{"name":"37D","layer":"Labels","category":"Gate and stand labels","object_type":"Label","style_id":"label.gates_stands","airport":"LFMN","geometry_role":"text_label","text-field":"37D","vsmr_group_ids":["stands-and-gates"]},"geometry":{"type":"Point","coordinates":[7.217426667,43.664797222]}},{"type":"Feature","id":"label.gates_stands.104","properties":{"name":"37E","layer":"Labels","category":"Gate and stand labels","object_type":"Label","style_id":"label.gates_stands","airport":"LFMN","geometry_role":"text_label","text-field":"37E","vsmr_group_ids":["stands-and-gates"]},"geometry":{"type":"Point","coordinates":[7.216938611,43.664574167]}},{"type":"Feature","id":"label.gates_stands.105","properties":{"name":"39A (1)","layer":"Labels","category":"Gate and stand labels","object_type":"Label","style_id":"label.gates_stands","airport":"LFMN","geometry_role":"text_label","text-field":"39A","vsmr_group_ids":["stands-and-gates"]},"geometry":{"type":"Point","coordinates":[7.216716667,43.664248889]}},{"type":"Feature","id":"label.gates_stands.106","properties":{"name":"39A (2)","layer":"Labels","category":"Gate and stand labels","object_type":"Label","style_id":"label.gates_stands","airport":"LFMN","geometry_role":"text_label","text-field":"39A","vsmr_group_ids":["stands-and-gates"]},"geometry":{"type":"Point","coordinates":[7.216781944,43.664379444]}},{"type":"Feature","id":"label.gates_stands.107","properties":{"name":"39B","layer":"Labels","category":"Gate and stand labels","object_type":"Label","style_id":"label.gates_stands","airport":"LFMN","geometry_role":"text_label","text-field":"39B","vsmr_group_ids":["stands-and-gates"]},"geometry":{"type":"Point","coordinates":[7.216487222,43.664020833]}},{"type":"Feature","id":"label.gates_stands.108","properties":{"name":"39C (1)","layer":"Labels","category":"Gate and stand labels","object_type":"Label","style_id":"label.gates_stands","airport":"LFMN","geometry_role":"text_label","text-field":"39C","vsmr_group_ids":["stands-and-gates"]},"geometry":{"type":"Point","coordinates":[7.216385556,43.664108056]}},{"type":"Feature","id":"label.gates_stands.109","properties":{"name":"39C (2)","layer":"Labels","category":"Gate and stand labels","object_type":"Label","style_id":"label.gates_stands","airport":"LFMN","geometry_role":"text_label","text-field":"39C","vsmr_group_ids":["stands-and-gates"]},"geometry":{"type":"Point","coordinates":[7.216295,43.6641375]}},{"type":"Feature","id":"label.gates_stands.110","properties":{"name":"39D","layer":"Labels","category":"Gate and stand labels","object_type":"Label","style_id":"label.gates_stands","airport":"LFMN","geometry_role":"text_label","text-field":"39D","vsmr_group_ids":["stands-and-gates"]},"geometry":{"type":"Point","coordinates":[7.216798056,43.664457778]}},{"type":"Feature","id":"label.gates_stands.111","properties":{"name":"39E","layer":"Labels","category":"Gate and stand labels","object_type":"Label","style_id":"label.gates_stands","airport":"LFMN","geometry_role":"text_label","text-field":"39E","vsmr_group_ids":["stands-and-gates"]},"geometry":{"type":"Point","coordinates":[7.216501944,43.664283056]}},{"type":"Feature","id":"label.gates_stands.112","properties":{"name":"39F","layer":"Labels","category":"Gate and stand labels","object_type":"Label","style_id":"label.gates_stands","airport":"LFMN","geometry_role":"text_label","text-field":"39F","vsmr_group_ids":["stands-and-gates"]},"geometry":{"type":"Point","coordinates":[7.216124722,43.664006389]}},{"type":"Feature","id":"label.gates_stands.113","properties":{"name":"4","layer":"Labels","category":"Gate and stand labels","object_type":"Label","style_id":"label.gates_stands","airport":"LFMN","geometry_role":"text_label","text-field":"4","vsmr_group_ids":["stands-and-gates"]},"geometry":{"type":"Point","coordinates":[7.211224167,43.650488056]}},{"type":"Feature","id":"label.gates_stands.114","properties":{"name":"40A (1)","layer":"Labels","category":"Gate and stand labels","object_type":"Label","style_id":"label.gates_stands","airport":"LFMN","geometry_role":"text_label","text-field":"40A","vsmr_group_ids":["stands-and-gates"]},"geometry":{"type":"Point","coordinates":[7.206068056,43.662586111]}},{"type":"Feature","id":"label.gates_stands.115","properties":{"name":"40A (2)","layer":"Labels","category":"Gate and stand labels","object_type":"Label","style_id":"label.gates_stands","airport":"LFMN","geometry_role":"text_label","text-field":"40A","vsmr_group_ids":["stands-and-gates"]},"geometry":{"type":"Point","coordinates":[7.206392222,43.662586667]}},{"type":"Feature","id":"label.gates_stands.116","properties":{"name":"40B","layer":"Labels","category":"Gate and stand labels","object_type":"Label","style_id":"label.gates_stands","airport":"LFMN","geometry_role":"text_label","text-field":"40B","vsmr_group_ids":["stands-and-gates"]},"geometry":{"type":"Point","coordinates":[7.206578611,43.662459722]}},{"type":"Feature","id":"label.gates_stands.117","properties":{"name":"40C (1)","layer":"Labels","category":"Gate and stand labels","object_type":"Label","style_id":"label.gates_stands","airport":"LFMN","geometry_role":"text_label","text-field":"40C","vsmr_group_ids":["stands-and-gates"]},"geometry":{"type":"Point","coordinates":[7.206726667,43.662188056]}},{"type":"Feature","id":"label.gates_stands.118","properties":{"name":"40C (2)","layer":"Labels","category":"Gate and stand labels","object_type":"Label","style_id":"label.gates_stands","airport":"LFMN","geometry_role":"text_label","text-field":"40C","vsmr_group_ids":["stands-and-gates"]},"geometry":{"type":"Point","coordinates":[7.206710833,43.662205833]}},{"type":"Feature","id":"label.gates_stands.119","properties":{"name":"41A (1)","layer":"Labels","category":"Gate and stand labels","object_type":"Label","style_id":"label.gates_stands","airport":"LFMN","geometry_role":"text_label","text-field":"41A","vsmr_group_ids":["stands-and-gates"]},"geometry":{"type":"Point","coordinates":[7.208336944,43.662523333]}},{"type":"Feature","id":"label.gates_stands.120","properties":{"name":"41A (2)","layer":"Labels","category":"Gate and stand labels","object_type":"Label","style_id":"label.gates_stands","airport":"LFMN","geometry_role":"text_label","text-field":"41A","vsmr_group_ids":["stands-and-gates"]},"geometry":{"type":"Point","coordinates":[7.208779444,43.662586389]}},{"type":"Feature","id":"label.gates_stands.121","properties":{"name":"41D","layer":"Labels","category":"Gate and stand labels","object_type":"Label","style_id":"label.gates_stands","airport":"LFMN","geometry_role":"text_label","text-field":"41D","vsmr_group_ids":["stands-and-gates"]},"geometry":{"type":"Point","coordinates":[7.208790278,43.662429722]}},{"type":"Feature","id":"label.gates_stands.122","properties":{"name":"41E","layer":"Labels","category":"Gate and stand labels","object_type":"Label","style_id":"label.gates_stands","airport":"LFMN","geometry_role":"text_label","text-field":"41E","vsmr_group_ids":["stands-and-gates"]},"geometry":{"type":"Point","coordinates":[7.208504444,43.662076111]}},{"type":"Feature","id":"label.gates_stands.123","properties":{"name":"42","layer":"Labels","category":"Gate and stand labels","object_type":"Label","style_id":"label.gates_stands","airport":"LFMN","geometry_role":"text_label","text-field":"42","vsmr_group_ids":["stands-and-gates"]},"geometry":{"type":"Point","coordinates":[7.206858611,43.661653611]}},{"type":"Feature","id":"label.gates_stands.124","properties":{"name":"43A (1)","layer":"Labels","category":"Gate and stand labels","object_type":"Label","style_id":"label.gates_stands","airport":"LFMN","geometry_role":"text_label","text-field":"43A","vsmr_group_ids":["stands-and-gates"]},"geometry":{"type":"Point","coordinates":[7.208668889,43.661882222]}},{"type":"Feature","id":"label.gates_stands.125","properties":{"name":"43A (2)","layer":"Labels","category":"Gate and stand labels","object_type":"Label","style_id":"label.gates_stands","airport":"LFMN","geometry_role":"text_label","text-field":"43A","vsmr_group_ids":["stands-and-gates"]},"geometry":{"type":"Point","coordinates":[7.208435833,43.662103056]}},{"type":"Feature","id":"label.gates_stands.126","properties":{"name":"43B","layer":"Labels","category":"Gate and stand labels","object_type":"Label","style_id":"label.gates_stands","airport":"LFMN","geometry_role":"text_label","text-field":"43B","vsmr_group_ids":["stands-and-gates"]},"geometry":{"type":"Point","coordinates":[7.209016111,43.661803611]}},{"type":"Feature","id":"label.gates_stands.127","properties":{"name":"43D","layer":"Labels","category":"Gate and stand labels","object_type":"Label","style_id":"label.gates_stands","airport":"LFMN","geometry_role":"text_label","text-field":"43D","vsmr_group_ids":["stands-and-gates"]},"geometry":{"type":"Point","coordinates":[7.208649444,43.661612222]}},{"type":"Feature","id":"label.gates_stands.128","properties":{"name":"44","layer":"Labels","category":"Gate and stand labels","object_type":"Label","style_id":"label.gates_stands","airport":"LFMN","geometry_role":"text_label","text-field":"44","vsmr_group_ids":["stands-and-gates"]},"geometry":{"type":"Point","coordinates":[7.206961111,43.661146111]}},{"type":"Feature","id":"label.gates_stands.129","properties":{"name":"45A (1)","layer":"Labels","category":"Gate and stand labels","object_type":"Label","style_id":"label.gates_stands","airport":"LFMN","geometry_role":"text_label","text-field":"45A","vsmr_group_ids":["stands-and-gates"]},"geometry":{"type":"Point","coordinates":[7.208949444,43.661567778]}},{"type":"Feature","id":"label.gates_stands.130","properties":{"name":"45A (2)","layer":"Labels","category":"Gate and stand labels","object_type":"Label","style_id":"label.gates_stands","airport":"LFMN","geometry_role":"text_label","text-field":"45A","vsmr_group_ids":["stands-and-gates"]},"geometry":{"type":"Point","coordinates":[7.208529167,43.661724722]}},{"type":"Feature","id":"label.gates_stands.131","properties":{"name":"45C","layer":"Labels","category":"Gate and stand labels","object_type":"Label","style_id":"label.gates_stands","airport":"LFMN","geometry_role":"text_label","text-field":"45C","vsmr_group_ids":["stands-and-gates"]},"geometry":{"type":"Point","coordinates":[7.208605,43.661369444]}},{"type":"Feature","id":"label.gates_stands.132","properties":{"name":"45D","layer":"Labels","category":"Gate and stand labels","object_type":"Label","style_id":"label.gates_stands","airport":"LFMN","geometry_role":"text_label","text-field":"45D","vsmr_group_ids":["stands-and-gates"]},"geometry":{"type":"Point","coordinates":[7.208988889,43.661328889]}},{"type":"Feature","id":"label.gates_stands.133","properties":{"name":"46A (1)","layer":"Labels","category":"Gate and stand labels","object_type":"Label","style_id":"label.gates_stands","airport":"LFMN","geometry_role":"text_label","text-field":"46A","vsmr_group_ids":["stands-and-gates"]},"geometry":{"type":"Point","coordinates":[7.207097778,43.660735556]}},{"type":"Feature","id":"label.gates_stands.134","properties":{"name":"46A (2)","layer":"Labels","category":"Gate and stand labels","object_type":"Label","style_id":"label.gates_stands","airport":"LFMN","geometry_role":"text_label","text-field":"46A","vsmr_group_ids":["stands-and-gates"]},"geometry":{"type":"Point","coordinates":[7.207266667,43.660897222]}},{"type":"Feature","id":"label.gates_stands.135","properties":{"name":"46B","layer":"Labels","category":"Gate and stand labels","object_type":"Label","style_id":"label.gates_stands","airport":"LFMN","geometry_role":"text_label","text-field":"46B","vsmr_group_ids":["stands-and-gates"]},"geometry":{"type":"Point","coordinates":[7.206719167,43.660877778]}},{"type":"Feature","id":"label.gates_stands.136","properties":{"name":"46C (1)","layer":"Labels","category":"Gate and stand labels","object_type":"Label","style_id":"label.gates_stands","airport":"LFMN","geometry_role":"text_label","text-field":"46C","vsmr_group_ids":["stands-and-gates"]},"geometry":{"type":"Point","coordinates":[7.2072075,43.660368333]}},{"type":"Feature","id":"label.gates_stands.137","properties":{"name":"46C (2)","layer":"Labels","category":"Gate and stand labels","object_type":"Label","style_id":"label.gates_stands","airport":"LFMN","geometry_role":"text_label","text-field":"46C","vsmr_group_ids":["stands-and-gates"]},"geometry":{"type":"Point","coordinates":[7.206949722,43.660384722]}},{"type":"Feature","id":"label.gates_stands.138","properties":{"name":"47A (1)","layer":"Labels","category":"Gate and stand labels","object_type":"Label","style_id":"label.gates_stands","airport":"LFMN","geometry_role":"text_label","text-field":"47A","vsmr_group_ids":["stands-and-gates"]},"geometry":{"type":"Point","coordinates":[7.208686389,43.661048333]}},{"type":"Feature","id":"label.gates_stands.139","properties":{"name":"47A (2)","layer":"Labels","category":"Gate and stand labels","object_type":"Label","style_id":"label.gates_stands","airport":"LFMN","geometry_role":"text_label","text-field":"47A","vsmr_group_ids":["stands-and-gates"]},"geometry":{"type":"Point","coordinates":[7.209061667,43.661090278]}},{"type":"Feature","id":"label.gates_stands.140","properties":{"name":"47D","layer":"Labels","category":"Gate and stand labels","object_type":"Label","style_id":"label.gates_stands","airport":"LFMN","geometry_role":"text_label","text-field":"47D","vsmr_group_ids":["stands-and-gates"]},"geometry":{"type":"Point","coordinates":[7.209045278,43.660955]}},{"type":"Feature","id":"label.gates_stands.141","properties":{"name":"48A (1)","layer":"Labels","category":"Gate and stand labels","object_type":"Label","style_id":"label.gates_stands","airport":"LFMN","geometry_role":"text_label","text-field":"48A","vsmr_group_ids":["stands-and-gates"]},"geometry":{"type":"Point","coordinates":[7.207291111,43.659884722]}},{"type":"Feature","id":"label.gates_stands.142","properties":{"name":"48A (2)","layer":"Labels","category":"Gate and stand labels","object_type":"Label","style_id":"label.gates_stands","airport":"LFMN","geometry_role":"text_label","text-field":"48A","vsmr_group_ids":["stands-and-gates"]},"geometry":{"type":"Point","coordinates":[7.207361944,43.660035833]}},{"type":"Feature","id":"label.gates_stands.143","properties":{"name":"48B","layer":"Labels","category":"Gate and stand labels","object_type":"Label","style_id":"label.gates_stands","airport":"LFMN","geometry_role":"text_label","text-field":"48B","vsmr_group_ids":["stands-and-gates"]},"geometry":{"type":"Point","coordinates":[7.206797778,43.659969167]}},{"type":"Feature","id":"label.gates_stands.144","properties":{"name":"48C (1)","layer":"Labels","category":"Gate and stand labels","object_type":"Label","style_id":"label.gates_stands","airport":"LFMN","geometry_role":"text_label","text-field":"48C","vsmr_group_ids":["stands-and-gates"]},"geometry":{"type":"Point","coordinates":[7.207389722,43.659471667]}},{"type":"Feature","id":"label.gates_stands.145","properties":{"name":"48C (2)","layer":"Labels","category":"Gate and stand labels","object_type":"Label","style_id":"label.gates_stands","airport":"LFMN","geometry_role":"text_label","text-field":"48C","vsmr_group_ids":["stands-and-gates"]},"geometry":{"type":"Point","coordinates":[7.207256944,43.659496667]}},{"type":"Feature","id":"label.gates_stands.146","properties":{"name":"49A (1)","layer":"Labels","category":"Gate and stand labels","object_type":"Label","style_id":"label.gates_stands","airport":"LFMN","geometry_role":"text_label","text-field":"49A","vsmr_group_ids":["stands-and-gates"]},"geometry":{"type":"Point","coordinates":[7.209797778,43.659313889]}},{"type":"Feature","id":"label.gates_stands.147","properties":{"name":"49A (2)","layer":"Labels","category":"Gate and stand labels","object_type":"Label","style_id":"label.gates_stands","airport":"LFMN","geometry_role":"text_label","text-field":"49A","vsmr_group_ids":["stands-and-gates"]},"geometry":{"type":"Point","coordinates":[7.209881944,43.659529444]}},{"type":"Feature","id":"label.gates_stands.148","properties":{"name":"49B","layer":"Labels","category":"Gate and stand labels","object_type":"Label","style_id":"label.gates_stands","airport":"LFMN","geometry_role":"text_label","text-field":"49B","vsmr_group_ids":["stands-and-gates"]},"geometry":{"type":"Point","coordinates":[7.2096075,43.659190833]}},{"type":"Feature","id":"label.gates_stands.149","properties":{"name":"49C (1)","layer":"Labels","category":"Gate and stand labels","object_type":"Label","style_id":"label.gates_stands","airport":"LFMN","geometry_role":"text_label","text-field":"49C","vsmr_group_ids":["stands-and-gates"]},"geometry":{"type":"Point","coordinates":[7.209645,43.658877778]}},{"type":"Feature","id":"label.gates_stands.150","properties":{"name":"49C (2)","layer":"Labels","category":"Gate and stand labels","object_type":"Label","style_id":"label.gates_stands","airport":"LFMN","geometry_role":"text_label","text-field":"49C","vsmr_group_ids":["stands-and-gates"]},"geometry":{"type":"Point","coordinates":[7.209260833,43.65889]}},{"type":"Feature","id":"label.gates_stands.151","properties":{"name":"5 (1)","layer":"Labels","category":"Gate and stand labels","object_type":"Label","style_id":"label.gates_stands","airport":"LFMN","geometry_role":"text_label","text-field":"5","vsmr_group_ids":["stands-and-gates"]},"geometry":{"type":"Point","coordinates":[7.211415278,43.650649167]}},{"type":"Feature","id":"label.gates_stands.152","properties":{"name":"5 (2)","layer":"Labels","category":"Gate and stand labels","object_type":"Label","style_id":"label.gates_stands","airport":"LFMN","geometry_role":"text_label","text-field":"5","vsmr_group_ids":["stands-and-gates"]},"geometry":{"type":"Point","coordinates":[7.212405278,43.662748056]}},{"type":"Feature","id":"label.gates_stands.153","properties":{"name":"50A (1)","layer":"Labels","category":"Gate and stand labels","object_type":"Label","style_id":"label.gates_stands","airport":"LFMN","geometry_role":"text_label","text-field":"50A","vsmr_group_ids":["stands-and-gates"]},"geometry":{"type":"Point","coordinates":[7.207006667,43.659138333]}},{"type":"Feature","id":"label.gates_stands.154","properties":{"name":"50A (2)","layer":"Labels","category":"Gate and stand labels","object_type":"Label","style_id":"label.gates_stands","airport":"LFMN","geometry_role":"text_label","text-field":"50A","vsmr_group_ids":["stands-and-gates"]},"geometry":{"type":"Point","coordinates":[7.207158611,43.659265556]}},{"type":"Feature","id":"label.gates_stands.155","properties":{"name":"50B","layer":"Labels","category":"Gate and stand labels","object_type":"Label","style_id":"label.gates_stands","airport":"LFMN","geometry_role":"text_label","text-field":"50B","vsmr_group_ids":["stands-and-gates"]},"geometry":{"type":"Point","coordinates":[7.206631389,43.659332222]}},{"type":"Feature","id":"label.gates_stands.156","properties":{"name":"50C (1)","layer":"Labels","category":"Gate and stand labels","object_type":"Label","style_id":"label.gates_stands","airport":"LFMN","geometry_role":"text_label","text-field":"50C","vsmr_group_ids":["stands-and-gates"]},"geometry":{"type":"Point","coordinates":[7.206723889,43.658786389]}},{"type":"Feature","id":"label.gates_stands.157","properties":{"name":"50C (2)","layer":"Labels","category":"Gate and stand labels","object_type":"Label","style_id":"label.gates_stands","airport":"LFMN","geometry_role":"text_label","text-field":"50C","vsmr_group_ids":["stands-and-gates"]},"geometry":{"type":"Point","coordinates":[7.206596944,43.658824722]}},{"type":"Feature","id":"label.gates_stands.158","properties":{"name":"51A (1)","layer":"Labels","category":"Gate and stand labels","object_type":"Label","style_id":"label.gates_stands","airport":"LFMN","geometry_role":"text_label","text-field":"51A","vsmr_group_ids":["stands-and-gates"]},"geometry":{"type":"Point","coordinates":[7.207731389,43.657821111]}},{"type":"Feature","id":"label.gates_stands.159","properties":{"name":"51A (2)","layer":"Labels","category":"Gate and stand labels","object_type":"Label","style_id":"label.gates_stands","airport":"LFMN","geometry_role":"text_label","text-field":"51A","vsmr_group_ids":["stands-and-gates"]},"geometry":{"type":"Point","coordinates":[7.207938611,43.657868611]}},{"type":"Feature","id":"label.gates_stands.160","properties":{"name":"51B","layer":"Labels","category":"Gate and stand labels","object_type":"Label","style_id":"label.gates_stands","airport":"LFMN","geometry_role":"text_label","text-field":"51B","vsmr_group_ids":["stands-and-gates"]},"geometry":{"type":"Point","coordinates":[7.207613889,43.6578075]}},{"type":"Feature","id":"label.gates_stands.161","properties":{"name":"51C (1)","layer":"Labels","category":"Gate and stand labels","object_type":"Label","style_id":"label.gates_stands","airport":"LFMN","geometry_role":"text_label","text-field":"51C","vsmr_group_ids":["stands-and-gates"]},"geometry":{"type":"Point","coordinates":[7.207513333,43.657593889]}},{"type":"Feature","id":"label.gates_stands.162","properties":{"name":"51C (2)","layer":"Labels","category":"Gate and stand labels","object_type":"Label","style_id":"label.gates_stands","airport":"LFMN","geometry_role":"text_label","text-field":"51C","vsmr_group_ids":["stands-and-gates"]},"geometry":{"type":"Point","coordinates":[7.20744,43.657612222]}},{"type":"Feature","id":"label.gates_stands.163","properties":{"name":"52A (1)","layer":"Labels","category":"Gate and stand labels","object_type":"Label","style_id":"label.gates_stands","airport":"LFMN","geometry_role":"text_label","text-field":"52A","vsmr_group_ids":["stands-and-gates"]},"geometry":{"type":"Point","coordinates":[7.206302222,43.658432222]}},{"type":"Feature","id":"label.gates_stands.164","properties":{"name":"52A (2)","layer":"Labels","category":"Gate and stand labels","object_type":"Label","style_id":"label.gates_stands","airport":"LFMN","geometry_role":"text_label","text-field":"52A","vsmr_group_ids":["stands-and-gates"]},"geometry":{"type":"Point","coordinates":[7.206390833,43.658683333]}},{"type":"Feature","id":"label.gates_stands.165","properties":{"name":"52B","layer":"Labels","category":"Gate and stand labels","object_type":"Label","style_id":"label.gates_stands","airport":"LFMN","geometry_role":"text_label","text-field":"52B","vsmr_group_ids":["stands-and-gates"]},"geometry":{"type":"Point","coordinates":[7.205919167,43.658828889]}},{"type":"Feature","id":"label.gates_stands.166","properties":{"name":"52C (1)","layer":"Labels","category":"Gate and stand labels","object_type":"Label","style_id":"label.gates_stands","airport":"LFMN","geometry_role":"text_label","text-field":"52C","vsmr_group_ids":["stands-and-gates"]},"geometry":{"type":"Point","coordinates":[7.205873056,43.658313056]}},{"type":"Feature","id":"label.gates_stands.167","properties":{"name":"52C (2)","layer":"Labels","category":"Gate and stand labels","object_type":"Label","style_id":"label.gates_stands","airport":"LFMN","geometry_role":"text_label","text-field":"52C","vsmr_group_ids":["stands-and-gates"]},"geometry":{"type":"Point","coordinates":[7.2056925,43.658384444]}},{"type":"Feature","id":"label.gates_stands.168","properties":{"name":"53A (1)","layer":"Labels","category":"Gate and stand labels","object_type":"Label","style_id":"label.gates_stands","airport":"LFMN","geometry_role":"text_label","text-field":"53A","vsmr_group_ids":["stands-and-gates"]},"geometry":{"type":"Point","coordinates":[7.207066944,43.657361389]}},{"type":"Feature","id":"label.gates_stands.169","properties":{"name":"53A (2)","layer":"Labels","category":"Gate and stand labels","object_type":"Label","style_id":"label.gates_stands","airport":"LFMN","geometry_role":"text_label","text-field":"53A","vsmr_group_ids":["stands-and-gates"]},"geometry":{"type":"Point","coordinates":[7.207278611,43.657434722]}},{"type":"Feature","id":"label.gates_stands.170","properties":{"name":"53B","layer":"Labels","category":"Gate and stand labels","object_type":"Label","style_id":"label.gates_stands","airport":"LFMN","geometry_role":"text_label","text-field":"53B","vsmr_group_ids":["stands-and-gates"]},"geometry":{"type":"Point","coordinates":[7.207010278,43.657348056]}},{"type":"Feature","id":"label.gates_stands.171","properties":{"name":"53C (1)","layer":"Labels","category":"Gate and stand labels","object_type":"Label","style_id":"label.gates_stands","airport":"LFMN","geometry_role":"text_label","text-field":"53C","vsmr_group_ids":["stands-and-gates"]},"geometry":{"type":"Point","coordinates":[7.20673,43.657104722]}},{"type":"Feature","id":"label.gates_stands.172","properties":{"name":"53C (2)","layer":"Labels","category":"Gate and stand labels","object_type":"Label","style_id":"label.gates_stands","airport":"LFMN","geometry_role":"text_label","text-field":"53C","vsmr_group_ids":["stands-and-gates"]},"geometry":{"type":"Point","coordinates":[7.206838889,43.6571075]}},{"type":"Feature","id":"label.gates_stands.173","properties":{"name":"54A (1)","layer":"Labels","category":"Gate and stand labels","object_type":"Label","style_id":"label.gates_stands","airport":"LFMN","geometry_role":"text_label","text-field":"54A","vsmr_group_ids":["stands-and-gates"]},"geometry":{"type":"Point","coordinates":[7.2054375,43.657876944]}},{"type":"Feature","id":"label.gates_stands.174","properties":{"name":"54A (2)","layer":"Labels","category":"Gate and stand labels","object_type":"Label","style_id":"label.gates_stands","airport":"LFMN","geometry_role":"text_label","text-field":"54A","vsmr_group_ids":["stands-and-gates"]},"geometry":{"type":"Point","coordinates":[7.20554,43.658155556]}},{"type":"Feature","id":"label.gates_stands.175","properties":{"name":"54B","layer":"Labels","category":"Gate and stand labels","object_type":"Label","style_id":"label.gates_stands","airport":"LFMN","geometry_role":"text_label","text-field":"54B","vsmr_group_ids":["stands-and-gates"]},"geometry":{"type":"Point","coordinates":[7.205013056,43.658222222]}},{"type":"Feature","id":"label.gates_stands.176","properties":{"name":"54C (1)","layer":"Labels","category":"Gate and stand labels","object_type":"Label","style_id":"label.gates_stands","airport":"LFMN","geometry_role":"text_label","text-field":"54C","vsmr_group_ids":["stands-and-gates"]},"geometry":{"type":"Point","coordinates":[7.204920556,43.657724722]}},{"type":"Feature","id":"label.gates_stands.177","properties":{"name":"54C (2)","layer":"Labels","category":"Gate and stand labels","object_type":"Label","style_id":"label.gates_stands","airport":"LFMN","geometry_role":"text_label","text-field":"54C","vsmr_group_ids":["stands-and-gates"]},"geometry":{"type":"Point","coordinates":[7.204781944,43.657811111]}},{"type":"Feature","id":"label.gates_stands.178","properties":{"name":"56A (1)","layer":"Labels","category":"Gate and stand labels","object_type":"Label","style_id":"label.gates_stands","airport":"LFMN","geometry_role":"text_label","text-field":"56A","vsmr_group_ids":["stands-and-gates"]},"geometry":{"type":"Point","coordinates":[7.204226667,43.657238056]}},{"type":"Feature","id":"label.gates_stands.179","properties":{"name":"56A (2)","layer":"Labels","category":"Gate and stand labels","object_type":"Label","style_id":"label.gates_stands","airport":"LFMN","geometry_role":"text_label","text-field":"56A","vsmr_group_ids":["stands-and-gates"]},"geometry":{"type":"Point","coordinates":[7.204476667,43.657379167]}},{"type":"Feature","id":"label.gates_stands.180","properties":{"name":"56B","layer":"Labels","category":"Gate and stand labels","object_type":"Label","style_id":"label.gates_stands","airport":"LFMN","geometry_role":"text_label","text-field":"56B","vsmr_group_ids":["stands-and-gates"]},"geometry":{"type":"Point","coordinates":[7.203995833,43.657318333]}},{"type":"Feature","id":"label.gates_stands.181","properties":{"name":"56C (1)","layer":"Labels","category":"Gate and stand labels","object_type":"Label","style_id":"label.gates_stands","airport":"LFMN","geometry_role":"text_label","text-field":"56C","vsmr_group_ids":["stands-and-gates"]},"geometry":{"type":"Point","coordinates":[7.203789722,43.656963333]}},{"type":"Feature","id":"label.gates_stands.182","properties":{"name":"56C (2)","layer":"Labels","category":"Gate and stand labels","object_type":"Label","style_id":"label.gates_stands","airport":"LFMN","geometry_role":"text_label","text-field":"56C","vsmr_group_ids":["stands-and-gates"]},"geometry":{"type":"Point","coordinates":[7.203884722,43.657118333]}},{"type":"Feature","id":"label.gates_stands.183","properties":{"name":"58A (1)","layer":"Labels","category":"Gate and stand labels","object_type":"Label","style_id":"label.gates_stands","airport":"LFMN","geometry_role":"text_label","text-field":"58A","vsmr_group_ids":["stands-and-gates"]},"geometry":{"type":"Point","coordinates":[7.203326667,43.6566975]}},{"type":"Feature","id":"label.gates_stands.184","properties":{"name":"58A (2)","layer":"Labels","category":"Gate and stand labels","object_type":"Label","style_id":"label.gates_stands","airport":"LFMN","geometry_role":"text_label","text-field":"58A","vsmr_group_ids":["stands-and-gates"]},"geometry":{"type":"Point","coordinates":[7.203385278,43.656905833]}},{"type":"Feature","id":"label.gates_stands.185","properties":{"name":"58B","layer":"Labels","category":"Gate and stand labels","object_type":"Label","style_id":"label.gates_stands","airport":"LFMN","geometry_role":"text_label","text-field":"58B","vsmr_group_ids":["stands-and-gates"]},"geometry":{"type":"Point","coordinates":[7.203154167,43.656790556]}},{"type":"Feature","id":"label.gates_stands.186","properties":{"name":"58C (1)","layer":"Labels","category":"Gate and stand labels","object_type":"Label","style_id":"label.gates_stands","airport":"LFMN","geometry_role":"text_label","text-field":"58C","vsmr_group_ids":["stands-and-gates"]},"geometry":{"type":"Point","coordinates":[7.203065,43.656316944]}},{"type":"Feature","id":"label.gates_stands.187","properties":{"name":"58C (2)","layer":"Labels","category":"Gate and stand labels","object_type":"Label","style_id":"label.gates_stands","airport":"LFMN","geometry_role":"text_label","text-field":"58C","vsmr_group_ids":["stands-and-gates"]},"geometry":{"type":"Point","coordinates":[7.202969167,43.656584444]}},{"type":"Feature","id":"label.gates_stands.188","properties":{"name":"5A","layer":"Labels","category":"Gate and stand labels","object_type":"Label","style_id":"label.gates_stands","airport":"LFMN","geometry_role":"text_label","text-field":"5A","vsmr_group_ids":["stands-and-gates"]},"geometry":{"type":"Point","coordinates":[7.211186667,43.661994167]}},{"type":"Feature","id":"label.gates_stands.189","properties":{"name":"5C","layer":"Labels","category":"Gate and stand labels","object_type":"Label","style_id":"label.gates_stands","airport":"LFMN","geometry_role":"text_label","text-field":"5C","vsmr_group_ids":["stands-and-gates"]},"geometry":{"type":"Point","coordinates":[7.210633056,43.661917778]}},{"type":"Feature","id":"label.gates_stands.190","properties":{"name":"6","layer":"Labels","category":"Gate and stand labels","object_type":"Label","style_id":"label.gates_stands","airport":"LFMN","geometry_role":"text_label","text-field":"6","vsmr_group_ids":["stands-and-gates"]},"geometry":{"type":"Point","coordinates":[7.211615556,43.650786667]}},{"type":"Feature","id":"label.gates_stands.191","properties":{"name":"60","layer":"Labels","category":"Gate and stand labels","object_type":"Label","style_id":"label.gates_stands","airport":"LFMN","geometry_role":"text_label","text-field":"60","vsmr_group_ids":["stands-and-gates"]},"geometry":{"type":"Point","coordinates":[7.202673889,43.656022222]}},{"type":"Feature","id":"label.gates_stands.192","properties":{"name":"61A (1)","layer":"Labels","category":"Gate and stand labels","object_type":"Label","style_id":"label.gates_stands","airport":"LFMN","geometry_role":"text_label","text-field":"61A","vsmr_group_ids":["stands-and-gates"]},"geometry":{"type":"Point","coordinates":[7.215048611,43.662981944]}},{"type":"Feature","id":"label.gates_stands.193","properties":{"name":"61A (2)","layer":"Labels","category":"Gate and stand labels","object_type":"Label","style_id":"label.gates_stands","airport":"LFMN","geometry_role":"text_label","text-field":"61A","vsmr_group_ids":["stands-and-gates"]},"geometry":{"type":"Point","coordinates":[7.215111944,43.663155]}},{"type":"Feature","id":"label.gates_stands.194","properties":{"name":"61B","layer":"Labels","category":"Gate and stand labels","object_type":"Label","style_id":"label.gates_stands","airport":"LFMN","geometry_role":"text_label","text-field":"61B","vsmr_group_ids":["stands-and-gates"]},"geometry":{"type":"Point","coordinates":[7.214881667,43.663023889]}},{"type":"Feature","id":"label.gates_stands.195","properties":{"name":"61C (1)","layer":"Labels","category":"Gate and stand labels","object_type":"Label","style_id":"label.gates_stands","airport":"LFMN","geometry_role":"text_label","text-field":"61C","vsmr_group_ids":["stands-and-gates"]},"geometry":{"type":"Point","coordinates":[7.214696667,43.662882778]}},{"type":"Feature","id":"label.gates_stands.196","properties":{"name":"61C (2)","layer":"Labels","category":"Gate and stand labels","object_type":"Label","style_id":"label.gates_stands","airport":"LFMN","geometry_role":"text_label","text-field":"61C","vsmr_group_ids":["stands-and-gates"]},"geometry":{"type":"Point","coordinates":[7.214502222,43.662976111]}},{"type":"Feature","id":"label.gates_stands.197","properties":{"name":"61D","layer":"Labels","category":"Gate and stand labels","object_type":"Label","style_id":"label.gates_stands","airport":"LFMN","geometry_role":"text_label","text-field":"61D","vsmr_group_ids":["stands-and-gates"]},"geometry":{"type":"Point","coordinates":[7.215071667,43.663201667]}},{"type":"Feature","id":"label.gates_stands.198","properties":{"name":"61E","layer":"Labels","category":"Gate and stand labels","object_type":"Label","style_id":"label.gates_stands","airport":"LFMN","geometry_role":"text_label","text-field":"61E","vsmr_group_ids":["stands-and-gates"]},"geometry":{"type":"Point","coordinates":[7.215007222,43.662796667]}},{"type":"Feature","id":"label.gates_stands.199","properties":{"name":"61F","layer":"Labels","category":"Gate and stand labels","object_type":"Label","style_id":"label.gates_stands","airport":"LFMN","geometry_role":"text_label","text-field":"61F","vsmr_group_ids":["stands-and-gates"]},"geometry":{"type":"Point","coordinates":[7.214324722,43.662840278]}},{"type":"Feature","id":"label.gates_stands.200","properties":{"name":"62","layer":"Labels","category":"Gate and stand labels","object_type":"Label","style_id":"label.gates_stands","airport":"LFMN","geometry_role":"text_label","text-field":"62","vsmr_group_ids":["stands-and-gates"]},"geometry":{"type":"Point","coordinates":[7.202431944,43.655602222]}},{"type":"Feature","id":"label.gates_stands.201","properties":{"name":"63A (1)","layer":"Labels","category":"Gate and stand labels","object_type":"Label","style_id":"label.gates_stands","airport":"LFMN","geometry_role":"text_label","text-field":"63A","vsmr_group_ids":["stands-and-gates"]},"geometry":{"type":"Point","coordinates":[7.214369722,43.662351111]}},{"type":"Feature","id":"label.gates_stands.202","properties":{"name":"63A (2)","layer":"Labels","category":"Gate and stand labels","object_type":"Label","style_id":"label.gates_stands","airport":"LFMN","geometry_role":"text_label","text-field":"63A","vsmr_group_ids":["stands-and-gates"]},"geometry":{"type":"Point","coordinates":[7.214267222,43.662581667]}},{"type":"Feature","id":"label.gates_stands.203","properties":{"name":"63B","layer":"Labels","category":"Gate and stand labels","object_type":"Label","style_id":"label.gates_stands","airport":"LFMN","geometry_role":"text_label","text-field":"63B","vsmr_group_ids":["stands-and-gates"]},"geometry":{"type":"Point","coordinates":[7.213979167,43.662261111]}},{"type":"Feature","id":"label.gates_stands.204","properties":{"name":"63C (1)","layer":"Labels","category":"Gate and stand labels","object_type":"Label","style_id":"label.gates_stands","airport":"LFMN","geometry_role":"text_label","text-field":"63C","vsmr_group_ids":["stands-and-gates"]},"geometry":{"type":"Point","coordinates":[7.213910278,43.662309444]}},{"type":"Feature","id":"label.gates_stands.205","properties":{"name":"63C (2)","layer":"Labels","category":"Gate and stand labels","object_type":"Label","style_id":"label.gates_stands","airport":"LFMN","geometry_role":"text_label","text-field":"63C","vsmr_group_ids":["stands-and-gates"]},"geometry":{"type":"Point","coordinates":[7.213683333,43.662396389]}},{"type":"Feature","id":"label.gates_stands.206","properties":{"name":"63D","layer":"Labels","category":"Gate and stand labels","object_type":"Label","style_id":"label.gates_stands","airport":"LFMN","geometry_role":"text_label","text-field":"63D","vsmr_group_ids":["stands-and-gates"]},"geometry":{"type":"Point","coordinates":[7.21411,43.662718889]}},{"type":"Feature","id":"label.gates_stands.207","properties":{"name":"63E","layer":"Labels","category":"Gate and stand labels","object_type":"Label","style_id":"label.gates_stands","airport":"LFMN","geometry_role":"text_label","text-field":"63E","vsmr_group_ids":["stands-and-gates"]},"geometry":{"type":"Point","coordinates":[7.213861389,43.662529444]}},{"type":"Feature","id":"label.gates_stands.208","properties":{"name":"63F","layer":"Labels","category":"Gate and stand labels","object_type":"Label","style_id":"label.gates_stands","airport":"LFMN","geometry_role":"text_label","text-field":"63F","vsmr_group_ids":["stands-and-gates"]},"geometry":{"type":"Point","coordinates":[7.213505556,43.662259722]}},{"type":"Feature","id":"label.gates_stands.209","properties":{"name":"65A (1)","layer":"Labels","category":"Gate and stand labels","object_type":"Label","style_id":"label.gates_stands","airport":"LFMN","geometry_role":"text_label","text-field":"65A","vsmr_group_ids":["stands-and-gates"]},"geometry":{"type":"Point","coordinates":[7.213563611,43.661750556]}},{"type":"Feature","id":"label.gates_stands.210","properties":{"name":"65A (2)","layer":"Labels","category":"Gate and stand labels","object_type":"Label","style_id":"label.gates_stands","airport":"LFMN","geometry_role":"text_label","text-field":"65A","vsmr_group_ids":["stands-and-gates"]},"geometry":{"type":"Point","coordinates":[7.213480556,43.661984722]}},{"type":"Feature","id":"label.gates_stands.211","properties":{"name":"65B","layer":"Labels","category":"Gate and stand labels","object_type":"Label","style_id":"label.gates_stands","airport":"LFMN","geometry_role":"text_label","text-field":"65B","vsmr_group_ids":["stands-and-gates"]},"geometry":{"type":"Point","coordinates":[7.213262778,43.661836944]}},{"type":"Feature","id":"label.gates_stands.212","properties":{"name":"65C (1)","layer":"Labels","category":"Gate and stand labels","object_type":"Label","style_id":"label.gates_stands","airport":"LFMN","geometry_role":"text_label","text-field":"65C","vsmr_group_ids":["stands-and-gates"]},"geometry":{"type":"Point","coordinates":[7.213087222,43.661702778]}},{"type":"Feature","id":"label.gates_stands.213","properties":{"name":"65C (2)","layer":"Labels","category":"Gate and stand labels","object_type":"Label","style_id":"label.gates_stands","airport":"LFMN","geometry_role":"text_label","text-field":"65C","vsmr_group_ids":["stands-and-gates"]},"geometry":{"type":"Point","coordinates":[7.212870833,43.661800278]}},{"type":"Feature","id":"label.gates_stands.214","properties":{"name":"65D","layer":"Labels","category":"Gate and stand labels","object_type":"Label","style_id":"label.gates_stands","airport":"LFMN","geometry_role":"text_label","text-field":"65D","vsmr_group_ids":["stands-and-gates"]},"geometry":{"type":"Point","coordinates":[7.213325833,43.662122222]}},{"type":"Feature","id":"label.gates_stands.215","properties":{"name":"65E","layer":"Labels","category":"Gate and stand labels","object_type":"Label","style_id":"label.gates_stands","airport":"LFMN","geometry_role":"text_label","text-field":"65E","vsmr_group_ids":["stands-and-gates"]},"geometry":{"type":"Point","coordinates":[7.213040278,43.661923889]}},{"type":"Feature","id":"label.gates_stands.216","properties":{"name":"65F","layer":"Labels","category":"Gate and stand labels","object_type":"Label","style_id":"label.gates_stands","airport":"LFMN","geometry_role":"text_label","text-field":"65F","vsmr_group_ids":["stands-and-gates"]},"geometry":{"type":"Point","coordinates":[7.212695,43.661668611]}},{"type":"Feature","id":"label.gates_stands.217","properties":{"name":"67A (1)","layer":"Labels","category":"Gate and stand labels","object_type":"Label","style_id":"label.gates_stands","airport":"LFMN","geometry_role":"text_label","text-field":"67A","vsmr_group_ids":["stands-and-gates"]},"geometry":{"type":"Point","coordinates":[7.212751944,43.661159167]}},{"type":"Feature","id":"label.gates_stands.218","properties":{"name":"67A (2)","layer":"Labels","category":"Gate and stand labels","object_type":"Label","style_id":"label.gates_stands","airport":"LFMN","geometry_role":"text_label","text-field":"67A","vsmr_group_ids":["stands-and-gates"]},"geometry":{"type":"Point","coordinates":[7.212635833,43.6613875]}},{"type":"Feature","id":"label.gates_stands.219","properties":{"name":"67B","layer":"Labels","category":"Gate and stand labels","object_type":"Label","style_id":"label.gates_stands","airport":"LFMN","geometry_role":"text_label","text-field":"67B","vsmr_group_ids":["stands-and-gates"]},"geometry":{"type":"Point","coordinates":[7.212437778,43.661252778]}},{"type":"Feature","id":"label.gates_stands.220","properties":{"name":"67C (1)","layer":"Labels","category":"Gate and stand labels","object_type":"Label","style_id":"label.gates_stands","airport":"LFMN","geometry_role":"text_label","text-field":"67C","vsmr_group_ids":["stands-and-gates"]},"geometry":{"type":"Point","coordinates":[7.212264444,43.661115278]}},{"type":"Feature","id":"label.gates_stands.221","properties":{"name":"67C (2)","layer":"Labels","category":"Gate and stand labels","object_type":"Label","style_id":"label.gates_stands","airport":"LFMN","geometry_role":"text_label","text-field":"67C","vsmr_group_ids":["stands-and-gates"]},"geometry":{"type":"Point","coordinates":[7.212075556,43.661188333]}},{"type":"Feature","id":"label.gates_stands.222","properties":{"name":"67D","layer":"Labels","category":"Gate and stand labels","object_type":"Label","style_id":"label.gates_stands","airport":"LFMN","geometry_role":"text_label","text-field":"67D","vsmr_group_ids":["stands-and-gates"]},"geometry":{"type":"Point","coordinates":[7.212604444,43.661453889]}},{"type":"Feature","id":"label.gates_stands.223","properties":{"name":"67E","layer":"Labels","category":"Gate and stand labels","object_type":"Label","style_id":"label.gates_stands","airport":"LFMN","geometry_role":"text_label","text-field":"67E","vsmr_group_ids":["stands-and-gates"]},"geometry":{"type":"Point","coordinates":[7.212236111,43.661308611]}},{"type":"Feature","id":"label.gates_stands.224","properties":{"name":"67F","layer":"Labels","category":"Gate and stand labels","object_type":"Label","style_id":"label.gates_stands","airport":"LFMN","geometry_role":"text_label","text-field":"67F","vsmr_group_ids":["stands-and-gates"]},"geometry":{"type":"Point","coordinates":[7.211907222,43.661059444]}},{"type":"Feature","id":"label.gates_stands.225","properties":{"name":"69A (1)","layer":"Labels","category":"Gate and stand labels","object_type":"Label","style_id":"label.gates_stands","airport":"LFMN","geometry_role":"text_label","text-field":"69A","vsmr_group_ids":["stands-and-gates"]},"geometry":{"type":"Point","coordinates":[7.211933889,43.660564722]}},{"type":"Feature","id":"label.gates_stands.226","properties":{"name":"69A (2)","layer":"Labels","category":"Gate and stand labels","object_type":"Label","style_id":"label.gates_stands","airport":"LFMN","geometry_role":"text_label","text-field":"69A","vsmr_group_ids":["stands-and-gates"]},"geometry":{"type":"Point","coordinates":[7.211805556,43.6608]}},{"type":"Feature","id":"label.gates_stands.227","properties":{"name":"69B","layer":"Labels","category":"Gate and stand labels","object_type":"Label","style_id":"label.gates_stands","airport":"LFMN","geometry_role":"text_label","text-field":"69B","vsmr_group_ids":["stands-and-gates"]},"geometry":{"type":"Point","coordinates":[7.211625278,43.66066]}},{"type":"Feature","id":"label.gates_stands.228","properties":{"name":"69C (1)","layer":"Labels","category":"Gate and stand labels","object_type":"Label","style_id":"label.gates_stands","airport":"LFMN","geometry_role":"text_label","text-field":"69C","vsmr_group_ids":["stands-and-gates"]},"geometry":{"type":"Point","coordinates":[7.211429722,43.660526667]}},{"type":"Feature","id":"label.gates_stands.229","properties":{"name":"69C (2)","layer":"Labels","category":"Gate and stand labels","object_type":"Label","style_id":"label.gates_stands","airport":"LFMN","geometry_role":"text_label","text-field":"69C","vsmr_group_ids":["stands-and-gates"]},"geometry":{"type":"Point","coordinates":[7.211348056,43.660527222]}},{"type":"Feature","id":"label.gates_stands.230","properties":{"name":"69D","layer":"Labels","category":"Gate and stand labels","object_type":"Label","style_id":"label.gates_stands","airport":"LFMN","geometry_role":"text_label","text-field":"69D","vsmr_group_ids":["stands-and-gates"]},"geometry":{"type":"Point","coordinates":[7.211668611,43.660928333]}},{"type":"Feature","id":"label.gates_stands.231","properties":{"name":"69E","layer":"Labels","category":"Gate and stand labels","object_type":"Label","style_id":"label.gates_stands","airport":"LFMN","geometry_role":"text_label","text-field":"69E","vsmr_group_ids":["stands-and-gates"]},"geometry":{"type":"Point","coordinates":[7.211445278,43.660711389]}},{"type":"Feature","id":"label.gates_stands.232","properties":{"name":"69F","layer":"Labels","category":"Gate and stand labels","object_type":"Label","style_id":"label.gates_stands","airport":"LFMN","geometry_role":"text_label","text-field":"69F","vsmr_group_ids":["stands-and-gates"]},"geometry":{"type":"Point","coordinates":[7.211196944,43.660407222]}},{"type":"Feature","id":"label.gates_stands.233","properties":{"name":"6A (1)","layer":"Labels","category":"Gate and stand labels","object_type":"Label","style_id":"label.gates_stands","airport":"LFMN","geometry_role":"text_label","text-field":"6A","vsmr_group_ids":["stands-and-gates"]},"geometry":{"type":"Point","coordinates":[7.2162925,43.66575]}},{"type":"Feature","id":"label.gates_stands.234","properties":{"name":"6A (2)","layer":"Labels","category":"Gate and stand labels","object_type":"Label","style_id":"label.gates_stands","airport":"LFMN","geometry_role":"text_label","text-field":"6A","vsmr_group_ids":["stands-and-gates"]},"geometry":{"type":"Point","coordinates":[7.2162975,43.665756389]}},{"type":"Feature","id":"label.gates_stands.235","properties":{"name":"6B","layer":"Labels","category":"Gate and stand labels","object_type":"Label","style_id":"label.gates_stands","airport":"LFMN","geometry_role":"text_label","text-field":"6B","vsmr_group_ids":["stands-and-gates"]},"geometry":{"type":"Point","coordinates":[7.2161075,43.665575278]}},{"type":"Feature","id":"label.gates_stands.236","properties":{"name":"6C (1)","layer":"Labels","category":"Gate and stand labels","object_type":"Label","style_id":"label.gates_stands","airport":"LFMN","geometry_role":"text_label","text-field":"6C","vsmr_group_ids":["stands-and-gates"]},"geometry":{"type":"Point","coordinates":[7.215870833,43.665410278]}},{"type":"Feature","id":"label.gates_stands.237","properties":{"name":"6C (2)","layer":"Labels","category":"Gate and stand labels","object_type":"Label","style_id":"label.gates_stands","airport":"LFMN","geometry_role":"text_label","text-field":"6C","vsmr_group_ids":["stands-and-gates"]},"geometry":{"type":"Point","coordinates":[7.2158425,43.66544]}},{"type":"Feature","id":"label.gates_stands.238","properties":{"name":"7 (1)","layer":"Labels","category":"Gate and stand labels","object_type":"Label","style_id":"label.gates_stands","airport":"LFMN","geometry_role":"text_label","text-field":"7","vsmr_group_ids":["stands-and-gates"]},"geometry":{"type":"Point","coordinates":[7.211834167,43.650929722]}},{"type":"Feature","id":"label.gates_stands.239","properties":{"name":"7 (2)","layer":"Labels","category":"Gate and stand labels","object_type":"Label","style_id":"label.gates_stands","airport":"LFMN","geometry_role":"text_label","text-field":"7","vsmr_group_ids":["stands-and-gates"]},"geometry":{"type":"Point","coordinates":[7.211244722,43.6618175]}},{"type":"Feature","id":"label.gates_stands.240","properties":{"name":"7 (3)","layer":"Labels","category":"Gate and stand labels","object_type":"Label","style_id":"label.gates_stands","airport":"LFMN","geometry_role":"text_label","text-field":"7","vsmr_group_ids":["stands-and-gates"]},"geometry":{"type":"Point","coordinates":[7.211995833,43.662456944]}},{"type":"Feature","id":"label.gates_stands.241","properties":{"name":"71A (1)","layer":"Labels","category":"Gate and stand labels","object_type":"Label","style_id":"label.gates_stands","airport":"LFMN","geometry_role":"text_label","text-field":"71A","vsmr_group_ids":["stands-and-gates"]},"geometry":{"type":"Point","coordinates":[7.205702222,43.656036111]}},{"type":"Feature","id":"label.gates_stands.242","properties":{"name":"71A (2)","layer":"Labels","category":"Gate and stand labels","object_type":"Label","style_id":"label.gates_stands","airport":"LFMN","geometry_role":"text_label","text-field":"71A","vsmr_group_ids":["stands-and-gates"]},"geometry":{"type":"Point","coordinates":[7.205446667,43.656083611]}},{"type":"Feature","id":"label.gates_stands.243","properties":{"name":"71B","layer":"Labels","category":"Gate and stand labels","object_type":"Label","style_id":"label.gates_stands","airport":"LFMN","geometry_role":"text_label","text-field":"71B","vsmr_group_ids":["stands-and-gates"]},"geometry":{"type":"Point","coordinates":[7.205379167,43.655884722]}},{"type":"Feature","id":"label.gates_stands.244","properties":{"name":"71C (1)","layer":"Labels","category":"Gate and stand labels","object_type":"Label","style_id":"label.gates_stands","airport":"LFMN","geometry_role":"text_label","text-field":"71C","vsmr_group_ids":["stands-and-gates"]},"geometry":{"type":"Point","coordinates":[7.205109722,43.655826944]}},{"type":"Feature","id":"label.gates_stands.245","properties":{"name":"71C (2)","layer":"Labels","category":"Gate and stand labels","object_type":"Label","style_id":"label.gates_stands","airport":"LFMN","geometry_role":"text_label","text-field":"71C","vsmr_group_ids":["stands-and-gates"]},"geometry":{"type":"Point","coordinates":[7.205196944,43.655950833]}},{"type":"Feature","id":"label.gates_stands.246","properties":{"name":"71D","layer":"Labels","category":"Gate and stand labels","object_type":"Label","style_id":"label.gates_stands","airport":"LFMN","geometry_role":"text_label","text-field":"71D","vsmr_group_ids":["stands-and-gates"]},"geometry":{"type":"Point","coordinates":[7.2056275,43.656209167]}},{"type":"Feature","id":"label.gates_stands.247","properties":{"name":"71E","layer":"Labels","category":"Gate and stand labels","object_type":"Label","style_id":"label.gates_stands","airport":"LFMN","geometry_role":"text_label","text-field":"71E","vsmr_group_ids":["stands-and-gates"]},"geometry":{"type":"Point","coordinates":[7.205535833,43.655900278]}},{"type":"Feature","id":"label.gates_stands.248","properties":{"name":"71F","layer":"Labels","category":"Gate and stand labels","object_type":"Label","style_id":"label.gates_stands","airport":"LFMN","geometry_role":"text_label","text-field":"71F","vsmr_group_ids":["stands-and-gates"]},"geometry":{"type":"Point","coordinates":[7.2050675,43.655863056]}},{"type":"Feature","id":"label.gates_stands.249","properties":{"name":"73A (1)","layer":"Labels","category":"Gate and stand labels","object_type":"Label","style_id":"label.gates_stands","airport":"LFMN","geometry_role":"text_label","text-field":"73A","vsmr_group_ids":["stands-and-gates"]},"geometry":{"type":"Point","coordinates":[7.204978611,43.655494444]}},{"type":"Feature","id":"label.gates_stands.250","properties":{"name":"73A (2)","layer":"Labels","category":"Gate and stand labels","object_type":"Label","style_id":"label.gates_stands","airport":"LFMN","geometry_role":"text_label","text-field":"73A","vsmr_group_ids":["stands-and-gates"]},"geometry":{"type":"Point","coordinates":[7.204718333,43.655546111]}},{"type":"Feature","id":"label.gates_stands.251","properties":{"name":"73B","layer":"Labels","category":"Gate and stand labels","object_type":"Label","style_id":"label.gates_stands","airport":"LFMN","geometry_role":"text_label","text-field":"73B","vsmr_group_ids":["stands-and-gates"]},"geometry":{"type":"Point","coordinates":[7.204687778,43.655569167]}},{"type":"Feature","id":"label.gates_stands.252","properties":{"name":"73C (1)","layer":"Labels","category":"Gate and stand labels","object_type":"Label","style_id":"label.gates_stands","airport":"LFMN","geometry_role":"text_label","text-field":"73C","vsmr_group_ids":["stands-and-gates"]},"geometry":{"type":"Point","coordinates":[7.204385,43.655301389]}},{"type":"Feature","id":"label.gates_stands.253","properties":{"name":"73C (2)","layer":"Labels","category":"Gate and stand labels","object_type":"Label","style_id":"label.gates_stands","airport":"LFMN","geometry_role":"text_label","text-field":"73C","vsmr_group_ids":["stands-and-gates"]},"geometry":{"type":"Point","coordinates":[7.204446111,43.655463889]}},{"type":"Feature","id":"label.gates_stands.254","properties":{"name":"73D","layer":"Labels","category":"Gate and stand labels","object_type":"Label","style_id":"label.gates_stands","airport":"LFMN","geometry_role":"text_label","text-field":"73D","vsmr_group_ids":["stands-and-gates"]},"geometry":{"type":"Point","coordinates":[7.204866944,43.655736111]}},{"type":"Feature","id":"label.gates_stands.255","properties":{"name":"73E","layer":"Labels","category":"Gate and stand labels","object_type":"Label","style_id":"label.gates_stands","airport":"LFMN","geometry_role":"text_label","text-field":"73E","vsmr_group_ids":["stands-and-gates"]},"geometry":{"type":"Point","coordinates":[7.204799722,43.655381944]}},{"type":"Feature","id":"label.gates_stands.256","properties":{"name":"73F","layer":"Labels","category":"Gate and stand labels","object_type":"Label","style_id":"label.gates_stands","airport":"LFMN","geometry_role":"text_label","text-field":"73F","vsmr_group_ids":["stands-and-gates"]},"geometry":{"type":"Point","coordinates":[7.204312778,43.655366389]}},{"type":"Feature","id":"label.gates_stands.257","properties":{"name":"75A (1)","layer":"Labels","category":"Gate and stand labels","object_type":"Label","style_id":"label.gates_stands","airport":"LFMN","geometry_role":"text_label","text-field":"75A","vsmr_group_ids":["stands-and-gates"]},"geometry":{"type":"Point","coordinates":[7.204206667,43.655015278]}},{"type":"Feature","id":"label.gates_stands.258","properties":{"name":"75A (2)","layer":"Labels","category":"Gate and stand labels","object_type":"Label","style_id":"label.gates_stands","airport":"LFMN","geometry_role":"text_label","text-field":"75A","vsmr_group_ids":["stands-and-gates"]},"geometry":{"type":"Point","coordinates":[7.204020833,43.655025278]}},{"type":"Feature","id":"label.gates_stands.259","properties":{"name":"75B","layer":"Labels","category":"Gate and stand labels","object_type":"Label","style_id":"label.gates_stands","airport":"LFMN","geometry_role":"text_label","text-field":"75B","vsmr_group_ids":["stands-and-gates"]},"geometry":{"type":"Point","coordinates":[7.203991389,43.655055278]}},{"type":"Feature","id":"label.gates_stands.260","properties":{"name":"75C (1)","layer":"Labels","category":"Gate and stand labels","object_type":"Label","style_id":"label.gates_stands","airport":"LFMN","geometry_role":"text_label","text-field":"75C","vsmr_group_ids":["stands-and-gates"]},"geometry":{"type":"Point","coordinates":[7.203645278,43.654801389]}},{"type":"Feature","id":"label.gates_stands.261","properties":{"name":"75C (2)","layer":"Labels","category":"Gate and stand labels","object_type":"Label","style_id":"label.gates_stands","airport":"LFMN","geometry_role":"text_label","text-field":"75C","vsmr_group_ids":["stands-and-gates"]},"geometry":{"type":"Point","coordinates":[7.203732778,43.654940833]}},{"type":"Feature","id":"label.gates_stands.262","properties":{"name":"75D","layer":"Labels","category":"Gate and stand labels","object_type":"Label","style_id":"label.gates_stands","airport":"LFMN","geometry_role":"text_label","text-field":"75D","vsmr_group_ids":["stands-and-gates"]},"geometry":{"type":"Point","coordinates":[7.204176389,43.655194444]}},{"type":"Feature","id":"label.gates_stands.263","properties":{"name":"75E","layer":"Labels","category":"Gate and stand labels","object_type":"Label","style_id":"label.gates_stands","airport":"LFMN","geometry_role":"text_label","text-field":"75E","vsmr_group_ids":["stands-and-gates"]},"geometry":{"type":"Point","coordinates":[7.204093611,43.654859167]}},{"type":"Feature","id":"label.gates_stands.264","properties":{"name":"75F","layer":"Labels","category":"Gate and stand labels","object_type":"Label","style_id":"label.gates_stands","airport":"LFMN","geometry_role":"text_label","text-field":"75F","vsmr_group_ids":["stands-and-gates"]},"geometry":{"type":"Point","coordinates":[7.203588056,43.654828889]}},{"type":"Feature","id":"label.gates_stands.265","properties":{"name":"77 (1)","layer":"Labels","category":"Gate and stand labels","object_type":"Label","style_id":"label.gates_stands","airport":"LFMN","geometry_role":"text_label","text-field":"77","vsmr_group_ids":["stands-and-gates"]},"geometry":{"type":"Point","coordinates":[7.203246944,43.654510278]}},{"type":"Feature","id":"label.gates_stands.266","properties":{"name":"77 (2)","layer":"Labels","category":"Gate and stand labels","object_type":"Label","style_id":"label.gates_stands","airport":"LFMN","geometry_role":"text_label","text-field":"77","vsmr_group_ids":["stands-and-gates"]},"geometry":{"type":"Point","coordinates":[7.203281667,43.65453]}},{"type":"Feature","id":"label.gates_stands.267","properties":{"name":"8","layer":"Labels","category":"Gate and stand labels","object_type":"Label","style_id":"label.gates_stands","airport":"LFMN","geometry_role":"text_label","text-field":"8","vsmr_group_ids":["stands-and-gates"]},"geometry":{"type":"Point","coordinates":[7.2120525,43.651085]}},{"type":"Feature","id":"label.gates_stands.268","properties":{"name":"8A (1)","layer":"Labels","category":"Gate and stand labels","object_type":"Label","style_id":"label.gates_stands","airport":"LFMN","geometry_role":"text_label","text-field":"8A","vsmr_group_ids":["stands-and-gates"]},"geometry":{"type":"Point","coordinates":[7.215471389,43.665104722]}},{"type":"Feature","id":"label.gates_stands.269","properties":{"name":"8A (2)","layer":"Labels","category":"Gate and stand labels","object_type":"Label","style_id":"label.gates_stands","airport":"LFMN","geometry_role":"text_label","text-field":"8A","vsmr_group_ids":["stands-and-gates"]},"geometry":{"type":"Point","coordinates":[7.215441944,43.665147222]}},{"type":"Feature","id":"label.gates_stands.270","properties":{"name":"8C (1)","layer":"Labels","category":"Gate and stand labels","object_type":"Label","style_id":"label.gates_stands","airport":"LFMN","geometry_role":"text_label","text-field":"8C","vsmr_group_ids":["stands-and-gates"]},"geometry":{"type":"Point","coordinates":[7.215071944,43.664798889]}},{"type":"Feature","id":"label.gates_stands.271","properties":{"name":"8C (2)","layer":"Labels","category":"Gate and stand labels","object_type":"Label","style_id":"label.gates_stands","airport":"LFMN","geometry_role":"text_label","text-field":"8C","vsmr_group_ids":["stands-and-gates"]},"geometry":{"type":"Point","coordinates":[7.215023056,43.664866667]}},{"type":"Feature","id":"label.gates_stands.272","properties":{"name":"9 (1)","layer":"Labels","category":"Gate and stand labels","object_type":"Label","style_id":"label.gates_stands","airport":"LFMN","geometry_role":"text_label","text-field":"9","vsmr_group_ids":["stands-and-gates"]},"geometry":{"type":"Point","coordinates":[7.212271111,43.651240278]}},{"type":"Feature","id":"label.gates_stands.273","properties":{"name":"9 (2)","layer":"Labels","category":"Gate and stand labels","object_type":"Label","style_id":"label.gates_stands","airport":"LFMN","geometry_role":"text_label","text-field":"9","vsmr_group_ids":["stands-and-gates"]},"geometry":{"type":"Point","coordinates":[7.211600278,43.662136667]}},{"type":"Feature","id":"label.gates_stands.274","properties":{"name":"9 (3)","layer":"Labels","category":"Gate and stand labels","object_type":"Label","style_id":"label.gates_stands","airport":"LFMN","geometry_role":"text_label","text-field":"9","vsmr_group_ids":["stands-and-gates"]},"geometry":{"type":"Point","coordinates":[7.212475556,43.662858889]}},{"type":"Feature","id":"label.gates_stands.275","properties":{"name":"Parking K","layer":"Labels","category":"Gate and stand labels","object_type":"Label","style_id":"label.gates_stands","airport":"LFMN","geometry_role":"text_label","text-field":"Parking K","vsmr_group_ids":["stands-and-gates"]},"geometry":{"type":"Point","coordinates":[7.226706111,43.671258611]}},{"type":"Feature","id":"label.tora.rwy04.001","properties":{"name":"1980m","layer":"Labels","category":"Runway 04 TORA labels","object_type":"Label","style_id":"label.tora.rwy04","airport":"LFMN","geometry_role":"text_label","text-field":"1980m"},"geometry":{"type":"Point","coordinates":[7.209327222,43.656186944]}},{"type":"Feature","id":"label.tora.rwy04.002","properties":{"name":"2157m","layer":"Labels","category":"Runway 04 TORA labels","object_type":"Label","style_id":"label.tora.rwy04","airport":"LFMN","geometry_role":"text_label","text-field":"2157m"},"geometry":{"type":"Point","coordinates":[7.209143889,43.652361944]}},{"type":"Feature","id":"label.tora.rwy04.003","properties":{"name":"2207m","layer":"Labels","category":"Runway 04 TORA labels","object_type":"Label","style_id":"label.tora.rwy04","airport":"LFMN","geometry_role":"text_label","text-field":"2207m"},"geometry":{"type":"Point","coordinates":[7.207338333,43.654741389]}},{"type":"Feature","id":"label.tora.rwy04.004","properties":{"name":"2628m","layer":"Labels","category":"Runway 04 TORA labels","object_type":"Label","style_id":"label.tora.rwy04","airport":"LFMN","geometry_role":"text_label","text-field":"2628m"},"geometry":{"type":"Point","coordinates":[7.2037825,43.65227]}},{"type":"Feature","id":"label.tora.rwy04.005","properties":{"name":"2858m","layer":"Labels","category":"Runway 04 TORA labels","object_type":"Label","style_id":"label.tora.rwy04","airport":"LFMN","geometry_role":"text_label","text-field":"2858m"},"geometry":{"type":"Point","coordinates":[7.203069167,43.647851389]}},{"type":"Feature","id":"label.tora.rwy04.006","properties":{"name":"2963m","layer":"Labels","category":"Runway 04 TORA labels","object_type":"Label","style_id":"label.tora.rwy04","airport":"LFMN","geometry_role":"text_label","text-field":"2963m"},"geometry":{"type":"Point","coordinates":[7.202188333,43.647211389]}},{"type":"Feature","id":"label.tora.rwy22.001","properties":{"name":"1505m","layer":"Labels","category":"Runway 22 TORA labels","object_type":"Label","style_id":"label.tora.rwy22","airport":"LFMN","geometry_role":"text_label","text-field":"1505m"},"geometry":{"type":"Point","coordinates":[7.217401111,43.662268611]}},{"type":"Feature","id":"label.tora.rwy22.002","properties":{"name":"1758m","layer":"Labels","category":"Runway 22 TORA labels","object_type":"Label","style_id":"label.tora.rwy22","airport":"LFMN","geometry_role":"text_label","text-field":"1758m"},"geometry":{"type":"Point","coordinates":[7.220293056,43.664419444]}},{"type":"Feature","id":"label.tora.rwy22.003","properties":{"name":"1926m","layer":"Labels","category":"Runway 22 TORA labels","object_type":"Label","style_id":"label.tora.rwy22","airport":"LFMN","geometry_role":"text_label","text-field":"1926m"},"geometry":{"type":"Point","coordinates":[7.221148056,43.665020833]}},{"type":"Feature","id":"label.tora.rwy22.004","properties":{"name":"2114m","layer":"Labels","category":"Runway 22 TORA labels","object_type":"Label","style_id":"label.tora.rwy22","airport":"LFMN","geometry_role":"text_label","text-field":"2114m"},"geometry":{"type":"Point","coordinates":[7.221299722,43.660825278]}},{"type":"Feature","id":"label.tora.rwy22.005","properties":{"name":"2341m","layer":"Labels","category":"Runway 22 TORA labels","object_type":"Label","style_id":"label.tora.rwy22","airport":"LFMN","geometry_role":"text_label","text-field":"2341m"},"geometry":{"type":"Point","coordinates":[7.224742222,43.667608056]}},{"type":"Feature","id":"label.tora.rwy22.006","properties":{"name":"2480m","layer":"Labels","category":"Runway 22 TORA labels","object_type":"Label","style_id":"label.tora.rwy22","airport":"LFMN","geometry_role":"text_label","text-field":"2480m"},"geometry":{"type":"Point","coordinates":[7.226113889,43.6684925]}},{"type":"Feature","id":"label.tora.rwy22.007","properties":{"name":"2663m","layer":"Labels","category":"Runway 22 TORA labels","object_type":"Label","style_id":"label.tora.rwy22","airport":"LFMN","geometry_role":"text_label","text-field":"2663m"},"geometry":{"type":"Point","coordinates":[7.227769167,43.665652778]}},{"type":"Feature","id":"label.taxiways.001","properties":{"name":"A","layer":"Labels","category":"Taxiway labels","object_type":"Label","style_id":"label.taxiways","airport":"LFMN","geometry_role":"text_label","text-field":"A","palette-overrides":{"day":{"text-halo-color":"#FFFFFF"}}},"geometry":{"type":"Point","coordinates":[7.201903056,43.653716944]}},{"type":"Feature","id":"label.taxiways.002","properties":{"name":"A1","layer":"Labels","category":"Taxiway labels","object_type":"Label","style_id":"label.taxiways","airport":"LFMN","geometry_role":"text_label","text-field":"A1"},"geometry":{"type":"Point","coordinates":[7.203538611,43.652746389]}},{"type":"Feature","id":"label.taxiways.003","properties":{"name":"A2","layer":"Labels","category":"Taxiway labels","object_type":"Label","style_id":"label.taxiways","airport":"LFMN","geometry_role":"text_label","text-field":"A2"},"geometry":{"type":"Point","coordinates":[7.205094444,43.651689722]}},{"type":"Feature","id":"label.taxiways.004","properties":{"name":"A3","layer":"Labels","category":"Taxiway labels","object_type":"Label","style_id":"label.taxiways","airport":"LFMN","geometry_role":"text_label","text-field":"A3"},"geometry":{"type":"Point","coordinates":[7.206813333,43.650701111]}},{"type":"Feature","id":"label.taxiways.005","properties":{"name":"B","layer":"Labels","category":"Taxiway labels","object_type":"Label","style_id":"label.taxiways","airport":"LFMN","geometry_role":"text_label","text-field":"B"},"geometry":{"type":"Point","coordinates":[7.206278611,43.656655278]}},{"type":"Feature","id":"label.taxiways.006","properties":{"name":"B1","layer":"Labels","category":"Taxiway labels","object_type":"Label","style_id":"label.taxiways","airport":"LFMN","geometry_role":"text_label","text-field":"B1"},"geometry":{"type":"Point","coordinates":[7.207483611,43.655516389]}},{"type":"Feature","id":"label.taxiways.007","properties":{"name":"B2","layer":"Labels","category":"Taxiway labels","object_type":"Label","style_id":"label.taxiways","airport":"LFMN","geometry_role":"text_label","text-field":"B2"},"geometry":{"type":"Point","coordinates":[7.208240833,43.653438889]}},{"type":"Feature","id":"label.taxiways.008","properties":{"name":"B3","layer":"Labels","category":"Taxiway labels","object_type":"Label","style_id":"label.taxiways","airport":"LFMN","geometry_role":"text_label","text-field":"B3"},"geometry":{"type":"Point","coordinates":[7.209591389,43.652728333]}},{"type":"Feature","id":"label.taxiways.009","properties":{"name":"C (1)","layer":"Labels","category":"Taxiway labels","object_type":"Label","style_id":"label.taxiways","airport":"LFMN","geometry_role":"text_label","text-field":"C"},"geometry":{"type":"Point","coordinates":[7.208535833,43.658409167]}},{"type":"Feature","id":"label.taxiways.010","properties":{"name":"C (2)","layer":"Labels","category":"Taxiway labels","object_type":"Label","style_id":"label.taxiways","airport":"LFMN","geometry_role":"text_label","text-field":"C"},"geometry":{"type":"Point","coordinates":[7.207800278,43.661641667]}},{"type":"Feature","id":"label.taxiways.011","properties":{"name":"C1","layer":"Labels","category":"Taxiway labels","object_type":"Label","style_id":"label.taxiways","airport":"LFMN","geometry_role":"text_label","text-field":"C1"},"geometry":{"type":"Point","coordinates":[7.209428056,43.656974167]}},{"type":"Feature","id":"label.taxiways.012","properties":{"name":"C2","layer":"Labels","category":"Taxiway labels","object_type":"Label","style_id":"label.taxiways","airport":"LFMN","geometry_role":"text_label","text-field":"C2"},"geometry":{"type":"Point","coordinates":[7.209789444,43.654732778]}},{"type":"Feature","id":"label.taxiways.013","properties":{"name":"D (1)","layer":"Labels","category":"Taxiway labels","object_type":"Label","style_id":"label.taxiways","airport":"LFMN","geometry_role":"text_label","text-field":"D"},"geometry":{"type":"Point","coordinates":[7.210653889,43.660026111]}},{"type":"Feature","id":"label.taxiways.014","properties":{"name":"D (2)","layer":"Labels","category":"Taxiway labels","object_type":"Label","style_id":"label.taxiways","airport":"LFMN","geometry_role":"text_label","text-field":"D"},"geometry":{"type":"Point","coordinates":[7.210111667,43.661685278]}},{"type":"Feature","id":"label.taxiways.015","properties":{"name":"D (3)","layer":"Labels","category":"Taxiway labels","object_type":"Label","style_id":"label.taxiways","airport":"LFMN","geometry_role":"text_label","text-field":"D"},"geometry":{"type":"Point","coordinates":[7.209911667,43.6626475]}},{"type":"Feature","id":"label.taxiways.016","properties":{"name":"EB","layer":"Labels","category":"Taxiway labels","object_type":"Label","style_id":"label.taxiways","airport":"LFMN","geometry_role":"text_label","text-field":"EB"},"geometry":{"type":"Point","coordinates":[7.210910833,43.654596111]}},{"type":"Feature","id":"label.taxiways.017","properties":{"name":"EF","layer":"Labels","category":"Taxiway labels","object_type":"Label","style_id":"label.taxiways","airport":"LFMN","geometry_role":"text_label","text-field":"EF"},"geometry":{"type":"Point","coordinates":[7.217335278,43.660017222]}},{"type":"Feature","id":"label.taxiways.018","properties":{"name":"EG","layer":"Labels","category":"Taxiway labels","object_type":"Label","style_id":"label.taxiways","airport":"LFMN","geometry_role":"text_label","text-field":"EG"},"geometry":{"type":"Point","coordinates":[7.219595833,43.6643175]}},{"type":"Feature","id":"label.taxiways.019","properties":{"name":"EY","layer":"Labels","category":"Taxiway labels","object_type":"Label","style_id":"label.taxiways","airport":"LFMN","geometry_role":"text_label","text-field":"EY"},"geometry":{"type":"Point","coordinates":[7.221050833,43.662727778]}},{"type":"Feature","id":"label.taxiways.020","properties":{"name":"F","layer":"Labels","category":"Taxiway labels","object_type":"Label","style_id":"label.taxiways","airport":"LFMN","geometry_role":"text_label","text-field":"F"},"geometry":{"type":"Point","coordinates":[7.215689167,43.663488333]}},{"type":"Feature","id":"label.taxiways.021","properties":{"name":"F1","layer":"Labels","category":"Taxiway labels","object_type":"Label","style_id":"label.taxiways","airport":"LFMN","geometry_role":"text_label","text-field":"F1"},"geometry":{"type":"Point","coordinates":[7.217456667,43.662695833]}},{"type":"Feature","id":"label.taxiways.022","properties":{"name":"G","layer":"Labels","category":"Taxiway labels","object_type":"Label","style_id":"label.taxiways","airport":"LFMN","geometry_role":"text_label","text-field":"G"},"geometry":{"type":"Point","coordinates":[7.219613333,43.66629]}},{"type":"Feature","id":"label.taxiways.023","properties":{"name":"G1","layer":"Labels","category":"Taxiway labels","object_type":"Label","style_id":"label.taxiways","airport":"LFMN","geometry_role":"text_label","text-field":"G1"},"geometry":{"type":"Point","coordinates":[7.221123889,43.665429167]}},{"type":"Feature","id":"label.taxiways.024","properties":{"name":"G2 (1)","layer":"Labels","category":"Taxiway labels","object_type":"Label","style_id":"label.taxiways","airport":"LFMN","geometry_role":"text_label","text-field":"G2"},"geometry":{"type":"Point","coordinates":[7.221346111,43.663461111]}},{"type":"Feature","id":"label.taxiways.025","properties":{"name":"G2 (2)","layer":"Labels","category":"Taxiway labels","object_type":"Label","style_id":"label.taxiways","airport":"LFMN","geometry_role":"text_label","text-field":"G2"},"geometry":{"type":"Point","coordinates":[7.222679444,43.664372222]}},{"type":"Feature","id":"label.taxiways.026","properties":{"name":"H1","layer":"Labels","category":"Taxiway labels","object_type":"Label","style_id":"label.taxiways","airport":"LFMN","geometry_role":"text_label","text-field":"H1"},"geometry":{"type":"Point","coordinates":[7.2239575,43.667579444]}},{"type":"Feature","id":"label.taxiways.027","properties":{"name":"H2","layer":"Labels","category":"Taxiway labels","object_type":"Label","style_id":"label.taxiways","airport":"LFMN","geometry_role":"text_label","text-field":"H2"},"geometry":{"type":"Point","coordinates":[7.225656389,43.666355]}},{"type":"Feature","id":"label.taxiways.028","properties":{"name":"H3","layer":"Labels","category":"Taxiway labels","object_type":"Label","style_id":"label.taxiways","airport":"LFMN","geometry_role":"text_label","text-field":"H3"},"geometry":{"type":"Point","coordinates":[7.226745833,43.665233333]}},{"type":"Feature","id":"label.taxiways.029","properties":{"name":"J1","layer":"Labels","category":"Taxiway labels","object_type":"Label","style_id":"label.taxiways","airport":"LFMN","geometry_role":"text_label","text-field":"J1"},"geometry":{"type":"Point","coordinates":[7.226652222,43.6694925]}},{"type":"Feature","id":"label.taxiways.030","properties":{"name":"ME (1)","layer":"Labels","category":"Taxiway labels","object_type":"Label","style_id":"label.taxiways","airport":"LFMN","geometry_role":"text_label","text-field":"ME"},"geometry":{"type":"Point","coordinates":[7.214499444,43.651209167]}},{"type":"Feature","id":"label.taxiways.031","properties":{"name":"ME (2)","layer":"Labels","category":"Taxiway labels","object_type":"Label","style_id":"label.taxiways","airport":"LFMN","geometry_role":"text_label","text-field":"ME"},"geometry":{"type":"Point","coordinates":[7.214851944,43.651435833]}},{"type":"Feature","id":"label.taxiways.032","properties":{"name":"MS (1)","layer":"Labels","category":"Taxiway labels","object_type":"Label","style_id":"label.taxiways","airport":"LFMN","geometry_role":"text_label","text-field":"MS"},"geometry":{"type":"Point","coordinates":[7.210615,43.648928611]}},{"type":"Feature","id":"label.taxiways.033","properties":{"name":"MS (2)","layer":"Labels","category":"Taxiway labels","object_type":"Label","style_id":"label.taxiways","airport":"LFMN","geometry_role":"text_label","text-field":"MS"},"geometry":{"type":"Point","coordinates":[7.2108725,43.64918]}},{"type":"Feature","id":"label.taxiways.034","properties":{"name":"Q3","layer":"Labels","category":"Taxiway labels","object_type":"Label","style_id":"label.taxiways","airport":"LFMN","geometry_role":"text_label","text-field":"Q3"},"geometry":{"type":"Point","coordinates":[7.203410278,43.648218333]}},{"type":"Feature","id":"label.taxiways.035","properties":{"name":"S (1)","layer":"Labels","category":"Taxiway labels","object_type":"Label","style_id":"label.taxiways","airport":"LFMN","geometry_role":"text_label","text-field":"S"},"geometry":{"type":"Point","coordinates":[7.211445,43.663288889]}},{"type":"Feature","id":"label.taxiways.036","properties":{"name":"S (2)","layer":"Labels","category":"Taxiway labels","object_type":"Label","style_id":"label.taxiways","airport":"LFMN","geometry_role":"text_label","text-field":"S"},"geometry":{"type":"Point","coordinates":[7.2086225,43.663361667]}},{"type":"Feature","id":"label.taxiways.037","properties":{"name":"T (1)","layer":"Labels","category":"Taxiway labels","object_type":"Label","style_id":"label.taxiways","airport":"LFMN","geometry_role":"text_label","text-field":"T"},"geometry":{"type":"Point","coordinates":[7.2036775,43.655762222]}},{"type":"Feature","id":"label.taxiways.038","properties":{"name":"T (2)","layer":"Labels","category":"Taxiway labels","object_type":"Label","style_id":"label.taxiways","airport":"LFMN","geometry_role":"text_label","text-field":"T"},"geometry":{"type":"Point","coordinates":[7.206788889,43.657985278]}},{"type":"Feature","id":"label.taxiways.039","properties":{"name":"T (3)","layer":"Labels","category":"Taxiway labels","object_type":"Label","style_id":"label.taxiways","airport":"LFMN","geometry_role":"text_label","text-field":"T"},"geometry":{"type":"Point","coordinates":[7.209398611,43.659880556]}},{"type":"Feature","id":"label.taxiways.040","properties":{"name":"T (4)","layer":"Labels","category":"Taxiway labels","object_type":"Label","style_id":"label.taxiways","airport":"LFMN","geometry_role":"text_label","text-field":"T"},"geometry":{"type":"Point","coordinates":[7.212332222,43.661979722]}},{"type":"Feature","id":"label.taxiways.041","properties":{"name":"T (5)","layer":"Labels","category":"Taxiway labels","object_type":"Label","style_id":"label.taxiways","airport":"LFMN","geometry_role":"text_label","text-field":"T"},"geometry":{"type":"Point","coordinates":[7.217115,43.665361667]}},{"type":"Feature","id":"label.taxiways.042","properties":{"name":"U (1)","layer":"Labels","category":"Taxiway labels","object_type":"Label","style_id":"label.taxiways","airport":"LFMN","geometry_role":"text_label","text-field":"U"},"geometry":{"type":"Point","coordinates":[7.204889444,43.654833056]}},{"type":"Feature","id":"label.taxiways.043","properties":{"name":"U (2)","layer":"Labels","category":"Taxiway labels","object_type":"Label","style_id":"label.taxiways","airport":"LFMN","geometry_role":"text_label","text-field":"U"},"geometry":{"type":"Point","coordinates":[7.207598056,43.656860278]}},{"type":"Feature","id":"label.taxiways.044","properties":{"name":"U (3)","layer":"Labels","category":"Taxiway labels","object_type":"Label","style_id":"label.taxiways","airport":"LFMN","geometry_role":"text_label","text-field":"U"},"geometry":{"type":"Point","coordinates":[7.209959444,43.658545833]}},{"type":"Feature","id":"label.taxiways.045","properties":{"name":"U (4)","layer":"Labels","category":"Taxiway labels","object_type":"Label","style_id":"label.taxiways","airport":"LFMN","geometry_role":"text_label","text-field":"U"},"geometry":{"type":"Point","coordinates":[7.2133625,43.661028333]}},{"type":"Feature","id":"label.taxiways.046","properties":{"name":"U (5)","layer":"Labels","category":"Taxiway labels","object_type":"Label","style_id":"label.taxiways","airport":"LFMN","geometry_role":"text_label","text-field":"U"},"geometry":{"type":"Point","coordinates":[7.217911667,43.664399444]}},{"type":"Feature","id":"label.taxiways.047","properties":{"name":"U (6)","layer":"Labels","category":"Taxiway labels","object_type":"Label","style_id":"label.taxiways","airport":"LFMN","geometry_role":"text_label","text-field":"U"},"geometry":{"type":"Point","coordinates":[7.221488333,43.667132778]}},{"type":"Feature","id":"label.taxiways.048","properties":{"name":"U (7)","layer":"Labels","category":"Taxiway labels","object_type":"Label","style_id":"label.taxiways","airport":"LFMN","geometry_role":"text_label","text-field":"U"},"geometry":{"type":"Point","coordinates":[7.224856667,43.669433333]}},{"type":"Feature","id":"label.taxiways.049","properties":{"name":"V (1)","layer":"Labels","category":"Taxiway labels","object_type":"Label","style_id":"label.taxiways","airport":"LFMN","geometry_role":"text_label","text-field":"V"},"geometry":{"type":"Point","coordinates":[7.203236667,43.649698889]}},{"type":"Feature","id":"label.taxiways.050","properties":{"name":"V (2)","layer":"Labels","category":"Taxiway labels","object_type":"Label","style_id":"label.taxiways","airport":"LFMN","geometry_role":"text_label","text-field":"V"},"geometry":{"type":"Point","coordinates":[7.206396667,43.651953889]}},{"type":"Feature","id":"label.taxiways.051","properties":{"name":"W (1)","layer":"Labels","category":"Taxiway labels","object_type":"Label","style_id":"label.taxiways","airport":"LFMN","geometry_role":"text_label","text-field":"W"},"geometry":{"type":"Point","coordinates":[7.203792222,43.649288889]}},{"type":"Feature","id":"label.taxiways.052","properties":{"name":"W (2)","layer":"Labels","category":"Taxiway labels","object_type":"Label","style_id":"label.taxiways","airport":"LFMN","geometry_role":"text_label","text-field":"W"},"geometry":{"type":"Point","coordinates":[7.207403611,43.651931111]}},{"type":"Feature","id":"label.taxiways.053","properties":{"name":"W3","layer":"Labels","category":"Taxiway labels","object_type":"Label","style_id":"label.taxiways","airport":"LFMN","geometry_role":"text_label","text-field":"W3"},"geometry":{"type":"Point","coordinates":[7.201604444,43.647079444]}},{"type":"Feature","id":"label.taxiways.054","properties":{"name":"Y","layer":"Labels","category":"Taxiway labels","object_type":"Label","style_id":"label.taxiways","airport":"LFMN","geometry_role":"text_label","text-field":"Y"},"geometry":{"type":"Point","coordinates":[7.225218056,43.664891667]}},{"properties":{"airport":"LFMN","category":"AMSR labels","geometry_role":"text_label","layer":"Labels","name":"1300","object_type":"Label","style_id":"label.amsr","text-field":"1300","text-halo-width":0,"text-size":11,"vsmr_group_ids":[]},"geometry":{"type":"Point","coordinates":[7.199627222,43.606538611]},"id":"label.amsr.001","type":"Feature"},{"properties":{"airport":"LFMN","category":"AMSR labels","geometry_role":"text_label","layer":"Labels","name":"13000","object_type":"Label","style_id":"label.amsr","text-field":"13000","text-halo-width":0,"text-size":11,"vsmr_group_ids":[]},"geometry":{"type":"Point","coordinates":[6.905119167,44.042730833]},"id":"label.amsr.002","type":"Feature"},{"properties":{"airport":"LFMN","category":"AMSR labels","geometry_role":"text_label","layer":"Labels","name":"1500","object_type":"Label","style_id":"label.amsr","text-field":"1500","text-halo-width":0,"text-size":11,"vsmr_group_ids":[]},"geometry":{"type":"Point","coordinates":[7.730988056,43.236448889]},"id":"label.amsr.003","type":"Feature"},{"properties":{"airport":"LFMN","category":"AMSR labels","geometry_role":"text_label","layer":"Labels","name":"2000","object_type":"Label","style_id":"label.amsr","text-field":"2000","text-halo-width":0,"text-size":11,"vsmr_group_ids":[]},"geometry":{"type":"Point","coordinates":[6.803833333,43.398570833]},"id":"label.amsr.004","type":"Feature"},{"properties":{"airport":"LFMN","category":"AMSR labels","geometry_role":"text_label","layer":"Labels","name":"3000 (1)","object_type":"Label","style_id":"label.amsr","text-field":"3000","text-halo-width":0,"text-size":11,"vsmr_group_ids":[]},"geometry":{"type":"Point","coordinates":[6.621518889,43.295452222]},"id":"label.amsr.005","type":"Feature"},{"properties":{"airport":"LFMN","category":"AMSR labels","geometry_role":"text_label","layer":"Labels","name":"3000 (2)","object_type":"Label","style_id":"label.amsr","text-field":"3000","text-halo-width":0,"text-size":11,"vsmr_group_ids":[]},"geometry":{"type":"Point","coordinates":[7.561139722,43.727146944]},"id":"label.amsr.006","type":"Feature"},{"properties":{"airport":"LFMN","category":"AMSR labels","geometry_role":"text_label","layer":"Labels","name":"3500","object_type":"Label","style_id":"label.amsr","text-field":"3500","text-halo-width":0,"text-size":11,"vsmr_group_ids":[]},"geometry":{"type":"Point","coordinates":[6.521791389,43.472119444]},"id":"label.amsr.007","type":"Feature"},{"properties":{"airport":"LFMN","category":"AMSR labels","geometry_role":"text_label","layer":"Labels","name":"4000","object_type":"Label","style_id":"label.amsr","text-field":"4000","text-halo-width":0,"text-size":11,"vsmr_group_ids":[]},"geometry":{"type":"Point","coordinates":[6.172745,43.3067925]},"id":"label.amsr.008","type":"Feature"},{"properties":{"airport":"LFMN","category":"AMSR labels","geometry_role":"text_label","layer":"Labels","name":"5500 (1)","object_type":"Label","style_id":"label.amsr","text-field":"5500","text-halo-width":0,"text-size":11,"vsmr_group_ids":[]},"geometry":{"type":"Point","coordinates":[6.320778056,43.577195278]},"id":"label.amsr.009","type":"Feature"},{"properties":{"airport":"LFMN","category":"AMSR labels","geometry_role":"text_label","layer":"Labels","name":"5500 (2)","object_type":"Label","style_id":"label.amsr","text-field":"5500","text-halo-width":0,"text-size":11,"vsmr_group_ids":[]},"geometry":{"type":"Point","coordinates":[6.881745556,43.643761389]},"id":"label.amsr.010","type":"Feature"},{"properties":{"airport":"LFMN","category":"AMSR labels","geometry_role":"text_label","layer":"Labels","name":"7000","object_type":"Label","style_id":"label.amsr","text-field":"7000","text-halo-width":0,"text-size":11,"vsmr_group_ids":[]},"geometry":{"type":"Point","coordinates":[7.185603056,43.889078333]},"id":"label.amsr.011","type":"Feature"},{"properties":{"airport":"LFMN","category":"AMSR labels","geometry_role":"text_label","layer":"Labels","name":"7800","object_type":"Label","style_id":"label.amsr","text-field":"7800","text-halo-width":0,"text-size":11,"vsmr_group_ids":[]},"geometry":{"type":"Point","coordinates":[6.909793889,43.878970556]},"id":"label.amsr.012","type":"Feature"},{"properties":{"airport":"LFMN","category":"VFR point labels","geometry_role":"text_label","layer":"Labels","name":"E","object_type":"Label","style_id":"label.vfr_points","text-field":"E","text-halo-width":0,"text-size":11,"vsmr_group_ids":["vfr-points"]},"geometry":{"type":"Point","coordinates":[7.511111111,43.75]},"id":"label.vfr_points.001","type":"Feature"},{"properties":{"airport":"LFMN","category":"VFR point labels","geometry_role":"text_label","layer":"Labels","name":"EA","object_type":"Label","style_id":"label.vfr_points","text-field":"EA","text-halo-width":0,"text-size":11,"vsmr_group_ids":["vfr-points"]},"geometry":{"type":"Point","coordinates":[7.345555556,43.654722222]},"id":"label.vfr_points.002","type":"Feature"},{"properties":{"airport":"LFMN","category":"VFR point labels","geometry_role":"text_label","layer":"Labels","name":"EC","object_type":"Label","style_id":"label.vfr_points","text-field":"EC","text-halo-width":0,"text-size":11,"vsmr_group_ids":["vfr-points"]},"geometry":{"type":"Point","coordinates":[7.426944444,43.701388889]},"id":"label.vfr_points.003","type":"Feature"},{"properties":{"airport":"LFMN","category":"VFR point labels","geometry_role":"text_label","layer":"Labels","name":"EW","object_type":"Label","style_id":"label.vfr_points","text-field":"EW","text-halo-width":0,"text-size":11,"vsmr_group_ids":["vfr-points"]},"geometry":{"type":"Point","coordinates":[6.98,43.66]},"id":"label.vfr_points.004","type":"Feature"},{"properties":{"airport":"LFMN","category":"VFR point labels","geometry_role":"text_label","layer":"Labels","name":"HE","object_type":"Label","style_id":"label.vfr_points","text-field":"HE","text-halo-width":0,"text-size":11,"vsmr_group_ids":["vfr-points"]},"geometry":{"type":"Point","coordinates":[7.246251111,43.641317222]},"id":"label.vfr_points.005","type":"Feature"},{"properties":{"airport":"LFMN","category":"VFR point labels","geometry_role":"text_label","layer":"Labels","name":"HS","object_type":"Label","style_id":"label.vfr_points","text-field":"HS","text-halo-width":0,"text-size":11,"vsmr_group_ids":["vfr-points"]},"geometry":{"type":"Point","coordinates":[7.225888889,43.62925]},"id":"label.vfr_points.006","type":"Feature"},{"properties":{"airport":"LFMN","category":"VFR point labels","geometry_role":"text_label","layer":"Labels","name":"HY","object_type":"Label","style_id":"label.vfr_points","text-field":"HY","text-halo-width":0,"text-size":11,"vsmr_group_ids":["vfr-points"]},"geometry":{"type":"Point","coordinates":[7.256166667,43.607222222]},"id":"label.vfr_points.007","type":"Feature"},{"properties":{"airport":"LFMN","category":"VFR point labels","geometry_role":"text_label","layer":"Labels","name":"HZ","object_type":"Label","style_id":"label.vfr_points","text-field":"HZ","text-halo-width":0,"text-size":11,"vsmr_group_ids":["vfr-points"]},"geometry":{"type":"Point","coordinates":[7.272666667,43.617916667]},"id":"label.vfr_points.008","type":"Feature"},{"properties":{"airport":"LFMN","category":"VFR point labels","geometry_role":"text_label","layer":"Labels","name":"NA","object_type":"Label","style_id":"label.vfr_points","text-field":"NA","text-halo-width":0,"text-size":11,"vsmr_group_ids":["vfr-points"]},"geometry":{"type":"Point","coordinates":[7.188888889,43.75]},"id":"label.vfr_points.009","type":"Feature"},{"properties":{"airport":"LFMN","category":"VFR point labels","geometry_role":"text_label","layer":"Labels","name":"NB","object_type":"Label","style_id":"label.vfr_points","text-field":"NB","text-halo-width":0,"text-size":11,"vsmr_group_ids":["vfr-points"]},"geometry":{"type":"Point","coordinates":[7.186666667,43.6975]},"id":"label.vfr_points.010","type":"Feature"},{"properties":{"airport":"LFMN","category":"VFR point labels","geometry_role":"text_label","layer":"Labels","name":"PE","object_type":"Label","style_id":"label.vfr_points","text-field":"PE","text-halo-width":0,"text-size":11,"vsmr_group_ids":["vfr-points"]},"geometry":{"type":"Point","coordinates":[7.274138889,43.638666667]},"id":"label.vfr_points.011","type":"Feature"},{"properties":{"airport":"LFMN","category":"VFR point labels","geometry_role":"text_label","layer":"Labels","name":"PS","object_type":"Label","style_id":"label.vfr_points","text-field":"PS","text-halo-width":0,"text-size":11,"vsmr_group_ids":["vfr-points"]},"geometry":{"type":"Point","coordinates":[7.226805556,43.60975]},"id":"label.vfr_points.012","type":"Feature"},{"properties":{"airport":"LFMN","category":"VFR point labels","geometry_role":"text_label","layer":"Labels","name":"PX","object_type":"Label","style_id":"label.vfr_points","text-field":"PX","text-halo-width":0,"text-size":11,"vsmr_group_ids":["vfr-points"]},"geometry":{"type":"Point","coordinates":[7.249305556,43.623805556]},"id":"label.vfr_points.013","type":"Feature"},{"properties":{"airport":"LFMN","category":"VFR point labels","geometry_role":"text_label","layer":"Labels","name":"SA","object_type":"Label","style_id":"label.vfr_points","text-field":"SA","text-halo-width":0,"text-size":11,"vsmr_group_ids":["vfr-points"]},"geometry":{"type":"Point","coordinates":[7.046944444,43.488888889]},"id":"label.vfr_points.014","type":"Feature"},{"properties":{"airport":"LFMN","category":"VFR point labels","geometry_role":"text_label","layer":"Labels","name":"SB","object_type":"Label","style_id":"label.vfr_points","text-field":"SB","text-halo-width":0,"text-size":11,"vsmr_group_ids":["vfr-points"]},"geometry":{"type":"Point","coordinates":[7.145111111,43.53525]},"id":"label.vfr_points.015","type":"Feature"},{"properties":{"airport":"LFMN","category":"VFR point labels","geometry_role":"text_label","layer":"Labels","name":"TE","object_type":"Label","style_id":"label.vfr_points","text-field":"TE","text-halo-width":0,"text-size":11,"vsmr_group_ids":["vfr-points"]},"geometry":{"type":"Point","coordinates":[7.3025,43.637194444]},"id":"label.vfr_points.016","type":"Feature"},{"properties":{"airport":"LFMN","category":"VFR point labels","geometry_role":"text_label","layer":"Labels","name":"TS","object_type":"Label","style_id":"label.vfr_points","text-field":"TS","text-halo-width":0,"text-size":11,"vsmr_group_ids":["vfr-points"]},"geometry":{"type":"Point","coordinates":[7.227833333,43.588888889]},"id":"label.vfr_points.017","type":"Feature"},{"properties":{"airport":"LFMN","category":"VFR point labels","geometry_role":"text_label","layer":"Labels","name":"WA","object_type":"Label","style_id":"label.vfr_points","text-field":"WA","text-halo-width":0,"text-size":11,"vsmr_group_ids":["vfr-points"]},"geometry":{"type":"Point","coordinates":[7.145472222,43.666972222]},"id":"label.vfr_points.018","type":"Feature"},{"properties":{"airport":"LFMN","category":"VFR point labels","geometry_role":"text_label","layer":"Labels","name":"WN","object_type":"Label","style_id":"label.vfr_points","text-field":"WN","text-halo-width":0,"text-size":11,"vsmr_group_ids":["vfr-points"]},"geometry":{"type":"Point","coordinates":[7.197222222,43.668333333]},"id":"label.vfr_points.019","type":"Feature"},{"properties":{"airport":"LFMN","category":"TMA labels","geometry_role":"text_label","layer":"Labels","name":"C 025/FL115","object_type":"Label","style_id":"label.tma","text-field":"C 025/FL115","text-halo-width":0,"text-size":11,"vsmr_group_ids":[]},"geometry":{"type":"Point","coordinates":[6.866312778,43.582899444]},"id":"label.tma.001","type":"Feature"},{"properties":{"airport":"LFMN","category":"TMA labels","geometry_role":"text_label","layer":"Labels","name":"C 035/FL115 (1)","object_type":"Label","style_id":"label.tma","text-field":"C 035/FL115","text-halo-width":0,"text-size":11,"vsmr_group_ids":[]},"geometry":{"type":"Point","coordinates":[6.672420556,43.417321389]},"id":"label.tma.002","type":"Feature"},{"properties":{"airport":"LFMN","category":"TMA labels","geometry_role":"text_label","layer":"Labels","name":"C 035/FL115 (2)","object_type":"Label","style_id":"label.tma","text-field":"C 035/FL115","text-halo-width":0,"text-size":11,"vsmr_group_ids":[]},"geometry":{"type":"Point","coordinates":[7.221388889,43.615740833]},"id":"label.tma.003","type":"Feature"},{"properties":{"airport":"LFMN","category":"TMA labels","geometry_role":"text_label","layer":"Labels","name":"C FL55/FL115","object_type":"Label","style_id":"label.tma","text-field":"C FL55/FL115","text-halo-width":0,"text-size":11,"vsmr_group_ids":[]},"geometry":{"type":"Point","coordinates":[6.518657222,43.459676111]},"id":"label.tma.004","type":"Feature"},{"properties":{"airport":"LFMN","category":"TMA labels","geometry_role":"text_label","layer":"Labels","name":"D 015/FL195","object_type":"Label","style_id":"label.tma","text-field":"D 015/FL195","text-halo-width":0,"text-size":11,"vsmr_group_ids":[]},"geometry":{"type":"Point","coordinates":[7.889004722,43.188013333]},"id":"label.tma.005","type":"Feature"},{"properties":{"airport":"LFMN","category":"TMA labels","geometry_role":"text_label","layer":"Labels","name":"D 025/FL195","object_type":"Label","style_id":"label.tma","text-field":"D 025/FL195","text-halo-width":0,"text-size":11,"vsmr_group_ids":[]},"geometry":{"type":"Point","coordinates":[8.111850278,43.349312778]},"id":"label.tma.006","type":"Feature"},{"properties":{"airport":"LFMN","category":"TMA labels","geometry_role":"text_label","layer":"Labels","name":"D 035/FL195","object_type":"Label","style_id":"label.tma","text-field":"D 035/FL195","text-halo-width":0,"text-size":11,"vsmr_group_ids":[]},"geometry":{"type":"Point","coordinates":[6.522881944,43.244548611]},"id":"label.tma.007","type":"Feature"},{"properties":{"airport":"LFMN","category":"TMA labels","geometry_role":"text_label","layer":"Labels","name":"D FL115/FL195 (1)","object_type":"Label","style_id":"label.tma","text-field":"D FL115/FL195","text-halo-width":0,"text-size":11,"vsmr_group_ids":[]},"geometry":{"type":"Point","coordinates":[6.518657222,43.426402222]},"id":"label.tma.008","type":"Feature"},{"properties":{"airport":"LFMN","category":"TMA labels","geometry_role":"text_label","layer":"Labels","name":"D FL115/FL195 (2)","object_type":"Label","style_id":"label.tma","text-field":"D FL115/FL195","text-halo-width":0,"text-size":11,"vsmr_group_ids":[]},"geometry":{"type":"Point","coordinates":[6.672420556,43.450595278]},"id":"label.tma.009","type":"Feature"},{"properties":{"airport":"LFMN","category":"TMA labels","geometry_role":"text_label","layer":"Labels","name":"D FL115/FL195 (3)","object_type":"Label","style_id":"label.tma","text-field":"D FL115/FL195","text-halo-width":0,"text-size":11,"vsmr_group_ids":[]},"geometry":{"type":"Point","coordinates":[6.866312778,43.549625556]},"id":"label.tma.010","type":"Feature"},{"properties":{"airport":"LFMN","category":"TMA labels","geometry_role":"text_label","layer":"Labels","name":"D FL115/FL195 (4)","object_type":"Label","style_id":"label.tma","text-field":"D FL115/FL195","text-halo-width":0,"text-size":11,"vsmr_group_ids":[]},"geometry":{"type":"Point","coordinates":[7.221388889,43.582466944]},"id":"label.tma.011","type":"Feature"},{"properties":{"airport":"LFMN","category":"TMA labels","geometry_role":"text_label","layer":"Labels","name":"D FL115/FL195 (5)","object_type":"Label","style_id":"label.tma","text-field":"D FL115/FL195","text-halo-width":0,"text-size":11,"vsmr_group_ids":[]},"geometry":{"type":"Point","coordinates":[6.840596389,44.168645]},"id":"label.tma.012","type":"Feature"},{"properties":{"airport":"LFMN","category":"TMA labels","geometry_role":"text_label","layer":"Labels","name":"D FL55/FL195","object_type":"Label","style_id":"label.tma","text-field":"D FL55/FL195","text-halo-width":0,"text-size":11,"vsmr_group_ids":[]},"geometry":{"type":"Point","coordinates":[6.258968333,43.335793611]},"id":"label.tma.013","type":"Feature"},{"properties":{"airport":"LFMN","category":"TMA labels","geometry_role":"text_label","layer":"Labels","name":"D FL65/FL195 (1)","object_type":"Label","style_id":"label.tma","text-field":"D FL65/FL195","text-halo-width":0,"text-size":11,"vsmr_group_ids":[]},"geometry":{"type":"Point","coordinates":[6.845858056,43.564786389]},"id":"label.tma.014","type":"Feature"},{"properties":{"airport":"LFMN","category":"TMA labels","geometry_role":"text_label","layer":"Labels","name":"D FL65/FL195 (2)","object_type":"Label","style_id":"label.tma","text-field":"D FL65/FL195","text-halo-width":0,"text-size":11,"vsmr_group_ids":[]},"geometry":{"type":"Point","coordinates":[6.976346111,43.651768056]},"id":"label.tma.015","type":"Feature"},{"properties":{"airport":"LFMN","category":"TMA labels","geometry_role":"text_label","layer":"Labels","name":"D FL75/FL195","object_type":"Label","style_id":"label.tma","text-field":"D FL75/FL195","text-halo-width":0,"text-size":11,"vsmr_group_ids":[]},"geometry":{"type":"Point","coordinates":[6.529930556,43.5753475]},"id":"label.tma.016","type":"Feature"},{"properties":{"airport":"LFMN","category":"TMA labels","geometry_role":"text_label","layer":"Labels","name":"D FL95/FL195 (1)","object_type":"Label","style_id":"label.tma","text-field":"D FL95/FL195","text-halo-width":0,"text-size":11,"vsmr_group_ids":[]},"geometry":{"type":"Point","coordinates":[6.2021825,43.562718333]},"id":"label.tma.017","type":"Feature"},{"properties":{"airport":"LFMN","category":"TMA labels","geometry_role":"text_label","layer":"Labels","name":"D FL95/FL195 (2)","object_type":"Label","style_id":"label.tma","text-field":"D FL95/FL195","text-halo-width":0,"text-size":11,"vsmr_group_ids":[]},"geometry":{"type":"Point","coordinates":[6.794944722,43.679781944]},"id":"label.tma.018","type":"Feature"},{"properties":{"airport":"LFMN","category":"TMA labels","geometry_role":"text_label","layer":"Labels","name":"E FL55/FL95","object_type":"Label","style_id":"label.tma","text-field":"E FL55/FL95","text-halo-width":0,"text-size":11,"vsmr_group_ids":[]},"geometry":{"type":"Point","coordinates":[6.2021825,43.595992222]},"id":"label.tma.019","type":"Feature"},{"properties":{"airport":"LFMN","category":"TMA labels","geometry_role":"text_label","layer":"Labels","name":"E FL65/FL95","object_type":"Label","style_id":"label.tma","text-field":"E FL65/FL95","text-halo-width":0,"text-size":11,"vsmr_group_ids":[]},"geometry":{"type":"Point","coordinates":[6.794944722,43.713055556]},"id":"label.tma.020","type":"Feature"}]}