{"type":"FeatureCollection","name":"LFPO AVISO","bbox":[2.310153611,48.212471944,2.64306,49.447141389],"metadata":{"schema":"vSMR AVISO","schema_version":2,"airport":"LFPO","coordinate_reference_system":"WGS84","coordinate_order":"longitude, latitude","default_color_palette":"night","color_palettes":["night","day"],"feature_count":640,"style_count":19,"layer_counts":{"Airfield surfaces":25,"Buildings and structures":46,"Guidance lines":21,"Labels":277,"Operational restrictions":25,"Surface markings":217,"Terrain":29},"category_counts":{"Active-configuration labels":2,"Airport outlines":2,"Buildings":46,"Closure areas":8,"Danger areas":1,"Gate and stand labels":177,"Grass":29,"Hard surfaces — type 2":3,"Hard surfaces — type 3":20,"Orange taxiway markings":4,"Prohibited areas":16,"Runway borders":7,"Runways":2,"Stand entry lines":2,"Surface marking lines":7,"Surface markings":211,"Taxiway centerlines":5,"Taxiway labels":98}},"styles":{"label.active_configuration":{"name":"Active-configuration labels","layer":"Labels","object_type":"Label","paint":{"text-anchor":"center","text-color":"#CCCCCC","text-font":"Arial","text-halo-color":"#000000","text-halo-width":1,"text-size":12,"zoomLevel":6},"feature_count":2},"label.gates_stands":{"name":"Gate and stand labels","layer":"Labels","object_type":"Label","paint":{"text-anchor":"center","text-color":"#CCCCCC","text-font":"Arial","text-halo-color":"#000000","text-halo-width":1,"text-size":12,"zoomLevel":9},"feature_count":177},"label.taxiways":{"name":"Taxiway labels","layer":"Labels","object_type":"Label","paint":{"text-anchor":"center","text-color":"#CCCCCC","text-font":"Arial","text-halo-color":"#000000","text-halo-width":1,"text-size":12,"zoomLevel":7},"feature_count":98},"line.airport_outline":{"name":"Airport outlines","layer":"Guidance lines","object_type":"Line","paint":{"stroke":"#919060","stroke-opacity":1.0,"stroke-width":1.5},"feature_count":2},"line.runway_border":{"name":"Runway borders","layer":"Guidance lines","object_type":"Line","paint":{"stroke":"#808080","stroke-opacity":1.0,"stroke-width":1.5},"feature_count":5},"line.stand_entry":{"name":"Stand entry lines","layer":"Guidance lines","object_type":"Line","paint":{"stroke":"#1E5A6E","stroke-opacity":1.0,"stroke-width":1.5},"feature_count":2},"line.surface_markings":{"name":"Surface marking lines","layer":"Guidance lines","object_type":"Line","paint":{"stroke":"#666666","stroke-opacity":1.0,"stroke-width":1.5},"feature_count":7},"line.taxiway_centerline":{"name":"Taxiway centerlines","layer":"Guidance lines","object_type":"Line","paint":{"stroke":"#4E5A69","stroke-opacity":1.0,"stroke-width":1.5},"feature_count":5},"marking.runway_border":{"name":"Runway borders","layer":"Surface markings","object_type":"Area","paint":{"fill":"#808080","fill-opacity":1.0,"stroke":"#808080","stroke-opacity":1.0,"stroke-width":0.5},"feature_count":2},"marking.surface":{"name":"Surface markings","layer":"Surface markings","object_type":"Area","paint":{"fill":"#666666","fill-opacity":1.0,"stroke":"#666666","stroke-opacity":1.0,"stroke-width":0.5},"feature_count":211},"marking.taxiway_orange":{"name":"Orange taxiway markings","layer":"Surface markings","object_type":"Area","paint":{"fill":"#CC8B00","fill-opacity":1.0,"stroke":"#CC8B00","stroke-opacity":1.0,"stroke-width":0.5},"feature_count":4},"restriction.closure_area":{"name":"Closure areas","layer":"Operational restrictions","object_type":"Area","paint":{"fill":"#FF0000","fill-opacity":1.0,"stroke":"#FF0000","stroke-opacity":1.0,"stroke-width":0.5},"feature_count":8},"restriction.danger_area":{"name":"Danger areas","layer":"Operational restrictions","object_type":"Area","paint":{"fill":"#2F3C45","fill-opacity":1.0,"stroke":"#2F3C45","stroke-opacity":1.0,"stroke-width":0.5},"feature_count":1},"restriction.prohibited_area":{"name":"Prohibited areas","layer":"Operational restrictions","object_type":"Area","paint":{"fill":"#5F272A","fill-opacity":1.0,"stroke":"#5F272A","stroke-opacity":1.0,"stroke-width":0.5},"feature_count":16},"structure.building":{"name":"Buildings","layer":"Buildings and structures","object_type":"Area","paint":{"fill":"#475570","fill-opacity":1.0,"stroke":"#475570","stroke-opacity":1.0,"stroke-width":0.5,"palette-overrides":{"day":{"fill":"#394446","stroke":"#394446"}}},"feature_count":46},"surface.hard_surface_2":{"name":"Hard surfaces — type 2","layer":"Airfield surfaces","object_type":"Area","paint":{"fill":"#2F3949","fill-opacity":1.0,"stroke":"#2F3949","stroke-opacity":1.0,"stroke-width":0.5,"palette-overrides":{"day":{"fill":"#595E5B","stroke":"#595E5B"}}},"feature_count":3},"surface.hard_surface_3":{"name":"Hard surfaces — type 3","layer":"Airfield surfaces","object_type":"Area","paint":{"fill":"#222D3C","fill-opacity":1.0,"stroke":"#222D3C","stroke-opacity":1.0,"stroke-width":0.5,"palette-overrides":{"day":{"fill":"#8A807F","stroke":"#8A807F"}}},"feature_count":20},"surface.runway":{"name":"Runways","layer":"Airfield surfaces","object_type":"Area","paint":{"fill":"#111318","fill-opacity":1.0,"stroke":"#111318","stroke-opacity":1.0,"stroke-width":0.5},"feature_count":2},"terrain.grass":{"name":"Grass","layer":"Terrain","object_type":"Area","paint":{"fill":"#010D19","fill-opacity":1.0,"stroke":"#010D19","stroke-opacity":1.0,"stroke-width":0.5,"palette-overrides":{"day":{"fill":"#00512F","stroke":"#00512F"}}},"feature_count":29}},"features":[{"type":"Feature","id":"terrain.grass.001","properties":{"name":"Grass area 001","layer":"Terrain","category":"Grass","object_type":"Area","style_id":"terrain.grass","airport":"LFPO","geometry_role":"filled_region","vsmr_group_ids":[[]]},"geometry":{"type":"Polygon","coordinates":[[[2.3103225,48.715901389],[2.312246944,48.715568056],[2.314826944,48.716019722],[2.322503056,48.717526111],[2.324031944,48.717858333],[2.327478056,48.718493333],[2.329070556,48.718602778],[2.329391111,48.718512778],[2.329796389,48.718566944],[2.340655278,48.720589722],[2.342654167,48.719970833],[2.342174167,48.719303611],[2.343654722,48.718781389],[2.343308611,48.7182475],[2.342713333,48.717032222],[2.342536111,48.716458889],[2.342700278,48.71587],[2.343182222,48.715389722],[2.343946389,48.715072222],[2.344803611,48.714971944],[2.345566667,48.715065],[2.354642778,48.716770833],[2.355885833,48.717146944],[2.3567775,48.717395833],[2.357308056,48.717506944],[2.357859444,48.717562778],[2.358708333,48.717614167],[2.359459722,48.717682778],[2.360210833,48.717784167],[2.368296667,48.719222222],[2.369194444,48.719425833],[2.369716667,48.719643611],[2.37005,48.719860556],[2.370411944,48.720202778],[2.371518889,48.720390556],[2.371959167,48.7201125],[2.372677778,48.718676667],[2.372274167,48.718541944],[2.372126667,48.718237778],[2.372198611,48.717617222],[2.372638889,48.716862778],[2.373654444,48.715705833],[2.374411389,48.714877778],[2.375631667,48.714208611],[2.377090556,48.713905],[2.378916667,48.714002222],[2.381130833,48.714356944],[2.382438889,48.714820833],[2.384734167,48.715929167],[2.385868611,48.716396111],[2.387099722,48.7166175],[2.388164444,48.71663],[2.391464167,48.716222222],[2.392116667,48.716234167],[2.392695556,48.716443333],[2.393796944,48.716886667],[2.395364722,48.717107222],[2.397176667,48.71702],[2.398993611,48.716946667],[2.399229722,48.717030833],[2.399506389,48.717521389],[2.400006944,48.718196944],[2.400601111,48.718815],[2.401485,48.719528333],[2.402636944,48.720395833],[2.403846944,48.721370833],[2.4057575,48.722844167],[2.406676389,48.723866667],[2.407235278,48.724746111],[2.407253889,48.725911111],[2.406963889,48.726714722],[2.406391111,48.727547778],[2.405786111,48.728560556],[2.405028333,48.729501944],[2.404078889,48.730111667],[2.402802778,48.730519444],[2.401578056,48.730603611],[2.400266111,48.7304875],[2.398530833,48.730241944],[2.396781944,48.730080833],[2.395949444,48.730042222],[2.395521111,48.730184444],[2.3953325,48.7304425],[2.395452778,48.730929167],[2.395769444,48.731628333],[2.396247778,48.732148056],[2.396797222,48.73251],[2.3978125,48.733022222],[2.398940278,48.733581944],[2.399580556,48.734011944],[2.400711389,48.734400833],[2.401351667,48.734667778],[2.401321667,48.734940278],[2.400823889,48.735487778],[2.400095,48.736155278],[2.399374444,48.736586111],[2.398469722,48.736923889],[2.397443056,48.737118611],[2.396266667,48.737175833],[2.394434167,48.737205556],[2.393434167,48.737205278],[2.392653889,48.737357778],[2.392186667,48.737586667],[2.391776389,48.737846667],[2.391508611,48.738138611],[2.3912275,48.738553333],[2.390827222,48.739021944],[2.390308056,48.739414444],[2.389695,48.739738611],[2.389033611,48.739943611],[2.388293333,48.74004],[2.387602778,48.740089444],[2.387047222,48.740205278],[2.386651111,48.740410833],[2.386316389,48.740683056],[2.386145278,48.741055556],[2.386177778,48.741494722],[2.386276111,48.7440675],[2.386246667,48.744519444],[2.386054167,48.744885278],[2.385721944,48.745117778],[2.385271944,48.745278333],[2.384431944,48.745330556],[2.383677778,48.745380278],[2.383214167,48.745469722],[2.382903333,48.745603333],[2.382469722,48.745888611],[2.382148333,48.746085556],[2.381781667,48.746193889],[2.381338611,48.746219444],[2.372704167,48.7461575],[2.370998889,48.746123056],[2.370303333,48.746020556],[2.369886944,48.745906389],[2.369624167,48.745734444],[2.369532222,48.745453889],[2.369482778,48.744779722],[2.369553889,48.743775833],[2.369676389,48.743784444],[2.369877222,48.739600833],[2.369965556,48.739596944],[2.369989444,48.739200278],[2.370865278,48.739171389],[2.370885833,48.739407222],[2.370755278,48.739464722],[2.370773333,48.739775],[2.371516667,48.739783889],[2.371672222,48.739763333],[2.371790278,48.739729722],[2.371969722,48.739665278],[2.372153611,48.739611389],[2.372350278,48.739586111],[2.374201389,48.739623056],[2.374251667,48.738946944],[2.3769225,48.738965278],[2.378481389,48.738889722],[2.379010833,48.737746389],[2.377993889,48.735729167],[2.375445556,48.735273333],[2.376094722,48.733751667],[2.371871944,48.732971389],[2.372600833,48.730834167],[2.37255,48.730482222],[2.372375556,48.7302725],[2.372038333,48.729999722],[2.371431389,48.729851667],[2.362097222,48.728418611],[2.361406111,48.728580556],[2.361050556,48.728963056],[2.360901111,48.729296389],[2.361087778,48.729691389],[2.361476111,48.730158611],[2.362026111,48.730479444],[2.362423611,48.730627222],[2.362697778,48.730823889],[2.362753611,48.731055833],[2.362720556,48.731360278],[2.361866111,48.733795833],[2.361905833,48.733917222],[2.362166667,48.734111389],[2.362606389,48.734277222],[2.36454,48.734633333],[2.364588611,48.734677778],[2.364463611,48.734920278],[2.364689167,48.734958611],[2.36465,48.735051667],[2.365015,48.735178611],[2.364453333,48.736546944],[2.364509444,48.736605556],[2.364366389,48.736949444],[2.364201944,48.737013611],[2.363778611,48.738048611],[2.363520833,48.738001667],[2.3631375,48.738249167],[2.362589167,48.738556111],[2.362346944,48.738650278],[2.362105,48.738696389],[2.361858889,48.738691667],[2.361679444,48.738710556],[2.361386944,48.738741389],[2.361070833,48.738703056],[2.360751389,48.738613333],[2.360841111,48.738348056],[2.358879722,48.737640556],[2.358762222,48.737559444],[2.358670278,48.737458333],[2.358532778,48.737236389],[2.358104167,48.737266667],[2.35766,48.737041111],[2.357404722,48.737061389],[2.357221389,48.736694444],[2.354785556,48.735863611],[2.354662222,48.735886389],[2.352415278,48.735094167],[2.352132222,48.734464722],[2.338175278,48.729513056],[2.338012778,48.729513056],[2.335753611,48.728725556],[2.335353889,48.728186389],[2.334666389,48.727759722],[2.333791667,48.7274625],[2.332887222,48.727254167],[2.330869722,48.726860833],[2.324305278,48.725391944],[2.313725833,48.721698889],[2.312345833,48.721863889],[2.310153611,48.716238333],[2.3103225,48.715901389]]]}},{"type":"Feature","id":"surface.hard_surface_3.001","properties":{"name":"Hard surface type 3 001","layer":"Airfield surfaces","category":"Hard surfaces — type 3","object_type":"Area","style_id":"surface.hard_surface_3","airport":"LFPO","geometry_role":"filled_region","vsmr_group_ids":[[]]},"geometry":{"type":"Polygon","coordinates":[[[2.357488889,48.725258611],[2.358213056,48.725305],[2.358332778,48.72528],[2.358487778,48.725240278],[2.358675556,48.725196389],[2.358961667,48.725136389],[2.359097778,48.725109722],[2.359210833,48.725090833],[2.359323889,48.725079444],[2.359475,48.725068056],[2.359614167,48.725064444],[2.359753056,48.725064444],[2.359950278,48.725071667],[2.360132222,48.725086111],[2.360290556,48.725106111],[2.360411111,48.725125278],[2.364663056,48.725913889],[2.365558889,48.726078333],[2.365786667,48.726121944],[2.366018056,48.726179167],[2.366374444,48.726264167],[2.366613889,48.726322778],[2.367352222,48.726505833],[2.368540833,48.726796944],[2.368696389,48.7268375],[2.368791111,48.7268575],[2.369142778,48.726916389],[2.369907778,48.727060556],[2.370032778,48.727075556],[2.370175556,48.727081944],[2.370320556,48.727083611],[2.370475556,48.727093333],[2.370656667,48.727118611],[2.373643056,48.727678611],[2.373826389,48.727716667],[2.373918889,48.727734167],[2.37399,48.727753056],[2.374047222,48.727775],[2.374117222,48.727801389],[2.374175278,48.727814444],[2.374271667,48.72783],[2.374370556,48.727860833],[2.374445833,48.727886111],[2.3746925,48.727943889],[2.376974722,48.727979444],[2.378255556,48.730120833],[2.375822222,48.731784167],[2.374968889,48.731550556],[2.374888333,48.731275833],[2.374885833,48.730930833],[2.375198333,48.730173889],[2.373722222,48.72875],[2.368611667,48.727806111],[2.363300833,48.726893056],[2.359473333,48.727315833],[2.358794444,48.728971111],[2.360364167,48.730896667],[2.360587222,48.731019722],[2.362266667,48.731257222],[2.362065833,48.731767778],[2.362111944,48.732172222],[2.362153056,48.732230556],[2.362111944,48.7322925],[2.361896944,48.732755833],[2.361639722,48.732643611],[2.355531944,48.7297325],[2.357488889,48.725258611]]]}},{"type":"Feature","id":"surface.hard_surface_3.002","properties":{"name":"Hard surface type 3 002","layer":"Airfield surfaces","category":"Hard surfaces — type 3","object_type":"Area","style_id":"surface.hard_surface_3","airport":"LFPO","geometry_role":"filled_region","vsmr_group_ids":[[]]},"geometry":{"type":"Polygon","coordinates":[[[2.354430556,48.724615278],[2.355043611,48.724733333],[2.355107222,48.724820278],[2.355119722,48.724863889],[2.355123333,48.724930278],[2.355118333,48.725020833],[2.355099167,48.725126389],[2.35507,48.725249722],[2.355043333,48.725328889],[2.3550675,48.725450278],[2.354036389,48.727877222],[2.353069167,48.727719444],[2.354430556,48.724615278]]]}},{"type":"Feature","id":"surface.hard_surface_3.003","properties":{"name":"Hard surface type 3 003","layer":"Airfield surfaces","category":"Hard surfaces — type 3","object_type":"Area","style_id":"surface.hard_surface_3","airport":"LFPO","geometry_role":"filled_region","vsmr_group_ids":[[]]},"geometry":{"type":"Polygon","coordinates":[[[2.350938333,48.726760833],[2.350919722,48.726522778],[2.350921389,48.72647],[2.350952222,48.726381667],[2.351472778,48.725148333],[2.351506389,48.725077222],[2.35155,48.725030556],[2.351703056,48.724894167],[2.351748333,48.7248375],[2.351792222,48.724765278],[2.352032222,48.724196111],[2.352832222,48.724338056],[2.352973611,48.724584444],[2.352005833,48.72689],[2.351917778,48.726946667],[2.350938333,48.726760833]]]}},{"type":"Feature","id":"surface.hard_surface_3.004","properties":{"name":"Hard surface type 3 004","layer":"Airfield surfaces","category":"Hard surfaces — type 3","object_type":"Area","style_id":"surface.hard_surface_3","airport":"LFPO","geometry_role":"filled_region","vsmr_group_ids":[[]]},"geometry":{"type":"Polygon","coordinates":[[[2.351649444,48.724143889],[2.351846111,48.724180278],[2.351573889,48.724828611],[2.34962,48.724472778],[2.349899167,48.723812222],[2.350138056,48.723855],[2.350163889,48.723793333],[2.351678333,48.724058611],[2.351649444,48.724143889]]]}},{"type":"Feature","id":"surface.hard_surface_3.005","properties":{"name":"Hard surface type 3 005","layer":"Airfield surfaces","category":"Hard surfaces — type 3","object_type":"Area","style_id":"surface.hard_surface_3","airport":"LFPO","geometry_role":"filled_region","vsmr_group_ids":[[]]},"geometry":{"type":"Polygon","coordinates":[[[2.349530833,48.724532778],[2.350614167,48.72473],[2.350661667,48.724746111],[2.35071,48.724778889],[2.350740833,48.724815278],[2.350750833,48.724847778],[2.350741944,48.724888611],[2.350140556,48.726330833],[2.349279722,48.726173056],[2.348848611,48.726090556],[2.348871944,48.726022778],[2.349530833,48.724532778]]]}},{"type":"Feature","id":"surface.hard_surface_3.006","properties":{"name":"Hard surface type 3 006","layer":"Airfield surfaces","category":"Hard surfaces — type 3","object_type":"Area","style_id":"surface.hard_surface_3","airport":"LFPO","geometry_role":"filled_region","vsmr_group_ids":[[]]},"geometry":{"type":"Polygon","coordinates":[[[2.35824,48.72236],[2.3620975,48.723081944],[2.361801944,48.723777222],[2.357948056,48.723061667],[2.35824,48.72236]]]}},{"type":"Feature","id":"surface.hard_surface_3.007","properties":{"name":"Hard surface type 3 007","layer":"Airfield surfaces","category":"Hard surfaces — type 3","object_type":"Area","style_id":"surface.hard_surface_3","airport":"LFPO","geometry_role":"filled_region","vsmr_group_ids":[[]]},"geometry":{"type":"Polygon","coordinates":[[[2.363457222,48.724035278],[2.363711389,48.723438611],[2.363841111,48.723407222],[2.367880556,48.724148056],[2.367852778,48.724235833],[2.367860556,48.724293333],[2.3678975,48.724330278],[2.36809,48.724501111],[2.368131111,48.724531667],[2.368186389,48.724558889],[2.368278056,48.724607222],[2.368312222,48.724629722],[2.368471944,48.724802778],[2.368504167,48.724867778],[2.368512778,48.724921389],[2.368503611,48.724979722],[2.363790556,48.724097222],[2.363457222,48.724035278]]]}},{"type":"Feature","id":"surface.hard_surface_3.008","properties":{"name":"Hard surface type 3 008","layer":"Airfield surfaces","category":"Hard surfaces — type 3","object_type":"Area","style_id":"surface.hard_surface_3","airport":"LFPO","geometry_role":"filled_region","vsmr_group_ids":[[]]},"geometry":{"type":"Polygon","coordinates":[[[2.370926944,48.72496],[2.37475,48.725666944],[2.375084444,48.72539],[2.375179722,48.725315278],[2.375274167,48.725262778],[2.375407778,48.725209167],[2.375543889,48.725174444],[2.375637222,48.725368611],[2.375561944,48.725384167],[2.375471111,48.725415278],[2.375399167,48.7254525],[2.375324722,48.725507778],[2.375069444,48.725725833],[2.375236667,48.725757778],[2.375029722,48.726245556],[2.370723333,48.725429444],[2.370926944,48.72496]]]}},{"type":"Feature","id":"surface.hard_surface_3.009","properties":{"name":"Hard surface type 3 009","layer":"Airfield surfaces","category":"Hard surfaces — type 3","object_type":"Area","style_id":"surface.hard_surface_3","airport":"LFPO","geometry_role":"filled_region","vsmr_group_ids":[[]]},"geometry":{"type":"Polygon","coordinates":[[[2.377409167,48.731834167],[2.379160278,48.732158889],[2.380772222,48.735631944],[2.380344167,48.735722222],[2.380299167,48.735695278],[2.380214444,48.735670278],[2.380131389,48.735655],[2.380023333,48.735657222],[2.379866944,48.735657222],[2.379775556,48.735648333],[2.379714167,48.735630833],[2.3796675,48.735601389],[2.3796225,48.735576111],[2.379564167,48.735549722],[2.379489444,48.735537778],[2.379408056,48.735533333],[2.379358056,48.735515833],[2.379318056,48.735491667],[2.379285,48.73545],[2.379222778,48.735341389],[2.378024167,48.732944167],[2.377997778,48.732889444],[2.377989444,48.73284],[2.377983889,48.732786667],[2.377951111,48.732732222],[2.377899167,48.732697778],[2.377820556,48.7326725],[2.377729167,48.732665278],[2.377644167,48.732673333],[2.377553889,48.732661111],[2.37749,48.732634722],[2.377416111,48.732608333],[2.377332222,48.732582778],[2.377233056,48.732549722],[2.377199167,48.7325175],[2.377146944,48.732476667],[2.377060833,48.732430833],[2.376961667,48.732388889],[2.377409167,48.731834167]]]}},{"type":"Feature","id":"surface.hard_surface_3.010","properties":{"name":"Hard surface type 3 010","layer":"Airfield surfaces","category":"Hard surfaces — type 3","object_type":"Area","style_id":"surface.hard_surface_3","airport":"LFPO","geometry_role":"filled_region","vsmr_group_ids":[[]]},"geometry":{"type":"Polygon","coordinates":[[[2.380508611,48.740561111],[2.380509722,48.740299444],[2.380675278,48.74012],[2.380675556,48.739940278],[2.380521667,48.739755],[2.380526389,48.739594167],[2.380798056,48.739551944],[2.381078056,48.739555556],[2.381153056,48.739533056],[2.381315556,48.739450556],[2.381375278,48.739234444],[2.381445833,48.739213333],[2.381506111,48.739215],[2.382468056,48.739320556],[2.382574167,48.739295],[2.382675278,48.739264444],[2.3822975,48.740751111],[2.380508611,48.740561111]]]}},{"type":"Feature","id":"surface.hard_surface_3.011","properties":{"name":"Hard surface type 3 011","layer":"Airfield surfaces","category":"Hard surfaces — type 3","object_type":"Area","style_id":"surface.hard_surface_3","airport":"LFPO","geometry_role":"filled_region","vsmr_group_ids":[[]]},"geometry":{"type":"Polygon","coordinates":[[[2.382911667,48.742793889],[2.383402778,48.742796667],[2.383531944,48.742917778],[2.383525278,48.743033333],[2.3835325,48.743055278],[2.383552222,48.743068056],[2.383587778,48.743076111],[2.384070833,48.743121111],[2.384156667,48.743127778],[2.385561944,48.74314],[2.385547222,48.744024167],[2.383758611,48.744016389],[2.383760833,48.743435833],[2.383760833,48.743419722],[2.383749444,48.743402778],[2.383726389,48.74338],[2.383698333,48.7433675],[2.383651111,48.7433575],[2.38361,48.743359167],[2.383574167,48.743374167],[2.383535556,48.743395278],[2.383518889,48.743417222],[2.383505556,48.744382222],[2.381434722,48.744366111],[2.381469167,48.742778056],[2.382871389,48.742788056],[2.382911667,48.742793889]]]}},{"type":"Feature","id":"surface.hard_surface_3.012","properties":{"name":"Hard surface type 3 012","layer":"Airfield surfaces","category":"Hard surfaces — type 3","object_type":"Area","style_id":"surface.hard_surface_3","airport":"LFPO","geometry_role":"filled_region","vsmr_group_ids":[[]]},"geometry":{"type":"Polygon","coordinates":[[[2.379554444,48.742761111],[2.379838333,48.742764444],[2.379845833,48.743456389],[2.379385278,48.743450833],[2.379374722,48.743912778],[2.379861111,48.743921111],[2.379836667,48.744054167],[2.379389444,48.744049722],[2.379206389,48.744207222],[2.377536667,48.744179444],[2.377551944,48.7428025],[2.377705278,48.742800556],[2.377705278,48.742740278],[2.377870556,48.742727778],[2.379474444,48.742746667],[2.379554444,48.742761111]]]}},{"type":"Feature","id":"surface.hard_surface_3.013","properties":{"name":"Hard surface type 3 013","layer":"Airfield surfaces","category":"Hard surfaces — type 3","object_type":"Area","style_id":"surface.hard_surface_3","airport":"LFPO","geometry_role":"filled_region","vsmr_group_ids":[[]]},"geometry":{"type":"Polygon","coordinates":[[[2.379650556,48.7419275],[2.379647222,48.74188],[2.379652222,48.741849444],[2.379659167,48.741828611],[2.379671944,48.741817222],[2.379608333,48.741638056],[2.380115556,48.7415625],[2.380226389,48.741590833],[2.380286111,48.7416075],[2.380322778,48.741629444],[2.380328333,48.741649722],[2.380345,48.7416925],[2.380261111,48.741738889],[2.380299167,48.741773611],[2.380325278,48.741811944],[2.380343889,48.741858333],[2.380345556,48.741896111],[2.380335278,48.741896389],[2.380324444,48.741934167],[2.380298056,48.741985556],[2.379659722,48.741984722],[2.379650556,48.7419275]]]}},{"type":"Feature","id":"surface.hard_surface_3.014","properties":{"name":"Hard surface type 3 014","layer":"Airfield surfaces","category":"Hard surfaces — type 3","object_type":"Area","style_id":"surface.hard_surface_3","airport":"LFPO","geometry_role":"filled_region","vsmr_group_ids":[[]]},"geometry":{"type":"Polygon","coordinates":[[[2.378081389,48.741538889],[2.37826,48.741343056],[2.378238611,48.741285556],[2.378565556,48.7412375],[2.378612778,48.741373333],[2.378805278,48.741459444],[2.378879444,48.741448611],[2.379055,48.741985833],[2.378230556,48.741994722],[2.378081389,48.741538889]]]}},{"type":"Feature","id":"surface.hard_surface_3.015","properties":{"name":"Hard surface type 3 015","layer":"Airfield surfaces","category":"Hard surfaces — type 3","object_type":"Area","style_id":"surface.hard_surface_3","airport":"LFPO","geometry_role":"filled_region","vsmr_group_ids":[[]]},"geometry":{"type":"Polygon","coordinates":[[[2.373940278,48.741554722],[2.374221667,48.741378889],[2.376435556,48.741398611],[2.376424167,48.741921667],[2.376452778,48.741922778],[2.376457222,48.741445556],[2.376479444,48.741418611],[2.376659444,48.741293056],[2.376693611,48.741280278],[2.376743611,48.741278056],[2.377571667,48.741290833],[2.377605278,48.741308611],[2.377758889,48.741748889],[2.377788056,48.741963611],[2.373919167,48.741931111],[2.373940278,48.741554722]]]}},{"type":"Feature","id":"surface.hard_surface_3.016","properties":{"name":"Hard surface type 3 016","layer":"Airfield surfaces","category":"Hard surfaces — type 3","object_type":"Area","style_id":"surface.hard_surface_3","airport":"LFPO","geometry_role":"filled_region","vsmr_group_ids":[[]]},"geometry":{"type":"Polygon","coordinates":[[[2.370005278,48.742643611],[2.374378611,48.742655],[2.374334167,48.743518889],[2.369994722,48.743478333],[2.370005278,48.742643611]]]}},{"type":"Feature","id":"surface.hard_surface_3.017","properties":{"name":"Hard surface type 3 017","layer":"Airfield surfaces","category":"Hard surfaces — type 3","object_type":"Area","style_id":"surface.hard_surface_3","airport":"LFPO","geometry_role":"filled_region","vsmr_group_ids":[[]]},"geometry":{"type":"Polygon","coordinates":[[[2.373253611,48.741925],[2.372942222,48.7419225],[2.372974722,48.740346111],[2.373288333,48.740348889],[2.373253611,48.741925]]]}},{"type":"Feature","id":"surface.hard_surface_3.018","properties":{"name":"Hard surface type 3 018","layer":"Airfield surfaces","category":"Hard surfaces — type 3","object_type":"Area","style_id":"surface.hard_surface_3","airport":"LFPO","geometry_role":"filled_region","vsmr_group_ids":[[]]},"geometry":{"type":"Polygon","coordinates":[[[2.374114444,48.740577778],[2.374256667,48.740676389],[2.374108333,48.740766667],[2.373964722,48.740673333],[2.373641111,48.740672222],[2.373642222,48.740450278],[2.373501667,48.740353889],[2.374116944,48.740354444],[2.374114444,48.740577778]]]}},{"type":"Feature","id":"surface.hard_surface_3.019","properties":{"name":"Hard surface type 3 019","layer":"Airfield surfaces","category":"Hard surfaces — type 3","object_type":"Area","style_id":"surface.hard_surface_3","airport":"LFPO","geometry_role":"filled_region","vsmr_group_ids":[[]]},"geometry":{"type":"Polygon","coordinates":[[[2.377284167,48.741051944],[2.376211944,48.741036667],[2.376104167,48.740935278],[2.376121944,48.740362778],[2.375947778,48.740364444],[2.375932778,48.740936944],[2.375840278,48.741045278],[2.374786111,48.741034722],[2.374545,48.740351944],[2.377524444,48.740391944],[2.377284167,48.741051944]]]}},{"type":"Feature","id":"surface.hard_surface_2.001","properties":{"name":"Hard surface type 2 001","layer":"Airfield surfaces","category":"Hard surfaces — type 2","object_type":"Area","style_id":"surface.hard_surface_2","airport":"LFPO","geometry_role":"filled_region","vsmr_group_ids":[[]]},"geometry":{"type":"Polygon","coordinates":[[[2.375561667,48.723378889],[2.375673611,48.723733056],[2.375905556,48.724196944],[2.375925556,48.724212778],[2.375954444,48.724216667],[2.375977778,48.724213611],[2.375999722,48.724198889],[2.376065556,48.724079167],[2.376400833,48.724166389],[2.376339722,48.724284722],[2.376293056,48.724415278],[2.376266667,48.724565556],[2.376261667,48.724739167],[2.37627,48.724845278],[2.376378889,48.725072222],[2.376346389,48.725080556],[2.377168611,48.726736944],[2.377214722,48.726795833],[2.377318611,48.726862778],[2.3773875,48.72689],[2.377471111,48.726908056],[2.379170833,48.727221944],[2.379445278,48.727764444],[2.379407778,48.727814722],[2.379384167,48.727881667],[2.379373333,48.727975],[2.379380833,48.728115278],[2.379421667,48.728248333],[2.3795825,48.728628333],[2.379666111,48.728805278],[2.379549167,48.728838889],[2.3813725,48.732437778],[2.381492222,48.732415],[2.381641944,48.7326875],[2.381830833,48.732915278],[2.381979444,48.733025556],[2.382072778,48.733081389],[2.382196667,48.733125],[2.382459722,48.73318],[2.382425833,48.733248611],[2.382400833,48.733496111],[2.382328611,48.733511944],[2.382206667,48.733556389],[2.382109167,48.733628333],[2.382055833,48.733695278],[2.38206,48.733786944],[2.382093889,48.733866667],[2.382105556,48.733845],[2.383336667,48.736353611],[2.383455556,48.736338333],[2.383816944,48.737049444],[2.383939444,48.737208889],[2.384063056,48.7373275],[2.384184444,48.737415278],[2.384320278,48.7375075],[2.384519444,48.737609167],[2.384751389,48.737679722],[2.384500278,48.7379725],[2.384316944,48.737908611],[2.384226944,48.737893889],[2.384123056,48.737893889],[2.384022778,48.737911944],[2.383938611,48.737948889],[2.383884444,48.737989722],[2.383837778,48.738040833],[2.383814444,48.738080833],[2.383805556,48.738134167],[2.383811944,48.738186944],[2.383834722,48.738238056],[2.383875556,48.738285278],[2.383939444,48.738334722],[2.384033056,48.738373056],[2.384127778,48.738390556],[2.384287222,48.738355],[2.384335556,48.738358333],[2.384607778,48.738301944],[2.384746944,48.7385225],[2.384648889,48.738548889],[2.384681667,48.738607222],[2.3846025,48.738631944],[2.384443611,48.738671944],[2.3840375,48.738803333],[2.383928333,48.738862222],[2.383850278,48.738941944],[2.383783611,48.739028611],[2.383729167,48.739148056],[2.383646667,48.739325833],[2.383565833,48.739572778],[2.38346,48.739961944],[2.383360556,48.739954167],[2.382826111,48.742123333],[2.382784444,48.742426944],[2.382772222,48.742523611],[2.382769167,48.742613611],[2.382787222,48.742692778],[2.382808333,48.742742778],[2.382835278,48.7427775],[2.382901111,48.742793056],[2.381597222,48.742779167],[2.381684722,48.742764444],[2.381705833,48.742745556],[2.381707222,48.742709167],[2.381645833,48.742643889],[2.381565,48.742581667],[2.381455556,48.742545278],[2.381313889,48.742534444],[2.379843889,48.742518056],[2.379730833,48.74253],[2.379634167,48.74256],[2.379566944,48.742595278],[2.379504444,48.742645278],[2.3794825,48.742677222],[2.379471944,48.742708611],[2.379479444,48.742729167],[2.379507778,48.742748333],[2.379548611,48.742759722],[2.377942222,48.742746944],[2.377824722,48.742731111],[2.377896389,48.742719167],[2.377925833,48.742688333],[2.377902778,48.742634722],[2.37781,48.742561389],[2.3776875,48.742512222],[2.377559722,48.742501944],[2.375869167,48.742484444],[2.375743611,48.742503056],[2.375601389,48.742562778],[2.375523056,48.742628333],[2.375499444,48.742678611],[2.375480556,48.744324167],[2.372886389,48.744296111],[2.372899167,48.74342],[2.373933611,48.743430556],[2.374028889,48.743398056],[2.374106111,48.7433525],[2.374160833,48.743296389],[2.374195278,48.743236111],[2.374203333,48.743165278],[2.374203056,48.742933889],[2.374174722,48.742863056],[2.374108611,48.742796667],[2.374034444,48.742751111],[2.373945833,48.742718889],[2.373889444,48.742711111],[2.370004167,48.742678611],[2.370007778,48.742453889],[2.370002222,48.742406944],[2.36997,48.742356944],[2.369896111,48.742300556],[2.3699125,48.741941667],[2.369961667,48.741894444],[2.370017778,48.741824167],[2.370043056,48.741748611],[2.370388611,48.741753611],[2.370474722,48.741890556],[2.370603611,48.7419975],[2.370716667,48.742055833],[2.370873889,48.742120278],[2.370989722,48.742142222],[2.371098889,48.742126389],[2.371232222,48.742085],[2.371360556,48.7420075],[2.371474722,48.741853333],[2.3715525,48.741298056],[2.371573611,48.740052778],[2.37112,48.740051111],[2.371123056,48.739847222],[2.374696111,48.7398725],[2.375020278,48.739695278],[2.375011667,48.73931],[2.376044167,48.739311944],[2.376032778,48.739784444],[2.376080278,48.739844444],[2.376156944,48.739877778],[2.376255278,48.739895],[2.376376944,48.739885],[2.376458056,48.739850556],[2.376525556,48.739770278],[2.376516667,48.739320278],[2.376921944,48.739329444],[2.377382222,48.739895],[2.377382778,48.740026667],[2.377481111,48.740034722],[2.377486111,48.740100556],[2.377671667,48.7401025],[2.377552222,48.740402222],[2.374538889,48.7403725],[2.374444444,48.740076667],[2.373679722,48.740074167],[2.373558611,48.740086389],[2.373485,48.740108889],[2.373444444,48.740125556],[2.373795,48.740360833],[2.373506944,48.740357778],[2.373321944,48.740230833],[2.373293333,48.740296944],[2.373288333,48.740355],[2.372973056,48.740351389],[2.372975,48.740311111],[2.372955278,48.740258056],[2.372889167,48.740171111],[2.372769167,48.740103611],[2.372518333,48.740095],[2.372345,48.740115833],[2.372194167,48.740170556],[2.3720675,48.740244444],[2.371977222,48.740336111],[2.371928611,48.740435833],[2.371867778,48.7409375],[2.371856111,48.741094444],[2.371865,48.741346944],[2.371903333,48.741803611],[2.371936389,48.741900556],[2.372006389,48.741988889],[2.372101111,48.742062778],[2.372237778,48.742131389],[2.372347222,48.742155278],[2.372643333,48.742155833],[2.372734167,48.742126667],[2.372812778,48.742093333],[2.372883889,48.742034722],[2.372920833,48.741981111],[2.372938611,48.7419175],[2.373255278,48.7419225],[2.373267778,48.741966111],[2.373282778,48.742008056],[2.373333611,48.742062222],[2.373396944,48.742104722],[2.373531389,48.742161667],[2.373910278,48.742163056],[2.373918333,48.741928333],[2.377788333,48.741959444],[2.3779475,48.742200278],[2.378173056,48.742201667],[2.378221667,48.742179722],[2.378250556,48.742158889],[2.378261944,48.742123889],[2.378258056,48.742079167],[2.378221667,48.741965],[2.379050278,48.741971944],[2.379119722,48.742173611],[2.379148889,48.742211389],[2.379150278,48.742257222],[2.3794925,48.742259722],[2.379558056,48.742247778],[2.379606944,48.742225833],[2.379638056,48.742202778],[2.379663056,48.742165833],[2.379676111,48.742166667],[2.379658333,48.741975556],[2.380357222,48.741978889],[2.380346667,48.742025],[2.380363056,48.742221389],[2.380417778,48.742225833],[2.381025556,48.742234722],[2.381163611,48.742200278],[2.381882778,48.742196389],[2.381955278,48.742219722],[2.3820225,48.74221],[2.382118889,48.742175],[2.382259167,48.742113333],[2.382401389,48.741996667],[2.382480278,48.741880556],[2.382513333,48.741762778],[2.382527778,48.741608889],[2.382628611,48.7415875],[2.382653056,48.741494167],[2.382556389,48.741514722],[2.382392778,48.741530833],[2.382218333,48.741533333],[2.382090556,48.741528056],[2.381920833,48.7414975],[2.381787778,48.741462222],[2.3816425,48.741393889],[2.381524722,48.741314722],[2.381431944,48.741217778],[2.381373056,48.741128889],[2.381333056,48.741016389],[2.381323056,48.740929167],[2.381393056,48.740648333],[2.381937778,48.740706667],[2.381920556,48.740789722],[2.381928889,48.740871111],[2.381962222,48.740923889],[2.382032778,48.740994722],[2.382099722,48.74103],[2.382186667,48.741061389],[2.382250556,48.7410675],[2.382315,48.741061389],[2.382388889,48.741032778],[2.382480833,48.740976389],[2.382576944,48.740866389],[2.382618611,48.74081],[2.382623333,48.7407875],[2.382296389,48.740751111],[2.3827,48.739175],[2.382833333,48.739126944],[2.382944444,48.739080556],[2.383020556,48.73903],[2.383107778,48.738913333],[2.383171667,48.738785833],[2.383209722,48.738676389],[2.383299722,48.7386725],[2.3832275,48.7385075],[2.383153056,48.738425833],[2.38274,48.738305278],[2.382555,48.738227778],[2.382468056,48.738183333],[2.382393333,48.738128889],[2.382248333,48.737849444],[2.382127222,48.737501667],[2.382156111,48.737481389],[2.3820525,48.73728],[2.381960833,48.737083889],[2.381984722,48.737060278],[2.381438333,48.735971111],[2.381365,48.735925833],[2.381287222,48.7359025],[2.381168056,48.7358975],[2.381047222,48.735916667],[2.38089,48.735955],[2.379019444,48.732233889],[2.377435,48.731944167],[2.377358889,48.7321275],[2.376985278,48.732400556],[2.375105556,48.732050556],[2.374954722,48.731522778],[2.375458056,48.731613889],[2.375530556,48.731614167],[2.375980556,48.731551111],[2.376031389,48.731531667],[2.377969167,48.730140833],[2.3772025,48.728627778],[2.376712222,48.728318333],[2.3746925,48.727943889],[2.374445833,48.727886111],[2.374370556,48.727860833],[2.374271667,48.72783],[2.374175278,48.727814444],[2.374117222,48.727801389],[2.374047222,48.727775],[2.37399,48.727753056],[2.373918889,48.727734167],[2.373826389,48.727716667],[2.373643056,48.727678611],[2.370656667,48.727118611],[2.370475556,48.727093333],[2.370320556,48.727083611],[2.370175556,48.727081944],[2.370032778,48.727075556],[2.369907778,48.727060556],[2.369142778,48.726916389],[2.368791111,48.7268575],[2.368696389,48.7268375],[2.368540833,48.726796944],[2.367352222,48.726505833],[2.366613889,48.726322778],[2.366374444,48.726264167],[2.366018056,48.726179167],[2.365786667,48.726121944],[2.365558889,48.726078333],[2.364663056,48.725913889],[2.360411111,48.725125278],[2.360290556,48.725106111],[2.360132222,48.725086111],[2.359950278,48.725071667],[2.359753056,48.725064444],[2.359614167,48.725064444],[2.359475,48.725068056],[2.359323889,48.725079444],[2.359210833,48.725090833],[2.359097778,48.725109722],[2.358961667,48.725136389],[2.358675556,48.725196389],[2.358487778,48.725240278],[2.358255,48.725303056],[2.358148611,48.725310556],[2.3580375,48.725309167],[2.357917222,48.725299722],[2.357796944,48.725304444],[2.357681389,48.725335],[2.357591111,48.7253775],[2.357517222,48.725447778],[2.357447778,48.725554722],[2.357350556,48.725728611],[2.357244167,48.725966667],[2.356161944,48.728515],[2.3559225,48.729183333],[2.35588,48.729306944],[2.3558575,48.729408611],[2.355853056,48.729516944],[2.355864444,48.729610278],[2.355895833,48.729684167],[2.355952778,48.729772778],[2.356033611,48.729850278],[2.356158056,48.7299325],[2.356502222,48.730125833],[2.359511389,48.731415556],[2.359763611,48.731515833],[2.360257778,48.731719722],[2.360441389,48.73177],[2.3604975,48.731793056],[2.361025,48.732018056],[2.361210556,48.7321025],[2.361317222,48.732168056],[2.361444722,48.732268611],[2.361548889,48.732384444],[2.361616389,48.732486389],[2.361648889,48.732572778],[2.361656944,48.732656944],[2.361734167,48.732690556],[2.361691389,48.732728333],[2.361614444,48.732731944],[2.361226389,48.733129167],[2.361136667,48.733106389],[2.361078889,48.733275],[2.361111111,48.733326667],[2.361301944,48.733574444],[2.361446944,48.733796389],[2.361522222,48.733938056],[2.361555556,48.734084444],[2.361565556,48.734130556],[2.361776111,48.734475556],[2.361513333,48.734563333],[2.361456111,48.734535833],[2.361432222,48.734561389],[2.361374167,48.734626944],[2.360567222,48.734515278],[2.360635278,48.734401667],[2.360654444,48.734283333],[2.360636944,48.734114444],[2.36057,48.733935833],[2.360444722,48.733762778],[2.360279444,48.733620833],[2.360149444,48.73353],[2.359986111,48.7334575],[2.360045556,48.733405833],[2.359413333,48.733122778],[2.355415,48.731708056],[2.354915278,48.732249444],[2.354854167,48.732329444],[2.354796389,48.732406667],[2.354783056,48.732431667],[2.354315556,48.732271111],[2.354350278,48.732199167],[2.354395833,48.732101111],[2.354406667,48.731991944],[2.354391667,48.731831389],[2.3543575,48.731715278],[2.354315833,48.7316175],[2.354274722,48.731565833],[2.353566389,48.731719167],[2.352956111,48.730513611],[2.353449722,48.730419722],[2.353372778,48.730303611],[2.353259444,48.730287778],[2.353142778,48.730270833],[2.353028889,48.730266944],[2.352849444,48.730264167],[2.352642778,48.730274722],[2.352440833,48.730293611],[2.352249444,48.730330278],[2.352010833,48.730418333],[2.351738611,48.730483333],[2.351513611,48.730526389],[2.35134,48.730548611],[2.351197778,48.730558333],[2.351160278,48.730313611],[2.351259167,48.73029],[2.3514225,48.7302725],[2.351671389,48.730224167],[2.351908333,48.730156389],[2.352124722,48.730071667],[2.352345556,48.729963889],[2.352533611,48.729828611],[2.352712222,48.729665278],[2.352769722,48.729602222],[2.352738056,48.729593889],[2.352831389,48.729457778],[2.3528575,48.729412222],[2.352712778,48.729281389],[2.352506111,48.72916],[2.352255,48.729045],[2.352018889,48.728967778],[2.351727222,48.728907778],[2.351526389,48.728886111],[2.349935278,48.728769722],[2.349914167,48.728744722],[2.346315556,48.728379444],[2.34498,48.728254444],[2.345030833,48.728038056],[2.348645278,48.7283825],[2.349938611,48.728513056],[2.350158333,48.728528889],[2.350374722,48.728521111],[2.350674444,48.728490556],[2.3509625,48.728439444],[2.351255,48.728347778],[2.351474167,48.7282475],[2.351739722,48.72809],[2.351910278,48.727951389],[2.352055,48.727784722],[2.352139167,48.727670833],[2.352193056,48.727553056],[2.352316389,48.727258611],[2.352153889,48.727229444],[2.352228056,48.727054444],[2.352344167,48.727073611],[2.352352778,48.726969722],[2.352008333,48.726906667],[2.351979722,48.726913611],[2.351955,48.726927778],[2.351945278,48.726951667],[2.351914444,48.726946944],[2.352924167,48.724561667],[2.352817778,48.724334722],[2.353329722,48.724430833],[2.353315278,48.724337778],[2.353255833,48.7242675],[2.353176944,48.724204167],[2.353073056,48.724134722],[2.352737778,48.724005278],[2.35257,48.723968611],[2.35206,48.723865556],[2.351902222,48.723856111],[2.351809722,48.723888889],[2.351736944,48.7239425],[2.351704167,48.723999722],[2.351671667,48.724079444],[2.350148333,48.723797778],[2.350192778,48.723724444],[2.350186111,48.723655278],[2.350078056,48.723649444],[2.349938333,48.7236575],[2.349796111,48.723684444],[2.349678611,48.723735833],[2.349544167,48.723857222],[2.349438333,48.724005278],[2.349304167,48.724200556],[2.349204167,48.724410278],[2.349173333,48.724463333],[2.349588333,48.724541389],[2.348946667,48.726107222],[2.348644722,48.726048056],[2.348353056,48.725999167],[2.348368611,48.725961944],[2.348106944,48.725904167],[2.348126944,48.725864444],[2.347804444,48.7257975],[2.347903056,48.725548056],[2.347512222,48.725476944],[2.347638889,48.725174167],[2.348226944,48.725281944],[2.348398611,48.7252175],[2.348655278,48.724595833],[2.348655,48.7243775],[2.348561389,48.72435],[2.3485325,48.724188333],[2.348475833,48.724105278],[2.348429444,48.7240725],[2.348310278,48.724045],[2.348178889,48.724046667],[2.347961389,48.724060556],[2.347786667,48.724088611],[2.347607778,48.724125556],[2.347430833,48.724169444],[2.3469825,48.724285556],[2.346944444,48.724235833],[2.346931944,48.724213611],[2.340678889,48.726023889],[2.340485833,48.726093889],[2.340356944,48.726167778],[2.340257778,48.726248333],[2.340195278,48.726303889],[2.340140278,48.726381667],[2.340098333,48.726455833],[2.340073611,48.726532778],[2.339696667,48.726517222],[2.339742778,48.726370833],[2.339809722,48.726256389],[2.339889167,48.726161667],[2.339936389,48.726100833],[2.340055278,48.726015556],[2.340120833,48.72596],[2.340154444,48.725909167],[2.34017,48.725850556],[2.34017,48.725756944],[2.340137222,48.725663889],[2.340060833,48.725594444],[2.339924722,48.725523056],[2.339946667,48.7254925],[2.336149722,48.724146944],[2.336056389,48.724175556],[2.336030556,48.724196667],[2.335251667,48.7239225],[2.334965,48.723859167],[2.334680278,48.723797222],[2.334542222,48.723778333],[2.334361944,48.7237775],[2.334179444,48.723787222],[2.3340575,48.7238225],[2.333945556,48.723866389],[2.333831111,48.723938611],[2.333768611,48.724001389],[2.333685833,48.724095556],[2.333670833,48.724170833],[2.333657222,48.724233611],[2.333094167,48.724211667],[2.333124167,48.724127222],[2.333151111,48.724033333],[2.333215556,48.723933056],[2.333285278,48.723830278],[2.333381944,48.723738056],[2.333476944,48.723670556],[2.333600278,48.723594167],[2.333688056,48.723556944],[2.333795556,48.723503333],[2.333908611,48.723472778],[2.3339775,48.723454722],[2.334035278,48.723455],[2.334037222,48.723428056],[2.334018611,48.723396944],[2.333958611,48.7233725],[2.320215556,48.718517778],[2.3201825,48.718557222],[2.319794722,48.718418889],[2.319540833,48.718343333],[2.319318333,48.718300833],[2.319090278,48.718278333],[2.318869167,48.718282222],[2.318621667,48.718317778],[2.318348056,48.718376389],[2.318096389,48.718474167],[2.3179025,48.718583333],[2.317790833,48.718668056],[2.317671111,48.7187775],[2.317600833,48.718861667],[2.317253889,48.7187425],[2.317293056,48.718682778],[2.31742,48.71856],[2.317541111,48.718452222],[2.317764167,48.718313056],[2.318029444,48.718191389],[2.318284167,48.718112222],[2.318516111,48.718060556],[2.320421111,48.717431667],[2.322154444,48.718039167],[2.322236389,48.718633333],[2.322294444,48.718789167],[2.322331667,48.718851111],[2.322458056,48.718944167],[2.322735556,48.719060556],[2.323235,48.719240556],[2.323179722,48.719300833],[2.323183333,48.719328889],[2.339572778,48.725113333],[2.340054444,48.725269167],[2.340464167,48.725395],[2.340814722,48.725469167],[2.341166111,48.725495278],[2.341526111,48.725480278],[2.341965833,48.725403056],[2.342636667,48.725235],[2.349623333,48.723198333],[2.349730556,48.723081111],[2.349736667,48.722961389],[2.349640833,48.722821667],[2.350058889,48.722695556],[2.350068889,48.722748611],[2.350211111,48.722825833],[2.350445556,48.722896111],[2.350570833,48.72291],[2.3507625,48.722871667],[2.352043611,48.722504722],[2.3523275,48.722458611],[2.352606111,48.722430278],[2.352955556,48.722424444],[2.353111667,48.722435556],[2.353344722,48.722243611],[2.354006389,48.722363889],[2.354116944,48.722526111],[2.354493333,48.722574722],[2.3546125,48.722558056],[2.354640833,48.722528889],[2.3545125,48.722299444],[2.355206111,48.720690556],[2.355315278,48.7206525],[2.356508333,48.720436389],[2.356558056,48.720512778],[2.357684722,48.720098056],[2.357858333,48.720301944],[2.357531667,48.720439444],[2.357310556,48.720559167],[2.357078611,48.720716111],[2.356863056,48.720923889],[2.356690556,48.721160556],[2.356297778,48.722016111],[2.356256944,48.7222825],[2.356275,48.722545833],[2.356393056,48.722749167],[2.356583611,48.722913889],[2.356864722,48.7230425],[2.357101667,48.723114444],[2.357681944,48.723232222],[2.357771944,48.723211389],[2.357863333,48.72316],[2.357920278,48.7231075],[2.357951667,48.723040278],[2.3618125,48.7237525],[2.361790278,48.723810278],[2.361791944,48.723866111],[2.361833333,48.7239175],[2.361884444,48.723950278],[2.361932222,48.723966944],[2.362042222,48.723948056],[2.362080556,48.723963889],[2.362180833,48.7239375],[2.362289167,48.723891111],[2.362400556,48.723822778],[2.362490833,48.723741111],[2.362424722,48.723727778],[2.362627778,48.723442222],[2.362782778,48.7231975],[2.362870278,48.723074722],[2.362982778,48.72295],[2.363124167,48.722817778],[2.363315556,48.72267],[2.363551111,48.722533889],[2.363816111,48.722422222],[2.364099167,48.722304722],[2.364050833,48.722251944],[2.364243333,48.722178056],[2.364419444,48.722115],[2.364598333,48.722041667],[2.364721667,48.721948056],[2.364793056,48.721996389],[2.364981944,48.721866667],[2.365105556,48.721735833],[2.365187222,48.721598333],[2.365254444,48.721474722],[2.365665833,48.721545],[2.365491667,48.721836111],[2.3655875,48.721821944],[2.3657375,48.721808889],[2.366031944,48.721790833],[2.366055833,48.722007222],[2.365861111,48.7220175],[2.365693611,48.722036389],[2.365527778,48.722069444],[2.3653475,48.722115],[2.365386944,48.722173333],[2.3648375,48.722358056],[2.364398056,48.72252],[2.363937222,48.722722778],[2.363751944,48.722818611],[2.363585556,48.722925833],[2.363459722,48.723026944],[2.363341111,48.723141944],[2.363232222,48.723268889],[2.363130833,48.723439167],[2.36306,48.723633611],[2.363040278,48.723729167],[2.363025278,48.723828611],[2.362867778,48.723808056],[2.362905556,48.723974722],[2.363005278,48.724108333],[2.363160556,48.724217778],[2.363297222,48.724280833],[2.363324444,48.724260278],[2.363516667,48.724291944],[2.363624444,48.724253333],[2.363703611,48.724208056],[2.363758889,48.724148889],[2.363787778,48.7240925],[2.369116944,48.725078611],[2.369094722,48.725148611],[2.369108056,48.725225833],[2.369154167,48.725302778],[2.369207222,48.725353889],[2.369271111,48.725391389],[2.37037,48.725591389],[2.370499722,48.725571389],[2.370601667,48.725533056],[2.370675833,48.725485278],[2.370721667,48.725423889],[2.375053333,48.726224167],[2.375045,48.726288611],[2.375105278,48.726389722],[2.375169722,48.726400556],[2.375159167,48.726425278],[2.375358333,48.726460833],[2.375337778,48.7265075],[2.375664722,48.726568889],[2.376021111,48.726571667],[2.376194167,48.726576944],[2.376313333,48.726556111],[2.376393889,48.726525],[2.3764575,48.726486944],[2.376486389,48.726385556],[2.376425833,48.726134722],[2.376470278,48.726081944],[2.376341944,48.725819167],[2.376285278,48.725781667],[2.376133056,48.725546111],[2.376049167,48.725484722],[2.375943611,48.725438889],[2.375853056,48.725422222],[2.3757875,48.725413056],[2.375703056,48.725411667],[2.375638611,48.725425],[2.375518333,48.725162222],[2.375602778,48.72514],[2.375688889,48.725100556],[2.375772778,48.725050556],[2.375816944,48.7249925],[2.375835556,48.724890278],[2.375805833,48.724814167],[2.375834444,48.724795],[2.375161389,48.723460556],[2.375561667,48.723378889]]]}},{"type":"Feature","id":"surface.hard_surface_3.020","properties":{"name":"Hard surface type 3 020","layer":"Airfield surfaces","category":"Hard surfaces — type 3","object_type":"Area","style_id":"surface.hard_surface_3","airport":"LFPO","geometry_role":"filled_region","vsmr_group_ids":[[]]},"geometry":{"type":"Polygon","coordinates":[[[2.354458889,48.724581667],[2.355035278,48.724691944],[2.355125,48.7248175],[2.355119722,48.724863889],[2.355123333,48.724930278],[2.355118333,48.725020833],[2.355099167,48.725126389],[2.35507,48.725249722],[2.355043333,48.725328889],[2.3550675,48.725450278],[2.354036389,48.727877222],[2.353069167,48.727719444],[2.354458889,48.724581667]]]}},{"type":"Feature","id":"terrain.grass.002","properties":{"name":"Grass area 002","layer":"Terrain","category":"Grass","object_type":"Area","style_id":"terrain.grass","airport":"LFPO","geometry_role":"filled_region","vsmr_group_ids":[[]]},"geometry":{"type":"Polygon","coordinates":[[[2.3599625,48.733071111],[2.359235,48.732820556],[2.358436944,48.732542778],[2.3572625,48.732119722],[2.356592778,48.731841944],[2.356646667,48.731778889],[2.3565175,48.731725],[2.356399167,48.731616944],[2.356319167,48.731511111],[2.356301667,48.731467222],[2.356368056,48.731381111],[2.356296389,48.731325278],[2.356475556,48.73117],[2.356380278,48.731065278],[2.356364167,48.730996111],[2.356428333,48.730930278],[2.3565125,48.730884722],[2.357216111,48.731030833],[2.357599167,48.731188611],[2.35777,48.731248056],[2.357892222,48.731281667],[2.359788611,48.732090833],[2.359850556,48.732364167],[2.359940833,48.732459444],[2.360391667,48.732658056],[2.360613611,48.7327625],[2.3606125,48.732823611],[2.360579167,48.732858333],[2.3604475,48.732896111],[2.360228889,48.73311],[2.360070833,48.733095833],[2.3599625,48.733071111]]]}},{"type":"Feature","id":"terrain.grass.003","properties":{"name":"Grass area 003","layer":"Terrain","category":"Grass","object_type":"Area","style_id":"terrain.grass","airport":"LFPO","geometry_role":"filled_region","vsmr_group_ids":[[]]},"geometry":{"type":"Polygon","coordinates":[[[2.355311111,48.731218889],[2.355445,48.731206944],[2.355544722,48.731209167],[2.3550775,48.731684444],[2.354805833,48.731648611],[2.354663056,48.731358611],[2.355311111,48.731218889]]]}},{"type":"Feature","id":"terrain.grass.004","properties":{"name":"Grass area 004","layer":"Terrain","category":"Grass","object_type":"Area","style_id":"terrain.grass","airport":"LFPO","geometry_role":"filled_region","vsmr_group_ids":[[]]},"geometry":{"type":"Polygon","coordinates":[[[2.354398889,48.7307775],[2.354426944,48.730746111],[2.354465278,48.730724167],[2.354518056,48.730713889],[2.354565556,48.730716389],[2.354609167,48.73073],[2.355260833,48.731009722],[2.355255556,48.731015],[2.354573889,48.731163889],[2.354396667,48.730815556],[2.354398889,48.7307775]]]}},{"type":"Feature","id":"terrain.grass.005","properties":{"name":"Grass area 005","layer":"Terrain","category":"Grass","object_type":"Area","style_id":"terrain.grass","airport":"LFPO","geometry_role":"filled_region","vsmr_group_ids":[[]]},"geometry":{"type":"Polygon","coordinates":[[[2.354839722,48.730465278],[2.354570556,48.730318611],[2.354373056,48.730173056],[2.354228333,48.730008611],[2.354137778,48.729858611],[2.354069167,48.729716389],[2.354052222,48.729535833],[2.354079444,48.729443056],[2.354124444,48.729378889],[2.354198333,48.729343333],[2.354255556,48.729333611],[2.354355556,48.729328333],[2.3545175,48.729346944],[2.354657778,48.729364167],[2.354715556,48.729386667],[2.354806944,48.729473333],[2.354904167,48.729591944],[2.355053611,48.729833056],[2.355158611,48.729808889],[2.355315556,48.73003],[2.355413333,48.730130556],[2.355568611,48.730291111],[2.355835278,48.7305675],[2.355854444,48.730605556],[2.355857222,48.73065],[2.355831389,48.730694722],[2.355784722,48.730731111],[2.355718611,48.7307575],[2.355645556,48.730765833],[2.355567222,48.730754167],[2.3549175,48.730580833],[2.354780278,48.730507778],[2.354839722,48.730465278]]]}},{"type":"Feature","id":"terrain.grass.006","properties":{"name":"Grass area 006","layer":"Terrain","category":"Grass","object_type":"Area","style_id":"terrain.grass","airport":"LFPO","geometry_role":"filled_region","vsmr_group_ids":[[]]},"geometry":{"type":"Polygon","coordinates":[[[2.353438889,48.730049167],[2.353105833,48.7300125],[2.352860556,48.730009167],[2.352893611,48.729972222],[2.353175,48.729661111],[2.353664444,48.730086667],[2.353438889,48.730049167]]]}},{"type":"Feature","id":"terrain.grass.007","properties":{"name":"Grass area 007","layer":"Terrain","category":"Grass","object_type":"Area","style_id":"terrain.grass","airport":"LFPO","geometry_role":"filled_region","vsmr_group_ids":[[]]},"geometry":{"type":"Polygon","coordinates":[[[2.356279444,48.728797778],[2.356261389,48.728836111],[2.3562225,48.728865278],[2.356136944,48.728897222],[2.356054722,48.728919444],[2.355971389,48.7289225],[2.355896944,48.728913611],[2.355809167,48.728884722],[2.355730833,48.72883],[2.355698333,48.728770833],[2.355693611,48.7287225],[2.355768611,48.728540278],[2.355848333,48.728491111],[2.355945833,48.728462222],[2.356036944,48.728455833],[2.356135833,48.728472222],[2.356223333,48.728508889],[2.356287778,48.728563333],[2.356311667,48.728600833],[2.356323889,48.728645833],[2.356326389,48.728676389],[2.356313889,48.728718056],[2.356279444,48.728797778]]]}},{"type":"Feature","id":"terrain.grass.008","properties":{"name":"Grass area 008","layer":"Terrain","category":"Grass","object_type":"Area","style_id":"terrain.grass","airport":"LFPO","geometry_role":"filled_region","vsmr_group_ids":[[]]},"geometry":{"type":"Polygon","coordinates":[[[2.3547175,48.728554444],[2.354705278,48.7283925],[2.354802778,48.728228333],[2.354681111,48.728202222],[2.354732778,48.728079167],[2.354976111,48.727795833],[2.355041111,48.727753889],[2.3551475,48.727721111],[2.355250278,48.727717778],[2.355358056,48.727735833],[2.355438611,48.727775278],[2.355498611,48.727834167],[2.355526111,48.727907778],[2.355509167,48.728237778],[2.355462222,48.728341667],[2.355341111,48.728326111],[2.355196389,48.728585278],[2.355086389,48.728713889],[2.354988889,48.728780833],[2.354902778,48.728796667],[2.354852222,48.728789444],[2.354799444,48.728779167],[2.354749722,48.728749722],[2.35472,48.728700556],[2.3547175,48.728554444]]]}},{"type":"Feature","id":"terrain.grass.009","properties":{"name":"Grass area 009","layer":"Terrain","category":"Grass","object_type":"Area","style_id":"terrain.grass","airport":"LFPO","geometry_role":"filled_region","vsmr_group_ids":[[]]},"geometry":{"type":"Polygon","coordinates":[[[2.354156111,48.728229444],[2.353899167,48.728574722],[2.3538475,48.728628611],[2.35379,48.728667778],[2.353710833,48.7286875],[2.353650556,48.728679444],[2.353569444,48.7286225],[2.353425,48.728474444],[2.353292778,48.728295],[2.353070556,48.727883889],[2.352961944,48.7279],[2.352840556,48.727683333],[2.352773333,48.727479444],[2.352745556,48.727325278],[2.352755,48.727168056],[2.352812778,48.726954444],[2.353636944,48.724968611],[2.353792222,48.724741667],[2.353888611,48.724780833],[2.353964167,48.724685],[2.354106389,48.724577222],[2.354270278,48.724503056],[2.354431944,48.724478333],[2.354696111,48.724483333],[2.354917778,48.724512778],[2.355138611,48.724583056],[2.355295833,48.724663056],[2.3553625,48.724721667],[2.355385,48.724801667],[2.355129167,48.724703333],[2.354616944,48.724621944],[2.354605556,48.724688056],[2.353420833,48.727506389],[2.353411667,48.727597778],[2.353421111,48.727696111],[2.3540725,48.727814722],[2.354199167,48.727863056],[2.354283611,48.727924722],[2.354333056,48.727995556],[2.354351944,48.728058333],[2.354254167,48.728262778],[2.354156111,48.728229444]]]}},{"type":"Feature","id":"terrain.grass.010","properties":{"name":"Grass area 010","layer":"Terrain","category":"Grass","object_type":"Area","style_id":"terrain.grass","airport":"LFPO","geometry_role":"filled_region","vsmr_group_ids":[[]]},"geometry":{"type":"Polygon","coordinates":[[[2.352823889,48.728784444],[2.352742222,48.728786389],[2.351961944,48.728715],[2.351967778,48.7286825],[2.351484444,48.728617222],[2.351424444,48.728604167],[2.351433611,48.728576944],[2.351538611,48.728526389],[2.351720278,48.728436667],[2.351916111,48.7283225],[2.352043889,48.728232778],[2.352198056,48.7281125],[2.352323611,48.7279875],[2.352403889,48.727897222],[2.352451667,48.727830556],[2.352474444,48.727796944],[2.352514722,48.727804167],[2.352555,48.727825],[2.352605833,48.727892222],[2.352992222,48.728684444],[2.352823889,48.728784444]]]}},{"type":"Feature","id":"terrain.grass.011","properties":{"name":"Grass area 011","layer":"Terrain","category":"Grass","object_type":"Area","style_id":"terrain.grass","airport":"LFPO","geometry_role":"filled_region","vsmr_group_ids":[[]]},"geometry":{"type":"Polygon","coordinates":[[[2.355715,48.7273125],[2.355613889,48.727336944],[2.355507222,48.7273425],[2.355414444,48.727321667],[2.3553325,48.727284722],[2.355276667,48.7272325],[2.355243889,48.727154167],[2.355248333,48.726843333],[2.355385556,48.726518611],[2.35561,48.7262825],[2.355690556,48.726227778],[2.355784444,48.726196667],[2.355900278,48.72619],[2.356003333,48.72621],[2.356062222,48.726235278],[2.356111667,48.726269722],[2.356152222,48.726318056],[2.356169444,48.726372222],[2.356149722,48.726722222],[2.356038056,48.726993333],[2.355798056,48.727255556],[2.355715,48.7273125]]]}},{"type":"Feature","id":"terrain.grass.012","properties":{"name":"Grass area 012","layer":"Terrain","category":"Grass","object_type":"Area","style_id":"terrain.grass","airport":"LFPO","geometry_role":"filled_region","vsmr_group_ids":[[]]},"geometry":{"type":"Polygon","coordinates":[[[2.356412778,48.725755556],[2.356343333,48.725786389],[2.356231944,48.725815],[2.356113889,48.725809722],[2.356015278,48.725777778],[2.355926389,48.725716111],[2.355886111,48.725630833],[2.355920278,48.725268611],[2.356039167,48.725287222],[2.356115,48.725132222],[2.356311389,48.724930278],[2.3566125,48.724988333],[2.356631944,48.725085278],[2.356576389,48.725385833],[2.35669,48.725416667],[2.356451389,48.7257225],[2.356412778,48.725755556]]]}},{"type":"Feature","id":"terrain.grass.013","properties":{"name":"Grass area 013","layer":"Terrain","category":"Grass","object_type":"Area","style_id":"terrain.grass","airport":"LFPO","geometry_role":"filled_region","vsmr_group_ids":[[]]},"geometry":{"type":"Polygon","coordinates":[[[2.357112222,48.725498611],[2.357181667,48.725516389],[2.35726,48.7253775],[2.357334444,48.725274722],[2.357434167,48.725180278],[2.357491944,48.725145],[2.357566389,48.725111944],[2.357644722,48.725100278],[2.358119444,48.725194167],[2.358213611,48.725309722],[2.358156944,48.725315],[2.358038889,48.725310556],[2.357915833,48.725302222],[2.35781,48.725305278],[2.357724167,48.725321667],[2.357639167,48.725357778],[2.357574722,48.725390833],[2.357505,48.725468333],[2.357389167,48.725634722],[2.357091111,48.725577778],[2.357112222,48.725498611]]]}},{"type":"Feature","id":"terrain.grass.014","properties":{"name":"Grass area 014","layer":"Terrain","category":"Grass","object_type":"Area","style_id":"terrain.grass","airport":"LFPO","geometry_role":"filled_region","vsmr_group_ids":[[]]},"geometry":{"type":"Polygon","coordinates":[[[2.35034,48.723321667],[2.350309444,48.723289444],[2.350313333,48.723249722],[2.350358056,48.723215833],[2.350876944,48.723066111],[2.35099,48.723116111],[2.350978333,48.723215833],[2.350988611,48.723304167],[2.351016944,48.723379444],[2.350920556,48.723437222],[2.350383611,48.723340556],[2.35034,48.723321667]]]}},{"type":"Feature","id":"terrain.grass.015","properties":{"name":"Grass area 015","layer":"Terrain","category":"Grass","object_type":"Area","style_id":"terrain.grass","airport":"LFPO","geometry_role":"filled_region","vsmr_group_ids":[[]]},"geometry":{"type":"Polygon","coordinates":[[[2.354231111,48.723404167],[2.353915556,48.723671111],[2.353683611,48.723781667],[2.353574167,48.723821667],[2.353385556,48.723827778],[2.353061389,48.723816944],[2.352645278,48.723760278],[2.351714722,48.723584722],[2.351536944,48.723525556],[2.351429167,48.723466667],[2.351330556,48.723370833],[2.351290556,48.723263889],[2.351290833,48.723158611],[2.351335,48.723043333],[2.351450833,48.722929167],[2.351642778,48.722843611],[2.352159167,48.722701111],[2.352424722,48.722653611],[2.35266,48.722635],[2.352888611,48.722630556],[2.353141111,48.722649444],[2.353361111,48.722680556],[2.354804722,48.722952222],[2.354215556,48.723374722],[2.354231111,48.723404167]]]}},{"type":"Feature","id":"terrain.grass.016","properties":{"name":"Grass area 016","layer":"Terrain","category":"Grass","object_type":"Area","style_id":"terrain.grass","airport":"LFPO","geometry_role":"filled_region","vsmr_group_ids":[[]]},"geometry":{"type":"Polygon","coordinates":[[[2.355218056,48.724085833],[2.355146111,48.724077222],[2.355016111,48.724031667],[2.354906944,48.723982778],[2.354748333,48.723901944],[2.35469,48.723827222],[2.354707222,48.723784167],[2.354731389,48.723726111],[2.354798611,48.723658056],[2.35489,48.723584444],[2.355012222,48.723514167],[2.355175278,48.723435556],[2.355340278,48.723386111],[2.355506667,48.723350278],[2.355661667,48.723327778],[2.3557675,48.723331111],[2.355881389,48.723381111],[2.3559625,48.72348],[2.355986667,48.723588333],[2.355975833,48.723713889],[2.355931944,48.723808611],[2.355875833,48.723906389],[2.355780833,48.723983333],[2.355705,48.724041944],[2.355547778,48.724080833],[2.355374722,48.724083056],[2.355218056,48.724085833]]]}},{"type":"Feature","id":"terrain.grass.017","properties":{"name":"Grass area 017","layer":"Terrain","category":"Grass","object_type":"Area","style_id":"terrain.grass","airport":"LFPO","geometry_role":"filled_region","vsmr_group_ids":[[]]},"geometry":{"type":"Polygon","coordinates":[[[2.36062,48.724094722],[2.361054444,48.724192778],[2.361329444,48.724271111],[2.361577222,48.724347222],[2.361755,48.724440278],[2.361839444,48.724513056],[2.361844167,48.724569444],[2.361803056,48.724603333],[2.361734444,48.724625833],[2.361585556,48.724646111],[2.361352222,48.724646944],[2.361062222,48.724626111],[2.360739444,48.724589722],[2.3603075,48.724520556],[2.360018611,48.724496944],[2.359636389,48.724495278],[2.359713889,48.724343889],[2.358003611,48.724036389],[2.357748333,48.724567778],[2.357173056,48.724446111],[2.356966111,48.724396944],[2.356819444,48.7243425],[2.356725556,48.724284444],[2.356658611,48.724222222],[2.356618333,48.7241675],[2.356618889,48.72407],[2.356628611,48.723936111],[2.356665833,48.723841111],[2.356715,48.723774444],[2.356811944,48.723687778],[2.3569175,48.723602778],[2.357018611,48.723565],[2.357165833,48.723553889],[2.357428611,48.723558889],[2.357735833,48.723596944],[2.358161944,48.723658333],[2.358173056,48.723582222],[2.360648889,48.724037778],[2.36062,48.724094722]]]}},{"type":"Feature","id":"terrain.grass.018","properties":{"name":"Grass area 018","layer":"Terrain","category":"Grass","object_type":"Area","style_id":"terrain.grass","airport":"LFPO","geometry_role":"filled_region","vsmr_group_ids":[[]]},"geometry":{"type":"Polygon","coordinates":[[[2.364854722,48.724901944],[2.365225,48.724994722],[2.365396389,48.725062778],[2.365552222,48.725148889],[2.365629722,48.725200833],[2.365655556,48.725245278],[2.365654722,48.725268056],[2.365611667,48.725301389],[2.365534167,48.725321389],[2.365385,48.725336944],[2.365215556,48.725343056],[2.365003333,48.72534],[2.3647625,48.725318333],[2.364381667,48.725265556],[2.363979444,48.725193889],[2.363795833,48.725153611],[2.363601667,48.725110556],[2.363411111,48.7250625],[2.363221667,48.725003056],[2.363018333,48.724923333],[2.3628825,48.724849444],[2.362816944,48.724801389],[2.362784167,48.724762222],[2.362795833,48.724721111],[2.362840278,48.724688611],[2.362961667,48.724660278],[2.363161667,48.724650833],[2.363391667,48.724652222],[2.363753333,48.724695556],[2.364155556,48.724745],[2.364176667,48.724688333],[2.364505833,48.724754722],[2.364454444,48.724810556],[2.364854722,48.724901944]]]}},{"type":"Feature","id":"terrain.grass.019","properties":{"name":"Grass area 019","layer":"Terrain","category":"Grass","object_type":"Area","style_id":"terrain.grass","airport":"LFPO","geometry_role":"filled_region","vsmr_group_ids":[[]]},"geometry":{"type":"Polygon","coordinates":[[[2.366593333,48.725558611],[2.366547778,48.725512778],[2.366540556,48.725467222],[2.366580556,48.725424722],[2.366643333,48.725381944],[2.366752222,48.725357222],[2.366953611,48.725356111],[2.367116111,48.725348333],[2.367490556,48.725385],[2.367883333,48.725441667],[2.367905556,48.725384167],[2.368533889,48.725496111],[2.370470556,48.725847778],[2.370439167,48.725914167],[2.370754444,48.725996944],[2.370981944,48.726066944],[2.371205278,48.726168056],[2.371336389,48.726262222],[2.371356667,48.726360278],[2.371315,48.726424444],[2.371236667,48.726463333],[2.371147222,48.726479444],[2.370962222,48.726494167],[2.370671111,48.726497778],[2.368259722,48.726056111],[2.368228889,48.726108056],[2.368041667,48.726076944],[2.367711111,48.725990556],[2.367264444,48.725859167],[2.367036389,48.725786111],[2.366865556,48.725708333],[2.366710833,48.725635],[2.366593333,48.725558611]]]}},{"type":"Feature","id":"terrain.grass.020","properties":{"name":"Grass area 020","layer":"Terrain","category":"Grass","object_type":"Area","style_id":"terrain.grass","airport":"LFPO","geometry_role":"filled_region","vsmr_group_ids":[[]]},"geometry":{"type":"Polygon","coordinates":[[[2.375263611,48.726765833],[2.375375,48.726827222],[2.375948611,48.726944722],[2.376397778,48.727061944],[2.376591111,48.72714],[2.376740278,48.727215278],[2.376808333,48.727286667],[2.376834167,48.727341944],[2.376836111,48.727382778],[2.376851667,48.727438333],[2.376825,48.727488611],[2.376784722,48.727520278],[2.376676111,48.727561389],[2.3765125,48.7276325],[2.376358889,48.727644444],[2.376220556,48.72763],[2.375850278,48.727566111],[2.375198333,48.727450556],[2.374868333,48.727399167],[2.3747,48.727356111],[2.374508611,48.727294167],[2.374335278,48.727261944],[2.3740875,48.727218056],[2.373135833,48.727033611],[2.373162778,48.726962222],[2.372886944,48.726911944],[2.372646667,48.726848611],[2.372441944,48.726770556],[2.372265556,48.726676111],[2.372202222,48.726601389],[2.372196389,48.726525833],[2.3722425,48.726473889],[2.372292222,48.726441667],[2.372381389,48.726417778],[2.372539167,48.7263925],[2.372798889,48.726396389],[2.373003611,48.726405278],[2.373343611,48.726461667],[2.373395556,48.726391944],[2.375096389,48.726705278],[2.375263611,48.726765833]]]}},{"type":"Feature","id":"terrain.grass.021","properties":{"name":"Grass area 021","layer":"Terrain","category":"Grass","object_type":"Area","style_id":"terrain.grass","airport":"LFPO","geometry_role":"filled_region","vsmr_group_ids":[[]]},"geometry":{"type":"Polygon","coordinates":[[[2.377804722,48.727605556],[2.377801944,48.727552778],[2.3778275,48.727499167],[2.377873889,48.727452778],[2.377929722,48.7274175],[2.378020278,48.727393611],[2.378121667,48.727383333],[2.378220278,48.727406944],[2.37832,48.727446389],[2.378382778,48.727494722],[2.378426944,48.727566667],[2.378453611,48.727639722],[2.37845,48.727694167],[2.378423333,48.727791944],[2.378401944,48.727834167],[2.378344722,48.727881944],[2.378285833,48.7279075],[2.378166944,48.727936111],[2.378097778,48.727943333],[2.378037778,48.727937778],[2.377975,48.727912222],[2.377879167,48.727843611],[2.377832778,48.727762778],[2.377804722,48.727605556]]]}},{"type":"Feature","id":"terrain.grass.022","properties":{"name":"Grass area 022","layer":"Terrain","category":"Grass","object_type":"Area","style_id":"terrain.grass","airport":"LFPO","geometry_role":"filled_region","vsmr_group_ids":[[]]},"geometry":{"type":"Polygon","coordinates":[[[2.379221667,48.728965556],[2.379296667,48.729032222],[2.379301111,48.729117222],[2.379518889,48.729471389],[2.379453611,48.729493889],[2.379626944,48.729928333],[2.379686944,48.730139722],[2.379704722,48.730254167],[2.379700278,48.730380278],[2.379678333,48.730471111],[2.379631944,48.730538333],[2.379581667,48.730562222],[2.379533611,48.730563333],[2.37945,48.730544167],[2.379360833,48.730493889],[2.379225,48.730395556],[2.379101389,48.730271389],[2.378858333,48.729851111],[2.378748611,48.729881667],[2.3784275,48.729241389],[2.378360833,48.729031389],[2.378285,48.72875],[2.378291667,48.728705833],[2.378644722,48.728765],[2.378899444,48.728818056],[2.379055,48.728866667],[2.379157222,48.728918333],[2.379221667,48.728965556]]]}},{"type":"Feature","id":"terrain.grass.023","properties":{"name":"Grass area 023","layer":"Terrain","category":"Grass","object_type":"Area","style_id":"terrain.grass","airport":"LFPO","geometry_role":"filled_region","vsmr_group_ids":[[]]},"geometry":{"type":"Polygon","coordinates":[[[2.379212778,48.731533889],[2.379211944,48.731578056],[2.379186667,48.731651389],[2.379143611,48.731706389],[2.379042222,48.731769444],[2.378965833,48.731738333],[2.378903333,48.731697778],[2.378853333,48.731653056],[2.37882,48.731591667],[2.378705556,48.731064444],[2.378699167,48.731010833],[2.378705556,48.730959722],[2.378729444,48.730907222],[2.378762222,48.730861111],[2.378845833,48.730900556],[2.378904722,48.730944167],[2.378945278,48.730998333],[2.379212778,48.731533889]]]}},{"type":"Feature","id":"terrain.grass.024","properties":{"name":"Grass area 024","layer":"Terrain","category":"Grass","object_type":"Area","style_id":"terrain.grass","airport":"LFPO","geometry_role":"filled_region","vsmr_group_ids":[[]]},"geometry":{"type":"Polygon","coordinates":[[[2.379765278,48.731598333],[2.379751667,48.731503889],[2.3797425,48.731376111],[2.379737222,48.731274444],[2.3797625,48.731217778],[2.379805833,48.73117],[2.379856944,48.731125556],[2.3799125,48.731128611],[2.379991111,48.731148611],[2.380053333,48.731176944],[2.380116944,48.731217778],[2.380218056,48.731301667],[2.380330556,48.731410833],[2.380451944,48.731595],[2.380540833,48.731739722],[2.3806,48.731831389],[2.380594722,48.731898056],[2.380648056,48.731911111],[2.380588056,48.731986667],[2.380505556,48.732041389],[2.380399444,48.732078611],[2.380314722,48.732061667],[2.380127778,48.732020556],[2.379996389,48.731982778],[2.379921667,48.731928611],[2.379868333,48.731871667],[2.3798125,48.731715833],[2.379765278,48.731598333]]]}},{"type":"Feature","id":"terrain.grass.025","properties":{"name":"Grass area 025","layer":"Terrain","category":"Grass","object_type":"Area","style_id":"terrain.grass","airport":"LFPO","geometry_role":"filled_region","vsmr_group_ids":[[]]},"geometry":{"type":"Polygon","coordinates":[[[2.380277222,48.732414722],[2.380791944,48.732503056],[2.380776667,48.732586944],[2.380737778,48.732648333],[2.380686667,48.7326925],[2.380638333,48.732706944],[2.380573889,48.732706944],[2.380515556,48.732686944],[2.380451667,48.732654444],[2.380354444,48.732585278],[2.380291667,48.7325225],[2.380225,48.732449167],[2.380205833,48.732406389],[2.380277222,48.732414722]]]}},{"type":"Feature","id":"terrain.grass.026","properties":{"name":"Grass area 026","layer":"Terrain","category":"Grass","object_type":"Area","style_id":"terrain.grass","airport":"LFPO","geometry_role":"filled_region","vsmr_group_ids":[[]]},"geometry":{"type":"Polygon","coordinates":[[[2.381015,48.734109167],[2.380828333,48.733685833],[2.380817222,48.733560278],[2.380823333,48.733432778],[2.380854444,48.733332222],[2.38092,48.733271389],[2.381000833,48.733273889],[2.381085556,48.733308333],[2.381186667,48.733348889],[2.381275556,48.733429167],[2.381348889,48.733515556],[2.381471667,48.733660278],[2.381665833,48.733965556],[2.381763333,48.733948611],[2.381878056,48.734211111],[2.3819275,48.734196944],[2.381989722,48.734359167],[2.382611389,48.735608889],[2.382518611,48.735643889],[2.382750833,48.736164167],[2.382827222,48.7364025],[2.382862222,48.736615833],[2.382848889,48.736759167],[2.382816389,48.736825556],[2.382778889,48.736851667],[2.382715,48.736874722],[2.382649444,48.7368725],[2.382574722,48.736833333],[2.382486944,48.736760278],[2.382328889,48.7366075],[2.382195278,48.736430833],[2.382039722,48.736154444],[2.381909167,48.736178333],[2.380886944,48.734142222],[2.381015,48.734109167]]]}},{"type":"Feature","id":"restriction.danger_area.001","properties":{"name":"Danger area","layer":"Operational restrictions","category":"Danger areas","object_type":"Area","style_id":"restriction.danger_area","airport":"LFPO","geometry_role":"filled_region","vsmr_group_ids":[[]]},"geometry":{"type":"Polygon","coordinates":[[[2.382799722,48.737941944],[2.382761944,48.737878889],[2.382731389,48.737820833],[2.3827025,48.7377625],[2.382953611,48.737502778],[2.383043611,48.737540833],[2.38313,48.737578333],[2.383204722,48.737618056],[2.383269444,48.737661389],[2.383323611,48.737706111],[2.383346944,48.737729167],[2.382828889,48.737976944],[2.382799722,48.737941944]]]}},{"type":"Feature","id":"terrain.grass.027","properties":{"name":"Grass area 027","layer":"Terrain","category":"Grass","object_type":"Area","style_id":"terrain.grass","airport":"LFPO","geometry_role":"filled_region","vsmr_group_ids":[[]]},"geometry":{"type":"Polygon","coordinates":[[[2.382844722,48.737635],[2.3827825,48.737695278],[2.382666667,48.737696944],[2.382550278,48.737423889],[2.382903056,48.737561944],[2.382844722,48.737635]]]}},{"type":"Feature","id":"terrain.grass.028","properties":{"name":"Grass area 028","layer":"Terrain","category":"Grass","object_type":"Area","style_id":"terrain.grass","airport":"LFPO","geometry_role":"filled_region","vsmr_group_ids":[[]]},"geometry":{"type":"Polygon","coordinates":[[[2.383000833,48.737850278],[2.3831125,48.737796111],[2.383247778,48.737748333],[2.383277222,48.737802222],[2.383294167,48.737859722],[2.383313889,48.737950278],[2.383328333,48.738051111],[2.383318611,48.738121667],[2.3831,48.738041111],[2.3829625,48.737973611],[2.382914167,48.737938889],[2.382922778,48.7379025],[2.383000833,48.737850278]]]}},{"type":"Feature","id":"surface.hard_surface_2.002","properties":{"name":"Hard surface type 2 002","layer":"Airfield surfaces","category":"Hard surfaces — type 2","object_type":"Area","style_id":"surface.hard_surface_2","airport":"LFPO","geometry_role":"filled_region","vsmr_group_ids":[[]]},"geometry":{"type":"Polygon","coordinates":[[[2.387975833,48.727732222],[2.387847222,48.727763889],[2.38794,48.727911111],[2.388068333,48.728085833],[2.388195278,48.728203056],[2.388358889,48.728278611],[2.388510833,48.728345278],[2.388710278,48.728416389],[2.388720556,48.728448056],[2.393228889,48.728735278],[2.393251389,48.728655],[2.393985,48.728705],[2.394386944,48.728696389],[2.394651111,48.728667222],[2.394773056,48.728633611],[2.394873889,48.728545833],[2.395036389,48.728348611],[2.395203889,48.728066389],[2.395348333,48.727728056],[2.395535,48.727274722],[2.395590278,48.727113333],[2.396015833,48.727199722],[2.395852778,48.727594722],[2.395943889,48.727616667],[2.395780278,48.728055556],[2.3957175,48.728316389],[2.395704167,48.728480278],[2.395720556,48.728596944],[2.395763889,48.728691667],[2.395829722,48.728761111],[2.3959275,48.728811389],[2.39604,48.728836389],[2.396175556,48.728850556],[2.396165833,48.728918889],[2.397260833,48.728993611],[2.397890833,48.729031667],[2.398101944,48.7289825],[2.399132222,48.7290125],[2.399357222,48.728993611],[2.399553056,48.728939167],[2.3999275,48.728815833],[2.400223333,48.728691667],[2.400763333,48.728440278],[2.400824444,48.728505],[2.401010833,48.728691389],[2.399716389,48.72925],[2.399599167,48.7292925],[2.3994825,48.729318333],[2.399379722,48.729330556],[2.399241667,48.7293325],[2.384650278,48.728406111],[2.384325,48.728378611],[2.384346111,48.728161389],[2.385528056,48.728236389],[2.385533611,48.728176667],[2.386242778,48.728209444],[2.38668,48.728202222],[2.3869175,48.728171667],[2.387074167,48.72813],[2.387172222,48.728083611],[2.387203333,48.728016111],[2.387213333,48.727949722],[2.387200556,48.727904444],[2.387169722,48.727904444],[2.387054444,48.727626389],[2.386798889,48.727117778],[2.386173889,48.725879722],[2.386007222,48.725537222],[2.386791667,48.725361944],[2.387975833,48.727732222]]]}},{"type":"Feature","id":"surface.runway.001","properties":{"name":"Runway area 001","layer":"Airfield surfaces","category":"Runways","object_type":"Area","style_id":"surface.runway","airport":"LFPO","geometry_role":"filled_region","vsmr_group_ids":[[]]},"geometry":{"type":"Polygon","coordinates":[[[2.3149625,48.719588333],[2.3153275,48.719101667],[2.317109444,48.719738333],[2.317063056,48.719609722],[2.317036944,48.719483611],[2.317025833,48.719293611],[2.317075,48.719076389],[2.317151111,48.718886111],[2.317256944,48.718733611],[2.317605556,48.718856389],[2.317491667,48.719019167],[2.317434722,48.719196667],[2.317419444,48.719406667],[2.317461111,48.719614167],[2.317563333,48.719791667],[2.317686111,48.71994],[2.3179375,48.720030556],[2.334749444,48.725970556],[2.33488,48.726011389],[2.334904444,48.725998889],[2.334907222,48.725971111],[2.333781667,48.725088889],[2.333499722,48.724888611],[2.333441944,48.724902778],[2.333264167,48.724734167],[2.333198333,48.724645],[2.333140833,48.724489167],[2.333102778,48.724355556],[2.333096667,48.724207778],[2.333656667,48.724230833],[2.333661667,48.724363889],[2.333685833,48.724441944],[2.333958889,48.724764167],[2.334418611,48.725129722],[2.3343625,48.725167778],[2.334363333,48.725201667],[2.336033889,48.726357222],[2.336181667,48.726449444],[2.336286944,48.726511667],[2.336485833,48.7265925],[2.337606111,48.726991389],[2.338660556,48.7273675],[2.340616111,48.727610833],[2.340095278,48.727214444],[2.340041111,48.727234444],[2.339888889,48.727119167],[2.339793056,48.726981944],[2.339729167,48.726837222],[2.339688611,48.726660556],[2.339700278,48.726510833],[2.340075278,48.726530278],[2.34006,48.726614167],[2.340064444,48.726696944],[2.340106111,48.726830556],[2.340178611,48.726946667],[2.340289444,48.727056944],[2.340918611,48.727488889],[2.341188056,48.727621389],[2.341875278,48.727755833],[2.345041389,48.728042778],[2.345000556,48.728256389],[2.341531111,48.727933889],[2.342598333,48.728674444],[2.342945,48.728880556],[2.345293889,48.729706944],[2.345786944,48.729781944],[2.348231111,48.730049167],[2.350512778,48.73029],[2.350812222,48.730293611],[2.351025,48.730308611],[2.351177222,48.7303125],[2.3512325,48.730555833],[2.350989167,48.73056],[2.350786944,48.730550278],[2.350662222,48.730544167],[2.350630278,48.730503889],[2.350485556,48.730483611],[2.348489167,48.730295],[2.347033056,48.730190833],[2.346962222,48.730261944],[2.346791667,48.7302],[2.346766667,48.730229167],[2.353246667,48.732518333],[2.3535875,48.732542222],[2.353715,48.732538611],[2.353811667,48.732516111],[2.353920833,48.732491111],[2.354044167,48.732437778],[2.354183333,48.732365833],[2.3543025,48.732269722],[2.354391667,48.732300556],[2.354794444,48.732416944],[2.354716944,48.732498056],[2.354624167,48.732568056],[2.354511944,48.732649444],[2.354379167,48.732722778],[2.354254167,48.732764167],[2.354231667,48.732784444],[2.354264167,48.732820556],[2.354230833,48.732863056],[2.359583611,48.7347525],[2.359801111,48.734763611],[2.359967778,48.734767778],[2.360254444,48.734749167],[2.360386111,48.734711944],[2.360455556,48.734659722],[2.360528889,48.734590556],[2.360578889,48.734491944],[2.360682222,48.734503889],[2.3611875,48.734577222],[2.361379722,48.734610278],[2.360889167,48.735217222],[2.362668333,48.735854167],[2.362281944,48.736342222],[2.316729167,48.720212778],[2.3149625,48.719588333]]]}},{"type":"Feature","id":"marking.surface.001","properties":{"name":"Surface marking 001","layer":"Surface markings","category":"Surface markings","object_type":"Area","style_id":"marking.surface","airport":"LFPO","geometry_role":"filled_region","vsmr_group_ids":[[]]},"geometry":{"type":"Polygon","coordinates":[[[2.3555475,48.733551667],[2.355006944,48.73336],[2.355064722,48.733289444],[2.355604444,48.733479722],[2.3555475,48.733551667]]]}},{"type":"Feature","id":"marking.surface.002","properties":{"name":"Surface marking 002","layer":"Surface markings","category":"Surface markings","object_type":"Area","style_id":"marking.surface","airport":"LFPO","geometry_role":"filled_region","vsmr_group_ids":[[]]},"geometry":{"type":"Polygon","coordinates":[[[2.355372778,48.733765278],[2.354833056,48.733574167],[2.354890833,48.733504167],[2.355431111,48.733694722],[2.355372778,48.733765278]]]}},{"type":"Feature","id":"marking.surface.003","properties":{"name":"Surface marking 003","layer":"Surface markings","category":"Surface markings","object_type":"Area","style_id":"marking.surface","airport":"LFPO","geometry_role":"filled_region","vsmr_group_ids":[[]]},"geometry":{"type":"Polygon","coordinates":[[[2.358817778,48.73491],[2.358546111,48.734813889],[2.3585575,48.734798333],[2.358829167,48.734894444],[2.358817778,48.73491]]]}},{"type":"Feature","id":"marking.surface.004","properties":{"name":"Surface marking 004","layer":"Surface markings","category":"Surface markings","object_type":"Area","style_id":"marking.surface","airport":"LFPO","geometry_role":"filled_region","vsmr_group_ids":[[]]},"geometry":{"type":"Polygon","coordinates":[[[2.358796389,48.734936111],[2.358525,48.734840278],[2.358538056,48.734825278],[2.358808611,48.734921389],[2.358796389,48.734936111]]]}},{"type":"Feature","id":"marking.surface.005","properties":{"name":"Surface marking 005","layer":"Surface markings","category":"Surface markings","object_type":"Area","style_id":"marking.surface","airport":"LFPO","geometry_role":"filled_region","vsmr_group_ids":[[]]},"geometry":{"type":"Polygon","coordinates":[[[2.358773889,48.734961944],[2.358503056,48.734866111],[2.358515833,48.734851389],[2.3587875,48.734947222],[2.358773889,48.734961944]]]}},{"type":"Feature","id":"marking.surface.006","properties":{"name":"Surface marking 006","layer":"Surface markings","category":"Surface markings","object_type":"Area","style_id":"marking.surface","airport":"LFPO","geometry_role":"filled_region","vsmr_group_ids":[[]]},"geometry":{"type":"Polygon","coordinates":[[[2.358686111,48.734642778],[2.358956389,48.734736944],[2.358943611,48.734752778],[2.358673889,48.734657778],[2.358686111,48.734642778]]]}},{"type":"Feature","id":"marking.surface.007","properties":{"name":"Surface marking 007","layer":"Surface markings","category":"Surface markings","object_type":"Area","style_id":"marking.surface","airport":"LFPO","geometry_role":"filled_region","vsmr_group_ids":[[]]},"geometry":{"type":"Polygon","coordinates":[[[2.358706944,48.734616111],[2.358978333,48.734711944],[2.358966389,48.7347275],[2.358696111,48.734631667],[2.358706944,48.734616111]]]}},{"type":"Feature","id":"marking.surface.008","properties":{"name":"Surface marking 008","layer":"Surface markings","category":"Surface markings","object_type":"Area","style_id":"marking.surface","airport":"LFPO","geometry_role":"filled_region","vsmr_group_ids":[[]]},"geometry":{"type":"Polygon","coordinates":[[[2.358985833,48.734700833],[2.358716944,48.734605556],[2.358728611,48.734589167],[2.358997778,48.734685278],[2.358985833,48.734700833]]]}},{"type":"Feature","id":"marking.surface.009","properties":{"name":"Surface marking 009","layer":"Surface markings","category":"Surface markings","object_type":"Area","style_id":"marking.surface","airport":"LFPO","geometry_role":"filled_region","vsmr_group_ids":[[]]},"geometry":{"type":"Polygon","coordinates":[[[2.357189167,48.734065],[2.356917222,48.733968889],[2.356929444,48.733953889],[2.3572025,48.734048889],[2.357189167,48.734065]]]}},{"type":"Feature","id":"marking.surface.010","properties":{"name":"Surface marking 010","layer":"Surface markings","category":"Surface markings","object_type":"Area","style_id":"marking.surface","airport":"LFPO","geometry_role":"filled_region","vsmr_group_ids":[[]]},"geometry":{"type":"Polygon","coordinates":[[[2.357165833,48.734091944],[2.356896111,48.733995833],[2.356906389,48.733979444],[2.357179167,48.734077222],[2.357165833,48.734091944]]]}},{"type":"Feature","id":"marking.surface.011","properties":{"name":"Surface marking 011","layer":"Surface markings","category":"Surface markings","object_type":"Area","style_id":"marking.surface","airport":"LFPO","geometry_role":"filled_region","vsmr_group_ids":[[]]},"geometry":{"type":"Polygon","coordinates":[[[2.357145278,48.734116944],[2.356874167,48.734021111],[2.356886944,48.734006944],[2.357156389,48.734102222],[2.357145278,48.734116944]]]}},{"type":"Feature","id":"marking.surface.012","properties":{"name":"Surface marking 012","layer":"Surface markings","category":"Surface markings","object_type":"Area","style_id":"marking.surface","airport":"LFPO","geometry_role":"filled_region","vsmr_group_ids":[[]]},"geometry":{"type":"Polygon","coordinates":[[[2.357017778,48.734273889],[2.356748611,48.734178889],[2.356759444,48.734164167],[2.357028889,48.734260556],[2.357017778,48.734273889]]]}},{"type":"Feature","id":"marking.surface.013","properties":{"name":"Surface marking 013","layer":"Surface markings","category":"Surface markings","object_type":"Area","style_id":"marking.surface","airport":"LFPO","geometry_role":"filled_region","vsmr_group_ids":[[]]},"geometry":{"type":"Polygon","coordinates":[[[2.356998056,48.734299444],[2.356725556,48.734203889],[2.356738056,48.734190278],[2.357010833,48.734285278],[2.356998056,48.734299444]]]}},{"type":"Feature","id":"marking.surface.014","properties":{"name":"Surface marking 014","layer":"Surface markings","category":"Surface markings","object_type":"Area","style_id":"marking.surface","airport":"LFPO","geometry_role":"filled_region","vsmr_group_ids":[[]]},"geometry":{"type":"Polygon","coordinates":[[[2.356975556,48.734326667],[2.356705833,48.734230556],[2.356716944,48.734215833],[2.356988333,48.734311111],[2.356975556,48.734326667]]]}},{"type":"Feature","id":"marking.surface.015","properties":{"name":"Surface marking 015","layer":"Surface markings","category":"Surface markings","object_type":"Area","style_id":"marking.surface","airport":"LFPO","geometry_role":"filled_region","vsmr_group_ids":[[]]},"geometry":{"type":"Polygon","coordinates":[[[2.353161389,48.732892778],[2.353433056,48.732987222],[2.353420833,48.7330025],[2.353150278,48.732906667],[2.353161389,48.732892778]]]}},{"type":"Feature","id":"marking.surface.016","properties":{"name":"Surface marking 016","layer":"Surface markings","category":"Surface markings","object_type":"Area","style_id":"marking.surface","airport":"LFPO","geometry_role":"filled_region","vsmr_group_ids":[[]]},"geometry":{"type":"Polygon","coordinates":[[[2.353400278,48.733028611],[2.353129444,48.7329325],[2.353140833,48.732918333],[2.353411944,48.733013333],[2.353400278,48.733028611]]]}},{"type":"Feature","id":"marking.surface.017","properties":{"name":"Surface marking 017","layer":"Surface markings","category":"Surface markings","object_type":"Area","style_id":"marking.surface","airport":"LFPO","geometry_role":"filled_region","vsmr_group_ids":[[]]},"geometry":{"type":"Polygon","coordinates":[[[2.353289167,48.732734167],[2.353560278,48.732830278],[2.353546944,48.732845556],[2.3532775,48.732749444],[2.353289167,48.732734167]]]}},{"type":"Feature","id":"marking.surface.018","properties":{"name":"Surface marking 018","layer":"Surface markings","category":"Surface markings","object_type":"Area","style_id":"marking.surface","airport":"LFPO","geometry_role":"filled_region","vsmr_group_ids":[[]]},"geometry":{"type":"Polygon","coordinates":[[[2.353568333,48.732819167],[2.353297778,48.732723333],[2.353310556,48.732708889],[2.353580833,48.732804722],[2.353568333,48.732819167]]]}},{"type":"Feature","id":"marking.surface.019","properties":{"name":"Surface marking 019","layer":"Surface markings","category":"Surface markings","object_type":"Area","style_id":"marking.surface","airport":"LFPO","geometry_role":"filled_region","vsmr_group_ids":[[]]},"geometry":{"type":"Polygon","coordinates":[[[2.351476667,48.732114444],[2.351490833,48.732098333],[2.351763333,48.732194722],[2.351748611,48.732209722],[2.351476667,48.732114444]]]}},{"type":"Feature","id":"marking.surface.020","properties":{"name":"Surface marking 020","layer":"Surface markings","category":"Surface markings","object_type":"Area","style_id":"marking.surface","airport":"LFPO","geometry_role":"filled_region","vsmr_group_ids":[[]]},"geometry":{"type":"Polygon","coordinates":[[[2.351350556,48.732271389],[2.3513625,48.732256667],[2.351635556,48.7323525],[2.351621944,48.732368333],[2.351350556,48.732271389]]]}},{"type":"Feature","id":"marking.surface.021","properties":{"name":"Surface marking 021","layer":"Surface markings","category":"Surface markings","object_type":"Area","style_id":"marking.surface","airport":"LFPO","geometry_role":"filled_region","vsmr_group_ids":[[]]},"geometry":{"type":"Polygon","coordinates":[[[2.349951111,48.731573889],[2.349679167,48.731478333],[2.349691944,48.731462778],[2.349963333,48.731559167],[2.349951111,48.731573889]]]}},{"type":"Feature","id":"marking.surface.022","properties":{"name":"Surface marking 022","layer":"Surface markings","category":"Surface markings","object_type":"Area","style_id":"marking.surface","airport":"LFPO","geometry_role":"filled_region","vsmr_group_ids":[[]]},"geometry":{"type":"Polygon","coordinates":[[[2.349823056,48.731731667],[2.349553889,48.731635278],[2.349566111,48.731618889],[2.349835833,48.731716111],[2.349823056,48.731731667]]]}},{"type":"Feature","id":"marking.surface.023","properties":{"name":"Surface marking 023","layer":"Surface markings","category":"Surface markings","object_type":"Area","style_id":"marking.surface","airport":"LFPO","geometry_role":"filled_region","vsmr_group_ids":[[]]},"geometry":{"type":"Polygon","coordinates":[[[2.331635,48.725094722],[2.331363333,48.724997778],[2.331375833,48.724983611],[2.331645833,48.72508],[2.331635,48.725094722]]]}},{"type":"Feature","id":"marking.surface.024","properties":{"name":"Surface marking 024","layer":"Surface markings","category":"Surface markings","object_type":"Area","style_id":"marking.surface","airport":"LFPO","geometry_role":"filled_region","vsmr_group_ids":[[]]},"geometry":{"type":"Polygon","coordinates":[[[2.331507778,48.725251389],[2.331236389,48.725155833],[2.331249167,48.725140556],[2.331519444,48.725237222],[2.331507778,48.725251389]]]}},{"type":"Feature","id":"marking.surface.025","properties":{"name":"Surface marking 025","layer":"Surface markings","category":"Surface markings","object_type":"Area","style_id":"marking.surface","airport":"LFPO","geometry_role":"filled_region","vsmr_group_ids":[[]]},"geometry":{"type":"Polygon","coordinates":[[[2.329835278,48.724459722],[2.329564167,48.724363056],[2.329577778,48.724347778],[2.329848056,48.724444167],[2.329835278,48.724459722]]]}},{"type":"Feature","id":"marking.surface.026","properties":{"name":"Surface marking 026","layer":"Surface markings","category":"Surface markings","object_type":"Area","style_id":"marking.surface","airport":"LFPO","geometry_role":"filled_region","vsmr_group_ids":[[]]},"geometry":{"type":"Polygon","coordinates":[[[2.329438889,48.724520833],[2.329450833,48.724505556],[2.329721389,48.724601111],[2.329709444,48.724615278],[2.329438889,48.724520833]]]}},{"type":"Feature","id":"marking.surface.027","properties":{"name":"Surface marking 027","layer":"Surface markings","category":"Surface markings","object_type":"Area","style_id":"marking.surface","airport":"LFPO","geometry_role":"filled_region","vsmr_group_ids":[[]]},"geometry":{"type":"Polygon","coordinates":[[[2.327789444,48.7237],[2.327801111,48.723685278],[2.328072222,48.723781667],[2.328059722,48.723796944],[2.327789444,48.7237]]]}},{"type":"Feature","id":"marking.surface.028","properties":{"name":"Surface marking 028","layer":"Surface markings","category":"Surface markings","object_type":"Area","style_id":"marking.surface","airport":"LFPO","geometry_role":"filled_region","vsmr_group_ids":[[]]},"geometry":{"type":"Polygon","coordinates":[[[2.328038889,48.723821389],[2.327768889,48.723726111],[2.327779444,48.7237125],[2.328049722,48.723807778],[2.328038889,48.723821389]]]}},{"type":"Feature","id":"marking.surface.029","properties":{"name":"Surface marking 029","layer":"Surface markings","category":"Surface markings","object_type":"Area","style_id":"marking.surface","airport":"LFPO","geometry_role":"filled_region","vsmr_group_ids":[[]]},"geometry":{"type":"Polygon","coordinates":[[[2.327911389,48.723979444],[2.327641944,48.723883333],[2.327653056,48.723868611],[2.327922778,48.723964722],[2.327911389,48.723979444]]]}},{"type":"Feature","id":"marking.surface.030","properties":{"name":"Surface marking 030","layer":"Surface markings","category":"Surface markings","object_type":"Area","style_id":"marking.surface","airport":"LFPO","geometry_role":"filled_region","vsmr_group_ids":[[]]},"geometry":{"type":"Polygon","coordinates":[[[2.327889444,48.724005556],[2.327620278,48.72391],[2.327630278,48.723895278],[2.327901111,48.723990556],[2.327889444,48.724005556]]]}},{"type":"Feature","id":"marking.surface.031","properties":{"name":"Surface marking 031","layer":"Surface markings","category":"Surface markings","object_type":"Area","style_id":"marking.surface","airport":"LFPO","geometry_role":"filled_region","vsmr_group_ids":[[]]},"geometry":{"type":"Polygon","coordinates":[[[2.327166111,48.723513056],[2.326625833,48.723321111],[2.326683889,48.723249167],[2.327226111,48.723440833],[2.327166111,48.723513056]]]}},{"type":"Feature","id":"marking.surface.032","properties":{"name":"Surface marking 032","layer":"Surface markings","category":"Surface markings","object_type":"Area","style_id":"marking.surface","airport":"LFPO","geometry_role":"filled_region","vsmr_group_ids":[[]]},"geometry":{"type":"Polygon","coordinates":[[[2.326452778,48.723534444],[2.326511667,48.723463611],[2.327050833,48.723655278],[2.326993889,48.723726667],[2.326452778,48.723534444]]]}},{"type":"Feature","id":"marking.surface.033","properties":{"name":"Surface marking 033","layer":"Surface markings","category":"Surface markings","object_type":"Area","style_id":"marking.surface","airport":"LFPO","geometry_role":"filled_region","vsmr_group_ids":[[]]},"geometry":{"type":"Polygon","coordinates":[[[2.324214722,48.722401111],[2.324225833,48.722386944],[2.324497222,48.722483333],[2.324486111,48.7224975],[2.324214722,48.722401111]]]}},{"type":"Feature","id":"marking.surface.034","properties":{"name":"Surface marking 034","layer":"Surface markings","category":"Surface markings","object_type":"Area","style_id":"marking.surface","airport":"LFPO","geometry_role":"filled_region","vsmr_group_ids":[[]]},"geometry":{"type":"Polygon","coordinates":[[[2.324193333,48.722428333],[2.324206111,48.722413333],[2.324476389,48.722508333],[2.324464722,48.722523889],[2.324193333,48.722428333]]]}},{"type":"Feature","id":"marking.surface.035","properties":{"name":"Surface marking 035","layer":"Surface markings","category":"Surface markings","object_type":"Area","style_id":"marking.surface","airport":"LFPO","geometry_role":"filled_region","vsmr_group_ids":[[]]},"geometry":{"type":"Polygon","coordinates":[[[2.3241725,48.722453889],[2.324185833,48.72244],[2.324456389,48.722534722],[2.324444167,48.722548333],[2.3241725,48.722453889]]]}},{"type":"Feature","id":"marking.surface.036","properties":{"name":"Surface marking 036","layer":"Surface markings","category":"Surface markings","object_type":"Area","style_id":"marking.surface","airport":"LFPO","geometry_role":"filled_region","vsmr_group_ids":[[]]},"geometry":{"type":"Polygon","coordinates":[[[2.324046389,48.722610833],[2.3240575,48.722595278],[2.32433,48.722691944],[2.324316944,48.7227075],[2.324046389,48.722610833]]]}},{"type":"Feature","id":"marking.surface.037","properties":{"name":"Surface marking 037","layer":"Surface markings","category":"Surface markings","object_type":"Area","style_id":"marking.surface","airport":"LFPO","geometry_role":"filled_region","vsmr_group_ids":[[]]},"geometry":{"type":"Polygon","coordinates":[[[2.324023889,48.722636667],[2.324036667,48.722622778],[2.324307778,48.722719167],[2.324295833,48.722734444],[2.324023889,48.722636667]]]}},{"type":"Feature","id":"marking.surface.038","properties":{"name":"Surface marking 038","layer":"Surface markings","category":"Surface markings","object_type":"Area","style_id":"marking.surface","airport":"LFPO","geometry_role":"filled_region","vsmr_group_ids":[[]]},"geometry":{"type":"Polygon","coordinates":[[[2.324001944,48.722663889],[2.324014722,48.722648611],[2.3242875,48.722744167],[2.324274167,48.72276],[2.324001944,48.722663889]]]}},{"type":"Feature","id":"marking.surface.039","properties":{"name":"Surface marking 039","layer":"Surface markings","category":"Surface markings","object_type":"Area","style_id":"marking.surface","airport":"LFPO","geometry_role":"filled_region","vsmr_group_ids":[[]]},"geometry":{"type":"Polygon","coordinates":[[[2.3224175,48.721764722],[2.322428889,48.721751111],[2.322701944,48.721846389],[2.322686944,48.7218625],[2.3224175,48.721764722]]]}},{"type":"Feature","id":"marking.surface.040","properties":{"name":"Surface marking 040","layer":"Surface markings","category":"Surface markings","object_type":"Area","style_id":"marking.surface","airport":"LFPO","geometry_role":"filled_region","vsmr_group_ids":[[]]},"geometry":{"type":"Polygon","coordinates":[[[2.322396111,48.721790556],[2.322407222,48.721776111],[2.322679167,48.7218725],[2.322666944,48.721888056],[2.322396111,48.721790556]]]}},{"type":"Feature","id":"marking.surface.041","properties":{"name":"Surface marking 041","layer":"Surface markings","category":"Surface markings","object_type":"Area","style_id":"marking.surface","airport":"LFPO","geometry_role":"filled_region","vsmr_group_ids":[[]]},"geometry":{"type":"Polygon","coordinates":[[[2.322375,48.721817778],[2.322385833,48.721803333],[2.322656944,48.721899444],[2.322645556,48.721915],[2.322375,48.721817778]]]}},{"type":"Feature","id":"marking.surface.042","properties":{"name":"Surface marking 042","layer":"Surface markings","category":"Surface markings","object_type":"Area","style_id":"marking.surface","airport":"LFPO","geometry_role":"filled_region","vsmr_group_ids":[[]]},"geometry":{"type":"Polygon","coordinates":[[[2.3222475,48.721974722],[2.322258611,48.721961111],[2.322531389,48.722055556],[2.322519167,48.722069722],[2.3222475,48.721974722]]]}},{"type":"Feature","id":"marking.surface.043","properties":{"name":"Surface marking 043","layer":"Surface markings","category":"Surface markings","object_type":"Area","style_id":"marking.surface","airport":"LFPO","geometry_role":"filled_region","vsmr_group_ids":[[]]},"geometry":{"type":"Polygon","coordinates":[[[2.322226944,48.722000556],[2.322239167,48.721986111],[2.322510833,48.722081667],[2.322497778,48.722096667],[2.322226944,48.722000556]]]}},{"type":"Feature","id":"marking.surface.044","properties":{"name":"Surface marking 044","layer":"Surface markings","category":"Surface markings","object_type":"Area","style_id":"marking.surface","airport":"LFPO","geometry_role":"filled_region","vsmr_group_ids":[[]]},"geometry":{"type":"Polygon","coordinates":[[[2.322204167,48.722026944],[2.322216944,48.722012778],[2.322489722,48.7221075],[2.322476111,48.722124167],[2.322204167,48.722026944]]]}},{"type":"Feature","id":"marking.surface.045","properties":{"name":"Surface marking 045","layer":"Surface markings","category":"Surface markings","object_type":"Area","style_id":"marking.surface","airport":"LFPO","geometry_role":"filled_region","vsmr_group_ids":[[]]},"geometry":{"type":"Polygon","coordinates":[[[2.320470833,48.721425833],[2.320830278,48.721553056],[2.320820278,48.721566944],[2.320458056,48.721440556],[2.320470833,48.721425833]]]}},{"type":"Feature","id":"marking.surface.046","properties":{"name":"Surface marking 046","layer":"Surface markings","category":"Surface markings","object_type":"Area","style_id":"marking.surface","airport":"LFPO","geometry_role":"filled_region","vsmr_group_ids":[[]]},"geometry":{"type":"Polygon","coordinates":[[[2.320482222,48.721412778],[2.320493889,48.721399444],[2.320855278,48.7215275],[2.320841667,48.721540833],[2.320482222,48.721412778]]]}},{"type":"Feature","id":"marking.surface.047","properties":{"name":"Surface marking 047","layer":"Surface markings","category":"Surface markings","object_type":"Area","style_id":"marking.surface","airport":"LFPO","geometry_role":"filled_region","vsmr_group_ids":[[]]},"geometry":{"type":"Polygon","coordinates":[[[2.320504444,48.721386389],[2.320515278,48.721373056],[2.320875556,48.7215],[2.320863333,48.721515278],[2.320504444,48.721386389]]]}},{"type":"Feature","id":"marking.surface.048","properties":{"name":"Surface marking 048","layer":"Surface markings","category":"Surface markings","object_type":"Area","style_id":"marking.surface","airport":"LFPO","geometry_role":"filled_region","vsmr_group_ids":[[]]},"geometry":{"type":"Polygon","coordinates":[[[2.320525556,48.721358889],[2.320536667,48.721345],[2.320898056,48.721472222],[2.320886667,48.721486667],[2.320525556,48.721358889]]]}},{"type":"Feature","id":"marking.surface.049","properties":{"name":"Surface marking 049","layer":"Surface markings","category":"Surface markings","object_type":"Area","style_id":"marking.surface","airport":"LFPO","geometry_role":"filled_region","vsmr_group_ids":[[]]},"geometry":{"type":"Polygon","coordinates":[[[2.320549167,48.721331667],[2.320559722,48.721318889],[2.320919444,48.721446944],[2.320908056,48.721459167],[2.320549167,48.721331667]]]}},{"type":"Feature","id":"marking.surface.050","properties":{"name":"Surface marking 050","layer":"Surface markings","category":"Surface markings","object_type":"Area","style_id":"marking.surface","airport":"LFPO","geometry_role":"filled_region","vsmr_group_ids":[[]]},"geometry":{"type":"Polygon","coordinates":[[[2.320569167,48.721305556],[2.320580833,48.721292222],[2.320941111,48.721419167],[2.320929167,48.721433056],[2.320569167,48.721305556]]]}},{"type":"Feature","id":"marking.surface.051","properties":{"name":"Surface marking 051","layer":"Surface markings","category":"Surface markings","object_type":"Area","style_id":"marking.surface","airport":"LFPO","geometry_role":"filled_region","vsmr_group_ids":[[]]},"geometry":{"type":"Polygon","coordinates":[[[2.320602222,48.721264444],[2.320614722,48.721251389],[2.320973611,48.721378333],[2.320961667,48.721392222],[2.320602222,48.721264444]]]}},{"type":"Feature","id":"marking.surface.052","properties":{"name":"Surface marking 052","layer":"Surface markings","category":"Surface markings","object_type":"Area","style_id":"marking.surface","airport":"LFPO","geometry_role":"filled_region","vsmr_group_ids":[[]]},"geometry":{"type":"Polygon","coordinates":[[[2.320624444,48.721238056],[2.320636111,48.721224444],[2.320994722,48.721351389],[2.320981944,48.721367222],[2.320624444,48.721238056]]]}},{"type":"Feature","id":"marking.surface.053","properties":{"name":"Surface marking 053","layer":"Surface markings","category":"Surface markings","object_type":"Area","style_id":"marking.surface","airport":"LFPO","geometry_role":"filled_region","vsmr_group_ids":[[]]},"geometry":{"type":"Polygon","coordinates":[[[2.320645833,48.721211111],[2.320657778,48.721196111],[2.321017778,48.721324167],[2.321006111,48.721339167],[2.320645833,48.721211111]]]}},{"type":"Feature","id":"marking.surface.054","properties":{"name":"Surface marking 054","layer":"Surface markings","category":"Surface markings","object_type":"Area","style_id":"marking.surface","airport":"LFPO","geometry_role":"filled_region","vsmr_group_ids":[[]]},"geometry":{"type":"Polygon","coordinates":[[[2.320669167,48.721183056],[2.320678889,48.721170833],[2.321040556,48.721297222],[2.321028333,48.721311667],[2.320669167,48.721183056]]]}},{"type":"Feature","id":"marking.surface.055","properties":{"name":"Surface marking 055","layer":"Surface markings","category":"Surface markings","object_type":"Area","style_id":"marking.surface","airport":"LFPO","geometry_role":"filled_region","vsmr_group_ids":[[]]},"geometry":{"type":"Polygon","coordinates":[[[2.320689722,48.721156111],[2.320701667,48.7211425],[2.32106,48.721270556],[2.321050556,48.721284444],[2.320689722,48.721156111]]]}},{"type":"Feature","id":"marking.surface.056","properties":{"name":"Surface marking 056","layer":"Surface markings","category":"Surface markings","object_type":"Area","style_id":"marking.surface","airport":"LFPO","geometry_role":"filled_region","vsmr_group_ids":[[]]},"geometry":{"type":"Polygon","coordinates":[[[2.320711667,48.721130278],[2.320721944,48.721115833],[2.321083889,48.721243889],[2.3210725,48.721258611],[2.320711667,48.721130278]]]}},{"type":"Feature","id":"marking.surface.057","properties":{"name":"Surface marking 057","layer":"Surface markings","category":"Surface markings","object_type":"Area","style_id":"marking.surface","airport":"LFPO","geometry_role":"filled_region","vsmr_group_ids":[[]]},"geometry":{"type":"Polygon","coordinates":[[[2.3607425,48.735272222],[2.360731667,48.735286389],[2.36037,48.735158611],[2.3603825,48.735144167],[2.3607425,48.735272222]]]}},{"type":"Feature","id":"marking.surface.058","properties":{"name":"Surface marking 058","layer":"Surface markings","category":"Surface markings","object_type":"Area","style_id":"marking.surface","airport":"LFPO","geometry_role":"filled_region","vsmr_group_ids":[[]]},"geometry":{"type":"Polygon","coordinates":[[[2.360711111,48.735313056],[2.360348889,48.735185],[2.360361667,48.735171667],[2.360720278,48.735299444],[2.360711111,48.735313056]]]}},{"type":"Feature","id":"marking.surface.059","properties":{"name":"Surface marking 059","layer":"Surface markings","category":"Surface markings","object_type":"Area","style_id":"marking.surface","airport":"LFPO","geometry_role":"filled_region","vsmr_group_ids":[[]]},"geometry":{"type":"Polygon","coordinates":[[[2.360328056,48.7352125],[2.360339167,48.735199722],[2.360700278,48.735325278],[2.3606875,48.735339722],[2.360328056,48.7352125]]]}},{"type":"Feature","id":"marking.surface.060","properties":{"name":"Surface marking 060","layer":"Surface markings","category":"Surface markings","object_type":"Area","style_id":"marking.surface","airport":"LFPO","geometry_role":"filled_region","vsmr_group_ids":[[]]},"geometry":{"type":"Polygon","coordinates":[[[2.360306389,48.735237778],[2.360315833,48.735225278],[2.360678333,48.735353333],[2.360665833,48.7353675],[2.360306389,48.735237778]]]}},{"type":"Feature","id":"marking.surface.061","properties":{"name":"Surface marking 061","layer":"Surface markings","category":"Surface markings","object_type":"Area","style_id":"marking.surface","airport":"LFPO","geometry_role":"filled_region","vsmr_group_ids":[[]]},"geometry":{"type":"Polygon","coordinates":[[[2.360285833,48.735266944],[2.360296389,48.735253056],[2.360658611,48.735379167],[2.360646944,48.735395556],[2.360285833,48.735266944]]]}},{"type":"Feature","id":"marking.surface.062","properties":{"name":"Surface marking 062","layer":"Surface markings","category":"Surface markings","object_type":"Area","style_id":"marking.surface","airport":"LFPO","geometry_role":"filled_region","vsmr_group_ids":[[]]},"geometry":{"type":"Polygon","coordinates":[[[2.360261944,48.735294722],[2.360275278,48.735279167],[2.360636111,48.735407778],[2.360623611,48.735421944],[2.360261944,48.735294722]]]}},{"type":"Feature","id":"marking.surface.063","properties":{"name":"Surface marking 063","layer":"Surface markings","category":"Surface markings","object_type":"Area","style_id":"marking.surface","airport":"LFPO","geometry_role":"filled_region","vsmr_group_ids":[[]]},"geometry":{"type":"Polygon","coordinates":[[[2.36023,48.735333611],[2.360240278,48.735319722],[2.360603611,48.735446389],[2.360590833,48.735462222],[2.36023,48.735333611]]]}},{"type":"Feature","id":"marking.surface.064","properties":{"name":"Surface marking 064","layer":"Surface markings","category":"Surface markings","object_type":"Area","style_id":"marking.surface","airport":"LFPO","geometry_role":"filled_region","vsmr_group_ids":[[]]},"geometry":{"type":"Polygon","coordinates":[[[2.360205556,48.735362222],[2.36022,48.735346944],[2.360579722,48.735473333],[2.360567778,48.735490278],[2.360205556,48.735362222]]]}},{"type":"Feature","id":"marking.surface.065","properties":{"name":"Surface marking 065","layer":"Surface markings","category":"Surface markings","object_type":"Area","style_id":"marking.surface","airport":"LFPO","geometry_role":"filled_region","vsmr_group_ids":[[]]},"geometry":{"type":"Polygon","coordinates":[[[2.3601875,48.735388056],[2.360196944,48.735373889],[2.360557222,48.735502222],[2.360545833,48.735516667],[2.3601875,48.735388056]]]}},{"type":"Feature","id":"marking.surface.066","properties":{"name":"Surface marking 066","layer":"Surface markings","category":"Surface markings","object_type":"Area","style_id":"marking.surface","airport":"LFPO","geometry_role":"filled_region","vsmr_group_ids":[[]]},"geometry":{"type":"Polygon","coordinates":[[[2.360164444,48.735415],[2.360175,48.735401111],[2.3605375,48.7355275],[2.360525556,48.735542778],[2.360164444,48.735415]]]}},{"type":"Feature","id":"marking.surface.067","properties":{"name":"Surface marking 067","layer":"Surface markings","category":"Surface markings","object_type":"Area","style_id":"marking.surface","airport":"LFPO","geometry_role":"filled_region","vsmr_group_ids":[[]]},"geometry":{"type":"Polygon","coordinates":[[[2.360140556,48.735441389],[2.360153056,48.735428333],[2.360515,48.735554722],[2.360502222,48.735569444],[2.360140556,48.735441389]]]}},{"type":"Feature","id":"marking.surface.068","properties":{"name":"Surface marking 068","layer":"Surface markings","category":"Surface markings","object_type":"Area","style_id":"marking.surface","airport":"LFPO","geometry_role":"filled_region","vsmr_group_ids":[[]]},"geometry":{"type":"Polygon","coordinates":[[[2.360120278,48.735468056],[2.360131667,48.735454722],[2.360493889,48.735581944],[2.360480278,48.735597222],[2.360120278,48.735468056]]]}},{"type":"Feature","id":"marking.surface.069","properties":{"name":"Surface marking 069","layer":"Surface markings","category":"Surface markings","object_type":"Area","style_id":"marking.surface","airport":"LFPO","geometry_role":"filled_region","vsmr_group_ids":[[]]},"geometry":{"type":"Polygon","coordinates":[[[2.36083,48.735281389],[2.360541389,48.735638056],[2.316782222,48.720156667],[2.317069167,48.7198],[2.317096667,48.719808611],[2.3168075,48.720156667],[2.320383056,48.7214225],[2.320661389,48.721080556],[2.317843333,48.720081944],[2.31785,48.720074722],[2.359428056,48.734783889],[2.3594225,48.734791667],[2.320684722,48.721088333],[2.320408056,48.721431111],[2.360521389,48.735621111],[2.360805278,48.735272222],[2.36083,48.735281389]]]}},{"type":"Feature","id":"terrain.grass.029","properties":{"name":"Grass area 029","layer":"Terrain","category":"Grass","object_type":"Area","style_id":"terrain.grass","airport":"LFPO","geometry_role":"filled_region","vsmr_group_ids":[[]]},"geometry":{"type":"Polygon","coordinates":[[[2.340297222,48.727842778],[2.340976111,48.727892222],[2.341489444,48.728296944],[2.341507222,48.728332222],[2.341492778,48.728362778],[2.340229444,48.727914722],[2.340297222,48.727842778]]]}},{"type":"Feature","id":"surface.hard_surface_2.003","properties":{"name":"Hard surface type 2 003","layer":"Airfield surfaces","category":"Hard surfaces — type 2","object_type":"Area","style_id":"surface.hard_surface_2","airport":"LFPO","geometry_role":"filled_region","vsmr_group_ids":[[]]},"geometry":{"type":"Polygon","coordinates":[[[2.373625556,48.720394167],[2.373605833,48.720318056],[2.373598056,48.720241944],[2.373608333,48.720163889],[2.373636944,48.720085833],[2.373680833,48.720015556],[2.374803611,48.718543056],[2.375111111,48.718645833],[2.374396667,48.719585556],[2.374350278,48.719651667],[2.374459444,48.719686111],[2.374271667,48.719916111],[2.374193889,48.720075833],[2.374142222,48.720199444],[2.374145,48.720306111],[2.374201667,48.720546389],[2.374285278,48.720733333],[2.373844722,48.720835833],[2.373625556,48.720394167]]]}},{"type":"Feature","id":"surface.runway.002","properties":{"name":"Runway area 002","layer":"Airfield surfaces","category":"Runways","object_type":"Area","style_id":"surface.runway","airport":"LFPO","geometry_role":"filled_region","vsmr_group_ids":[[]]},"geometry":{"type":"Polygon","coordinates":[[[2.357680833,48.720097778],[2.3580425,48.719968056],[2.357985833,48.7199],[2.358293611,48.719796944],[2.358361667,48.719729444],[2.358335,48.719721944],[2.358363333,48.719651389],[2.357567222,48.719504722],[2.357790833,48.718978056],[2.374466944,48.722058611],[2.373838333,48.720810278],[2.374174722,48.720738889],[2.374885,48.722133333],[2.378888611,48.722874444],[2.376653333,48.718265833],[2.376598611,48.718202778],[2.376529722,48.718132222],[2.376413889,48.718058889],[2.376364722,48.718118056],[2.376181389,48.718068889],[2.376055278,48.718073056],[2.375915,48.718096389],[2.375813333,48.718134167],[2.375746944,48.718161667],[2.375643611,48.718225833],[2.375525556,48.718317778],[2.375370833,48.718471389],[2.375243611,48.718641389],[2.375142778,48.718598333],[2.375101389,48.71866],[2.374783333,48.718553056],[2.375118611,48.718106389],[2.375203333,48.718000278],[2.375313611,48.717914167],[2.375448333,48.717846389],[2.375610833,48.717790278],[2.375759444,48.717751389],[2.376308333,48.717628889],[2.375673333,48.716351944],[2.37645,48.716181944],[2.379898889,48.723060278],[2.404147222,48.727537778],[2.403926111,48.728058889],[2.401945,48.727691389],[2.401724167,48.72821],[2.401639722,48.728339167],[2.401554167,48.728428333],[2.401440556,48.7285025],[2.401285278,48.728574444],[2.401001944,48.728696111],[2.400746111,48.728442778],[2.400962778,48.728331111],[2.401104167,48.728230278],[2.401213611,48.728135],[2.401286389,48.728045],[2.401319167,48.727944167],[2.401336111,48.727822222],[2.401321667,48.727718333],[2.4013025,48.727650833],[2.401209444,48.727587778],[2.4012125,48.727564722],[2.396258889,48.726645556],[2.396013333,48.727200833],[2.395584444,48.727125556],[2.395605556,48.727041944],[2.395633333,48.726930833],[2.395644167,48.726814722],[2.395640556,48.726686389],[2.395623611,48.726600833],[2.395574722,48.72655],[2.395458611,48.726498889],[2.386539167,48.724855278],[2.386452778,48.7250375],[2.386636944,48.725074444],[2.386791667,48.725365],[2.386247778,48.725489722],[2.386003333,48.725536944],[2.385798333,48.725135833],[2.385689722,48.724912778],[2.385616944,48.724855278],[2.385447778,48.724738611],[2.385281111,48.7246425],[2.3852,48.724605833],[2.380213889,48.723686389],[2.382278889,48.727786944],[2.383203056,48.727971111],[2.383621111,48.72805],[2.384034444,48.728118611],[2.384393889,48.728165278],[2.384345833,48.728382778],[2.38401,48.728340278],[2.383596389,48.72827],[2.383135,48.728189722],[2.382415556,48.728058889],[2.388008889,48.7392325],[2.387235833,48.739408889],[2.386585278,48.738113611],[2.384713333,48.738528056],[2.384606944,48.7383125],[2.384715,48.738289167],[2.384786389,48.738255278],[2.384828889,48.738210278],[2.384837222,48.738151111],[2.384793889,48.738086111],[2.384728611,48.738047778],[2.3844975,48.737972222],[2.384714722,48.737664722],[2.384924722,48.737744722],[2.385182778,48.737821111],[2.385396667,48.737861389],[2.385626944,48.737884444],[2.385768611,48.737871667],[2.385903611,48.737830833],[2.385976111,48.737785],[2.386044167,48.737734444],[2.386115833,48.737652778],[2.386137778,48.737565556],[2.386138333,48.737508056],[2.386271667,48.737500833],[2.386257778,48.737423056],[2.384571389,48.734094444],[2.3845025,48.734],[2.384396111,48.7339275],[2.384251667,48.733873333],[2.382319444,48.733475],[2.382441667,48.733172222],[2.382870278,48.733244444],[2.383164444,48.7332725],[2.3833925,48.733282222],[2.383531667,48.733275556],[2.383649167,48.733248889],[2.383716389,48.733302778],[2.3838125,48.733248333],[2.383913611,48.733138056],[2.3839575,48.733038056],[2.383965556,48.73294],[2.383946389,48.732829722],[2.381500556,48.727966111],[2.381386389,48.727914167],[2.380944722,48.727786389],[2.380544722,48.727711667],[2.3805325,48.727771389],[2.380239167,48.727743611],[2.379971667,48.727721389],[2.3798,48.727715833],[2.379616944,48.727729722],[2.379496111,48.727746389],[2.379428056,48.727774444],[2.379041111,48.727442222],[2.379136389,48.727215],[2.380059444,48.727374444],[2.380109722,48.727311389],[2.380313611,48.727333611],[2.380539167,48.7273475],[2.380713611,48.7273475],[2.380816667,48.727339444],[2.380915556,48.727321111],[2.381004167,48.727279167],[2.381044167,48.727200278],[2.381078333,48.727122778],[2.379266389,48.723512222],[2.378165278,48.7233125],[2.377776389,48.723344167],[2.377454167,48.723424444],[2.377172222,48.723528056],[2.376960833,48.723638333],[2.376753056,48.723778056],[2.376584444,48.723929722],[2.376481667,48.724046111],[2.376393611,48.724178333],[2.376059167,48.724089722],[2.376136667,48.723959167],[2.376238611,48.723830278],[2.376368611,48.723699167],[2.376537222,48.723560278],[2.376728333,48.723428333],[2.376903889,48.723329444],[2.377123611,48.723230278],[2.377185,48.723196944],[2.377197778,48.7231275],[2.376123333,48.722932778],[2.376109722,48.722963056],[2.375981944,48.722980556],[2.375853611,48.723018889],[2.375746667,48.723078056],[2.375654167,48.723152778],[2.375584722,48.723235833],[2.375548611,48.723325833],[2.375564167,48.723403611],[2.375165556,48.723469444],[2.375072222,48.723276389],[2.375049444,48.723278056],[2.375003056,48.723183889],[2.37485,48.723028056],[2.374757778,48.722928056],[2.374646667,48.722856667],[2.374409722,48.7227125],[2.374241111,48.722626111],[2.374074444,48.722565],[2.370233056,48.721847222],[2.369883611,48.721808889],[2.366055,48.722007778],[2.366047778,48.721788056],[2.366043889,48.721723333],[2.366303889,48.721721944],[2.366304444,48.721759722],[2.366326389,48.721773056],[2.366355278,48.721775833],[2.368943611,48.721642222],[2.36894,48.721603056],[2.366219444,48.721093056],[2.366083611,48.721081111],[2.365989722,48.721149444],[2.365913056,48.721214444],[2.365830833,48.721298889],[2.365752778,48.721403611],[2.36565,48.721574167],[2.365241389,48.721497778],[2.365541389,48.720974722],[2.359738611,48.7199075],[2.359488611,48.719900278],[2.359295,48.719921111],[2.358967222,48.719985],[2.359138056,48.719946667],[2.358743611,48.720045],[2.358525833,48.720119167],[2.358257222,48.720221389],[2.358221944,48.720148333],[2.357856944,48.720301667],[2.357680833,48.720097778]]]}},{"type":"Feature","id":"marking.surface.070","properties":{"name":"Surface marking 070","layer":"Surface markings","category":"Surface markings","object_type":"Area","style_id":"marking.surface","airport":"LFPO","geometry_role":"filled_region","vsmr_group_ids":[[]]},"geometry":{"type":"Polygon","coordinates":[[[2.3706425,48.72172],[2.370635,48.721735556],[2.370338889,48.721681667],[2.370345833,48.721664444],[2.3706425,48.72172]]]}},{"type":"Feature","id":"marking.surface.071","properties":{"name":"Surface marking 071","layer":"Surface markings","category":"Surface markings","object_type":"Area","style_id":"marking.surface","airport":"LFPO","geometry_role":"filled_region","vsmr_group_ids":[[]]},"geometry":{"type":"Polygon","coordinates":[[[2.370418333,48.721492222],[2.370714444,48.721546389],[2.370708333,48.721563611],[2.370411944,48.721510278],[2.370418333,48.721492222]]]}},{"type":"Feature","id":"marking.surface.072","properties":{"name":"Surface marking 072","layer":"Surface markings","category":"Surface markings","object_type":"Area","style_id":"marking.surface","airport":"LFPO","geometry_role":"filled_region","vsmr_group_ids":[[]]},"geometry":{"type":"Polygon","coordinates":[[[2.368382778,48.7213025],[2.368678333,48.721355556],[2.368670833,48.721371389],[2.368376111,48.721318333],[2.368382778,48.7213025]]]}},{"type":"Feature","id":"marking.surface.073","properties":{"name":"Surface marking 073","layer":"Surface markings","category":"Surface markings","object_type":"Area","style_id":"marking.surface","airport":"LFPO","geometry_role":"filled_region","vsmr_group_ids":[[]]},"geometry":{"type":"Polygon","coordinates":[[[2.368751111,48.721185],[2.368742222,48.721201111],[2.368448889,48.7211475],[2.368455556,48.721129167],[2.368751111,48.721185]]]}},{"type":"Feature","id":"marking.surface.074","properties":{"name":"Surface marking 074","layer":"Surface markings","category":"Surface markings","object_type":"Area","style_id":"marking.surface","airport":"LFPO","geometry_role":"filled_region","vsmr_group_ids":[[]]},"geometry":{"type":"Polygon","coordinates":[[[2.366703333,48.721023333],[2.366694444,48.7210375],[2.366400556,48.720985278],[2.366405833,48.720967778],[2.366703333,48.721023333]]]}},{"type":"Feature","id":"marking.surface.075","properties":{"name":"Surface marking 075","layer":"Surface markings","category":"Surface markings","object_type":"Area","style_id":"marking.surface","airport":"LFPO","geometry_role":"filled_region","vsmr_group_ids":[[]]},"geometry":{"type":"Polygon","coordinates":[[[2.366715,48.720993056],[2.366708611,48.721011111],[2.366410833,48.720955556],[2.366418611,48.720939722],[2.366715,48.720993056]]]}},{"type":"Feature","id":"marking.surface.076","properties":{"name":"Surface marking 076","layer":"Surface markings","category":"Surface markings","object_type":"Area","style_id":"marking.surface","airport":"LFPO","geometry_role":"filled_region","vsmr_group_ids":[[]]},"geometry":{"type":"Polygon","coordinates":[[[2.366789444,48.720822778],[2.366781667,48.720839167],[2.366484167,48.720786111],[2.366491944,48.720766944],[2.366789444,48.720822778]]]}},{"type":"Feature","id":"marking.surface.077","properties":{"name":"Surface marking 077","layer":"Surface markings","category":"Surface markings","object_type":"Area","style_id":"marking.surface","airport":"LFPO","geometry_role":"filled_region","vsmr_group_ids":[[]]},"geometry":{"type":"Polygon","coordinates":[[[2.366797778,48.720793333],[2.366791667,48.720810556],[2.366495556,48.720755833],[2.366504167,48.720737778],[2.366797778,48.720793333]]]}},{"type":"Feature","id":"marking.surface.078","properties":{"name":"Surface marking 078","layer":"Surface markings","category":"Surface markings","object_type":"Area","style_id":"marking.surface","airport":"LFPO","geometry_role":"filled_region","vsmr_group_ids":[[]]},"geometry":{"type":"Polygon","coordinates":[[[2.364586944,48.720600833],[2.364555556,48.720679722],[2.363964444,48.720570278],[2.363995,48.720491667],[2.364586944,48.720600833]]]}},{"type":"Feature","id":"marking.surface.079","properties":{"name":"Surface marking 079","layer":"Surface markings","category":"Surface markings","object_type":"Area","style_id":"marking.surface","airport":"LFPO","geometry_role":"filled_region","vsmr_group_ids":[[]]},"geometry":{"type":"Polygon","coordinates":[[[2.364684722,48.7203675],[2.3646525,48.720445278],[2.364061944,48.7203375],[2.364095833,48.720258056],[2.364684722,48.7203675]]]}},{"type":"Feature","id":"marking.surface.080","properties":{"name":"Surface marking 080","layer":"Surface markings","category":"Surface markings","object_type":"Area","style_id":"marking.surface","airport":"LFPO","geometry_role":"filled_region","vsmr_group_ids":[[]]},"geometry":{"type":"Polygon","coordinates":[[[2.362859722,48.720097778],[2.362854444,48.720114167],[2.3625575,48.720060278],[2.362563611,48.720041944],[2.362859722,48.720097778]]]}},{"type":"Feature","id":"marking.surface.081","properties":{"name":"Surface marking 081","layer":"Surface markings","category":"Surface markings","object_type":"Area","style_id":"marking.surface","airport":"LFPO","geometry_role":"filled_region","vsmr_group_ids":[[]]},"geometry":{"type":"Polygon","coordinates":[[[2.3628725,48.720070278],[2.362864722,48.720084444],[2.362568333,48.720031111],[2.362575278,48.720015278],[2.3628725,48.720070278]]]}},{"type":"Feature","id":"marking.surface.082","properties":{"name":"Surface marking 082","layer":"Surface markings","category":"Surface markings","object_type":"Area","style_id":"marking.surface","airport":"LFPO","geometry_role":"filled_region","vsmr_group_ids":[[]]},"geometry":{"type":"Polygon","coordinates":[[[2.3628825,48.720041389],[2.362875278,48.720056111],[2.362581667,48.7200025],[2.362588056,48.719985833],[2.3628825,48.720041389]]]}},{"type":"Feature","id":"marking.surface.083","properties":{"name":"Surface marking 083","layer":"Surface markings","category":"Surface markings","object_type":"Area","style_id":"marking.surface","airport":"LFPO","geometry_role":"filled_region","vsmr_group_ids":[[]]},"geometry":{"type":"Polygon","coordinates":[[[2.362763889,48.720326667],[2.362755556,48.720341944],[2.362459444,48.720287778],[2.3624675,48.720271389],[2.362763889,48.720326667]]]}},{"type":"Feature","id":"marking.surface.084","properties":{"name":"Surface marking 084","layer":"Surface markings","category":"Surface markings","object_type":"Area","style_id":"marking.surface","airport":"LFPO","geometry_role":"filled_region","vsmr_group_ids":[[]]},"geometry":{"type":"Polygon","coordinates":[[[2.362776667,48.720299167],[2.362769722,48.720313333],[2.362473056,48.720258611],[2.36248,48.7202425],[2.362776667,48.720299167]]]}},{"type":"Feature","id":"marking.surface.085","properties":{"name":"Surface marking 085","layer":"Surface markings","category":"Surface markings","object_type":"Area","style_id":"marking.surface","airport":"LFPO","geometry_role":"filled_region","vsmr_group_ids":[[]]},"geometry":{"type":"Polygon","coordinates":[[[2.362789167,48.720268611],[2.362779167,48.720285556],[2.362479722,48.720231389],[2.362490833,48.720213889],[2.362789167,48.720268611]]]}},{"type":"Feature","id":"marking.surface.086","properties":{"name":"Surface marking 086","layer":"Surface markings","category":"Surface markings","object_type":"Area","style_id":"marking.surface","airport":"LFPO","geometry_role":"filled_region","vsmr_group_ids":[[]]},"geometry":{"type":"Polygon","coordinates":[[[2.360799444,48.719963056],[2.360793056,48.719979722],[2.360497222,48.719925556],[2.360504167,48.719909167],[2.360799444,48.719963056]]]}},{"type":"Feature","id":"marking.surface.087","properties":{"name":"Surface marking 087","layer":"Surface markings","category":"Surface markings","object_type":"Area","style_id":"marking.surface","airport":"LFPO","geometry_role":"filled_region","vsmr_group_ids":[[]]},"geometry":{"type":"Polygon","coordinates":[[[2.360811389,48.719935833],[2.360803333,48.719950556],[2.360507778,48.719896944],[2.360514444,48.719879722],[2.360811389,48.719935833]]]}},{"type":"Feature","id":"marking.surface.088","properties":{"name":"Surface marking 088","layer":"Surface markings","category":"Surface markings","object_type":"Area","style_id":"marking.surface","airport":"LFPO","geometry_role":"filled_region","vsmr_group_ids":[[]]},"geometry":{"type":"Polygon","coordinates":[[[2.360823333,48.719905833],[2.360816944,48.7199225],[2.360520278,48.719868056],[2.360528333,48.719851667],[2.360823333,48.719905833]]]}},{"type":"Feature","id":"marking.surface.089","properties":{"name":"Surface marking 089","layer":"Surface markings","category":"Surface markings","object_type":"Area","style_id":"marking.surface","airport":"LFPO","geometry_role":"filled_region","vsmr_group_ids":[[]]},"geometry":{"type":"Polygon","coordinates":[[[2.360896667,48.719735],[2.360890278,48.719751667],[2.360592222,48.719698333],[2.360600278,48.719679722],[2.360896667,48.719735]]]}},{"type":"Feature","id":"marking.surface.090","properties":{"name":"Surface marking 090","layer":"Surface markings","category":"Surface markings","object_type":"Area","style_id":"marking.surface","airport":"LFPO","geometry_role":"filled_region","vsmr_group_ids":[[]]},"geometry":{"type":"Polygon","coordinates":[[[2.360909167,48.719706111],[2.360901667,48.719721667],[2.360605278,48.719666667],[2.360611111,48.719651111],[2.360909167,48.719706111]]]}},{"type":"Feature","id":"marking.surface.091","properties":{"name":"Surface marking 091","layer":"Surface markings","category":"Surface markings","object_type":"Area","style_id":"marking.surface","airport":"LFPO","geometry_role":"filled_region","vsmr_group_ids":[[]]},"geometry":{"type":"Polygon","coordinates":[[[2.360920833,48.719677222],[2.360913333,48.719693056],[2.360617222,48.719638889],[2.360625278,48.7196225],[2.360920833,48.719677222]]]}},{"type":"Feature","id":"marking.surface.092","properties":{"name":"Surface marking 092","layer":"Surface markings","category":"Surface markings","object_type":"Area","style_id":"marking.surface","airport":"LFPO","geometry_role":"filled_region","vsmr_group_ids":[[]]},"geometry":{"type":"Polygon","coordinates":[[[2.359001667,48.719661667],[2.358995556,48.719675556],[2.358600278,48.719603056],[2.358608056,48.719586944],[2.359001667,48.719661667]]]}},{"type":"Feature","id":"marking.surface.093","properties":{"name":"Surface marking 093","layer":"Surface markings","category":"Surface markings","object_type":"Area","style_id":"marking.surface","airport":"LFPO","geometry_role":"filled_region","vsmr_group_ids":[[]]},"geometry":{"type":"Polygon","coordinates":[[[2.359014444,48.71963],[2.359008333,48.719646111],[2.358612222,48.719573611],[2.358621667,48.7195575],[2.359014444,48.71963]]]}},{"type":"Feature","id":"marking.surface.094","properties":{"name":"Surface marking 094","layer":"Surface markings","category":"Surface markings","object_type":"Area","style_id":"marking.surface","airport":"LFPO","geometry_role":"filled_region","vsmr_group_ids":[[]]},"geometry":{"type":"Polygon","coordinates":[[[2.359028611,48.719601667],[2.359020278,48.719616667],[2.358626667,48.719544167],[2.358631667,48.719528889],[2.359028611,48.719601667]]]}},{"type":"Feature","id":"marking.surface.095","properties":{"name":"Surface marking 095","layer":"Surface markings","category":"Surface markings","object_type":"Area","style_id":"marking.surface","airport":"LFPO","geometry_role":"filled_region","vsmr_group_ids":[[]]},"geometry":{"type":"Polygon","coordinates":[[[2.359037222,48.719571944],[2.359031944,48.719587778],[2.358636667,48.719515278],[2.358643333,48.719498056],[2.359037222,48.719571944]]]}},{"type":"Feature","id":"marking.surface.096","properties":{"name":"Surface marking 096","layer":"Surface markings","category":"Surface markings","object_type":"Area","style_id":"marking.surface","airport":"LFPO","geometry_role":"filled_region","vsmr_group_ids":[[]]},"geometry":{"type":"Polygon","coordinates":[[[2.359050556,48.719542778],[2.359045,48.719557778],[2.358649722,48.719484722],[2.358657222,48.71947],[2.359050556,48.719542778]]]}},{"type":"Feature","id":"marking.surface.097","properties":{"name":"Surface marking 097","layer":"Surface markings","category":"Surface markings","object_type":"Area","style_id":"marking.surface","airport":"LFPO","geometry_role":"filled_region","vsmr_group_ids":[[]]},"geometry":{"type":"Polygon","coordinates":[[[2.359063333,48.719513333],[2.359055833,48.719528611],[2.358662222,48.719456111],[2.358671111,48.719439722],[2.359063333,48.719513333]]]}},{"type":"Feature","id":"marking.surface.098","properties":{"name":"Surface marking 098","layer":"Surface markings","category":"Surface markings","object_type":"Area","style_id":"marking.surface","airport":"LFPO","geometry_role":"filled_region","vsmr_group_ids":[[]]},"geometry":{"type":"Polygon","coordinates":[[[2.359081389,48.71947],[2.359075556,48.719483333],[2.358680278,48.7194125],[2.358687778,48.719397222],[2.359081389,48.71947]]]}},{"type":"Feature","id":"marking.surface.099","properties":{"name":"Surface marking 099","layer":"Surface markings","category":"Surface markings","object_type":"Area","style_id":"marking.surface","airport":"LFPO","geometry_role":"filled_region","vsmr_group_ids":[[]]},"geometry":{"type":"Polygon","coordinates":[[[2.359095833,48.719440833],[2.359087778,48.719455556],[2.35869,48.7193825],[2.358697778,48.719366667],[2.359095833,48.719440833]]]}},{"type":"Feature","id":"marking.surface.100","properties":{"name":"Surface marking 100","layer":"Surface markings","category":"Surface markings","object_type":"Area","style_id":"marking.surface","airport":"LFPO","geometry_role":"filled_region","vsmr_group_ids":[[]]},"geometry":{"type":"Polygon","coordinates":[[[2.359106944,48.719408889],[2.359099444,48.719424167],[2.358704444,48.719353056],[2.358711944,48.719336111],[2.359106944,48.719408889]]]}},{"type":"Feature","id":"marking.surface.101","properties":{"name":"Surface marking 101","layer":"Surface markings","category":"Surface markings","object_type":"Area","style_id":"marking.surface","airport":"LFPO","geometry_role":"filled_region","vsmr_group_ids":[[]]},"geometry":{"type":"Polygon","coordinates":[[[2.359119444,48.719380556],[2.359113056,48.719395],[2.358719167,48.719323333],[2.358725556,48.719306111],[2.359119444,48.719380556]]]}},{"type":"Feature","id":"marking.surface.102","properties":{"name":"Surface marking 102","layer":"Surface markings","category":"Surface markings","object_type":"Area","style_id":"marking.surface","airport":"LFPO","geometry_role":"filled_region","vsmr_group_ids":[[]]},"geometry":{"type":"Polygon","coordinates":[[[2.359131111,48.719351667],[2.359125278,48.719366667],[2.358729444,48.719293611],[2.358737222,48.719277778],[2.359131111,48.719351667]]]}},{"type":"Feature","id":"marking.surface.103","properties":{"name":"Surface marking 103","layer":"Surface markings","category":"Surface markings","object_type":"Area","style_id":"marking.surface","airport":"LFPO","geometry_role":"filled_region","vsmr_group_ids":[[]]},"geometry":{"type":"Polygon","coordinates":[[[2.359141944,48.719320833],[2.3591375,48.719336667],[2.358743889,48.719263889],[2.358751389,48.719248611],[2.359141944,48.719320833]]]}},{"type":"Feature","id":"marking.surface.104","properties":{"name":"Surface marking 104","layer":"Surface markings","category":"Surface markings","object_type":"Area","style_id":"marking.surface","airport":"LFPO","geometry_role":"filled_region","vsmr_group_ids":[[]]},"geometry":{"type":"Polygon","coordinates":[[[2.3884975,48.725045556],[2.388491944,48.725061944],[2.388194167,48.725007778],[2.388203056,48.724991944],[2.3884975,48.725045556]]]}},{"type":"Feature","id":"marking.surface.105","properties":{"name":"Surface marking 105","layer":"Surface markings","category":"Surface markings","object_type":"Area","style_id":"marking.surface","airport":"LFPO","geometry_role":"filled_region","vsmr_group_ids":[[]]},"geometry":{"type":"Polygon","coordinates":[[[2.388510278,48.725017222],[2.388502778,48.725033333],[2.388207222,48.724978611],[2.388215278,48.724963611],[2.388510278,48.725017222]]]}},{"type":"Feature","id":"marking.surface.106","properties":{"name":"Surface marking 106","layer":"Surface markings","category":"Surface markings","object_type":"Area","style_id":"marking.surface","airport":"LFPO","geometry_role":"filled_region","vsmr_group_ids":[[]]},"geometry":{"type":"Polygon","coordinates":[[[2.388583611,48.724846111],[2.388575278,48.724862222],[2.388278333,48.724808333],[2.388285833,48.724790833],[2.388583611,48.724846111]]]}},{"type":"Feature","id":"marking.surface.107","properties":{"name":"Surface marking 107","layer":"Surface markings","category":"Surface markings","object_type":"Area","style_id":"marking.surface","airport":"LFPO","geometry_role":"filled_region","vsmr_group_ids":[[]]},"geometry":{"type":"Polygon","coordinates":[[[2.388594167,48.724818056],[2.388587778,48.724833056],[2.388291389,48.724779167],[2.388298611,48.7247625],[2.388594167,48.724818056]]]}},{"type":"Feature","id":"marking.surface.108","properties":{"name":"Surface marking 108","layer":"Surface markings","category":"Surface markings","object_type":"Area","style_id":"marking.surface","airport":"LFPO","geometry_role":"filled_region","vsmr_group_ids":[[]]},"geometry":{"type":"Polygon","coordinates":[[[2.3905,48.725384444],[2.390467222,48.725461389],[2.389876389,48.725353611],[2.38991,48.725275],[2.3905,48.725384444]]]}},{"type":"Feature","id":"marking.surface.109","properties":{"name":"Surface marking 109","layer":"Surface markings","category":"Surface markings","object_type":"Area","style_id":"marking.surface","airport":"LFPO","geometry_role":"filled_region","vsmr_group_ids":[[]]},"geometry":{"type":"Polygon","coordinates":[[[2.390601111,48.725150278],[2.390565278,48.725229167],[2.389974167,48.725120556],[2.390005833,48.725040556],[2.390601111,48.725150278]]]}},{"type":"Feature","id":"marking.surface.110","properties":{"name":"Surface marking 110","layer":"Surface markings","category":"Surface markings","object_type":"Area","style_id":"marking.surface","airport":"LFPO","geometry_role":"filled_region","vsmr_group_ids":[[]]},"geometry":{"type":"Polygon","coordinates":[[[2.392415833,48.725798611],[2.3924075,48.725815],[2.392110556,48.725760556],[2.392118056,48.725743056],[2.392415833,48.725798611]]]}},{"type":"Feature","id":"marking.surface.111","properties":{"name":"Surface marking 111","layer":"Surface markings","category":"Surface markings","object_type":"Area","style_id":"marking.surface","airport":"LFPO","geometry_role":"filled_region","vsmr_group_ids":[[]]},"geometry":{"type":"Polygon","coordinates":[[[2.392427222,48.725770556],[2.392419444,48.725786667],[2.3921225,48.7257325],[2.392129722,48.725715833],[2.392427222,48.725770556]]]}},{"type":"Feature","id":"marking.surface.112","properties":{"name":"Surface marking 112","layer":"Surface markings","category":"Surface markings","object_type":"Area","style_id":"marking.surface","airport":"LFPO","geometry_role":"filled_region","vsmr_group_ids":[[]]},"geometry":{"type":"Polygon","coordinates":[[[2.392438611,48.725741944],[2.392432778,48.7257575],[2.392136389,48.725703611],[2.392141944,48.725686944],[2.392438611,48.725741944]]]}},{"type":"Feature","id":"marking.surface.113","properties":{"name":"Surface marking 113","layer":"Surface markings","category":"Surface markings","object_type":"Area","style_id":"marking.surface","airport":"LFPO","geometry_role":"filled_region","vsmr_group_ids":[[]]},"geometry":{"type":"Polygon","coordinates":[[[2.392512222,48.72557],[2.392503056,48.725586389],[2.392208333,48.725531944],[2.392213889,48.725516389],[2.392512222,48.72557]]]}},{"type":"Feature","id":"marking.surface.114","properties":{"name":"Surface marking 114","layer":"Surface markings","category":"Surface markings","object_type":"Area","style_id":"marking.surface","airport":"LFPO","geometry_role":"filled_region","vsmr_group_ids":[[]]},"geometry":{"type":"Polygon","coordinates":[[[2.3925225,48.725543056],[2.392515833,48.725557222],[2.392219722,48.725503889],[2.392227222,48.725486389],[2.3925225,48.725543056]]]}},{"type":"Feature","id":"marking.surface.115","properties":{"name":"Surface marking 115","layer":"Surface markings","category":"Surface markings","object_type":"Area","style_id":"marking.surface","airport":"LFPO","geometry_role":"filled_region","vsmr_group_ids":[[]]},"geometry":{"type":"Polygon","coordinates":[[[2.392535278,48.725513056],[2.392528056,48.725528333],[2.392231389,48.725475],[2.392239167,48.725458333],[2.392535278,48.725513056]]]}},{"type":"Feature","id":"marking.surface.116","properties":{"name":"Surface marking 116","layer":"Surface markings","category":"Surface markings","object_type":"Area","style_id":"marking.surface","airport":"LFPO","geometry_role":"filled_region","vsmr_group_ids":[[]]},"geometry":{"type":"Polygon","coordinates":[[[2.394378333,48.726160833],[2.39437,48.726176944],[2.394075278,48.7261225],[2.394082778,48.726106667],[2.394378333,48.726160833]]]}},{"type":"Feature","id":"marking.surface.117","properties":{"name":"Surface marking 117","layer":"Surface markings","category":"Surface markings","object_type":"Area","style_id":"marking.surface","airport":"LFPO","geometry_role":"filled_region","vsmr_group_ids":[[]]},"geometry":{"type":"Polygon","coordinates":[[[2.39439,48.726133333],[2.394381667,48.726148056],[2.394086667,48.726094444],[2.394094167,48.726078056],[2.39439,48.726133333]]]}},{"type":"Feature","id":"marking.surface.118","properties":{"name":"Surface marking 118","layer":"Surface markings","category":"Surface markings","object_type":"Area","style_id":"marking.surface","airport":"LFPO","geometry_role":"filled_region","vsmr_group_ids":[[]]},"geometry":{"type":"Polygon","coordinates":[[[2.394402778,48.726103611],[2.394396111,48.726119444],[2.394099722,48.726065556],[2.394105278,48.726049444],[2.394402778,48.726103611]]]}},{"type":"Feature","id":"marking.surface.119","properties":{"name":"Surface marking 119","layer":"Surface markings","category":"Surface markings","object_type":"Area","style_id":"marking.surface","airport":"LFPO","geometry_role":"filled_region","vsmr_group_ids":[[]]},"geometry":{"type":"Polygon","coordinates":[[[2.394475278,48.7259325],[2.394468056,48.725947778],[2.394170833,48.725894444],[2.394178611,48.725878056],[2.394475278,48.7259325]]]}},{"type":"Feature","id":"marking.surface.120","properties":{"name":"Surface marking 120","layer":"Surface markings","category":"Surface markings","object_type":"Area","style_id":"marking.surface","airport":"LFPO","geometry_role":"filled_region","vsmr_group_ids":[[]]},"geometry":{"type":"Polygon","coordinates":[[[2.394485833,48.725904722],[2.394480278,48.725919444],[2.3941825,48.725865833],[2.394189167,48.72585],[2.394485833,48.725904722]]]}},{"type":"Feature","id":"marking.surface.121","properties":{"name":"Surface marking 121","layer":"Surface markings","category":"Surface markings","object_type":"Area","style_id":"marking.surface","airport":"LFPO","geometry_role":"filled_region","vsmr_group_ids":[[]]},"geometry":{"type":"Polygon","coordinates":[[[2.394498889,48.725876111],[2.394491111,48.725890833],[2.394196667,48.725837222],[2.394203056,48.725820833],[2.394498889,48.725876111]]]}},{"type":"Feature","id":"marking.surface.122","properties":{"name":"Surface marking 122","layer":"Surface markings","category":"Surface markings","object_type":"Area","style_id":"marking.surface","airport":"LFPO","geometry_role":"filled_region","vsmr_group_ids":[[]]},"geometry":{"type":"Polygon","coordinates":[[[2.396253889,48.726535278],[2.396246389,48.726550833],[2.395851667,48.7264775],[2.395857222,48.726462778],[2.396253889,48.726535278]]]}},{"type":"Feature","id":"marking.surface.123","properties":{"name":"Surface marking 123","layer":"Surface markings","category":"Surface markings","object_type":"Area","style_id":"marking.surface","airport":"LFPO","geometry_role":"filled_region","vsmr_group_ids":[[]]},"geometry":{"type":"Polygon","coordinates":[[[2.396265,48.726505833],[2.396258333,48.726521389],[2.395863056,48.726449167],[2.395871111,48.726433333],[2.396265,48.726505833]]]}},{"type":"Feature","id":"marking.surface.124","properties":{"name":"Surface marking 124","layer":"Surface markings","category":"Surface markings","object_type":"Area","style_id":"marking.surface","airport":"LFPO","geometry_role":"filled_region","vsmr_group_ids":[[]]},"geometry":{"type":"Polygon","coordinates":[[[2.396277778,48.726476111],[2.396270556,48.726491667],[2.395875556,48.726419722],[2.395883611,48.726404167],[2.396277778,48.726476111]]]}},{"type":"Feature","id":"marking.surface.125","properties":{"name":"Surface marking 125","layer":"Surface markings","category":"Surface markings","object_type":"Area","style_id":"marking.surface","airport":"LFPO","geometry_role":"filled_region","vsmr_group_ids":[[]]},"geometry":{"type":"Polygon","coordinates":[[[2.396290278,48.726446389],[2.3962825,48.726461667],[2.395888889,48.726390278],[2.395896667,48.726373611],[2.396290278,48.726446389]]]}},{"type":"Feature","id":"marking.surface.126","properties":{"name":"Surface marking 126","layer":"Surface markings","category":"Surface markings","object_type":"Area","style_id":"marking.surface","airport":"LFPO","geometry_role":"filled_region","vsmr_group_ids":[[]]},"geometry":{"type":"Polygon","coordinates":[[[2.396303611,48.7264175],[2.396296667,48.726433611],[2.395901111,48.726361944],[2.395908056,48.726344167],[2.396303611,48.7264175]]]}},{"type":"Feature","id":"marking.surface.127","properties":{"name":"Surface marking 127","layer":"Surface markings","category":"Surface markings","object_type":"Area","style_id":"marking.surface","airport":"LFPO","geometry_role":"filled_region","vsmr_group_ids":[[]]},"geometry":{"type":"Polygon","coordinates":[[[2.396314444,48.726388611],[2.3963075,48.726403333],[2.395912778,48.726331389],[2.395920278,48.726315278],[2.396314444,48.726388611]]]}},{"type":"Feature","id":"marking.surface.128","properties":{"name":"Surface marking 128","layer":"Surface markings","category":"Surface markings","object_type":"Area","style_id":"marking.surface","airport":"LFPO","geometry_role":"filled_region","vsmr_group_ids":[[]]},"geometry":{"type":"Polygon","coordinates":[[[2.396333056,48.726343333],[2.396326944,48.726359444],[2.395932222,48.726287778],[2.395936667,48.726270833],[2.396333056,48.726343333]]]}},{"type":"Feature","id":"marking.surface.129","properties":{"name":"Surface marking 129","layer":"Surface markings","category":"Surface markings","object_type":"Area","style_id":"marking.surface","airport":"LFPO","geometry_role":"filled_region","vsmr_group_ids":[[]]},"geometry":{"type":"Polygon","coordinates":[[[2.396345278,48.726315556],[2.396338333,48.726329444],[2.395945,48.7262575],[2.395950833,48.7262425],[2.396345278,48.726315556]]]}},{"type":"Feature","id":"marking.surface.130","properties":{"name":"Surface marking 130","layer":"Surface markings","category":"Surface markings","object_type":"Area","style_id":"marking.surface","airport":"LFPO","geometry_role":"filled_region","vsmr_group_ids":[[]]},"geometry":{"type":"Polygon","coordinates":[[[2.396358889,48.726285],[2.396351111,48.7263],[2.395956111,48.726228611],[2.395963056,48.726212778],[2.396358889,48.726285]]]}},{"type":"Feature","id":"marking.surface.131","properties":{"name":"Surface marking 131","layer":"Surface markings","category":"Surface markings","object_type":"Area","style_id":"marking.surface","airport":"LFPO","geometry_role":"filled_region","vsmr_group_ids":[[]]},"geometry":{"type":"Polygon","coordinates":[[[2.396370556,48.726256111],[2.396365,48.726270833],[2.395970278,48.726198611],[2.395976389,48.726182778],[2.396370556,48.726256111]]]}},{"type":"Feature","id":"marking.surface.132","properties":{"name":"Surface marking 132","layer":"Surface markings","category":"Surface markings","object_type":"Area","style_id":"marking.surface","airport":"LFPO","geometry_role":"filled_region","vsmr_group_ids":[[]]},"geometry":{"type":"Polygon","coordinates":[[[2.396382222,48.7262275],[2.396376389,48.726240833],[2.3959825,48.726168611],[2.3959875,48.726153611],[2.396382222,48.7262275]]]}},{"type":"Feature","id":"marking.surface.133","properties":{"name":"Surface marking 133","layer":"Surface markings","category":"Surface markings","object_type":"Area","style_id":"marking.surface","airport":"LFPO","geometry_role":"filled_region","vsmr_group_ids":[[]]},"geometry":{"type":"Polygon","coordinates":[[[2.396395278,48.726196944],[2.396388056,48.726211944],[2.395993889,48.726140278],[2.396000278,48.726125278],[2.396395278,48.726196944]]]}},{"type":"Feature","id":"marking.surface.134","properties":{"name":"Surface marking 134","layer":"Surface markings","category":"Surface markings","object_type":"Area","style_id":"marking.surface","airport":"LFPO","geometry_role":"filled_region","vsmr_group_ids":[[]]},"geometry":{"type":"Polygon","coordinates":[[[2.386621944,48.738049444],[2.386600833,48.738053889],[2.386469722,48.737794722],[2.386493056,48.737790556],[2.386621944,48.738049444]]]}},{"type":"Feature","id":"marking.surface.135","properties":{"name":"Surface marking 135","layer":"Surface markings","category":"Surface markings","object_type":"Area","style_id":"marking.surface","airport":"LFPO","geometry_role":"filled_region","vsmr_group_ids":[[]]},"geometry":{"type":"Polygon","coordinates":[[[2.386666667,48.738038333],[2.386643611,48.738043333],[2.386512778,48.737785833],[2.386536667,48.737781667],[2.386666667,48.738038333]]]}},{"type":"Feature","id":"marking.surface.136","properties":{"name":"Surface marking 136","layer":"Surface markings","category":"Surface markings","object_type":"Area","style_id":"marking.surface","airport":"LFPO","geometry_role":"filled_region","vsmr_group_ids":[[]]},"geometry":{"type":"Polygon","coordinates":[[[2.386712222,48.73803],[2.386687222,48.738035278],[2.3865575,48.737777778],[2.386584167,48.737771389],[2.386712222,48.73803]]]}},{"type":"Feature","id":"marking.surface.137","properties":{"name":"Surface marking 137","layer":"Surface markings","category":"Surface markings","object_type":"Area","style_id":"marking.surface","airport":"LFPO","geometry_role":"filled_region","vsmr_group_ids":[[]]},"geometry":{"type":"Polygon","coordinates":[[[2.386754722,48.738018889],[2.386731389,48.738024444],[2.386601667,48.737767222],[2.386625278,48.737761667],[2.386754722,48.738018889]]]}},{"type":"Feature","id":"marking.surface.138","properties":{"name":"Surface marking 138","layer":"Surface markings","category":"Surface markings","object_type":"Area","style_id":"marking.surface","airport":"LFPO","geometry_role":"filled_region","vsmr_group_ids":[[]]},"geometry":{"type":"Polygon","coordinates":[[[2.3867975,48.738009722],[2.386774722,48.738014722],[2.386646389,48.737757222],[2.386668333,48.737752778],[2.3867975,48.738009722]]]}},{"type":"Feature","id":"marking.surface.139","properties":{"name":"Surface marking 139","layer":"Surface markings","category":"Surface markings","object_type":"Area","style_id":"marking.surface","airport":"LFPO","geometry_role":"filled_region","vsmr_group_ids":[[]]},"geometry":{"type":"Polygon","coordinates":[[[2.386841111,48.738000278],[2.386818611,48.738004722],[2.386689722,48.737747778],[2.386713333,48.737742778],[2.386841111,48.738000278]]]}},{"type":"Feature","id":"marking.surface.140","properties":{"name":"Surface marking 140","layer":"Surface markings","category":"Surface markings","object_type":"Area","style_id":"marking.surface","airport":"LFPO","geometry_role":"filled_region","vsmr_group_ids":[[]]},"geometry":{"type":"Polygon","coordinates":[[[2.386885,48.737990278],[2.386863056,48.737994722],[2.386732778,48.7377375],[2.386755556,48.737732222],[2.386885,48.737990278]]]}},{"type":"Feature","id":"marking.surface.141","properties":{"name":"Surface marking 141","layer":"Surface markings","category":"Surface markings","object_type":"Area","style_id":"marking.surface","airport":"LFPO","geometry_role":"filled_region","vsmr_group_ids":[[]]},"geometry":{"type":"Polygon","coordinates":[[[2.386928333,48.737980556],[2.386906389,48.737985278],[2.386778333,48.737729167],[2.386800278,48.7377225],[2.386928333,48.737980556]]]}},{"type":"Feature","id":"marking.surface.142","properties":{"name":"Surface marking 142","layer":"Surface markings","category":"Surface markings","object_type":"Area","style_id":"marking.surface","airport":"LFPO","geometry_role":"filled_region","vsmr_group_ids":[[]]},"geometry":{"type":"Polygon","coordinates":[[[2.386993889,48.737966111],[2.3869725,48.737970556],[2.386842778,48.737714444],[2.386865556,48.737709167],[2.386993889,48.737966111]]]}},{"type":"Feature","id":"marking.surface.143","properties":{"name":"Surface marking 143","layer":"Surface markings","category":"Surface markings","object_type":"Area","style_id":"marking.surface","airport":"LFPO","geometry_role":"filled_region","vsmr_group_ids":[[]]},"geometry":{"type":"Polygon","coordinates":[[[2.387038889,48.737956389],[2.387017222,48.737961667],[2.386887222,48.737705],[2.386911111,48.737698611],[2.387038889,48.737956389]]]}},{"type":"Feature","id":"marking.surface.144","properties":{"name":"Surface marking 144","layer":"Surface markings","category":"Surface markings","object_type":"Area","style_id":"marking.surface","airport":"LFPO","geometry_role":"filled_region","vsmr_group_ids":[[]]},"geometry":{"type":"Polygon","coordinates":[[[2.386955833,48.737689444],[2.387083333,48.737946667],[2.387059167,48.737953333],[2.386931389,48.737695556],[2.386955833,48.737689444]]]}},{"type":"Feature","id":"marking.surface.145","properties":{"name":"Surface marking 145","layer":"Surface markings","category":"Surface markings","object_type":"Area","style_id":"marking.surface","airport":"LFPO","geometry_role":"filled_region","vsmr_group_ids":[[]]},"geometry":{"type":"Polygon","coordinates":[[[2.387125833,48.7379375],[2.387104722,48.737942778],[2.386974444,48.737685556],[2.386996667,48.737680833],[2.387125833,48.7379375]]]}},{"type":"Feature","id":"marking.surface.146","properties":{"name":"Surface marking 146","layer":"Surface markings","category":"Surface markings","object_type":"Area","style_id":"marking.surface","airport":"LFPO","geometry_role":"filled_region","vsmr_group_ids":[[]]},"geometry":{"type":"Polygon","coordinates":[[[2.387171944,48.737928333],[2.387148056,48.737932778],[2.387018611,48.737675556],[2.387042778,48.737668889],[2.387171944,48.737928333]]]}},{"type":"Feature","id":"marking.surface.147","properties":{"name":"Surface marking 147","layer":"Surface markings","category":"Surface markings","object_type":"Area","style_id":"marking.surface","airport":"LFPO","geometry_role":"filled_region","vsmr_group_ids":[[]]},"geometry":{"type":"Polygon","coordinates":[[[2.387214444,48.737918611],[2.387192222,48.737923333],[2.387062778,48.737665833],[2.387085,48.737661111],[2.387214444,48.737918611]]]}},{"type":"Feature","id":"marking.surface.148","properties":{"name":"Surface marking 148","layer":"Surface markings","category":"Surface markings","object_type":"Area","style_id":"marking.surface","airport":"LFPO","geometry_role":"filled_region","vsmr_group_ids":[[]]},"geometry":{"type":"Polygon","coordinates":[[[2.387259167,48.737908333],[2.387235556,48.737913889],[2.387105833,48.737656111],[2.387130556,48.737650556],[2.387259167,48.737908333]]]}},{"type":"Feature","id":"marking.surface.149","properties":{"name":"Surface marking 149","layer":"Surface markings","category":"Surface markings","object_type":"Area","style_id":"marking.surface","airport":"LFPO","geometry_role":"filled_region","vsmr_group_ids":[[]]},"geometry":{"type":"Polygon","coordinates":[[[2.387301667,48.737899167],[2.387278611,48.737903333],[2.387151111,48.737646389],[2.387173056,48.737640833],[2.387301667,48.737899167]]]}},{"type":"Feature","id":"marking.surface.150","properties":{"name":"Surface marking 150","layer":"Surface markings","category":"Surface markings","object_type":"Area","style_id":"marking.surface","airport":"LFPO","geometry_role":"filled_region","vsmr_group_ids":[[]]},"geometry":{"type":"Polygon","coordinates":[[[2.385185,48.734713333],[2.385071389,48.734739167],[2.384878333,48.734356944],[2.3849925,48.734330278],[2.385185,48.734713333]]]}},{"type":"Feature","id":"marking.surface.151","properties":{"name":"Surface marking 151","layer":"Surface markings","category":"Surface markings","object_type":"Area","style_id":"marking.surface","airport":"LFPO","geometry_role":"filled_region","vsmr_group_ids":[[]]},"geometry":{"type":"Polygon","coordinates":[[[2.385532222,48.734637778],[2.385418611,48.734663611],[2.385225833,48.73428],[2.385341667,48.734255],[2.385532222,48.734637778]]]}},{"type":"Feature","id":"marking.surface.152","properties":{"name":"Surface marking 152","layer":"Surface markings","category":"Surface markings","object_type":"Area","style_id":"marking.surface","airport":"LFPO","geometry_role":"filled_region","vsmr_group_ids":[[]]},"geometry":{"type":"Polygon","coordinates":[[[2.380536111,48.725444722],[2.380513611,48.725450278],[2.380413611,48.725257778],[2.380439722,48.725253611],[2.380536111,48.725444722]]]}},{"type":"Feature","id":"marking.surface.153","properties":{"name":"Surface marking 153","layer":"Surface markings","category":"Surface markings","object_type":"Area","style_id":"marking.surface","airport":"LFPO","geometry_role":"filled_region","vsmr_group_ids":[[]]},"geometry":{"type":"Polygon","coordinates":[[[2.380791111,48.725388611],[2.380768333,48.725393889],[2.380669444,48.725202222],[2.380694722,48.725198056],[2.380791111,48.725388611]]]}},{"type":"Feature","id":"marking.surface.154","properties":{"name":"Surface marking 154","layer":"Surface markings","category":"Surface markings","object_type":"Area","style_id":"marking.surface","airport":"LFPO","geometry_role":"filled_region","vsmr_group_ids":[[]]},"geometry":{"type":"Polygon","coordinates":[[[2.379892778,48.724164444],[2.379868889,48.724169722],[2.379773333,48.723978333],[2.379796667,48.723972222],[2.379892778,48.724164444]]]}},{"type":"Feature","id":"marking.surface.155","properties":{"name":"Surface marking 155","layer":"Surface markings","category":"Surface markings","object_type":"Area","style_id":"marking.surface","airport":"LFPO","geometry_role":"filled_region","vsmr_group_ids":[[]]},"geometry":{"type":"Polygon","coordinates":[[[2.380148889,48.724108611],[2.380124167,48.724114167],[2.380028056,48.723922222],[2.380052778,48.723916944],[2.380148889,48.724108611]]]}},{"type":"Feature","id":"marking.surface.156","properties":{"name":"Surface marking 156","layer":"Surface markings","category":"Surface markings","object_type":"Area","style_id":"marking.surface","airport":"LFPO","geometry_role":"filled_region","vsmr_group_ids":[[]]},"geometry":{"type":"Polygon","coordinates":[[[2.379209722,48.722893889],[2.379182222,48.722899167],[2.379086111,48.722707222],[2.379113611,48.722701944],[2.379209722,48.722893889]]]}},{"type":"Feature","id":"marking.surface.157","properties":{"name":"Surface marking 157","layer":"Surface markings","category":"Surface markings","object_type":"Area","style_id":"marking.surface","airport":"LFPO","geometry_role":"filled_region","vsmr_group_ids":[[]]},"geometry":{"type":"Polygon","coordinates":[[[2.379250556,48.722885],[2.379228611,48.722890278],[2.379131389,48.7226975],[2.379155278,48.722692222],[2.379250556,48.722885]]]}},{"type":"Feature","id":"marking.surface.158","properties":{"name":"Surface marking 158","layer":"Surface markings","category":"Surface markings","object_type":"Area","style_id":"marking.surface","airport":"LFPO","geometry_role":"filled_region","vsmr_group_ids":[[]]},"geometry":{"type":"Polygon","coordinates":[[[2.379507778,48.722828333],[2.379484167,48.722833333],[2.379385833,48.722640833],[2.379410556,48.722637222],[2.379507778,48.722828333]]]}},{"type":"Feature","id":"marking.surface.159","properties":{"name":"Surface marking 159","layer":"Surface markings","category":"Surface markings","object_type":"Area","style_id":"marking.surface","airport":"LFPO","geometry_role":"filled_region","vsmr_group_ids":[[]]},"geometry":{"type":"Polygon","coordinates":[[[2.379550833,48.722817778],[2.379524167,48.722824722],[2.379428889,48.722632778],[2.379453333,48.722626944],[2.379550833,48.722817778]]]}},{"type":"Feature","id":"marking.surface.160","properties":{"name":"Surface marking 160","layer":"Surface markings","category":"Surface markings","object_type":"Area","style_id":"marking.surface","airport":"LFPO","geometry_role":"filled_region","vsmr_group_ids":[[]]},"geometry":{"type":"Polygon","coordinates":[[[2.378605,48.721595],[2.378488333,48.72162],[2.378296667,48.721236389],[2.378412778,48.721210556],[2.378605,48.721595]]]}},{"type":"Feature","id":"marking.surface.161","properties":{"name":"Surface marking 161","layer":"Surface markings","category":"Surface markings","object_type":"Area","style_id":"marking.surface","airport":"LFPO","geometry_role":"filled_region","vsmr_group_ids":[[]]},"geometry":{"type":"Polygon","coordinates":[[[2.378953333,48.721518056],[2.3788375,48.721543056],[2.378645,48.72116],[2.378760278,48.721133889],[2.378953333,48.721518056]]]}},{"type":"Feature","id":"marking.surface.162","properties":{"name":"Surface marking 162","layer":"Surface markings","category":"Surface markings","object_type":"Area","style_id":"marking.surface","airport":"LFPO","geometry_role":"filled_region","vsmr_group_ids":[[]]},"geometry":{"type":"Polygon","coordinates":[[[2.377881667,48.720343056],[2.377859444,48.720347222],[2.377760833,48.720156111],[2.377785,48.720149722],[2.377881667,48.720343056]]]}},{"type":"Feature","id":"marking.surface.163","properties":{"name":"Surface marking 163","layer":"Surface markings","category":"Surface markings","object_type":"Area","style_id":"marking.surface","airport":"LFPO","geometry_role":"filled_region","vsmr_group_ids":[[]]},"geometry":{"type":"Polygon","coordinates":[[[2.377926667,48.720332778],[2.377902222,48.720338611],[2.377804167,48.720146667],[2.377829722,48.720141111],[2.377926667,48.720332778]]]}},{"type":"Feature","id":"marking.surface.164","properties":{"name":"Surface marking 164","layer":"Surface markings","category":"Surface markings","object_type":"Area","style_id":"marking.surface","airport":"LFPO","geometry_role":"filled_region","vsmr_group_ids":[[]]},"geometry":{"type":"Polygon","coordinates":[[[2.377965833,48.720324444],[2.377944167,48.720328333],[2.377846389,48.720136389],[2.377871667,48.720132222],[2.377965833,48.720324444]]]}},{"type":"Feature","id":"marking.surface.165","properties":{"name":"Surface marking 165","layer":"Surface markings","category":"Surface markings","object_type":"Area","style_id":"marking.surface","airport":"LFPO","geometry_role":"filled_region","vsmr_group_ids":[[]]},"geometry":{"type":"Polygon","coordinates":[[[2.378223056,48.720267778],[2.378199167,48.720272778],[2.378103333,48.720081111],[2.378126111,48.720075556],[2.378223056,48.720267778]]]}},{"type":"Feature","id":"marking.surface.166","properties":{"name":"Surface marking 166","layer":"Surface markings","category":"Surface markings","object_type":"Area","style_id":"marking.surface","airport":"LFPO","geometry_role":"filled_region","vsmr_group_ids":[[]]},"geometry":{"type":"Polygon","coordinates":[[[2.378267222,48.72026],[2.378240556,48.720264722],[2.378143611,48.720071111],[2.378170833,48.720065278],[2.378267222,48.72026]]]}},{"type":"Feature","id":"marking.surface.167","properties":{"name":"Surface marking 167","layer":"Surface markings","category":"Surface markings","object_type":"Area","style_id":"marking.surface","airport":"LFPO","geometry_role":"filled_region","vsmr_group_ids":[[]]},"geometry":{"type":"Polygon","coordinates":[[[2.3783075,48.720249444],[2.378284722,48.720253333],[2.378185833,48.720061389],[2.37821,48.720056667],[2.3783075,48.720249444]]]}},{"type":"Feature","id":"marking.surface.168","properties":{"name":"Surface marking 168","layer":"Surface markings","category":"Surface markings","object_type":"Area","style_id":"marking.surface","airport":"LFPO","geometry_role":"filled_region","vsmr_group_ids":[[]]},"geometry":{"type":"Polygon","coordinates":[[[2.377237778,48.719063333],[2.377214444,48.719067778],[2.377118333,48.718875833],[2.377141667,48.718871389],[2.377237778,48.719063333]]]}},{"type":"Feature","id":"marking.surface.169","properties":{"name":"Surface marking 169","layer":"Surface markings","category":"Surface markings","object_type":"Area","style_id":"marking.surface","airport":"LFPO","geometry_role":"filled_region","vsmr_group_ids":[[]]},"geometry":{"type":"Polygon","coordinates":[[[2.377279444,48.719054444],[2.377258056,48.719058889],[2.377160833,48.718866111],[2.377183889,48.718859722],[2.377279444,48.719054444]]]}},{"type":"Feature","id":"marking.surface.170","properties":{"name":"Surface marking 170","layer":"Surface markings","category":"Surface markings","object_type":"Area","style_id":"marking.surface","airport":"LFPO","geometry_role":"filled_region","vsmr_group_ids":[[]]},"geometry":{"type":"Polygon","coordinates":[[[2.377322778,48.719045],[2.377299444,48.719049444],[2.377202778,48.718857778],[2.377226111,48.718853333],[2.377322778,48.719045]]]}},{"type":"Feature","id":"marking.surface.171","properties":{"name":"Surface marking 171","layer":"Surface markings","category":"Surface markings","object_type":"Area","style_id":"marking.surface","airport":"LFPO","geometry_role":"filled_region","vsmr_group_ids":[[]]},"geometry":{"type":"Polygon","coordinates":[[[2.377579444,48.718988889],[2.377556389,48.718993333],[2.3774575,48.718801389],[2.377483056,48.718796111],[2.377579444,48.718988889]]]}},{"type":"Feature","id":"marking.surface.172","properties":{"name":"Surface marking 172","layer":"Surface markings","category":"Surface markings","object_type":"Area","style_id":"marking.surface","airport":"LFPO","geometry_role":"filled_region","vsmr_group_ids":[[]]},"geometry":{"type":"Polygon","coordinates":[[[2.377622778,48.718979167],[2.377599444,48.718983611],[2.3775025,48.718791667],[2.377525278,48.718786389],[2.377622778,48.718979167]]]}},{"type":"Feature","id":"marking.surface.173","properties":{"name":"Surface marking 173","layer":"Surface markings","category":"Surface markings","object_type":"Area","style_id":"marking.surface","airport":"LFPO","geometry_role":"filled_region","vsmr_group_ids":[[]]},"geometry":{"type":"Polygon","coordinates":[[[2.377665,48.718969444],[2.377641111,48.718974444],[2.377544722,48.718781389],[2.377566944,48.718777222],[2.377665,48.718969444]]]}},{"type":"Feature","id":"marking.surface.174","properties":{"name":"Surface marking 174","layer":"Surface markings","category":"Surface markings","object_type":"Area","style_id":"marking.surface","airport":"LFPO","geometry_role":"filled_region","vsmr_group_ids":[[]]},"geometry":{"type":"Polygon","coordinates":[[[2.376528056,48.717925833],[2.376505278,48.717931389],[2.376376111,48.717673889],[2.376399444,48.717669444],[2.376528056,48.717925833]]]}},{"type":"Feature","id":"marking.surface.175","properties":{"name":"Surface marking 175","layer":"Surface markings","category":"Surface markings","object_type":"Area","style_id":"marking.surface","airport":"LFPO","geometry_role":"filled_region","vsmr_group_ids":[[]]},"geometry":{"type":"Polygon","coordinates":[[[2.376573056,48.717916111],[2.376549444,48.717921111],[2.37642,48.717665833],[2.376443611,48.71766],[2.376573056,48.717916111]]]}},{"type":"Feature","id":"marking.surface.176","properties":{"name":"Surface marking 176","layer":"Surface markings","category":"Surface markings","object_type":"Area","style_id":"marking.surface","airport":"LFPO","geometry_role":"filled_region","vsmr_group_ids":[[]]},"geometry":{"type":"Polygon","coordinates":[[[2.376616667,48.717906667],[2.376592778,48.717911944],[2.376463611,48.717655],[2.376488889,48.717648889],[2.376616667,48.717906667]]]}},{"type":"Feature","id":"marking.surface.177","properties":{"name":"Surface marking 177","layer":"Surface markings","category":"Surface markings","object_type":"Area","style_id":"marking.surface","airport":"LFPO","geometry_role":"filled_region","vsmr_group_ids":[[]]},"geometry":{"type":"Polygon","coordinates":[[[2.37666,48.7178975],[2.376636111,48.7179025],[2.376509167,48.717645833],[2.376530833,48.717640556],[2.37666,48.7178975]]]}},{"type":"Feature","id":"marking.surface.178","properties":{"name":"Surface marking 178","layer":"Surface markings","category":"Surface markings","object_type":"Area","style_id":"marking.surface","airport":"LFPO","geometry_role":"filled_region","vsmr_group_ids":[[]]},"geometry":{"type":"Polygon","coordinates":[[[2.376703333,48.717888056],[2.376680278,48.7178925],[2.376551111,48.717635556],[2.376575556,48.717629722],[2.376703333,48.717888056]]]}},{"type":"Feature","id":"marking.surface.179","properties":{"name":"Surface marking 179","layer":"Surface markings","category":"Surface markings","object_type":"Area","style_id":"marking.surface","airport":"LFPO","geometry_role":"filled_region","vsmr_group_ids":[[]]},"geometry":{"type":"Polygon","coordinates":[[[2.376749444,48.717878056],[2.376723889,48.717883611],[2.376594722,48.717626667],[2.376618889,48.717620278],[2.376749444,48.717878056]]]}},{"type":"Feature","id":"marking.surface.180","properties":{"name":"Surface marking 180","layer":"Surface markings","category":"Surface markings","object_type":"Area","style_id":"marking.surface","airport":"LFPO","geometry_role":"filled_region","vsmr_group_ids":[[]]},"geometry":{"type":"Polygon","coordinates":[[[2.37679,48.717868611],[2.376769167,48.7178725],[2.376638611,48.717616111],[2.376662778,48.717610278],[2.37679,48.717868611]]]}},{"type":"Feature","id":"marking.surface.181","properties":{"name":"Surface marking 181","layer":"Surface markings","category":"Surface markings","object_type":"Area","style_id":"marking.surface","airport":"LFPO","geometry_role":"filled_region","vsmr_group_ids":[[]]},"geometry":{"type":"Polygon","coordinates":[[[2.376835556,48.717858333],[2.376814444,48.717864722],[2.376683333,48.717607778],[2.376707222,48.717600833],[2.376835556,48.717858333]]]}},{"type":"Feature","id":"marking.surface.182","properties":{"name":"Surface marking 182","layer":"Surface markings","category":"Surface markings","object_type":"Area","style_id":"marking.surface","airport":"LFPO","geometry_role":"filled_region","vsmr_group_ids":[[]]},"geometry":{"type":"Polygon","coordinates":[[[2.376900833,48.717843611],[2.376879444,48.7178475],[2.376749444,48.717592778],[2.376771111,48.717586944],[2.376900833,48.717843611]]]}},{"type":"Feature","id":"marking.surface.183","properties":{"name":"Surface marking 183","layer":"Surface markings","category":"Surface markings","object_type":"Area","style_id":"marking.surface","airport":"LFPO","geometry_role":"filled_region","vsmr_group_ids":[[]]},"geometry":{"type":"Polygon","coordinates":[[[2.376945556,48.717834722],[2.376922222,48.717838889],[2.376793889,48.717581944],[2.376816389,48.717575833],[2.376945556,48.717834722]]]}},{"type":"Feature","id":"marking.surface.184","properties":{"name":"Surface marking 184","layer":"Surface markings","category":"Surface markings","object_type":"Area","style_id":"marking.surface","airport":"LFPO","geometry_role":"filled_region","vsmr_group_ids":[[]]},"geometry":{"type":"Polygon","coordinates":[[[2.376989167,48.717823889],[2.376966667,48.71783],[2.376837222,48.717572222],[2.376859444,48.717567778],[2.376989167,48.717823889]]]}},{"type":"Feature","id":"marking.surface.185","properties":{"name":"Surface marking 185","layer":"Surface markings","category":"Surface markings","object_type":"Area","style_id":"marking.surface","airport":"LFPO","geometry_role":"filled_region","vsmr_group_ids":[[]]},"geometry":{"type":"Polygon","coordinates":[[[2.377032778,48.717815278],[2.377010556,48.71782],[2.376881944,48.717563611],[2.376904167,48.717558889],[2.377032778,48.717815278]]]}},{"type":"Feature","id":"marking.surface.186","properties":{"name":"Surface marking 186","layer":"Surface markings","category":"Surface markings","object_type":"Area","style_id":"marking.surface","airport":"LFPO","geometry_role":"filled_region","vsmr_group_ids":[[]]},"geometry":{"type":"Polygon","coordinates":[[[2.377075556,48.717804722],[2.377054167,48.717810556],[2.376922222,48.717553611],[2.376945833,48.717548056],[2.377075556,48.717804722]]]}},{"type":"Feature","id":"marking.surface.187","properties":{"name":"Surface marking 187","layer":"Surface markings","category":"Surface markings","object_type":"Area","style_id":"marking.surface","airport":"LFPO","geometry_role":"filled_region","vsmr_group_ids":[[]]},"geometry":{"type":"Polygon","coordinates":[[[2.377121667,48.717794722],[2.377098889,48.717800278],[2.376969444,48.717544167],[2.376991389,48.717539444],[2.377121667,48.717794722]]]}},{"type":"Feature","id":"marking.surface.188","properties":{"name":"Surface marking 188","layer":"Surface markings","category":"Surface markings","object_type":"Area","style_id":"marking.surface","airport":"LFPO","geometry_role":"filled_region","vsmr_group_ids":[[]]},"geometry":{"type":"Polygon","coordinates":[[[2.377166111,48.717785833],[2.377141389,48.717791111],[2.377012778,48.717535],[2.377036389,48.717529167],[2.377166111,48.717785833]]]}},{"type":"Feature","id":"marking.surface.189","properties":{"name":"Surface marking 189","layer":"Surface markings","category":"Surface markings","object_type":"Area","style_id":"marking.surface","airport":"LFPO","geometry_role":"filled_region","vsmr_group_ids":[[]]},"geometry":{"type":"Polygon","coordinates":[[[2.37721,48.7177775],[2.377186944,48.717781944],[2.377056667,48.717524722],[2.377081389,48.717519444],[2.37721,48.7177775]]]}},{"type":"Feature","id":"marking.surface.190","properties":{"name":"Surface marking 190","layer":"Surface markings","category":"Surface markings","object_type":"Area","style_id":"marking.surface","airport":"LFPO","geometry_role":"filled_region","vsmr_group_ids":[[]]},"geometry":{"type":"Polygon","coordinates":[[[2.374444167,48.722127222],[2.374441389,48.722135556],[2.358705,48.719230556],[2.358542222,48.71961],[2.358515,48.719605278],[2.358680278,48.719216389],[2.374444167,48.722127222]]]}},{"type":"Feature","id":"marking.surface.191","properties":{"name":"Surface marking 191","layer":"Surface markings","category":"Surface markings","object_type":"Area","style_id":"marking.surface","airport":"LFPO","geometry_role":"filled_region","vsmr_group_ids":[[]]},"geometry":{"type":"Polygon","coordinates":[[[2.365568889,48.720910278],[2.3596525,48.719816389],[2.359656111,48.719807778],[2.3655725,48.720901667],[2.365568889,48.720910278]]]}},{"type":"Feature","id":"marking.surface.192","properties":{"name":"Surface marking 192","layer":"Surface markings","category":"Surface markings","object_type":"Area","style_id":"marking.surface","airport":"LFPO","geometry_role":"filled_region","vsmr_group_ids":[[]]},"geometry":{"type":"Polygon","coordinates":[[[2.3691725,48.721566389],[2.369168611,48.721573889],[2.366302222,48.721045556],[2.366306667,48.721036944],[2.3691725,48.721566389]]]}},{"type":"Feature","id":"marking.surface.193","properties":{"name":"Surface marking 193","layer":"Surface markings","category":"Surface markings","object_type":"Area","style_id":"marking.surface","airport":"LFPO","geometry_role":"filled_region","vsmr_group_ids":[[]]},"geometry":{"type":"Polygon","coordinates":[[[2.370443333,48.7218],[2.374160556,48.722486389],[2.374155833,48.722495833],[2.374155833,48.722495833],[2.370439444,48.721809444],[2.370443333,48.7218]]]}},{"type":"Feature","id":"marking.surface.194","properties":{"name":"Surface marking 194","layer":"Surface markings","category":"Surface markings","object_type":"Area","style_id":"marking.surface","airport":"LFPO","geometry_role":"filled_region","vsmr_group_ids":[[]]},"geometry":{"type":"Polygon","coordinates":[[[2.374846667,48.722202222],[2.379001667,48.722968333],[2.376526389,48.718025833],[2.376537222,48.718023056],[2.379023611,48.722981944],[2.374843611,48.72221],[2.374846667,48.722202222]]]}},{"type":"Feature","id":"marking.surface.195","properties":{"name":"Surface marking 195","layer":"Surface markings","category":"Surface markings","object_type":"Area","style_id":"marking.surface","airport":"LFPO","geometry_role":"filled_region","vsmr_group_ids":[[]]},"geometry":{"type":"Polygon","coordinates":[[[2.376331389,48.717627778],[2.377083333,48.717463611],[2.379926389,48.723138611],[2.402161389,48.727241111],[2.401995556,48.727630833],[2.401966944,48.727626944],[2.402127778,48.727245],[2.396479167,48.726203611],[2.396319444,48.726575],[2.401176944,48.727471389],[2.401171944,48.727480278],[2.396278333,48.726575833],[2.396279722,48.726566944],[2.396292778,48.72657],[2.396450556,48.7261975],[2.379916111,48.723146944],[2.377078333,48.717481667],[2.376338333,48.717645278],[2.376331389,48.717627778]]]}},{"type":"Feature","id":"marking.surface.196","properties":{"name":"Surface marking 196","layer":"Surface markings","category":"Surface markings","object_type":"Area","style_id":"marking.surface","airport":"LFPO","geometry_role":"filled_region","vsmr_group_ids":[[]]},"geometry":{"type":"Polygon","coordinates":[[[2.386270556,48.724721111],[2.395495556,48.726423333],[2.395489722,48.726432222],[2.386266944,48.724730556],[2.386270556,48.724721111]]]}},{"type":"Feature","id":"marking.surface.197","properties":{"name":"Surface marking 197","layer":"Surface markings","category":"Surface markings","object_type":"Area","style_id":"marking.surface","airport":"LFPO","geometry_role":"filled_region","vsmr_group_ids":[[]]},"geometry":{"type":"Polygon","coordinates":[[[2.382261389,48.727791944],[2.382248056,48.727790833],[2.380137222,48.723591111],[2.385229722,48.724529722],[2.385226389,48.724538056],[2.380156389,48.723602222],[2.382261389,48.727791944]]]}},{"type":"Feature","id":"marking.surface.198","properties":{"name":"Surface marking 198","layer":"Surface markings","category":"Surface markings","object_type":"Area","style_id":"marking.surface","airport":"LFPO","geometry_role":"filled_region","vsmr_group_ids":[[]]},"geometry":{"type":"Polygon","coordinates":[[[2.387353611,48.737943333],[2.386585833,48.7381125],[2.386579444,48.738095278],[2.387334167,48.73793],[2.382389167,48.728046944],[2.382376944,48.728049167],[2.387353611,48.737943333]]]}},{"type":"Feature","id":"marking.surface.199","properties":{"name":"Surface marking 199","layer":"Surface markings","category":"Surface markings","object_type":"Area","style_id":"marking.surface","airport":"LFPO","geometry_role":"filled_region","vsmr_group_ids":[[]]},"geometry":{"type":"Polygon","coordinates":[[[2.384590278,48.73408],[2.386303056,48.7374925],[2.386289444,48.737495278],[2.384577778,48.734081389],[2.384590278,48.73408]]]}},{"type":"Feature","id":"marking.surface.200","properties":{"name":"Surface marking 200","layer":"Surface markings","category":"Surface markings","object_type":"Area","style_id":"marking.surface","airport":"LFPO","geometry_role":"filled_region","vsmr_group_ids":[[]]},"geometry":{"type":"Polygon","coordinates":[[[2.381520833,48.727951667],[2.383977778,48.732862222],[2.383965556,48.732865],[2.381508611,48.727954722],[2.381520833,48.727951667]]]}},{"type":"Feature","id":"marking.surface.201","properties":{"name":"Surface marking 201","layer":"Surface markings","category":"Surface markings","object_type":"Area","style_id":"marking.surface","airport":"LFPO","geometry_role":"filled_region","vsmr_group_ids":[[]]},"geometry":{"type":"Polygon","coordinates":[[[2.378261389,48.723251667],[2.378265833,48.723244722],[2.379243611,48.723425],[2.381143056,48.727206389],[2.381128611,48.727209444],[2.379234444,48.723432222],[2.378261389,48.723251667]]]}},{"type":"Feature","id":"line.surface_markings.001","properties":{"name":"Surface marking line 001","layer":"Guidance lines","category":"Surface marking lines","object_type":"Line","style_id":"line.surface_markings","airport":"LFPO","geometry_role":"linework","vsmr_group_ids":[[]]},"geometry":{"type":"MultiLineString","coordinates":[[[2.377383889,48.723092778],[2.377388889,48.723083333]]]}},{"type":"Feature","id":"structure.building.001","properties":{"name":"Building 001","layer":"Buildings and structures","category":"Buildings","object_type":"Area","style_id":"structure.building","airport":"LFPO","geometry_role":"filled_region","vsmr_group_ids":[[]]},"geometry":{"type":"Polygon","coordinates":[[[2.3618075,48.731621667],[2.361856111,48.731628611],[2.361834444,48.731678889],[2.361714722,48.731658333],[2.361749167,48.731576111],[2.361686111,48.731565],[2.361691667,48.731548611],[2.361757778,48.731560278],[2.361865833,48.731301667],[2.361506667,48.7312325],[2.361451667,48.731371667],[2.361496667,48.731380278],[2.361474167,48.731436111],[2.361379722,48.7314175],[2.361391944,48.731386944],[2.361358611,48.731380833],[2.361366667,48.7313575],[2.3614025,48.731361944],[2.361458056,48.731223611],[2.360985556,48.731135556],[2.360924722,48.731273611],[2.360975278,48.731283333],[2.360951667,48.7313375],[2.360853056,48.731321111],[2.360866944,48.731288889],[2.3608325,48.731283333],[2.360843333,48.731259167],[2.360876667,48.731266111],[2.360935278,48.731128611],[2.360510278,48.731049444],[2.360445556,48.730966944],[2.360410833,48.730979444],[2.360365,48.730970833],[2.360266944,48.7312025],[2.360181111,48.731186944],[2.360280278,48.730956111],[2.3602375,48.730946944],[2.359957778,48.7306175],[2.359579167,48.730758056],[2.359533611,48.730706944],[2.359914167,48.730565],[2.359688889,48.730303333],[2.359310278,48.730444722],[2.359264167,48.730390833],[2.359646389,48.730250833],[2.359535556,48.730123056],[2.359450278,48.730155556],[2.358742778,48.729306389],[2.358575556,48.729318333],[2.358614444,48.729544167],[2.358697222,48.729540833],[2.358741389,48.729747778],[2.358859444,48.729741667],[2.358884444,48.729878333],[2.358299167,48.729924722],[2.358283056,48.729854167],[2.358393333,48.729844722],[2.3583375,48.729568056],[2.358510278,48.729556944],[2.358507778,48.729524444],[2.358311111,48.729423056],[2.35824,48.729481667],[2.358330556,48.729528333],[2.358304444,48.729548611],[2.358013611,48.729399444],[2.357817778,48.729556111],[2.357576944,48.729429722],[2.357214722,48.729731389],[2.357174167,48.729710556],[2.357246389,48.729648611],[2.357238333,48.729610278],[2.357366389,48.729503333],[2.357352778,48.729474167],[2.357479444,48.729370556],[2.357396667,48.729325278],[2.357419167,48.729305556],[2.3573775,48.729080833],[2.357346667,48.729065],[2.357410278,48.729010556],[2.357223056,48.728915278],[2.357210833,48.728840556],[2.356983056,48.728723611],[2.356698333,48.728663056],[2.356704444,48.728638611],[2.357019722,48.728553889],[2.357044167,48.728569722],[2.357022222,48.728698611],[2.357480833,48.728938333],[2.357621944,48.728821111],[2.357530278,48.728774167],[2.357548611,48.728759444],[2.357566667,48.728757778],[2.357644167,48.7287975],[2.357668056,48.728778333],[2.357709167,48.728785833],[2.357919444,48.728895556],[2.357980556,48.728842778],[2.358104167,48.728908333],[2.358370833,48.728686389],[2.358399167,48.728705278],[2.358225833,48.728848056],[2.358342222,48.728910278],[2.358651111,48.728883611],[2.359226111,48.727532222],[2.359246389,48.727498889],[2.359235278,48.727491389],[2.359149444,48.727508611],[2.358901667,48.727379444],[2.358853611,48.727383056],[2.358885278,48.727556667],[2.358845278,48.727561111],[2.358789444,48.727284444],[2.358639444,48.727296389],[2.358625833,48.727228611],[2.358356111,48.727248611],[2.358319722,48.727244167],[2.3583125,48.727218889],[2.358198889,48.727226944],[2.358195,48.727199444],[2.35831,48.727189722],[2.358298611,48.727112778],[2.358175556,48.727048611],[2.357696944,48.727093333],[2.357620556,48.72721],[2.357636111,48.727293333],[2.357607222,48.727295278],[2.357592222,48.727213056],[2.3573825,48.727031389],[2.3573975,48.727010833],[2.357684444,48.727054722],[2.357729167,48.727052778],[2.357720556,48.727023889],[2.35817,48.726989167],[2.358136667,48.726812778],[2.358372778,48.726615278],[2.358634722,48.726587222],[2.3585975,48.726380278],[2.358641389,48.726376111],[2.358618611,48.726263611],[2.358489444,48.726089722],[2.358512222,48.726078611],[2.358828056,48.726166111],[2.358832222,48.726188056],[2.358675556,48.726265],[2.358732222,48.726583889],[2.358848611,48.726643889],[2.358964167,48.726634444],[2.358955278,48.726559444],[2.358978056,48.726556667],[2.359,48.726566389],[2.359009444,48.726631389],[2.359050278,48.726629444],[2.359065556,48.7266525],[2.359075278,48.726700278],[2.359131667,48.726696389],[2.359128056,48.726648611],[2.359167778,48.726646667],[2.359221389,48.726920833],[2.359444167,48.726905],[2.3594625,48.726994722],[2.359378889,48.727001667],[2.359385278,48.727034722],[2.359608333,48.727150833],[2.359630556,48.727156667],[2.359648333,48.727155],[2.359665,48.727149167],[2.359829444,48.727084722],[2.359695833,48.726923056],[2.359679722,48.726928333],[2.359627222,48.726866944],[2.360012778,48.726723056],[2.360063889,48.726784167],[2.360047778,48.726789444],[2.360495278,48.727343056],[2.360354444,48.7274],[2.360316667,48.727432222],[2.360261389,48.727472778],[2.359853333,48.727820278],[2.359804167,48.727861389],[2.359771667,48.727896111],[2.3597475,48.727949722],[2.359456944,48.728645],[2.35944,48.7286925],[2.359429167,48.7287375],[2.359435278,48.728777222],[2.359521944,48.729253889],[2.359528611,48.729296944],[2.359542222,48.729334722],[2.359563056,48.729371667],[2.359625,48.729438611],[2.359396111,48.72953],[2.359649722,48.729827222],[2.359788056,48.729776111],[2.360156111,48.729840278],[2.360143333,48.729863611],[2.360179722,48.729908333],[2.360214722,48.729915],[2.360119722,48.730151667],[2.360435278,48.730521944],[2.360449444,48.730546111],[2.360444444,48.730568611],[2.36042,48.730586667],[2.360386111,48.730593056],[2.360353333,48.730587778],[2.360329167,48.730575278],[2.360309167,48.730550278],[2.360258056,48.730568611],[2.360604444,48.730976944],[2.360615833,48.7309875],[2.36063,48.730992778],[2.360897778,48.7310425],[2.360918889,48.731041944],[2.360933889,48.73104],[2.361270278,48.730916111],[2.361286944,48.730915833],[2.361308333,48.730918333],[2.362281111,48.731100278],[2.362299167,48.7311075],[2.362306389,48.731118611],[2.362305278,48.731130556],[2.362204167,48.731363889],[2.361938056,48.731315],[2.361826944,48.731574444],[2.362193056,48.731639444],[2.362177222,48.731675],[2.361815556,48.731605556],[2.3618075,48.731621667]]]}},{"type":"Feature","id":"structure.building.002","properties":{"name":"Building 002","layer":"Buildings and structures","category":"Buildings","object_type":"Area","style_id":"structure.building","airport":"LFPO","geometry_role":"filled_region","vsmr_group_ids":[[]]},"geometry":{"type":"Polygon","coordinates":[[[2.360611667,48.730907222],[2.3603875,48.730641111],[2.360511389,48.730593611],[2.360728333,48.730851667],[2.3608075,48.730821944],[2.360857222,48.730880833],[2.360592778,48.730978056],[2.3605525,48.730928611],[2.360611667,48.730907222]]]}},{"type":"Feature","id":"structure.building.003","properties":{"name":"Building 003","layer":"Buildings and structures","category":"Buildings","object_type":"Area","style_id":"structure.building","airport":"LFPO","geometry_role":"filled_region","vsmr_group_ids":[[]]},"geometry":{"type":"Polygon","coordinates":[[[2.360637778,48.726749722],[2.360661667,48.726693611],[2.36036,48.726636667],[2.360402778,48.726526667],[2.360316111,48.726500556],[2.3601725,48.725942222],[2.360268611,48.725931111],[2.360364167,48.726394444],[2.360455556,48.726405556],[2.360563056,48.726149722],[2.360975833,48.726223889],[2.361043611,48.726063056],[2.361158056,48.726084444],[2.361085,48.726244444],[2.362134722,48.726437222],[2.362202222,48.726276667],[2.362313889,48.726298333],[2.362248611,48.726461667],[2.363291667,48.7266525],[2.363347778,48.726486667],[2.363478056,48.726510556],[2.3633975,48.726676944],[2.363796389,48.726759167],[2.363654444,48.727114167],[2.3637925,48.727142778],[2.3634575,48.727945833],[2.360661944,48.7274425],[2.360729167,48.727274167],[2.360683889,48.727266389],[2.360487778,48.727344722],[2.360156667,48.726929167],[2.360637778,48.726749722]]]}},{"type":"Feature","id":"structure.building.004","properties":{"name":"Building 004","layer":"Buildings and structures","category":"Buildings","object_type":"Area","style_id":"structure.building","airport":"LFPO","geometry_role":"filled_region","vsmr_group_ids":[[]]},"geometry":{"type":"Polygon","coordinates":[[[2.363935556,48.727313333],[2.363967778,48.7273],[2.363969444,48.727278611],[2.363798611,48.727081389],[2.363608889,48.7270475],[2.363660833,48.726904722],[2.363836389,48.726944444],[2.363868056,48.726883611],[2.364158889,48.726773056],[2.364427222,48.726825],[2.3645675,48.72699],[2.364984722,48.727065556],[2.364969167,48.727095833],[2.365446111,48.727181111],[2.365503333,48.72705],[2.365523889,48.727055],[2.365469722,48.727186944],[2.366143611,48.727310833],[2.366162778,48.727270833],[2.366221389,48.727280833],[2.366262222,48.727193056],[2.366285556,48.727199167],[2.3662475,48.727286667],[2.366992222,48.727425],[2.367043056,48.727319722],[2.367143889,48.727331944],[2.367136111,48.727350556],[2.367056389,48.727339722],[2.367016944,48.727431944],[2.367478056,48.727519167],[2.367489444,48.7275025],[2.367994444,48.727583333],[2.368023611,48.72752],[2.368048333,48.727524722],[2.368021667,48.727590556],[2.369661944,48.727888889],[2.3698175,48.727535556],[2.369880556,48.727545833],[2.369918056,48.727448611],[2.370016667,48.727466667],[2.369978889,48.727568333],[2.370527778,48.727668333],[2.37057,48.727565556],[2.370675556,48.727584722],[2.370632222,48.727688056],[2.371173611,48.727785278],[2.371216944,48.727685],[2.371324722,48.727705556],[2.37128,48.727806389],[2.371826111,48.727905556],[2.371869722,48.727805278],[2.371969167,48.727825278],[2.3719275,48.727923889],[2.372025278,48.727941944],[2.3718575,48.728341944],[2.370058333,48.728008611],[2.369908333,48.728358333],[2.370114167,48.728400278],[2.370046944,48.728556389],[2.369916944,48.728530833],[2.369841111,48.728696111],[2.367276667,48.728225],[2.367310556,48.728133333],[2.366815,48.728033889],[2.366808889,48.728051944],[2.366679167,48.728025556],[2.366609444,48.728191667],[2.365896389,48.728060278],[2.36592,48.727996111],[2.366428889,48.728083333],[2.366466389,48.727991389],[2.365816389,48.727875833],[2.365862778,48.727760556],[2.366670278,48.727915],[2.3667925,48.727632222],[2.364892778,48.727283333],[2.364888611,48.727294167],[2.364477222,48.727214167],[2.364194722,48.7273175],[2.364118889,48.727435278],[2.363950833,48.727401944],[2.363949722,48.727356111],[2.363698611,48.727313889],[2.3637175,48.727275278],[2.363935556,48.727313333]]]}},{"type":"Feature","id":"structure.building.005","properties":{"name":"Building 005","layer":"Buildings and structures","category":"Buildings","object_type":"Area","style_id":"structure.building","airport":"LFPO","geometry_role":"filled_region","vsmr_group_ids":[[]]},"geometry":{"type":"Polygon","coordinates":[[[2.365367778,48.727712778],[2.365281667,48.727694722],[2.365238056,48.727789722],[2.365021111,48.727748056],[2.365151111,48.727443889],[2.365369167,48.727487222],[2.365350556,48.727525278],[2.365446667,48.727545278],[2.365467222,48.727504444],[2.365590278,48.727528889],[2.365603056,48.727500833],[2.365811389,48.727545],[2.365611944,48.727951389],[2.365295278,48.727888056],[2.365367778,48.727712778]]]}},{"type":"Feature","id":"structure.building.006","properties":{"name":"Building 006","layer":"Buildings and structures","category":"Buildings","object_type":"Area","style_id":"structure.building","airport":"LFPO","geometry_role":"filled_region","vsmr_group_ids":[[]]},"geometry":{"type":"Polygon","coordinates":[[[2.370036111,48.727944167],[2.371766111,48.728322222],[2.372165,48.728398333],[2.371906389,48.7289725],[2.371509722,48.728894444],[2.371457222,48.729026111],[2.371230833,48.728981389],[2.371210556,48.729033056],[2.371430833,48.729075833],[2.371413611,48.729115],[2.370696389,48.728987222],[2.370734722,48.728891944],[2.370187778,48.728794167],[2.370206111,48.728745278],[2.370138333,48.728732778],[2.370028333,48.728992778],[2.370158889,48.729020833],[2.370153333,48.729042222],[2.369783056,48.728975278],[2.369798056,48.728949444],[2.369936389,48.728976389],[2.370063889,48.728669722],[2.370041389,48.728665],[2.370080278,48.728560556],[2.37004,48.728553889],[2.3697875,48.728364444],[2.370036111,48.727944167]]]}},{"type":"Feature","id":"structure.building.007","properties":{"name":"Building 007","layer":"Buildings and structures","category":"Buildings","object_type":"Area","style_id":"structure.building","airport":"LFPO","geometry_role":"filled_region","vsmr_group_ids":[[]]},"geometry":{"type":"Polygon","coordinates":[[[2.372158611,48.728973333],[2.372091667,48.728959722],[2.372130278,48.728852222],[2.371929444,48.728815556],[2.372106111,48.728415],[2.372818333,48.728544444],[2.37288,48.728391111],[2.372960278,48.728405],[2.372903889,48.728558889],[2.373024722,48.728583611],[2.373042778,48.728552222],[2.373463333,48.728634722],[2.373814722,48.728496111],[2.373926389,48.728515],[2.373948889,48.728539444],[2.374234167,48.728439444],[2.374266111,48.728476111],[2.373984722,48.728580278],[2.374228056,48.728866667],[2.374239444,48.728863056],[2.374383056,48.729031389],[2.374470833,48.728999722],[2.374546667,48.728981667],[2.374624167,48.728965833],[2.374727778,48.728937778],[2.37489,48.72888],[2.374953056,48.728856667],[2.374982778,48.728895833],[2.374917778,48.728919444],[2.3747675,48.728981111],[2.374690278,48.729017778],[2.374631389,48.729051389],[2.374567778,48.729086944],[2.374465,48.729129167],[2.374768611,48.729486389],[2.374846944,48.729458333],[2.374928889,48.729438333],[2.375009444,48.729423333],[2.375116111,48.7293925],[2.375338333,48.7293125],[2.375368611,48.729353889],[2.375209444,48.729409444],[2.375110833,48.7294575],[2.3750275,48.729499722],[2.374973889,48.729531389],[2.374913056,48.729560556],[2.374854722,48.729584167],[2.375159444,48.729942222],[2.375249167,48.729911944],[2.375343889,48.729888611],[2.375452222,48.729862778],[2.375596389,48.729814722],[2.375727222,48.729766111],[2.375759722,48.729806667],[2.375643333,48.729848333],[2.375556111,48.729884444],[2.375471389,48.729923056],[2.375385,48.729973056],[2.375318333,48.730008056],[2.375241944,48.730039167],[2.375370833,48.730193333],[2.375370556,48.730205],[2.375445,48.730215833],[2.375525556,48.730235833],[2.3756175,48.730258611],[2.3757225,48.730273333],[2.375935556,48.7302975],[2.3759275,48.730335833],[2.375748611,48.730316389],[2.375643889,48.730309444],[2.375525,48.730308889],[2.375415556,48.7303125],[2.375322778,48.730303333],[2.375269722,48.730358889],[2.375206944,48.730400278],[2.375243889,48.730449722],[2.375278056,48.7305075],[2.375309167,48.730575833],[2.375356944,48.730640278],[2.375465833,48.730775833],[2.375404722,48.730798056],[2.375316111,48.730696389],[2.375256111,48.730632778],[2.375189722,48.730573889],[2.375108611,48.730512222],[2.375056667,48.730453056],[2.374958333,48.730465],[2.374886944,48.730465278],[2.374851111,48.730522778],[2.374805833,48.730573889],[2.374756944,48.730618889],[2.374715833,48.730669444],[2.374672778,48.730735833],[2.374615,48.730833056],[2.3745475,48.730815],[2.374593056,48.730740278],[2.374634722,48.730664167],[2.374666667,48.730588333],[2.374682778,48.730526389],[2.374703889,48.730475833],[2.374728889,48.730429444],[2.374459167,48.7301075],[2.374742222,48.730000278],[2.374552222,48.729773056],[2.374434722,48.729816667],[2.374043611,48.729347222],[2.374154722,48.729303333],[2.373911111,48.729019722],[2.373749722,48.729076667],[2.373677778,48.729192222],[2.373500556,48.729161111],[2.373526111,48.729046944],[2.373501944,48.729013611],[2.373419722,48.7291925],[2.373536944,48.729215833],[2.373401667,48.729540278],[2.373282222,48.729514722],[2.373211667,48.729676389],[2.371976944,48.729451944],[2.372158611,48.728973333]]]}},{"type":"Feature","id":"structure.building.008","properties":{"name":"Building 008","layer":"Buildings and structures","category":"Buildings","object_type":"Area","style_id":"structure.building","airport":"LFPO","geometry_role":"filled_region","vsmr_group_ids":[[]]},"geometry":{"type":"Polygon","coordinates":[[[2.376716389,48.732525],[2.376456667,48.733168611],[2.373069722,48.732546667],[2.373344444,48.731896667],[2.376716389,48.732525]]]}},{"type":"Feature","id":"structure.building.009","properties":{"name":"Building 009","layer":"Buildings and structures","category":"Buildings","object_type":"Area","style_id":"structure.building","airport":"LFPO","geometry_role":"filled_region","vsmr_group_ids":[[]]},"geometry":{"type":"Polygon","coordinates":[[[2.377305833,48.733809167],[2.376820833,48.734962778],[2.376379722,48.734881389],[2.376862222,48.7337275],[2.377305833,48.733809167]]]}},{"type":"Feature","id":"structure.building.010","properties":{"name":"Building 010","layer":"Buildings and structures","category":"Buildings","object_type":"Area","style_id":"structure.building","airport":"LFPO","geometry_role":"filled_region","vsmr_group_ids":[[]]},"geometry":{"type":"Polygon","coordinates":[[[2.378832778,48.735137778],[2.378708056,48.735169722],[2.37856,48.734865556],[2.37869,48.734835],[2.378832778,48.735137778]]]}},{"type":"Feature","id":"structure.building.011","properties":{"name":"Building 011","layer":"Buildings and structures","category":"Buildings","object_type":"Area","style_id":"structure.building","airport":"LFPO","geometry_role":"filled_region","vsmr_group_ids":[[]]},"geometry":{"type":"Polygon","coordinates":[[[2.379951111,48.736181389],[2.379994444,48.736257222],[2.379806389,48.736303333],[2.3797625,48.736228611],[2.379951111,48.736181389]]]}},{"type":"Feature","id":"structure.building.012","properties":{"name":"Building 012","layer":"Buildings and structures","category":"Buildings","object_type":"Area","style_id":"structure.building","airport":"LFPO","geometry_role":"filled_region","vsmr_group_ids":[[]]},"geometry":{"type":"Polygon","coordinates":[[[2.3801075,48.736255],[2.380163333,48.736356944],[2.379829167,48.736446667],[2.379764167,48.736343889],[2.3801075,48.736255]]]}},{"type":"Feature","id":"structure.building.013","properties":{"name":"Building 013","layer":"Buildings and structures","category":"Buildings","object_type":"Area","style_id":"structure.building","airport":"LFPO","geometry_role":"filled_region","vsmr_group_ids":[[]]},"geometry":{"type":"Polygon","coordinates":[[[2.380247222,48.736351667],[2.380308333,48.736456389],[2.3798175,48.736582778],[2.379753611,48.736479722],[2.380247222,48.736351667]]]}},{"type":"Feature","id":"structure.building.014","properties":{"name":"Building 014","layer":"Buildings and structures","category":"Buildings","object_type":"Area","style_id":"structure.building","airport":"LFPO","geometry_role":"filled_region","vsmr_group_ids":[[]]},"geometry":{"type":"Polygon","coordinates":[[[2.380756667,48.73808],[2.380496389,48.738715833],[2.380686389,48.738748611],[2.380388056,48.739442222],[2.379022778,48.739195],[2.3795725,48.737865278],[2.380756667,48.73808]]]}},{"type":"Feature","id":"structure.building.015","properties":{"name":"Building 015","layer":"Buildings and structures","category":"Buildings","object_type":"Area","style_id":"structure.building","airport":"LFPO","geometry_role":"filled_region","vsmr_group_ids":[[]]},"geometry":{"type":"Polygon","coordinates":[[[2.381018056,48.738990833],[2.380947778,48.7393075],[2.380781389,48.739292222],[2.380852778,48.738979167],[2.381018056,48.738990833]]]}},{"type":"Feature","id":"structure.building.016","properties":{"name":"Building 016","layer":"Buildings and structures","category":"Buildings","object_type":"Area","style_id":"structure.building","airport":"LFPO","geometry_role":"filled_region","vsmr_group_ids":[[]]},"geometry":{"type":"Polygon","coordinates":[[[2.3803425,48.739808611],[2.380621667,48.739921667],[2.380616111,48.740139444],[2.380332222,48.740246944],[2.380050556,48.740134444],[2.380058056,48.739914722],[2.3803425,48.739808611]]]}},{"type":"Feature","id":"structure.building.017","properties":{"name":"Building 017","layer":"Buildings and structures","category":"Buildings","object_type":"Area","style_id":"structure.building","airport":"LFPO","geometry_role":"filled_region","vsmr_group_ids":[[]]},"geometry":{"type":"Polygon","coordinates":[[[2.380502222,48.740432778],[2.380488333,48.741017778],[2.380312778,48.741016389],[2.380314722,48.740941389],[2.380406944,48.740908333],[2.380417222,48.740656667],[2.3803225,48.740620833],[2.380325278,48.740431944],[2.380502222,48.740432778]]]}},{"type":"Feature","id":"structure.building.018","properties":{"name":"Building 018","layer":"Buildings and structures","category":"Buildings","object_type":"Area","style_id":"structure.building","airport":"LFPO","geometry_role":"filled_region","vsmr_group_ids":[[]]},"geometry":{"type":"Polygon","coordinates":[[[2.385003333,48.745186389],[2.383611944,48.745173056],[2.383611389,48.745036111],[2.381469722,48.745015],[2.381477778,48.744347222],[2.383517222,48.744366667],[2.383514444,48.7445425],[2.383627222,48.744543333],[2.383631111,48.744059722],[2.384776944,48.744070278],[2.384774444,48.744120278],[2.385728056,48.744128333],[2.385708056,48.744942778],[2.385011944,48.744938056],[2.385003333,48.745186389]]]}},{"type":"Feature","id":"structure.building.019","properties":{"name":"Building 019","layer":"Buildings and structures","category":"Buildings","object_type":"Area","style_id":"structure.building","airport":"LFPO","geometry_role":"filled_region","vsmr_group_ids":[[]]},"geometry":{"type":"Polygon","coordinates":[[[2.3813225,48.742762222],[2.381305833,48.744301111],[2.379791389,48.744291944],[2.379816944,48.742748056],[2.3813225,48.742762222]]]}},{"type":"Feature","id":"structure.building.020","properties":{"name":"Building 020","layer":"Buildings and structures","category":"Buildings","object_type":"Area","style_id":"structure.building","airport":"LFPO","geometry_role":"filled_region","vsmr_group_ids":[[]]},"geometry":{"type":"Polygon","coordinates":[[[2.378296667,48.744431667],[2.378228333,48.74443],[2.378230833,48.744334167],[2.381360556,48.744369167],[2.381351389,48.744821667],[2.381214444,48.744822778],[2.381213333,48.744966389],[2.378285278,48.744939722],[2.378296667,48.744431667]]]}},{"type":"Feature","id":"structure.building.021","properties":{"name":"Building 021","layer":"Buildings and structures","category":"Buildings","object_type":"Area","style_id":"structure.building","airport":"LFPO","geometry_role":"filled_region","vsmr_group_ids":[[]]},"geometry":{"type":"Polygon","coordinates":[[[2.377765278,48.744415556],[2.377763611,48.744301389],[2.378059167,48.744303889],[2.378053889,48.744417778],[2.3779975,48.744415556],[2.377985556,48.744934167],[2.377784722,48.744933333],[2.377801667,48.744414444],[2.377765278,48.744415556]]]}},{"type":"Feature","id":"structure.building.022","properties":{"name":"Building 022","layer":"Buildings and structures","category":"Buildings","object_type":"Area","style_id":"structure.building","airport":"LFPO","geometry_role":"filled_region","vsmr_group_ids":[[]]},"geometry":{"type":"Polygon","coordinates":[[[2.377568889,48.744231111],[2.375351389,48.744200833],[2.375371944,48.742737778],[2.375608056,48.742738889],[2.375608611,48.742771389],[2.377683889,48.742794722],[2.377668056,48.744184722],[2.377571944,48.744184722],[2.377568889,48.744231111]]]}},{"type":"Feature","id":"structure.building.023","properties":{"name":"Building 023","layer":"Buildings and structures","category":"Buildings","object_type":"Area","style_id":"structure.building","airport":"LFPO","geometry_role":"filled_region","vsmr_group_ids":[[]]},"geometry":{"type":"Polygon","coordinates":[[[2.377532222,48.744933333],[2.37669,48.744923056],[2.376701389,48.744320833],[2.377566389,48.744323333],[2.377532222,48.744933333]]]}},{"type":"Feature","id":"structure.building.024","properties":{"name":"Building 024","layer":"Buildings and structures","category":"Buildings","object_type":"Area","style_id":"structure.building","airport":"LFPO","geometry_role":"filled_region","vsmr_group_ids":[[]]},"geometry":{"type":"Polygon","coordinates":[[[2.373047222,48.744275833],[2.375395833,48.744292222],[2.375391111,48.744786389],[2.373034444,48.744767778],[2.373047222,48.744275833]]]}},{"type":"Feature","id":"structure.building.025","properties":{"name":"Building 025","layer":"Buildings and structures","category":"Buildings","object_type":"Area","style_id":"structure.building","airport":"LFPO","geometry_role":"filled_region","vsmr_group_ids":[[]]},"geometry":{"type":"Polygon","coordinates":[[[2.372476667,48.744328889],[2.372450556,48.745275278],[2.371181111,48.745263333],[2.371196667,48.744313611],[2.372476667,48.744328889]]]}},{"type":"Feature","id":"structure.building.026","properties":{"name":"Building 026","layer":"Buildings and structures","category":"Buildings","object_type":"Area","style_id":"structure.building","airport":"LFPO","geometry_role":"filled_region","vsmr_group_ids":[[]]},"geometry":{"type":"Polygon","coordinates":[[[2.372518056,48.741345278],[2.372529444,48.740921111],[2.3727225,48.740924722],[2.372726944,48.740845],[2.373547778,48.740851667],[2.373522222,48.741424444],[2.372705833,48.741418333],[2.372710278,48.741350278],[2.372518056,48.741345278]]]}},{"type":"Feature","id":"structure.building.027","properties":{"name":"Building 027","layer":"Buildings and structures","category":"Buildings","object_type":"Area","style_id":"structure.building","airport":"LFPO","geometry_role":"filled_region","vsmr_group_ids":[[]]},"geometry":{"type":"Polygon","coordinates":[[[2.3746725,48.725233056],[2.374630833,48.725335],[2.374235278,48.725261389],[2.374281111,48.725156944],[2.3746725,48.725233056]]]}},{"type":"Feature","id":"structure.building.028","properties":{"name":"Building 028","layer":"Buildings and structures","category":"Buildings","object_type":"Area","style_id":"structure.building","airport":"LFPO","geometry_role":"filled_region","vsmr_group_ids":[[]]},"geometry":{"type":"Polygon","coordinates":[[[2.372294722,48.725038889],[2.372265833,48.725113611],[2.371204167,48.724918333],[2.371236667,48.724841111],[2.372294722,48.725038889]]]}},{"type":"Feature","id":"structure.building.029","properties":{"name":"Building 029","layer":"Buildings and structures","category":"Buildings","object_type":"Area","style_id":"structure.building","airport":"LFPO","geometry_role":"filled_region","vsmr_group_ids":[[]]},"geometry":{"type":"Polygon","coordinates":[[[2.372496111,48.724577778],[2.372353056,48.724924722],[2.371296944,48.7247275],[2.371439444,48.724381667],[2.372496111,48.724577778]]]}},{"type":"Feature","id":"structure.building.030","properties":{"name":"Building 030","layer":"Buildings and structures","category":"Buildings","object_type":"Area","style_id":"structure.building","airport":"LFPO","geometry_role":"filled_region","vsmr_group_ids":[[]]},"geometry":{"type":"Polygon","coordinates":[[[2.370933889,48.724346111],[2.371142778,48.724386667],[2.371009444,48.724683611],[2.370797222,48.724641111],[2.370933889,48.724346111]]]}},{"type":"Feature","id":"structure.building.031","properties":{"name":"Building 031","layer":"Buildings and structures","category":"Buildings","object_type":"Area","style_id":"structure.building","airport":"LFPO","geometry_role":"filled_region","vsmr_group_ids":[[]]},"geometry":{"type":"Polygon","coordinates":[[[2.370614722,48.724968611],[2.370786667,48.724998333],[2.370725,48.725137222],[2.370672222,48.725125278],[2.37063,48.725221111],[2.370814444,48.725253333],[2.3707775,48.725357778],[2.370666944,48.725338611],[2.370681111,48.725306944],[2.3705875,48.725289444],[2.370593333,48.725277778],[2.370491667,48.725260278],[2.370614722,48.724968611]]]}},{"type":"Feature","id":"structure.building.032","properties":{"name":"Building 032","layer":"Buildings and structures","category":"Buildings","object_type":"Area","style_id":"structure.building","airport":"LFPO","geometry_role":"filled_region","vsmr_group_ids":[[]]},"geometry":{"type":"Polygon","coordinates":[[[2.367199722,48.723959444],[2.367433889,48.724003056],[2.367458333,48.723945556],[2.36723,48.723904167],[2.367344722,48.723626944],[2.3680575,48.723759444],[2.367941667,48.724035833],[2.367815833,48.724011667],[2.367791111,48.724068333],[2.367908056,48.724091389],[2.3678625,48.724198889],[2.367155278,48.724069167],[2.367199722,48.723959444]]]}},{"type":"Feature","id":"structure.building.033","properties":{"name":"Building 033","layer":"Buildings and structures","category":"Buildings","object_type":"Area","style_id":"structure.building","airport":"LFPO","geometry_role":"filled_region","vsmr_group_ids":[[]]},"geometry":{"type":"Polygon","coordinates":[[[2.365970278,48.723716389],[2.366103056,48.723401111],[2.366970278,48.723561667],[2.3668375,48.723875833],[2.366926389,48.723893889],[2.366861944,48.724043611],[2.365813056,48.723849167],[2.365873611,48.723698333],[2.365970278,48.723716389]]]}},{"type":"Feature","id":"structure.building.034","properties":{"name":"Building 034","layer":"Buildings and structures","category":"Buildings","object_type":"Area","style_id":"structure.building","airport":"LFPO","geometry_role":"filled_region","vsmr_group_ids":[[]]},"geometry":{"type":"Polygon","coordinates":[[[2.365745833,48.723335556],[2.365611667,48.723645833],[2.364773056,48.723491389],[2.364908333,48.723178333],[2.365745833,48.723335556]]]}},{"type":"Feature","id":"structure.building.035","properties":{"name":"Building 035","layer":"Buildings and structures","category":"Buildings","object_type":"Area","style_id":"structure.building","airport":"LFPO","geometry_role":"filled_region","vsmr_group_ids":[[]]},"geometry":{"type":"Polygon","coordinates":[[[2.3621825,48.722890556],[2.362140278,48.722995833],[2.361980556,48.722965833],[2.361983889,48.722956944],[2.361657778,48.722896944],[2.3616525,48.722906667],[2.361492778,48.722876111],[2.361498056,48.722867222],[2.361175,48.722806944],[2.361169167,48.722816667],[2.361009167,48.722787778],[2.361011111,48.722778056],[2.360687222,48.7227175],[2.360682778,48.722726667],[2.360520278,48.722696389],[2.360524444,48.722688056],[2.360201389,48.722626944],[2.360195833,48.722636944],[2.360035278,48.722606667],[2.360039444,48.722597778],[2.359713333,48.722536667],[2.359709444,48.722547222],[2.359548333,48.722517222],[2.359551944,48.722507778],[2.359228611,48.722446111],[2.359269167,48.722351389],[2.3621825,48.722890556]]]}},{"type":"Feature","id":"structure.building.036","properties":{"name":"Building 036","layer":"Buildings and structures","category":"Buildings","object_type":"Area","style_id":"structure.building","airport":"LFPO","geometry_role":"filled_region","vsmr_group_ids":[[]]},"geometry":{"type":"Polygon","coordinates":[[[2.34554,48.722766389],[2.345479167,48.7226725],[2.345567222,48.722643611],[2.3452525,48.722159167],[2.346344722,48.721853056],[2.34647,48.7220625],[2.346853333,48.721957222],[2.347486111,48.722944444],[2.346041111,48.723370833],[2.345628611,48.722741944],[2.34554,48.722766389]]]}},{"type":"Feature","id":"structure.building.037","properties":{"name":"Building 037","layer":"Buildings and structures","category":"Buildings","object_type":"Area","style_id":"structure.building","airport":"LFPO","geometry_role":"filled_region","vsmr_group_ids":[[]]},"geometry":{"type":"Polygon","coordinates":[[[2.350315556,48.721546389],[2.349746944,48.7217125],[2.349788611,48.721786944],[2.349551389,48.721849722],[2.349054167,48.721113611],[2.349870556,48.720879444],[2.350315556,48.721546389]]]}},{"type":"Feature","id":"structure.building.038","properties":{"name":"Building 038","layer":"Buildings and structures","category":"Buildings","object_type":"Area","style_id":"structure.building","airport":"LFPO","geometry_role":"filled_region","vsmr_group_ids":[[]]},"geometry":{"type":"Polygon","coordinates":[[[2.348828889,48.722514444],[2.348728889,48.72236],[2.3494975,48.722136667],[2.349632222,48.722335278],[2.349107222,48.722488889],[2.349157222,48.722571667],[2.348975833,48.722736389],[2.348919722,48.722647778],[2.348634722,48.722733333],[2.348544722,48.722601111],[2.348828889,48.722514444]]]}},{"type":"Feature","id":"structure.building.039","properties":{"name":"Building 039","layer":"Buildings and structures","category":"Buildings","object_type":"Area","style_id":"structure.building","airport":"LFPO","geometry_role":"filled_region","vsmr_group_ids":[[]]},"geometry":{"type":"Polygon","coordinates":[[[2.348372222,48.723004167],[2.348184722,48.723056944],[2.347993333,48.722761944],[2.348178056,48.722705556],[2.348372222,48.723004167]]]}},{"type":"Feature","id":"structure.building.040","properties":{"name":"Building 040","layer":"Buildings and structures","category":"Buildings","object_type":"Area","style_id":"structure.building","airport":"LFPO","geometry_role":"filled_region","vsmr_group_ids":[[]]},"geometry":{"type":"Polygon","coordinates":[[[2.347868333,48.7222625],[2.348070833,48.722565],[2.347885278,48.722618056],[2.347684444,48.7223175],[2.347868333,48.7222625]]]}},{"type":"Feature","id":"structure.building.041","properties":{"name":"Building 041","layer":"Buildings and structures","category":"Buildings","object_type":"Area","style_id":"structure.building","airport":"LFPO","geometry_role":"filled_region","vsmr_group_ids":[[]]},"geometry":{"type":"Polygon","coordinates":[[[2.349047222,48.721873611],[2.349223056,48.722127222],[2.348960278,48.722204444],[2.348783333,48.721948056],[2.349047222,48.721873611]]]}},{"type":"Feature","id":"structure.building.042","properties":{"name":"Building 042","layer":"Buildings and structures","category":"Buildings","object_type":"Area","style_id":"structure.building","airport":"LFPO","geometry_role":"filled_region","vsmr_group_ids":[[]]},"geometry":{"type":"Polygon","coordinates":[[[2.341843611,48.722821944],[2.340995,48.722521667],[2.340892778,48.722647222],[2.340515833,48.722514722],[2.340613611,48.722389722],[2.339693056,48.722069167],[2.340496389,48.721083611],[2.342818333,48.721898889],[2.342946389,48.721736667],[2.343170556,48.721818611],[2.342993333,48.722031944],[2.343026111,48.722045],[2.342978611,48.7221025],[2.342714444,48.722005833],[2.342663889,48.722068611],[2.342798611,48.722114722],[2.342001667,48.723099444],[2.341706667,48.722996667],[2.341843611,48.722821944]]]}},{"type":"Feature","id":"structure.building.043","properties":{"name":"Building 043","layer":"Buildings and structures","category":"Buildings","object_type":"Area","style_id":"structure.building","airport":"LFPO","geometry_role":"filled_region","vsmr_group_ids":[[]]},"geometry":{"type":"Polygon","coordinates":[[[2.336795833,48.720355556],[2.338395556,48.720926111],[2.338066111,48.721333333],[2.336466111,48.720762222],[2.336795833,48.720355556]]]}},{"type":"Feature","id":"structure.building.044","properties":{"name":"Building 044","layer":"Buildings and structures","category":"Buildings","object_type":"Area","style_id":"structure.building","airport":"LFPO","geometry_role":"filled_region","vsmr_group_ids":[[]]},"geometry":{"type":"Polygon","coordinates":[[[2.336161111,48.720366667],[2.336265833,48.7202375],[2.3364475,48.720302222],[2.33618,48.720630833],[2.336143056,48.720617778],[2.336104722,48.720668333],[2.335883056,48.720588611],[2.336081389,48.720336389],[2.336161111,48.720366667]]]}},{"type":"Feature","id":"structure.building.045","properties":{"name":"Building 045","layer":"Buildings and structures","category":"Buildings","object_type":"Area","style_id":"structure.building","airport":"LFPO","geometry_role":"filled_region","vsmr_group_ids":[[]]},"geometry":{"type":"Polygon","coordinates":[[[2.333601944,48.720344444],[2.332949444,48.721130833],[2.332039722,48.720815278],[2.331960833,48.720912778],[2.331364722,48.720705278],[2.331454722,48.720602222],[2.330555,48.720283611],[2.331200556,48.719491944],[2.333601944,48.720344444]]]}},{"type":"Feature","id":"structure.building.046","properties":{"name":"Building 046","layer":"Buildings and structures","category":"Buildings","object_type":"Area","style_id":"structure.building","airport":"LFPO","geometry_role":"filled_region","vsmr_group_ids":[[]]},"geometry":{"type":"Polygon","coordinates":[[[2.329486944,48.720564167],[2.329371111,48.720709722],[2.329049444,48.720596667],[2.329168333,48.720449444],[2.329486944,48.720564167]]]}},{"type":"Feature","id":"restriction.closure_area.001","properties":{"name":"Closure area 001","layer":"Operational restrictions","category":"Closure areas","object_type":"Area","style_id":"restriction.closure_area","airport":"LFPO","geometry_role":"filled_region","vsmr_group_ids":[[]]},"geometry":{"type":"Polygon","coordinates":[[[2.353152778,48.730063889],[2.353187778,48.730066389],[2.353150278,48.730266944],[2.353116944,48.730264444],[2.353152778,48.730063889]]]}},{"type":"Feature","id":"restriction.closure_area.002","properties":{"name":"Closure area 002","layer":"Operational restrictions","category":"Closure areas","object_type":"Area","style_id":"restriction.closure_area","airport":"LFPO","geometry_role":"filled_region","vsmr_group_ids":[[]]},"geometry":{"type":"Polygon","coordinates":[[[2.352735556,48.729676389],[2.352998889,48.729785],[2.352982778,48.729804167],[2.352716944,48.729693889],[2.352735556,48.729676389]]]}},{"type":"Feature","id":"restriction.closure_area.003","properties":{"name":"Closure area 003","layer":"Operational restrictions","category":"Closure areas","object_type":"Area","style_id":"restriction.closure_area","airport":"LFPO","geometry_role":"filled_region","vsmr_group_ids":[[]]},"geometry":{"type":"Polygon","coordinates":[[[2.352484167,48.728763056],[2.352525278,48.728766944],[2.352483333,48.728965556],[2.352440833,48.728961667],[2.352484167,48.728763056]]]}},{"type":"Feature","id":"restriction.closure_area.004","properties":{"name":"Closure area 004","layer":"Operational restrictions","category":"Closure areas","object_type":"Area","style_id":"restriction.closure_area","airport":"LFPO","geometry_role":"filled_region","vsmr_group_ids":[[]]},"geometry":{"type":"Polygon","coordinates":[[[2.352346111,48.727886389],[2.352326667,48.727909167],[2.352055278,48.727817778],[2.352076111,48.727795],[2.352346111,48.727886389]]]}},{"type":"Feature","id":"restriction.closure_area.005","properties":{"name":"Closure area 005","layer":"Operational restrictions","category":"Closure areas","object_type":"Area","style_id":"restriction.closure_area","airport":"LFPO","geometry_role":"filled_region","vsmr_group_ids":[[]]},"geometry":{"type":"Polygon","coordinates":[[[2.340301111,48.726211667],[2.3402775,48.726231667],[2.340042778,48.726095278],[2.340067222,48.726075556],[2.340301111,48.726211667]]]}},{"type":"Feature","id":"restriction.closure_area.006","properties":{"name":"Closure area 006","layer":"Operational restrictions","category":"Closure areas","object_type":"Area","style_id":"restriction.closure_area","airport":"LFPO","geometry_role":"filled_region","vsmr_group_ids":[[]]},"geometry":{"type":"Polygon","coordinates":[[[2.333916389,48.723521389],[2.333946944,48.723514167],[2.334091667,48.723746667],[2.334061944,48.723756111],[2.333916389,48.723521389]]]}},{"type":"Feature","id":"restriction.prohibited_area.001","properties":{"name":"Prohibited area 001","layer":"Operational restrictions","category":"Prohibited areas","object_type":"Area","style_id":"restriction.prohibited_area","airport":"LFPO","geometry_role":"filled_region","vsmr_group_ids":[[]]},"geometry":{"type":"Polygon","coordinates":[[[2.317608333,48.718853056],[2.317593611,48.718875278],[2.317241111,48.718756667],[2.317258611,48.718731944],[2.317608333,48.718853056]]]}},{"type":"Feature","id":"restriction.prohibited_area.002","properties":{"name":"Prohibited area 002","layer":"Operational restrictions","category":"Prohibited areas","object_type":"Area","style_id":"restriction.prohibited_area","airport":"LFPO","geometry_role":"filled_region","vsmr_group_ids":[[]]},"geometry":{"type":"Polygon","coordinates":[[[2.357881667,48.720288333],[2.357849167,48.7203025],[2.357678889,48.720101389],[2.357708611,48.720089722],[2.357881667,48.720288333]]]}},{"type":"Feature","id":"restriction.prohibited_area.003","properties":{"name":"Prohibited area 003","layer":"Operational restrictions","category":"Prohibited areas","object_type":"Area","style_id":"restriction.prohibited_area","airport":"LFPO","geometry_role":"filled_region","vsmr_group_ids":[[]]},"geometry":{"type":"Polygon","coordinates":[[[2.365656111,48.721559167],[2.365643333,48.721580278],[2.365241944,48.721506944],[2.365254444,48.721484444],[2.365656111,48.721559167]]]}},{"type":"Feature","id":"restriction.closure_area.007","properties":{"name":"Closure area 007","layer":"Operational restrictions","category":"Closure areas","object_type":"Area","style_id":"restriction.closure_area","airport":"LFPO","geometry_role":"filled_region","vsmr_group_ids":[[]]},"geometry":{"type":"Polygon","coordinates":[[[2.366058611,48.72179],[2.366082778,48.722006111],[2.366042778,48.722008056],[2.366018611,48.721791944],[2.366058611,48.72179]]]}},{"type":"Feature","id":"restriction.prohibited_area.004","properties":{"name":"Prohibited area 004","layer":"Operational restrictions","category":"Prohibited areas","object_type":"Area","style_id":"restriction.prohibited_area","airport":"LFPO","geometry_role":"filled_region","vsmr_group_ids":[[]]},"geometry":{"type":"Polygon","coordinates":[[[2.375559444,48.723382222],[2.375568611,48.723409167],[2.375179722,48.723494167],[2.375166944,48.723468056],[2.375559444,48.723382222]]]}},{"type":"Feature","id":"restriction.closure_area.008","properties":{"name":"Closure area 008","layer":"Operational restrictions","category":"Closure areas","object_type":"Area","style_id":"restriction.closure_area","airport":"LFPO","geometry_role":"filled_region","vsmr_group_ids":[[]]},"geometry":{"type":"Polygon","coordinates":[[[2.376404167,48.724160833],[2.376389444,48.724186944],[2.376054444,48.724098611],[2.376068611,48.724073333],[2.376404167,48.724160833]]]}},{"type":"Feature","id":"restriction.prohibited_area.005","properties":{"name":"Prohibited area 005","layer":"Operational restrictions","category":"Prohibited areas","object_type":"Area","style_id":"restriction.prohibited_area","airport":"LFPO","geometry_role":"filled_region","vsmr_group_ids":[[]]},"geometry":{"type":"Polygon","coordinates":[[[2.386534444,48.725412778],[2.386544167,48.725431389],[2.386252222,48.725495833],[2.386240278,48.725476667],[2.386534444,48.725412778]]]}},{"type":"Feature","id":"restriction.prohibited_area.006","properties":{"name":"Prohibited area 006","layer":"Operational restrictions","category":"Prohibited areas","object_type":"Area","style_id":"restriction.prohibited_area","airport":"LFPO","geometry_role":"filled_region","vsmr_group_ids":[[]]},"geometry":{"type":"Polygon","coordinates":[[[2.396020278,48.727185556],[2.396012222,48.727205833],[2.395686944,48.727145833],[2.395692222,48.727124444],[2.396020278,48.727185556]]]}},{"type":"Feature","id":"restriction.prohibited_area.007","properties":{"name":"Prohibited area 007","layer":"Operational restrictions","category":"Prohibited areas","object_type":"Area","style_id":"restriction.prohibited_area","airport":"LFPO","geometry_role":"filled_region","vsmr_group_ids":[[]]},"geometry":{"type":"Polygon","coordinates":[[[2.400840556,48.728495556],[2.401025278,48.728685833],[2.400999722,48.728697222],[2.400816111,48.728507778],[2.400840556,48.728495556]]]}},{"type":"Feature","id":"restriction.prohibited_area.008","properties":{"name":"Prohibited area 008","layer":"Operational restrictions","category":"Prohibited areas","object_type":"Area","style_id":"restriction.prohibited_area","airport":"LFPO","geometry_role":"filled_region","vsmr_group_ids":[[]]},"geometry":{"type":"Polygon","coordinates":[[[2.374172778,48.720733889],[2.374182778,48.7207575],[2.373848333,48.720831389],[2.373837778,48.7208075],[2.374172778,48.720733889]]]}},{"type":"Feature","id":"restriction.prohibited_area.009","properties":{"name":"Prohibited area 009","layer":"Operational restrictions","category":"Prohibited areas","object_type":"Area","style_id":"restriction.prohibited_area","airport":"LFPO","geometry_role":"filled_region","vsmr_group_ids":[[]]},"geometry":{"type":"Polygon","coordinates":[[[2.375118056,48.718638056],[2.375099722,48.71866],[2.374790556,48.718555278],[2.3748075,48.718535],[2.375118056,48.718638056]]]}},{"type":"Feature","id":"restriction.prohibited_area.010","properties":{"name":"Prohibited area 010","layer":"Operational restrictions","category":"Prohibited areas","object_type":"Area","style_id":"restriction.prohibited_area","airport":"LFPO","geometry_role":"filled_region","vsmr_group_ids":[[]]},"geometry":{"type":"Polygon","coordinates":[[[2.379068333,48.727438611],[2.37938,48.727714167],[2.379357778,48.727728611],[2.379034444,48.727443056],[2.379130556,48.727214167],[2.379161667,48.727219167],[2.379068333,48.727438611]]]}},{"type":"Feature","id":"restriction.prohibited_area.011","properties":{"name":"Prohibited area 011","layer":"Operational restrictions","category":"Prohibited areas","object_type":"Area","style_id":"restriction.prohibited_area","airport":"LFPO","geometry_role":"filled_region","vsmr_group_ids":[[]]},"geometry":{"type":"Polygon","coordinates":[[[2.384397222,48.728165],[2.384345833,48.728382778],[2.384316111,48.728378889],[2.384367222,48.728161944],[2.384397222,48.728165]]]}},{"type":"Feature","id":"restriction.prohibited_area.012","properties":{"name":"Prohibited area 012","layer":"Operational restrictions","category":"Prohibited areas","object_type":"Area","style_id":"restriction.prohibited_area","airport":"LFPO","geometry_role":"filled_region","vsmr_group_ids":[[]]},"geometry":{"type":"Polygon","coordinates":[[[2.382431111,48.733248056],[2.382325278,48.733464722],[2.382291389,48.733456944],[2.382396667,48.7332425],[2.382431111,48.733248056]]]}},{"type":"Feature","id":"restriction.prohibited_area.013","properties":{"name":"Prohibited area 013","layer":"Operational restrictions","category":"Prohibited areas","object_type":"Area","style_id":"restriction.prohibited_area","airport":"LFPO","geometry_role":"filled_region","vsmr_group_ids":[[]]},"geometry":{"type":"Polygon","coordinates":[[[2.384518333,48.737979444],[2.384484444,48.737968611],[2.384661944,48.737735833],[2.384692778,48.7377475],[2.384518333,48.737979444]]]}},{"type":"Feature","id":"restriction.prohibited_area.014","properties":{"name":"Prohibited area 014","layer":"Operational restrictions","category":"Prohibited areas","object_type":"Area","style_id":"restriction.prohibited_area","airport":"LFPO","geometry_role":"filled_region","vsmr_group_ids":[[]]},"geometry":{"type":"Polygon","coordinates":[[[2.384629167,48.7383075],[2.384736667,48.738523056],[2.384705,48.738530556],[2.384598889,48.738315278],[2.384629167,48.7383075]]]}},{"type":"Feature","id":"marking.surface.202","properties":{"name":"Surface marking 202","layer":"Surface markings","category":"Surface markings","object_type":"Area","style_id":"marking.surface","airport":"LFPO","geometry_role":"filled_region","vsmr_group_ids":[[]]},"geometry":{"type":"Polygon","coordinates":[[[2.360116389,48.735193333],[2.3600975,48.735186389],[2.359983611,48.735191667],[2.3599075,48.735165],[2.359947222,48.735116389],[2.360005278,48.735136944],[2.359993611,48.735150833],[2.359973056,48.735142778],[2.359955,48.735164167],[2.359987222,48.735175556],[2.360100556,48.735170833],[2.360163611,48.735193333],[2.360124722,48.735241111],[2.360086944,48.735228056],[2.360116389,48.735193333]]]}},{"type":"Feature","id":"marking.surface.203","properties":{"name":"Surface marking 203","layer":"Surface markings","category":"Surface markings","object_type":"Area","style_id":"marking.surface","airport":"LFPO","geometry_role":"filled_region","vsmr_group_ids":[[]]},"geometry":{"type":"Polygon","coordinates":[[[2.359982778,48.735285278],[2.359913333,48.735260833],[2.359923611,48.735246667],[2.359993333,48.735271944],[2.360008611,48.735253056],[2.359857778,48.735225556],[2.35987,48.735210833],[2.360063333,48.735246389],[2.360031111,48.735284722],[2.360077778,48.735301111],[2.360066111,48.735314722],[2.360019722,48.735298056],[2.360011111,48.735308889],[2.359972778,48.735296389],[2.359982778,48.735285278]]]}},{"type":"Feature","id":"marking.surface.204","properties":{"name":"Surface marking 204","layer":"Surface markings","category":"Surface markings","object_type":"Area","style_id":"marking.surface","airport":"LFPO","geometry_role":"filled_region","vsmr_group_ids":[[]]},"geometry":{"type":"Polygon","coordinates":[[[2.321266667,48.721540278],[2.321254722,48.721553611],[2.321111111,48.721502778],[2.321094444,48.721523889],[2.321236667,48.721574167],[2.321266667,48.721540278],[2.321302778,48.721553056],[2.321263611,48.721601389],[2.321045278,48.721523889],[2.321085278,48.721475556],[2.321266667,48.721540278]]]}},{"type":"Feature","id":"marking.surface.205","properties":{"name":"Surface marking 205","layer":"Surface markings","category":"Surface markings","object_type":"Area","style_id":"marking.surface","airport":"LFPO","geometry_role":"filled_region","vsmr_group_ids":[[]]},"geometry":{"type":"Polygon","coordinates":[[[2.321249167,48.721426111],[2.321238333,48.721439444],[2.321179444,48.721417778],[2.321161667,48.72144],[2.321221111,48.721461111],[2.321249167,48.721426111],[2.321286667,48.721439167],[2.321257778,48.721474167],[2.3212975,48.721487778],[2.321345278,48.721476389],[2.321373611,48.721486667],[2.321295,48.721504444],[2.321113611,48.721440278],[2.321153056,48.721391389],[2.321249167,48.721426111]]]}},{"type":"Feature","id":"marking.surface.206","properties":{"name":"Surface marking 206","layer":"Surface markings","category":"Surface markings","object_type":"Area","style_id":"marking.surface","airport":"LFPO","geometry_role":"filled_region","vsmr_group_ids":[[]]},"geometry":{"type":"Polygon","coordinates":[[[2.359412778,48.719582222],[2.359406111,48.719596667],[2.359251111,48.719567778],[2.359241111,48.719592222],[2.359395556,48.719621111],[2.359412778,48.719581944],[2.359454167,48.719589722],[2.359431111,48.719643056],[2.359193333,48.719599167],[2.359215556,48.719545833],[2.359412778,48.719582222]]]}},{"type":"Feature","id":"marking.surface.207","properties":{"name":"Surface marking 207","layer":"Surface markings","category":"Surface markings","object_type":"Area","style_id":"marking.surface","airport":"LFPO","geometry_role":"filled_region","vsmr_group_ids":[[]]},"geometry":{"type":"Polygon","coordinates":[[[2.359447778,48.719498333],[2.359237222,48.719494722],[2.359243611,48.71948],[2.359498056,48.719485],[2.359469722,48.719551667],[2.359428056,48.719544167],[2.359447778,48.719498333]]]}},{"type":"Feature","id":"marking.surface.208","properties":{"name":"Surface marking 208","layer":"Surface markings","category":"Surface markings","object_type":"Area","style_id":"marking.surface","airport":"LFPO","geometry_role":"filled_region","vsmr_group_ids":[[]]},"geometry":{"type":"Polygon","coordinates":[[[2.395588333,48.726201667],[2.395623333,48.726207778],[2.395731111,48.726186667],[2.395801111,48.726199722],[2.395778333,48.726252778],[2.395736389,48.726245278],[2.3957525,48.7262075],[2.395731667,48.726203611],[2.395623889,48.726224722],[2.395540278,48.726209167],[2.3955625,48.726155278],[2.395628056,48.7261675],[2.395621667,48.726183056],[2.395597778,48.726178611],[2.395588333,48.726201667]]]}},{"type":"Feature","id":"marking.surface.209","properties":{"name":"Surface marking 209","layer":"Surface markings","category":"Surface markings","object_type":"Area","style_id":"marking.surface","airport":"LFPO","geometry_role":"filled_region","vsmr_group_ids":[[]]},"geometry":{"type":"Polygon","coordinates":[[[2.376885,48.717966667],[2.376948611,48.718094722],[2.376925556,48.718099722],[2.376876389,48.717997778],[2.376842778,48.718005278],[2.376892222,48.718106944],[2.376948611,48.718094722],[2.376961111,48.718121111],[2.3768825,48.718138056],[2.376805833,48.717984722],[2.376885,48.717966667]]]}},{"type":"Feature","id":"marking.surface.210","properties":{"name":"Surface marking 210","layer":"Surface markings","category":"Surface markings","object_type":"Area","style_id":"marking.surface","airport":"LFPO","geometry_role":"filled_region","vsmr_group_ids":[[]]},"geometry":{"type":"Polygon","coordinates":[[[2.377063611,48.718068889],[2.377051111,48.718045],[2.376964167,48.717999167],[2.376942222,48.717953333],[2.377021944,48.717935833],[2.377033611,48.717963056],[2.376977778,48.717975278],[2.376983889,48.717989444],[2.377071111,48.718035556],[2.3770975,48.718090278],[2.37702,48.7181075],[2.376999167,48.718066667],[2.377021389,48.718061389],[2.377028889,48.718075833],[2.377063611,48.718068889]]]}},{"type":"Feature","id":"marking.surface.211","properties":{"name":"Surface marking 211","layer":"Surface markings","category":"Surface markings","object_type":"Area","style_id":"marking.surface","airport":"LFPO","geometry_role":"filled_region","vsmr_group_ids":[[]]},"geometry":{"type":"Polygon","coordinates":[[[2.386761111,48.737480833],[2.386771667,48.737505833],[2.386857222,48.737551111],[2.386880556,48.737598889],[2.3868,48.737615556],[2.386784722,48.737587222],[2.386839722,48.737575833],[2.386832222,48.737561111],[2.386748889,48.737515833],[2.386720833,48.737458611],[2.386802778,48.737442222],[2.386823611,48.737486111],[2.386799167,48.737490833],[2.386791389,48.737474444],[2.386761111,48.737480833]]]}},{"type":"Feature","id":"marking.taxiway_orange.001","properties":{"name":"Orange taxiway marking 001","layer":"Surface markings","category":"Orange taxiway markings","object_type":"Area","style_id":"marking.taxiway_orange","airport":"LFPO","geometry_role":"filled_region","vsmr_group_ids":[[]]},"geometry":{"type":"Polygon","coordinates":[[[2.317871389,48.718270833],[2.318094167,48.718482222],[2.318070556,48.718493889],[2.317848611,48.718283056],[2.317871389,48.718270833]]]}},{"type":"Feature","id":"marking.taxiway_orange.002","properties":{"name":"Orange taxiway marking 002","layer":"Surface markings","category":"Orange taxiway markings","object_type":"Area","style_id":"marking.taxiway_orange","airport":"LFPO","geometry_role":"filled_region","vsmr_group_ids":[[]]},"geometry":{"type":"Polygon","coordinates":[[[2.361126389,48.733782222],[2.361135,48.733798889],[2.36067,48.733920278],[2.360659722,48.733904167],[2.361126389,48.733782222]]]}},{"type":"Feature","id":"marking.taxiway_orange.003","properties":{"name":"Orange taxiway marking 003","layer":"Surface markings","category":"Orange taxiway markings","object_type":"Area","style_id":"marking.taxiway_orange","airport":"LFPO","geometry_role":"filled_region","vsmr_group_ids":[[]]},"geometry":{"type":"Polygon","coordinates":[[[2.356675556,48.720469167],[2.3570925,48.720706111],[2.357076667,48.720718889],[2.356651944,48.7204775],[2.356675556,48.720469167]]]}},{"type":"Feature","id":"marking.taxiway_orange.004","properties":{"name":"Orange taxiway marking 004","layer":"Surface markings","category":"Orange taxiway markings","object_type":"Area","style_id":"marking.taxiway_orange","airport":"LFPO","geometry_role":"filled_region","vsmr_group_ids":[[]]},"geometry":{"type":"Polygon","coordinates":[[[2.400178056,48.729051111],[2.400155833,48.729060278],[2.3999775,48.728876667],[2.399999444,48.728868611],[2.400178056,48.729051111]]]}},{"type":"Feature","id":"marking.runway_border.001","properties":{"name":"Runway border 001","layer":"Surface markings","category":"Runway borders","object_type":"Area","style_id":"marking.runway_border","airport":"LFPO","geometry_role":"filled_region","vsmr_group_ids":[[]]},"geometry":{"type":"Polygon","coordinates":[[[2.386621389,48.737511111],[2.3866725,48.737611389],[2.386705556,48.737604167],[2.386653333,48.737504722],[2.386597222,48.737516111],[2.386583889,48.737489444],[2.386664167,48.737471667],[2.386743333,48.737627222],[2.386662778,48.737644444],[2.386597222,48.737516111],[2.386621389,48.737511111]]]}},{"type":"Feature","id":"marking.runway_border.002","properties":{"name":"Runway border 002","layer":"Surface markings","category":"Runway borders","object_type":"Area","style_id":"marking.runway_border","airport":"LFPO","geometry_role":"filled_region","vsmr_group_ids":[[]]},"geometry":{"type":"Polygon","coordinates":[[[2.395524444,48.7262475],[2.395635833,48.726268333],[2.395619722,48.726307222],[2.395703889,48.726322778],[2.395720833,48.726283611],[2.395761944,48.726291389],[2.395738611,48.726344444],[2.395572222,48.726313333],[2.395589444,48.726274722],[2.395560278,48.726268889],[2.395543056,48.726308333],[2.395501389,48.726300833],[2.395524444,48.7262475]]]}},{"type":"Feature","id":"restriction.prohibited_area.015","properties":{"name":"Prohibited area 015","layer":"Operational restrictions","category":"Prohibited areas","object_type":"Area","style_id":"restriction.prohibited_area","airport":"LFPO","geometry_role":"filled_region","vsmr_group_ids":[[]]},"geometry":{"type":"Polygon","coordinates":[[[2.360681944,48.734503889],[2.361187778,48.7345775],[2.361176389,48.734603333],[2.360668333,48.734528333],[2.360681944,48.734503889]]]}},{"type":"Feature","id":"restriction.prohibited_area.016","properties":{"name":"Prohibited area 016","layer":"Operational restrictions","category":"Prohibited areas","object_type":"Area","style_id":"restriction.prohibited_area","airport":"LFPO","geometry_role":"filled_region","vsmr_group_ids":[[]]},"geometry":{"type":"Polygon","coordinates":[[[2.354395278,48.7322975],[2.35477,48.732415278],[2.354748333,48.732439167],[2.354373056,48.732319722],[2.354395278,48.7322975]]]}},{"type":"Feature","id":"line.surface_markings.002","properties":{"name":"Surface marking line 002","layer":"Guidance lines","category":"Surface marking lines","object_type":"Line","style_id":"line.surface_markings","airport":"LFPO","geometry_role":"linework","vsmr_group_ids":[[]]},"geometry":{"type":"MultiLineString","coordinates":[[[2.377933889,48.720001389],[2.377804444,48.719744167]]]}},{"type":"Feature","id":"line.surface_markings.003","properties":{"name":"Surface marking line 003","layer":"Guidance lines","category":"Surface marking lines","object_type":"Line","style_id":"line.surface_markings","airport":"LFPO","geometry_role":"linework","vsmr_group_ids":[[]]},"geometry":{"type":"MultiLineString","coordinates":[[[2.378445556,48.721021389],[2.378318056,48.720765833]]]}},{"type":"Feature","id":"line.surface_markings.004","properties":{"name":"Surface marking line 004","layer":"Guidance lines","category":"Surface marking lines","object_type":"Line","style_id":"line.surface_markings","airport":"LFPO","geometry_role":"linework","vsmr_group_ids":[[]]},"geometry":{"type":"MultiLineString","coordinates":[[[2.378955833,48.722043333],[2.378828056,48.721785]]]}},{"type":"Feature","id":"line.surface_markings.005","properties":{"name":"Surface marking line 005","layer":"Guidance lines","category":"Surface marking lines","object_type":"Line","style_id":"line.surface_markings","airport":"LFPO","geometry_role":"linework","vsmr_group_ids":[[]]},"geometry":{"type":"MultiLineString","coordinates":[[[2.378700556,48.721531667],[2.378571111,48.721274444]]]}},{"type":"Feature","id":"line.surface_markings.006","properties":{"name":"Surface marking line 006","layer":"Guidance lines","category":"Surface marking lines","object_type":"Line","style_id":"line.surface_markings","airport":"LFPO","geometry_role":"linework","vsmr_group_ids":[[]]},"geometry":{"type":"MultiLineString","coordinates":[[[2.379213611,48.722553056],[2.379084444,48.722296389]]]}},{"type":"Feature","id":"line.airport_outline.001","properties":{"name":"Airport outline 001","layer":"Guidance lines","category":"Airport outlines","object_type":"Line","style_id":"line.airport_outline","airport":"LFPO","geometry_role":"linework","vsmr_group_ids":[[]]},"geometry":{"type":"MultiLineString","coordinates":[[[2.376708333,48.731958611],[2.376633611,48.731840556]],[[2.376633611,48.731840556],[2.376618333,48.731806389]],[[2.376618333,48.731806389],[2.376611667,48.731759167]],[[2.376611667,48.731759167],[2.376628889,48.731716111]],[[2.376628889,48.731716111],[2.376659722,48.731676111]],[[2.376659722,48.731676111],[2.376706667,48.731626944]],[[2.376706667,48.731626944],[2.376777778,48.731573611]],[[2.375118333,48.731776944],[2.376396667,48.7317525]],[[2.376396667,48.7317525],[2.376460556,48.731746111]],[[2.376460556,48.731746111],[2.376521111,48.731730833]],[[2.376521111,48.731730833],[2.376571111,48.73171]],[[2.376571111,48.73171],[2.37662,48.731680556]],[[2.37662,48.731680556],[2.376711667,48.731621389]],[[2.376775833,48.731578056],[2.376381944,48.731502222]],[[2.381340278,48.743963333],[2.382320833,48.743968056]],[[2.382320833,48.743968056],[2.382378889,48.743996667]],[[2.382378889,48.743996667],[2.382453056,48.7440275]],[[2.382453056,48.7440275],[2.382555556,48.744048333]],[[2.382555556,48.744048333],[2.382652222,48.7440525]],[[2.382652222,48.7440525],[2.38274,48.744045278]],[[2.38274,48.744045278],[2.3828275,48.744025]],[[2.3828275,48.744025],[2.382894167,48.743996389]],[[2.382894167,48.743996389],[2.382948889,48.743963333]],[[2.382948889,48.743963333],[2.383002778,48.743921111]],[[2.383002778,48.743921111],[2.383033889,48.743873056]],[[2.383033889,48.743873056],[2.38306,48.743819444]],[[2.38306,48.743819444],[2.383048056,48.743477778]],[[2.383048056,48.743477778],[2.383039722,48.743410833]],[[2.383039722,48.743410833],[2.383012778,48.7433325]]]}},{"type":"Feature","id":"line.stand_entry.001","properties":{"name":"Stand entry line 001","layer":"Guidance lines","category":"Stand entry lines","object_type":"Line","style_id":"line.stand_entry","airport":"LFPO","geometry_role":"linework","vsmr_group_ids":[[]]},"geometry":{"type":"MultiLineString","coordinates":[[[2.381868611,48.743983889],[2.381865556,48.744363611]],[[2.382550556,48.744071389],[2.382541111,48.744365278]],[[2.383107778,48.743913889],[2.3832275,48.744166944]],[[2.3832275,48.744166944],[2.383225556,48.744365556]]]}},{"type":"Feature","id":"line.airport_outline.002","properties":{"name":"Airport outline 002","layer":"Guidance lines","category":"Airport outlines","object_type":"Line","style_id":"line.airport_outline","airport":"LFPO","geometry_role":"linework","vsmr_group_ids":[[]]},"geometry":{"type":"MultiLineString","coordinates":[[[2.354291667,48.723423889],[2.354918889,48.722965833]],[[2.354284167,48.723327222],[2.354359444,48.723370833]],[[2.354425556,48.723227222],[2.354493611,48.723268333]],[[2.354560278,48.723130278],[2.354633333,48.723173611]],[[2.354704444,48.723030833],[2.354762222,48.723070556]],[[2.354803611,48.722946389],[2.354914722,48.722970278]],[[2.356545,48.720512222],[2.355295278,48.72073]],[[2.355295278,48.72073],[2.354626111,48.722304444]],[[2.354626111,48.722304444],[2.354788056,48.722586667]],[[2.354788056,48.722586667],[2.3547425,48.722681111]],[[2.3547425,48.722681111],[2.354505278,48.722648889]],[[2.354505278,48.722648889],[2.354316667,48.722623611]],[[2.354316667,48.722623611],[2.354116944,48.722593056]],[[2.354116944,48.722593056],[2.354139167,48.722536111]],[[2.354318611,48.722623611],[2.3543425,48.722561111]],[[2.354517778,48.722651667],[2.354543333,48.722574722]],[[2.354658611,48.722545278],[2.354745833,48.722526667]],[[2.354585,48.722419444],[2.354670556,48.722399167]],[[2.354544167,48.722272778],[2.354634167,48.722288056]],[[2.354688056,48.722158889],[2.354591944,48.722141667]],[[2.354742222,48.722026667],[2.354649444,48.722012222]],[[2.354851667,48.721766389],[2.354758056,48.721751667]],[[2.354963889,48.721508889],[2.354870833,48.721491944]],[[2.354981111,48.721233333],[2.355068889,48.721249444]],[[2.355086667,48.720973056],[2.355176944,48.720988333]],[[2.355140833,48.720844444],[2.355236389,48.720860556]],[[2.355199722,48.720711389],[2.355289167,48.720727778]],[[2.355485833,48.720691667],[2.35546,48.720631944]],[[2.355680278,48.720658056],[2.355660833,48.720600833]],[[2.355871111,48.720627778],[2.355847778,48.720566389]],[[2.356249722,48.720496667],[2.356276389,48.720558611]],[[2.356448889,48.720463889],[2.356471389,48.720525556]],[[2.374713889,48.73987],[2.376175278,48.739885]],[[2.374903333,48.739871389],[2.374905556,48.739804167]],[[2.375141667,48.739874167],[2.375147778,48.739806944]],[[2.375386111,48.739879444],[2.375391944,48.739809444]],[[2.375635833,48.739880278],[2.375635556,48.739815]],[[2.375876111,48.7398775],[2.3758825,48.739814722]],[[2.377524444,48.740386389],[2.377145,48.739893611]],[[2.377145,48.739893611],[2.377146111,48.739848889]],[[2.377146111,48.739848889],[2.377036667,48.739704444]],[[2.377036667,48.739704444],[2.376518611,48.7397]],[[2.376643889,48.739700556],[2.376645556,48.7396375]],[[2.376896389,48.7397],[2.376898611,48.739637222]],[[2.377088056,48.739771389],[2.377125,48.739755]],[[2.3771725,48.739926111],[2.377205278,48.739911111]],[[2.377279444,48.740070556],[2.377314167,48.740056944]],[[2.377503056,48.740356389],[2.3775675,48.740336389]],[[2.377394167,48.740213056],[2.377451944,48.740191944]],[[2.382190278,48.738989722],[2.382124722,48.73893]],[[2.382113056,48.738980833],[2.382206389,48.738937778]],[[2.3822975,48.738544722],[2.382232778,48.7384875]],[[2.382225556,48.738536667],[2.382311111,48.738498889]],[[2.381971667,48.738278889],[2.381862778,48.738242778]],[[2.381893333,48.738295833],[2.381938611,48.738231111]],[[2.383123333,48.7384025],[2.383102778,48.738415]],[[2.382971944,48.7383175],[2.382941944,48.738363889]],[[2.382788056,48.738253889],[2.382751389,48.738306667]],[[2.382620556,48.738184167],[2.382550556,48.7382325]],[[2.382168889,48.737442778],[2.382143333,48.737449722]],[[2.3822225,48.737571111],[2.382135,48.737593333]],[[2.382350556,48.737829722],[2.382254722,48.737850833]],[[2.382286111,48.737699444],[2.382196944,48.737718889]],[[2.382409444,48.737958889],[2.382316389,48.737975833]],[[2.382487778,48.738082778],[2.382404444,48.738115278]],[[2.382043056,48.737186389],[2.382019167,48.737191667]],[[2.382103889,48.737314444],[2.382079444,48.737318056]],[[2.380729167,48.735641944],[2.381219722,48.735533611]],[[2.381219722,48.735533611],[2.381429722,48.735948056]],[[2.381279722,48.735865278],[2.381371667,48.735845278]],[[2.381194167,48.735687222],[2.381285278,48.735665833]],[[2.380898333,48.735606667],[2.380928056,48.7356625]],[[2.381063611,48.735574167],[2.381087778,48.735622778]],[[2.363923611,48.724654722],[2.363904167,48.724715833]],[[2.363524444,48.724603333],[2.363513611,48.7246625]],[[2.363318611,48.724586944],[2.363315556,48.724651944]],[[2.363115,48.724587778],[2.363121111,48.724648611]],[[2.362915,48.724601944],[2.362938056,48.724665833]],[[2.362700556,48.724698889],[2.362787222,48.724716944]],[[2.3627225,48.724819722],[2.362796111,48.724783611]],[[2.362880833,48.724853611],[2.362812778,48.7248975]],[[2.363013333,48.724926667],[2.362954167,48.724975833]],[[2.363231944,48.725006667],[2.363186667,48.725064444]],[[2.363411389,48.725065833],[2.363376389,48.725121944]],[[2.363597778,48.725111944],[2.363566111,48.725170833]],[[2.363800556,48.725153333],[2.363766667,48.725218611]],[[2.363981667,48.725193333],[2.3639525,48.725258611]],[[2.3643725,48.725267778],[2.364346389,48.725326667]],[[2.364564722,48.725295556],[2.364548056,48.725354722]],[[2.364768333,48.725319722],[2.36475,48.725381389]],[[2.364956389,48.725340833],[2.364948056,48.725403611]],[[2.365154167,48.725351667],[2.365155,48.725412222]],[[2.365344167,48.725348611],[2.365358333,48.725411667]],[[2.365527778,48.725322222],[2.365557222,48.725385833]],[[2.364506944,48.724747222],[2.364478056,48.724808333]],[[2.364893889,48.724841667],[2.364855278,48.724903611]],[[2.365090833,48.724891944],[2.365051944,48.724949444]],[[2.365276111,48.724947778],[2.365232778,48.725003333]],[[2.365451389,48.725014722],[2.365402778,48.725067222]],[[2.365616111,48.725098056],[2.365551111,48.725140833]],[[2.365721667,48.725179167],[2.365646944,48.725213056]],[[2.365733056,48.725300833],[2.3656475,48.725270833]],[[2.375392222,48.7267625],[2.375370278,48.726826944]],[[2.375163889,48.727511389],[2.375194722,48.7274475]],[[2.375590278,48.726798056],[2.3755625,48.72686]],[[2.375784722,48.726835833],[2.375752778,48.726899167]],[[2.375974722,48.726879444],[2.375946667,48.726940278]],[[2.3761675,48.726928611],[2.376130278,48.726987222]],[[2.376354167,48.726980278],[2.376313889,48.727038611]],[[2.37654,48.727038889],[2.376489167,48.727090278]],[[2.376705278,48.727113056],[2.376658889,48.727163056]],[[2.376848611,48.727206667],[2.376778611,48.727239722]],[[2.376146389,48.727690556],[2.376171111,48.7276325]],[[2.376356667,48.727713056],[2.376355833,48.727652222]],[[2.376531667,48.727696389],[2.3765125,48.727636111]],[[2.376725278,48.727653611],[2.376670278,48.727569444]],[[2.376938333,48.727325833],[2.376833611,48.727341667]],[[2.376947778,48.7274575],[2.376855,48.727446111]],[[2.376865,48.727581111],[2.376788333,48.727529167]],[[2.375846111,48.727575556],[2.375825556,48.727630833]],[[2.375520833,48.727511389],[2.375491389,48.7275725]],[[2.374517222,48.727280278],[2.3744675,48.727336944]],[[2.374692778,48.727338056],[2.374648333,48.727401111]],[[2.374868611,48.727395556],[2.374843056,48.727451944]],[[2.373002778,48.726412778],[2.373015278,48.726345556]],[[2.372814722,48.7263325],[2.372805,48.726398611]],[[2.372610556,48.726332222],[2.37261,48.726395]],[[2.372406944,48.726347222],[2.372428611,48.726411111]],[[2.372214167,48.726398889],[2.372279722,48.72645]],[[2.372102222,48.726491944],[2.372198611,48.726522222]],[[2.372124722,48.7266425],[2.372221111,48.726618056]],[[2.3724025,48.726833056],[2.372453056,48.726781389]],[[2.372759167,48.726955556],[2.372798333,48.726895278]],[[2.373119444,48.727043611],[2.373150278,48.726963611]],[[2.372234167,48.72675],[2.372307222,48.726701389]],[[2.372571389,48.726901944],[2.372621944,48.726838889]],[[2.367905278,48.725376389],[2.367881389,48.725439444]],[[2.367535833,48.725326389],[2.367518056,48.725388056]],[[2.367337778,48.725304444],[2.367318333,48.725364722]],[[2.367135,48.725288333],[2.367126667,48.725347778]],[[2.366930833,48.725285278],[2.366940556,48.725348611]],[[2.366731944,48.725303056],[2.36675,48.725365833]],[[2.366565278,48.725341667],[2.366616389,48.725391389]],[[2.366452778,48.725456667],[2.3665475,48.725464444]],[[2.366514444,48.725586111],[2.366583889,48.725549167]],[[2.366649444,48.725683889],[2.366718611,48.725639167]],[[2.366814444,48.725765833],[2.366865,48.725717222]],[[2.366987778,48.725840278],[2.367033611,48.725783889]],[[2.367164722,48.725901944],[2.367208611,48.725845]],[[2.367354722,48.725956667],[2.367393056,48.725902778]],[[2.367541944,48.726012222],[2.367576389,48.725953611]],[[2.367723889,48.726060278],[2.367758333,48.726010833]],[[2.369198333,48.726409167],[2.369224444,48.726354167]],[[2.368700833,48.726303333],[2.368727778,48.726248333]],[[2.368448611,48.726240833],[2.368479167,48.7261825]],[[2.368186944,48.726181667],[2.368213611,48.726123889]],[[2.367912778,48.726115],[2.367946389,48.726058889]],[[2.369316667,48.725639722],[2.370256389,48.725805556]],[[2.369159444,48.725318333],[2.369241389,48.725374167]],[[2.369241389,48.725374167],[2.369296667,48.725398056]],[[2.369296667,48.725398056],[2.370254444,48.725572222]],[[2.370463333,48.725856667],[2.370426389,48.725915]],[[2.37078,48.725933333],[2.370741667,48.725995278]],[[2.369623333,48.726416389],[2.369593611,48.726486389]],[[2.369977222,48.726460278],[2.369961944,48.726530278]],[[2.369786944,48.726439167],[2.369756389,48.726511667]],[[2.370165556,48.7264775],[2.370164722,48.726546944]],[[2.370966111,48.725986111],[2.370921667,48.726046389]],[[2.370365833,48.726557222],[2.3703825,48.726488333]],[[2.370573056,48.726494722],[2.370569167,48.726565]],[[2.371143611,48.726051667],[2.371086944,48.72611]],[[2.371307778,48.726135],[2.371239722,48.72618]],[[2.371431667,48.726238611],[2.371346667,48.726264167]],[[2.371181111,48.726545556],[2.371154444,48.726480833]],[[2.371371944,48.726363889],[2.371465556,48.726371111]],[[2.370971944,48.726498333],[2.370978333,48.7265675]],[[2.371296944,48.726436111],[2.371363611,48.726487778]],[[2.370773889,48.726503611],[2.370775278,48.726566111]],[[2.346945556,48.724232222],[2.347401111,48.724098611]],[[2.347401111,48.724098611],[2.347556389,48.724063611]],[[2.347556389,48.724063611],[2.3477475,48.724025556]],[[2.3477475,48.724025556],[2.347927222,48.723998889]],[[2.347927222,48.723998889],[2.348098056,48.723983056]],[[2.348098056,48.723983056],[2.348221667,48.723981111]],[[2.348221667,48.723981111],[2.348323611,48.723985]],[[2.348323611,48.723985],[2.348410833,48.723999444]],[[2.348410833,48.723999444],[2.348491667,48.724024167]],[[2.348491667,48.724024167],[2.348538611,48.724051389]],[[2.348538611,48.724051389],[2.348584722,48.724099722]],[[2.348584722,48.724099722],[2.348619444,48.724168889]],[[2.348619444,48.724168889],[2.348641667,48.724228889]],[[2.348641667,48.724228889],[2.348651667,48.724305833]],[[2.348651667,48.724305833],[2.348655278,48.724372778]],[[2.347118611,48.724184167],[2.347157222,48.724240278]],[[2.347496667,48.724078333],[2.347527778,48.724137222]],[[2.3476875,48.724037222],[2.347715278,48.724099167]],[[2.347889444,48.7240075],[2.347906667,48.724066389]],[[2.348095278,48.723986944],[2.348100278,48.724046111]],[[2.348300556,48.723985833],[2.348287778,48.724048333]],[[2.348640833,48.724245278],[2.348546389,48.724256389]],[[2.348598056,48.724138333],[2.348519167,48.724159167]],[[2.348507222,48.724036944],[2.348442778,48.7240825]],[[2.357091667,48.725504167],[2.357107222,48.725465833]],[[2.357107222,48.725465833],[2.357127222,48.725423056]],[[2.357127222,48.725423056],[2.357153333,48.725376111]],[[2.357153333,48.725376111],[2.357178889,48.7253325]],[[2.357178889,48.7253325],[2.357211389,48.725288333]],[[2.357211389,48.725288333],[2.357245833,48.725244444]],[[2.357245833,48.725244444],[2.357294444,48.725192222]],[[2.357294444,48.725192222],[2.357352778,48.725133611]],[[2.357352778,48.725133611],[2.357407222,48.725086667]],[[2.357407222,48.725086667],[2.357462222,48.725056944]],[[2.357462222,48.725056944],[2.357528056,48.725035278]],[[2.357528056,48.725035278],[2.357600556,48.725016389]],[[2.357600556,48.725016389],[2.357677222,48.725002778]],[[2.357677222,48.725002778],[2.357746111,48.724994167]],[[2.357746111,48.724994167],[2.357825,48.724988611]],[[2.357825,48.724988611],[2.357899444,48.724988611]],[[2.357899444,48.724988611],[2.357937778,48.724990556]],[[2.357937778,48.724990556],[2.357967222,48.725015]],[[2.357967222,48.725015],[2.358008611,48.72505]],[[2.358008611,48.72505],[2.358039167,48.725078889]],[[2.358039167,48.725078889],[2.3580675,48.725116389]],[[2.3580675,48.725116389],[2.358209444,48.7253075]],[[2.357939167,48.724993056],[2.357920556,48.725058056]],[[2.357646111,48.725009444],[2.357671389,48.725074444]],[[2.357491667,48.72505],[2.357545278,48.725097222]],[[2.357358333,48.725131944],[2.357431389,48.725169167]],[[2.357249722,48.725243611],[2.3573375,48.725276111]],[[2.357159167,48.725363889],[2.357249167,48.725393056]],[[2.357098611,48.725495556],[2.357189444,48.725510833]],[[2.3559175,48.725267222],[2.356002222,48.725141111]],[[2.356002222,48.725141111],[2.356048056,48.725073333]],[[2.356048056,48.725073333],[2.356095556,48.725016389]],[[2.356095556,48.725016389],[2.356153056,48.724953056]],[[2.356153056,48.724953056],[2.356205,48.724909444]],[[2.356205,48.724909444],[2.356263889,48.724858056]],[[2.356263889,48.724858056],[2.356702778,48.724938056]],[[2.356702778,48.724938056],[2.356726667,48.725029722]],[[2.356726667,48.725029722],[2.356727778,48.7250625]],[[2.356727778,48.7250625],[2.356727222,48.7251325]],[[2.356727222,48.7251325],[2.356724167,48.725205833]],[[2.356724167,48.725205833],[2.356714722,48.725275]],[[2.356714722,48.725275],[2.356691389,48.725419722]],[[2.356004444,48.725138889],[2.356105,48.72517]],[[2.356095,48.72502],[2.356188333,48.725051667]],[[2.356209167,48.724907222],[2.356288611,48.7249475]],[[2.356388889,48.724881667],[2.356364167,48.724941667]],[[2.356582222,48.724919167],[2.356556389,48.724974167]],[[2.356728333,48.725069722],[2.356621944,48.725070556]],[[2.356722778,48.725204722],[2.356617222,48.725202222]],[[2.356703056,48.725339444],[2.356591389,48.725333056]],[[2.355526667,48.724838056],[2.355513333,48.724799722]],[[2.355513333,48.724799722],[2.355501111,48.724763889]],[[2.355501111,48.724763889],[2.355480556,48.7247225]],[[2.355480556,48.7247225],[2.355455833,48.724686111]],[[2.355455833,48.724686111],[2.355421667,48.724653889]],[[2.355421667,48.724653889],[2.355386667,48.724624167]],[[2.355386667,48.724624167],[2.355341944,48.724595833]],[[2.355341944,48.724595833],[2.355272222,48.724563889]],[[2.355272222,48.724563889],[2.355189444,48.724530278]],[[2.355189444,48.724530278],[2.355105556,48.724497222]],[[2.355105556,48.724497222],[2.355035556,48.724472778]],[[2.355035556,48.724472778],[2.354969444,48.724454167]],[[2.354969444,48.724454167],[2.354913333,48.724441944]],[[2.354913333,48.724441944],[2.354851111,48.724431389]],[[2.354851111,48.724431389],[2.354790556,48.7244225]],[[2.354790556,48.7244225],[2.354723611,48.724417222]],[[2.354723611,48.724417222],[2.354654167,48.724414167]],[[2.354654167,48.724414167],[2.354608333,48.724414167]],[[2.354608333,48.724414167],[2.354451944,48.724414444]],[[2.354451944,48.724414444],[2.354403333,48.724416667]],[[2.354403333,48.724416667],[2.354353889,48.724421111]],[[2.354353889,48.724421111],[2.354289722,48.724432222]],[[2.354289722,48.724432222],[2.354209444,48.724451389]],[[2.354209444,48.724451389],[2.354155278,48.724468333]],[[2.354155278,48.724468333],[2.354115833,48.724483889]],[[2.354115833,48.724483889],[2.354068611,48.724505833]],[[2.354068611,48.724505833],[2.354038611,48.724520556]],[[2.354038611,48.724520556],[2.354004444,48.724539722]],[[2.354004444,48.724539722],[2.353975278,48.724558611]],[[2.353975278,48.724558611],[2.353943889,48.724583611]],[[2.353943889,48.724583611],[2.353910556,48.724613889]],[[2.353910556,48.724613889],[2.353890833,48.724632222]],[[2.353890833,48.724632222],[2.353776667,48.724748056]],[[2.353776667,48.724748056],[2.353630556,48.724951944]],[[2.355524444,48.724837222],[2.355436389,48.724851944]],[[2.355473889,48.724718611],[2.3553875,48.724741944]],[[2.35536,48.724608333],[2.355291111,48.724653889]],[[2.355188889,48.7245325],[2.355138889,48.724588889]],[[2.355011667,48.724465556],[2.354974167,48.724525]],[[2.354819444,48.724426944],[2.3548,48.724487222]],[[2.354613889,48.724415278],[2.354617222,48.724481944]],[[2.3544075,48.724418056],[2.354419444,48.724481944]],[[2.354210833,48.724453056],[2.354250556,48.724510556]],[[2.354040278,48.724523611],[2.354106111,48.724575278]],[[2.353902778,48.724620833],[2.353984722,48.724660278]],[[2.353789722,48.724733056],[2.353874722,48.724771667]],[[2.350156111,48.723578889],[2.350075,48.723579444]],[[2.350075,48.723579444],[2.349984444,48.723582222]],[[2.349984444,48.723582222],[2.349903889,48.723587778]],[[2.349903889,48.723587778],[2.349814722,48.723600278]],[[2.349814722,48.723600278],[2.349756667,48.7236125]],[[2.349756667,48.7236125],[2.349715556,48.723623889]],[[2.349715556,48.723623889],[2.349669722,48.7236425]],[[2.349669722,48.7236425],[2.349627222,48.723669444]],[[2.349627222,48.723669444],[2.349583333,48.723702778]],[[2.349583333,48.723702778],[2.349539444,48.723741111]],[[2.349539444,48.723741111],[2.349513056,48.7237675]],[[2.349513056,48.7237675],[2.349475278,48.723806389]],[[2.349475278,48.723806389],[2.349437222,48.723849167]],[[2.349437222,48.723849167],[2.349404444,48.723893056]],[[2.349404444,48.723893056],[2.349381667,48.7239225]],[[2.349381667,48.7239225],[2.34936,48.723956944]],[[2.34936,48.723956944],[2.349301944,48.7240475]],[[2.349301944,48.7240475],[2.349230278,48.724172778]],[[2.349230278,48.724172778],[2.349114722,48.724392778]],[[2.349114722,48.724392778],[2.349123611,48.724417222]],[[2.349160833,48.724303611],[2.3492525,48.724320278]],[[2.349230556,48.724171944],[2.349323611,48.724195556]],[[2.349301667,48.724046667],[2.349395278,48.724070556]],[[2.349383611,48.723922222],[2.349473611,48.723949444]],[[2.34948,48.723801389],[2.349561944,48.723835]],[[2.349600278,48.723691389],[2.3496825,48.723735833]],[[2.349761389,48.723612778],[2.349794167,48.723683056]],[[2.349979167,48.723584722],[2.349988611,48.723651389]],[[2.350618889,48.722915278],[2.349552778,48.723224444]],[[2.349620833,48.723205278],[2.349614444,48.723194167]],[[2.349758333,48.723163889],[2.349717778,48.723108611]],[[2.349890833,48.723125278],[2.349849722,48.723063889]],[[2.350029167,48.723085556],[2.349986944,48.723025]],[[2.350163056,48.723046111],[2.350120556,48.722985833]],[[2.350299722,48.723007222],[2.350256944,48.722946389]],[[2.350434722,48.722968333],[2.350393056,48.722906389]],[[2.350571389,48.722928333],[2.3505575,48.722909167]],[[2.358146944,48.723656389],[2.358168333,48.723578333]],[[2.358168333,48.723578333],[2.357611389,48.723508889]],[[2.357611389,48.723508889],[2.357536667,48.723501111]],[[2.357536667,48.723501111],[2.357465556,48.723495278]],[[2.357465556,48.723495278],[2.35738,48.723490556]],[[2.35738,48.723490556],[2.357296389,48.723488333]],[[2.357296389,48.723488333],[2.357220278,48.723487222]],[[2.357220278,48.723487222],[2.357144167,48.723487222]],[[2.357144167,48.723487222],[2.357084444,48.723489167]],[[2.357084444,48.723489167],[2.357038333,48.7234925]],[[2.357038333,48.7234925],[2.356977778,48.723502778]],[[2.356977778,48.723502778],[2.356928333,48.723514722]],[[2.356928333,48.723514722],[2.356882778,48.723531667]],[[2.356882778,48.723531667],[2.356836389,48.723555278]],[[2.356836389,48.723555278],[2.356796667,48.723580833]],[[2.356796667,48.723580833],[2.356759444,48.723607778]],[[2.356759444,48.723607778],[2.356719722,48.723640556]],[[2.356719722,48.723640556],[2.356688889,48.723669444]],[[2.356688889,48.723669444],[2.356649722,48.723714722]],[[2.356649722,48.723714722],[2.3565675,48.723821111]],[[2.3565675,48.723821111],[2.356549167,48.723854722]],[[2.356549167,48.723854722],[2.356535278,48.72389]],[[2.356535278,48.72389],[2.356526667,48.723918611]],[[2.356526667,48.723918611],[2.356521111,48.72396]],[[2.356521111,48.72396],[2.356513056,48.724051389]],[[2.356513056,48.724051389],[2.356513333,48.7240875]],[[2.356513333,48.7240875],[2.356515556,48.72412]],[[2.356515556,48.72412],[2.356524444,48.724161944]],[[2.356524444,48.724161944],[2.35654,48.724196111]],[[2.35654,48.724196111],[2.356560278,48.724231111]],[[2.356560278,48.724231111],[2.356591667,48.724275278]],[[2.356591667,48.724275278],[2.3566275,48.724310833]],[[2.3566275,48.724310833],[2.356664167,48.724342222]],[[2.356664167,48.724342222],[2.356699722,48.724365556]],[[2.356699722,48.724365556],[2.356739167,48.724388611]],[[2.356739167,48.724388611],[2.356774722,48.724406389]],[[2.356774722,48.724406389],[2.35682,48.724425]],[[2.35682,48.724425],[2.356866389,48.724440833]],[[2.356866389,48.724440833],[2.356916389,48.724458611]],[[2.356916389,48.724458611],[2.356972778,48.724476667]],[[2.356972778,48.724476667],[2.3570275,48.724491944]],[[2.3570275,48.724491944],[2.357085,48.724505556]],[[2.357085,48.724505556],[2.357131111,48.724514722]],[[2.357131111,48.724514722],[2.357184722,48.724524444]],[[2.357184722,48.724524444],[2.357243611,48.724536389]],[[2.357243611,48.724536389],[2.357611667,48.724605]],[[2.357611667,48.724605],[2.357776944,48.724633611]],[[2.357776944,48.724633611],[2.357818333,48.724638611]],[[2.357818333,48.724638611],[2.357865,48.724643056]],[[2.357865,48.724643056],[2.357923333,48.724646944]],[[2.357923333,48.724646944],[2.3579825,48.724649444]],[[2.3579825,48.724649444],[2.358056667,48.724651667]],[[2.358056667,48.724651667],[2.358131389,48.724653056]],[[2.358131389,48.724653056],[2.358189722,48.724653056]],[[2.358189722,48.724653056],[2.358259167,48.724651944]],[[2.358259167,48.724651944],[2.358340556,48.724649722]],[[2.358340556,48.724649722],[2.3584075,48.724647778]],[[2.3584075,48.724647778],[2.358495278,48.724643611]],[[2.358495278,48.724643611],[2.3585625,48.724639167]],[[2.3585625,48.724639167],[2.358633056,48.724635278]],[[2.358633056,48.724635278],[2.358688889,48.724631389]],[[2.358688889,48.724631389],[2.3587425,48.7246275]],[[2.3587425,48.7246275],[2.358793611,48.724622778]],[[2.358793611,48.724622778],[2.358858333,48.724615833]],[[2.358858333,48.724615833],[2.358914722,48.724610833]],[[2.358914722,48.724610833],[2.358985278,48.724603333]],[[2.358985278,48.724603333],[2.35905,48.724595556]],[[2.35905,48.724595556],[2.359122222,48.724586944]],[[2.359122222,48.724586944],[2.359185833,48.724579722]],[[2.359185833,48.724579722],[2.359258056,48.724574167]],[[2.359258056,48.724574167],[2.359329444,48.724568611]],[[2.359329444,48.724568611],[2.359405833,48.724564167]],[[2.359405833,48.724564167],[2.359470278,48.724561111]],[[2.359470278,48.724561111],[2.359538333,48.724558611]],[[2.359538333,48.724558611],[2.359609167,48.7245575]],[[2.359609167,48.7245575],[2.359668611,48.724557222]],[[2.359668611,48.724557222],[2.359735278,48.724556667]],[[2.359735278,48.724556667],[2.359808333,48.724557778]],[[2.359808333,48.724557778],[2.359878056,48.724559444]],[[2.359878056,48.724559444],[2.359938333,48.7245625]],[[2.359938333,48.7245625],[2.360001667,48.724566111]],[[2.360001667,48.724566111],[2.360070833,48.724570278]],[[2.360070833,48.724570278],[2.360142222,48.724576389]],[[2.360142222,48.724576389],[2.360192222,48.724581389]],[[2.360192222,48.724581389],[2.360261667,48.724588056]],[[2.360261667,48.724588056],[2.360323056,48.724595556]],[[2.360323056,48.724595556],[2.360393611,48.724603889]],[[2.360393611,48.724603889],[2.360474444,48.724615278]],[[2.360474444,48.724615278],[2.360553611,48.724627222]],[[2.360553611,48.724627222],[2.360614167,48.724635556]],[[2.360614167,48.724635556],[2.360670556,48.724644722]],[[2.360670556,48.724644722],[2.36072,48.724651667]],[[2.36072,48.724651667],[2.360782222,48.724659167]],[[2.360782222,48.724659167],[2.360856389,48.724668333]],[[2.360856389,48.724668333],[2.360927222,48.724676944]],[[2.360927222,48.724676944],[2.360989167,48.724683333]],[[2.360989167,48.724683333],[2.361063333,48.724690833]],[[2.361063333,48.724690833],[2.361133056,48.7246975]],[[2.361133056,48.7246975],[2.361205833,48.724703889]],[[2.361205833,48.724703889],[2.361273056,48.724708056]],[[2.361273056,48.724708056],[2.361345278,48.724710833]],[[2.361345278,48.724710833],[2.361403889,48.724712222]],[[2.361403889,48.724712222],[2.361464444,48.724712778]],[[2.361464444,48.724712778],[2.361537778,48.724711944]],[[2.361537778,48.724711944],[2.361607778,48.7247075]],[[2.361607778,48.7247075],[2.361666944,48.724701944]],[[2.361666944,48.724701944],[2.361726111,48.724692778]],[[2.361726111,48.724692778],[2.361775278,48.724683333]],[[2.361775278,48.724683333],[2.361821944,48.724671389]],[[2.361821944,48.724671389],[2.361868333,48.724653056]],[[2.361868333,48.724653056],[2.361899444,48.724635556]],[[2.361899444,48.724635556],[2.361926111,48.724612222]],[[2.361926111,48.724612222],[2.361945278,48.724588333]],[[2.361945278,48.724588333],[2.361955833,48.72456]],[[2.361955833,48.72456],[2.361956111,48.724539444]],[[2.361956111,48.724539444],[2.361946944,48.724509722]],[[2.361946944,48.724509722],[2.361931111,48.724487778]],[[2.361931111,48.724487778],[2.361900278,48.724451944]],[[2.361900278,48.724451944],[2.361873056,48.724431667]],[[2.361873056,48.724431667],[2.361844167,48.724409722]],[[2.361844167,48.724409722],[2.361811944,48.724388889]],[[2.361811944,48.724388889],[2.361778056,48.724368889]],[[2.361778056,48.724368889],[2.361742222,48.724348889]],[[2.361742222,48.724348889],[2.361700556,48.724326389]],[[2.361700556,48.724326389],[2.3616525,48.724306667]],[[2.3616525,48.724306667],[2.361596389,48.724283889]],[[2.361596389,48.724283889],[2.3615575,48.724269167]],[[2.3615575,48.724269167],[2.361500278,48.724251389]],[[2.361500278,48.724251389],[2.361442778,48.724234167]],[[2.361442778,48.724234167],[2.361386667,48.724217222]],[[2.361386667,48.724217222],[2.361327222,48.724200556]],[[2.361327222,48.724200556],[2.361266111,48.724183611]],[[2.361266111,48.724183611],[2.361214444,48.724169167]],[[2.361214444,48.724169167],[2.361148611,48.724152778]],[[2.361148611,48.724152778],[2.361084722,48.7241375]],[[2.361084722,48.7241375],[2.361009444,48.724119167]],[[2.361009444,48.724119167],[2.360941111,48.724102778]],[[2.360941111,48.724102778],[2.360867222,48.724085278]],[[2.360867222,48.724085278],[2.360791944,48.724068056]],[[2.360791944,48.724068056],[2.360661667,48.724039167]],[[2.360661667,48.724039167],[2.360628333,48.7240975]],[[2.357996944,48.723556944],[2.357973333,48.723633889]],[[2.357415556,48.7234925],[2.357410278,48.723558611]],[[2.357613056,48.723509167],[2.357595,48.723573333]],[[2.357804722,48.723533056],[2.357785833,48.723602222]],[[2.357221111,48.723487778],[2.357223611,48.723553889]],[[2.357026111,48.723495],[2.357046944,48.723560556]],[[2.356848889,48.723549444],[2.356914444,48.723603056]],[[2.356719167,48.723642778],[2.356811944,48.723688611]],[[2.356541667,48.723872778],[2.356643333,48.723892222]],[[2.356517222,48.724003056],[2.356621944,48.724006944]],[[2.356518889,48.7241325],[2.356620833,48.724122222]],[[2.356578056,48.724256111],[2.356659722,48.724229167]],[[2.356693889,48.724361944],[2.356761944,48.724314167]],[[2.356850833,48.724435278],[2.356898889,48.724378333]],[[2.357028056,48.724491389],[2.357073333,48.724435833]],[[2.357225833,48.724530833],[2.357253056,48.724471667]],[[2.357415556,48.724567778],[2.357444444,48.724505278]],[[2.3576075,48.724603611],[2.357635278,48.724539167]],[[2.357801667,48.724635833],[2.357810556,48.724573889]],[[2.358208333,48.724652222],[2.358205833,48.724588333]],[[2.358001944,48.72465],[2.358005833,48.724584167]],[[2.358613889,48.724636111],[2.358602778,48.724573611]],[[2.358816111,48.724619444],[2.358801667,48.724556667]],[[2.358412778,48.724646389],[2.3584025,48.724583889]],[[2.359018056,48.724598333],[2.3589975,48.7245375]],[[2.359220833,48.724576667],[2.359206667,48.724511944]],[[2.359421667,48.724562778],[2.359413611,48.724499167]],[[2.359626111,48.724556667],[2.3596225,48.724492222]],[[2.359828333,48.724556667],[2.359839444,48.724493056]],[[2.360033056,48.724567222],[2.360042778,48.724502778]],[[2.360233889,48.724584167],[2.360243889,48.724518889]],[[2.360435556,48.72461],[2.360459444,48.724545833]],[[2.360635,48.724637778],[2.360656111,48.724575833]],[[2.360835556,48.724664722],[2.3608525,48.7246]],[[2.361035833,48.724687222],[2.361051389,48.724623333]],[[2.361239167,48.724705556],[2.361248056,48.724640556]],[[2.361441944,48.724712222],[2.3614425,48.724646111]],[[2.361647222,48.724703333],[2.361632778,48.724638889]],[[2.361844722,48.724661944],[2.361802222,48.724605278]],[[2.361954444,48.7245525],[2.361845833,48.724551944]],[[2.361854167,48.724417222],[2.361779722,48.724461111]],[[2.361148611,48.7241525],[2.361115833,48.724214167]],[[2.361336944,48.724204167],[2.361299167,48.724263056]],[[2.361526389,48.724259722],[2.361481944,48.724318889]],[[2.361699444,48.724326111],[2.361643333,48.724381389]],[[2.360959722,48.724107222],[2.360925,48.724166944]],[[2.355628889,48.723332778],[2.355619444,48.723269167]],[[2.355619444,48.723269167],[2.35559,48.723271667]],[[2.35559,48.723271667],[2.355552222,48.723276389]],[[2.355552222,48.723276389],[2.355503889,48.723284444]],[[2.355503889,48.723284444],[2.355459722,48.723291944]],[[2.355459722,48.723291944],[2.355418611,48.723301389]],[[2.355418611,48.723301389],[2.355368333,48.7233125]],[[2.355368333,48.7233125],[2.3553175,48.723324444]],[[2.3553175,48.723324444],[2.355265833,48.723339167]],[[2.355265833,48.723339167],[2.355225556,48.723350833]],[[2.355225556,48.723350833],[2.355174444,48.723367778]],[[2.355174444,48.723367778],[2.355128333,48.723383611]],[[2.355128333,48.723383611],[2.355071944,48.723405833]],[[2.355071944,48.723405833],[2.355027778,48.723424444]],[[2.355027778,48.723424444],[2.3549775,48.723446389]],[[2.3549775,48.723446389],[2.354928056,48.72347]],[[2.354928056,48.72347],[2.354869444,48.723502778]],[[2.354869444,48.723502778],[2.354825,48.723529167]],[[2.354825,48.723529167],[2.354767778,48.723572778]],[[2.354767778,48.723572778],[2.354723056,48.723608611]],[[2.354723056,48.723608611],[2.354683333,48.72365]],[[2.354683333,48.72365],[2.354641944,48.723700278]],[[2.354641944,48.723700278],[2.354604167,48.723754444]],[[2.354604167,48.723754444],[2.354588889,48.723789444]],[[2.354588889,48.723789444],[2.354586111,48.723824167]],[[2.354586111,48.723824167],[2.354593056,48.723855556]],[[2.354593056,48.723855556],[2.354606389,48.723884167]],[[2.354606389,48.723884167],[2.354632778,48.723918333]],[[2.354632778,48.723918333],[2.354667778,48.723944444]],[[2.354667778,48.723944444],[2.354702778,48.723965278]],[[2.354702778,48.723965278],[2.354831944,48.724036111]],[[2.354831944,48.724036111],[2.354868333,48.724055278]],[[2.354868333,48.724055278],[2.354906944,48.724073611]],[[2.354906944,48.724073611],[2.3549625,48.724095]],[[2.3549625,48.724095],[2.354998889,48.724108056]],[[2.354998889,48.724108056],[2.355045833,48.724123333]],[[2.355045833,48.724123333],[2.355093333,48.724136667]],[[2.355093333,48.724136667],[2.355138056,48.724146667]],[[2.355138056,48.724146667],[2.355169444,48.724151111]],[[2.355169444,48.724151111],[2.355199722,48.724154444]],[[2.355199722,48.724154444],[2.3552325,48.724156389]],[[2.3552325,48.724156389],[2.355272222,48.724156944]],[[2.355272222,48.724156944],[2.355411111,48.724155833]],[[2.355411111,48.724155833],[2.355484722,48.724154444]],[[2.355484722,48.724154444],[2.355558889,48.72415]],[[2.355558889,48.72415],[2.355613611,48.724142778]],[[2.355613611,48.724142778],[2.355668333,48.724131389]],[[2.355668333,48.724131389],[2.355713611,48.724117222]],[[2.355713611,48.724117222],[2.355753333,48.724103056]],[[2.355753333,48.724103056],[2.355811944,48.724070278]],[[2.355811944,48.724070278],[2.355855556,48.724042222]],[[2.355855556,48.724042222],[2.355898333,48.724004722]],[[2.355898333,48.724004722],[2.3559275,48.723976111]],[[2.3559275,48.723976111],[2.355957222,48.723946111]],[[2.355957222,48.723946111],[2.355993889,48.723897778]],[[2.355993889,48.723897778],[2.356017222,48.723861111]],[[2.356017222,48.723861111],[2.356045,48.723808333]],[[2.356045,48.723808333],[2.356063056,48.723759444]],[[2.356063056,48.723759444],[2.356074167,48.723716389]],[[2.356074167,48.723716389],[2.35608,48.723664167]],[[2.35608,48.723664167],[2.356080833,48.723616111]],[[2.356080833,48.723616111],[2.356081389,48.723574444]],[[2.356081389,48.723574444],[2.356070556,48.7235225]],[[2.356070556,48.7235225],[2.356056389,48.723482222]],[[2.356056389,48.723482222],[2.356036667,48.723442778]],[[2.356036667,48.723442778],[2.356012778,48.7234075]],[[2.356012778,48.7234075],[2.355982778,48.723373889]],[[2.355982778,48.723373889],[2.355955833,48.723346389]],[[2.355955833,48.723346389],[2.355927222,48.723325]],[[2.355927222,48.723325],[2.355894444,48.723304722]],[[2.355894444,48.723304722],[2.35585,48.723288889]],[[2.35585,48.723288889],[2.355811389,48.72328]],[[2.355811389,48.72328],[2.355773889,48.723274167]],[[2.355773889,48.723274167],[2.355722222,48.723268889]],[[2.355722222,48.723268889],[2.355664167,48.723266944]],[[2.355664167,48.723266944],[2.35562,48.723268889]],[[2.355420833,48.723301667],[2.355449722,48.723359722]],[[2.355231667,48.723350556],[2.355270556,48.723406944]],[[2.3550525,48.723415556],[2.355103611,48.723468889]],[[2.354888056,48.723492778],[2.354951667,48.723541111]],[[2.354748333,48.723589444],[2.354820278,48.723628056]],[[2.35464,48.723704722],[2.354721111,48.723731111]],[[2.354587222,48.723834444],[2.354679444,48.723828611]],[[2.354681667,48.723951944],[2.354750556,48.723901667]],[[2.354837222,48.724036944],[2.354895278,48.723991389]],[[2.355007222,48.724110556],[2.355051944,48.724055833]],[[2.355199167,48.724153889],[2.355212222,48.724092222]],[[2.355411389,48.724155278],[2.355408056,48.724089167]],[[2.355603611,48.724144167],[2.355584722,48.7240875]],[[2.355786111,48.724084444],[2.355728611,48.724037778]],[[2.355919722,48.723981667],[2.355845,48.723948611]],[[2.3560175,48.723860556],[2.355923333,48.723836111]],[[2.356069167,48.723733056],[2.355975,48.7237225]],[[2.356078889,48.723596944],[2.355985833,48.723593056]],[[2.356048611,48.723463611],[2.355962778,48.723483889]],[[2.355955833,48.723348056],[2.355874167,48.723387222]],[[2.360803333,48.73519],[2.361099444,48.734765833]],[[2.361099444,48.734765833],[2.361113056,48.734745278]],[[2.361113056,48.734745278],[2.361127778,48.734718056]],[[2.361127778,48.734718056],[2.3611425,48.734690556]],[[2.3611425,48.734690556],[2.361158889,48.734656111]],[[2.361158889,48.734656111],[2.361171667,48.7346225]],[[2.361171667,48.7346225],[2.361184722,48.734586667]],[[2.361184722,48.734586667],[2.361194722,48.734558889]],[[2.361194722,48.734558889],[2.361207222,48.734511667]],[[2.361207222,48.734511667],[2.361213611,48.734480556]],[[2.361213611,48.734480556],[2.361221667,48.734433333]],[[2.361221667,48.734433333],[2.361229722,48.734381667]],[[2.361229722,48.734381667],[2.361233889,48.734338889]],[[2.361233889,48.734338889],[2.361235278,48.734291389]],[[2.361235278,48.734291389],[2.361235278,48.734245556]],[[2.361235278,48.734245556],[2.361233889,48.734205]],[[2.361233889,48.734205],[2.361231111,48.734154444]],[[2.361231111,48.734154444],[2.361225556,48.734103056]],[[2.361225556,48.734103056],[2.361219167,48.734053333]],[[2.361219167,48.734053333],[2.3612075,48.734003056]],[[2.3612075,48.734003056],[2.361192778,48.733951944]],[[2.361192778,48.733951944],[2.361178056,48.733902778]],[[2.361178056,48.733902778],[2.361158056,48.733850833]],[[2.361158056,48.733850833],[2.361136389,48.733803333]],[[2.361136389,48.733803333],[2.361110833,48.733751667]],[[2.361110833,48.733751667],[2.3610825,48.733706389]],[[2.3610825,48.733706389],[2.361050833,48.733657778]],[[2.361050833,48.733657778],[2.361019167,48.733611389]],[[2.361019167,48.733611389],[2.360984167,48.733565556]],[[2.360984167,48.733565556],[2.360970833,48.733545833]],[[2.360970833,48.733545833],[2.360964167,48.733529167]],[[2.360964167,48.733529167],[2.360958333,48.733508056]],[[2.360958333,48.733508056],[2.360956944,48.733485556]],[[2.360956944,48.733485556],[2.360955833,48.733458611]],[[2.360955833,48.733458611],[2.360955278,48.733431111]],[[2.360955278,48.733431111],[2.360959167,48.733405278]],[[2.360959167,48.733405278],[2.360964722,48.733373889]],[[2.360964722,48.733373889],[2.360975556,48.733333611]],[[2.360975556,48.733333611],[2.36099,48.733287222]],[[2.36099,48.733287222],[2.361008333,48.733249167]],[[2.361008333,48.733249167],[2.361033611,48.733210278]],[[2.361033611,48.733210278],[2.361060556,48.733175833]],[[2.361060556,48.733175833],[2.361091111,48.733143611]],[[2.361091111,48.733143611],[2.361545,48.732679444]],[[2.361545,48.732679444],[2.3616575,48.732653333]],[[2.361546111,48.732682222],[2.361612222,48.732735556]],[[2.361303889,48.732927222],[2.361385,48.732964444]],[[2.359434722,48.734782222],[2.359509722,48.734795556]],[[2.359509722,48.734795556],[2.359588333,48.7348075]],[[2.359588333,48.7348075],[2.359666667,48.734816389]],[[2.359666667,48.734816389],[2.359743333,48.734824722]],[[2.359743333,48.734824722],[2.359833056,48.734831111]],[[2.359833056,48.734831111],[2.359902778,48.734834722]],[[2.359902778,48.734834722],[2.359961111,48.734835833]],[[2.359961111,48.734835833],[2.360020556,48.734834444]],[[2.360020556,48.734834444],[2.360084444,48.734831944]],[[2.360084444,48.734831944],[2.360143333,48.734829167]],[[2.360143333,48.734829167],[2.360193056,48.734823611]],[[2.360193056,48.734823611],[2.360249444,48.734816389]],[[2.360249444,48.734816389],[2.360304444,48.734809167]],[[2.360304444,48.734809167],[2.360358611,48.7348]],[[2.360358611,48.7348],[2.360405556,48.734786667]],[[2.360405556,48.734786667],[2.360441111,48.734770833]],[[2.360441111,48.734770833],[2.360477778,48.73475]],[[2.360477778,48.73475],[2.360509722,48.734724444]],[[2.360509722,48.734724444],[2.360543056,48.734691667]],[[2.360543056,48.734691667],[2.360574444,48.734658889]],[[2.360574444,48.734658889],[2.360606944,48.7346225]],[[2.360606944,48.7346225],[2.360634722,48.734589167]],[[2.360634722,48.734589167],[2.360656944,48.734556667]],[[2.360656944,48.734556667],[2.360678611,48.734516944]],[[2.360678611,48.734516944],[2.360699722,48.734476944]],[[2.360699722,48.734476944],[2.360716944,48.734443056]],[[2.360716944,48.734443056],[2.360730278,48.734404444]],[[2.360730278,48.734404444],[2.360745556,48.734355833]],[[2.360745556,48.734355833],[2.360754444,48.734318611]],[[2.360754444,48.734318611],[2.360759167,48.734269722]],[[2.360759167,48.734269722],[2.36076,48.734225556]],[[2.36076,48.734225556],[2.360757778,48.734180833]],[[2.360757778,48.734180833],[2.360750556,48.734129444]],[[2.360750556,48.734129444],[2.360741667,48.734083333]],[[2.360741667,48.734083333],[2.360729167,48.734046667]],[[2.360729167,48.734046667],[2.360715,48.734013333]],[[2.360715,48.734013333],[2.360697778,48.733976389]],[[2.360697778,48.733976389],[2.360671111,48.733920556]],[[2.360671111,48.733920556],[2.360638333,48.733869722]],[[2.360638333,48.733869722],[2.360612778,48.733831944]],[[2.360612778,48.733831944],[2.360575556,48.733783889]],[[2.360575556,48.733783889],[2.360543056,48.733746389]],[[2.360543056,48.733746389],[2.360507222,48.733708611]],[[2.360507222,48.733708611],[2.360460556,48.733664444]],[[2.360460556,48.733664444],[2.360412778,48.7336225]],[[2.360412778,48.7336225],[2.360365556,48.733587222]],[[2.360365556,48.733587222],[2.360325278,48.733558611]],[[2.360325278,48.733558611],[2.360271944,48.733524444]],[[2.360271944,48.733524444],[2.360219444,48.733491389]],[[2.360219444,48.733491389],[2.360167222,48.733463333]],[[2.360167222,48.733463333],[2.360111389,48.733435]],[[2.360111389,48.733435],[2.360041389,48.733403056]],[[2.359997222,48.733461389],[2.36005,48.7334075]],[[2.360146944,48.733533889],[2.3602075,48.733485]],[[2.360281389,48.733620278],[2.360349167,48.733575556]],[[2.360394722,48.733713889],[2.360471944,48.733675833]],[[2.360495556,48.7338175],[2.360575,48.733784722]],[[2.360570833,48.733931667],[2.360659167,48.733903333]],[[2.360626667,48.734045],[2.360720556,48.734026944]],[[2.360657222,48.734165833],[2.360753333,48.734154167]],[[2.360657222,48.734288333],[2.3607575,48.734285278]],[[2.360626389,48.734407778],[2.360725833,48.734414722]],[[2.360570278,48.734524167],[2.360666389,48.734537778]],[[2.360491389,48.734625278],[2.360578889,48.734653333]],[[2.360393333,48.734711111],[2.360463056,48.734756944]],[[2.360251111,48.734751389],[2.360301667,48.734808611]],[[2.360104722,48.734766944],[2.360129167,48.73483]],[[2.359952222,48.734773611],[2.359950278,48.734835]],[[2.359795556,48.734761944],[2.359774722,48.734826667]],[[2.360226944,48.733115],[2.360255833,48.733117222]],[[2.360255833,48.733117222],[2.360284444,48.733118056]],[[2.360284444,48.733118056],[2.360314167,48.733116111]],[[2.360314167,48.733116111],[2.360339444,48.733113056]],[[2.360339444,48.733113056],[2.360364722,48.733107778]],[[2.360364722,48.733107778],[2.360387778,48.733101389]],[[2.360387778,48.733101389],[2.360415833,48.733091944]],[[2.360415833,48.733091944],[2.360436944,48.733083333]],[[2.360436944,48.733083333],[2.360454722,48.733074722]],[[2.360454722,48.733074722],[2.360473611,48.733064722]],[[2.360473611,48.733064722],[2.360493611,48.733051667]],[[2.360493611,48.733051667],[2.360514167,48.733037222]],[[2.360514167,48.733037222],[2.360643611,48.732941389]],[[2.360643611,48.732941389],[2.360672222,48.732918611]],[[2.360672222,48.732918611],[2.360697222,48.732893889]],[[2.360697222,48.732893889],[2.360714722,48.732873056]],[[2.360714722,48.732873056],[2.360730278,48.732848889]],[[2.360730278,48.732848889],[2.360739444,48.732825556]],[[2.360739444,48.732825556],[2.360745556,48.732793056]],[[2.360745556,48.732793056],[2.360745833,48.732755833]],[[2.360745833,48.732755833],[2.360736389,48.73272]],[[2.360736389,48.73272],[2.360723889,48.732689444]],[[2.360723889,48.732689444],[2.3607075,48.732662778]],[[2.3607075,48.732662778],[2.3606875,48.732636667]],[[2.3606875,48.732636667],[2.360660278,48.732605556]],[[2.360660278,48.732605556],[2.360634444,48.732579167]],[[2.360634444,48.732579167],[2.360607778,48.732553611]],[[2.360607778,48.732553611],[2.360588611,48.732536667]],[[2.360588611,48.732536667],[2.360558889,48.7325125]],[[2.360558889,48.7325125],[2.360494167,48.732464444]],[[2.360494167,48.732464444],[2.360438889,48.732426944]],[[2.360438889,48.732426944],[2.360386944,48.732394444]],[[2.360386944,48.732394444],[2.360335833,48.732363056]],[[2.360335833,48.732363056],[2.360283056,48.732333056]],[[2.360283056,48.732333056],[2.360210833,48.732293611]],[[2.360210833,48.732293611],[2.360118056,48.732244444]],[[2.360118056,48.732244444],[2.360045833,48.732207778]],[[2.360045833,48.732207778],[2.359953056,48.732162222]],[[2.359953056,48.732162222],[2.359803056,48.732093333]],[[2.359953889,48.732163333],[2.359890278,48.732217778]],[[2.360118611,48.732245278],[2.360053611,48.732298889]],[[2.360283889,48.732334167],[2.360214722,48.732386111]],[[2.360439167,48.7324275],[2.360364444,48.732476111]],[[2.360583056,48.732532222],[2.360499722,48.732574722]],[[2.360706389,48.732662778],[2.360609722,48.732691667]],[[2.360733889,48.732839167],[2.360635833,48.732824722]],[[2.360626111,48.732954167],[2.360546944,48.732908611]],[[2.360489444,48.733054444],[2.360410556,48.733007222]],[[2.356382222,48.730945],[2.356318333,48.731040278]],[[2.356318333,48.731040278],[2.356296111,48.731084167]],[[2.356296111,48.731084167],[2.356281944,48.731115]],[[2.356281944,48.731115],[2.3562675,48.731154167]],[[2.3562675,48.731154167],[2.356252778,48.731193333]],[[2.356252778,48.731193333],[2.356238889,48.731238889]],[[2.356238889,48.731238889],[2.356226944,48.731281111]],[[2.356226944,48.731281111],[2.356218611,48.731325833]],[[2.356218611,48.731325833],[2.356213056,48.731371389]],[[2.356213056,48.731371389],[2.356211389,48.731422222]],[[2.356211389,48.731422222],[2.356214167,48.731469444]],[[2.356214167,48.731469444],[2.35622,48.731507778]],[[2.35622,48.731507778],[2.356234722,48.731548889]],[[2.356234722,48.731548889],[2.356259167,48.7315925]],[[2.356259167,48.7315925],[2.356289722,48.731626944]],[[2.356289722,48.731626944],[2.356333056,48.7316725]],[[2.356333056,48.7316725],[2.356350556,48.731691667]],[[2.356350556,48.731691667],[2.356380833,48.731717222]],[[2.356380833,48.731717222],[2.356409444,48.73174]],[[2.356409444,48.73174],[2.356440278,48.731762778]],[[2.356440278,48.731762778],[2.356471389,48.731781389]],[[2.356471389,48.731781389],[2.356502222,48.731798333]],[[2.356502222,48.731798333],[2.356531111,48.731811389]],[[2.356531111,48.731811389],[2.356588056,48.731833056]],[[2.356588611,48.731831944],[2.356636111,48.731776944]],[[2.356463889,48.731774722],[2.356533333,48.731726389]],[[2.356350833,48.731691667],[2.356440278,48.731659444]],[[2.356263333,48.731594444],[2.356358889,48.731566944]],[[2.356217778,48.731487222],[2.356310278,48.731479167]],[[2.356213056,48.731374722],[2.356311667,48.731378056]],[[2.356231944,48.731263056],[2.356329722,48.731275833]],[[2.356268611,48.731153611],[2.356362778,48.731166389]],[[2.356315556,48.731045278],[2.356361389,48.731055278]],[[2.354262778,48.731565278],[2.354312222,48.731553611]],[[2.354312222,48.731553611],[2.354347222,48.731551667]],[[2.354347222,48.731551667],[2.354386944,48.731556667]],[[2.354386944,48.731556667],[2.354406389,48.731569167]],[[2.354406389,48.731569167],[2.354420278,48.731590556]],[[2.354420278,48.731590556],[2.354435,48.731629444]],[[2.354435,48.731629444],[2.354451944,48.731688611]],[[2.354451944,48.731688611],[2.354469444,48.731743611]],[[2.354469444,48.731743611],[2.354484444,48.731796667]],[[2.354484444,48.731796667],[2.354496667,48.731863611]],[[2.354496667,48.731863611],[2.354508333,48.731937778]],[[2.354508333,48.731937778],[2.354511667,48.731991667]],[[2.354511667,48.731991667],[2.354508333,48.732060278]],[[2.354508333,48.732060278],[2.354494722,48.732128333]],[[2.354494722,48.732128333],[2.354465,48.732199722]],[[2.354465,48.732199722],[2.354419167,48.732274167]],[[2.354419167,48.732274167],[2.354375833,48.732321667]],[[2.354375833,48.732321667],[2.354321389,48.732372222]],[[2.354321389,48.732372222],[2.354252778,48.732418611]],[[2.354252778,48.732418611],[2.354172778,48.732468056]],[[2.354172778,48.732468056],[2.354101389,48.732501944]],[[2.354101389,48.732501944],[2.354021389,48.732536389]],[[2.354021389,48.732536389],[2.353954167,48.732559722]],[[2.353954167,48.732559722],[2.353901667,48.732575278]],[[2.353901667,48.732575278],[2.353818056,48.732595278]],[[2.353818056,48.732595278],[2.353735,48.732611389]],[[2.353735,48.732611389],[2.353630556,48.7326225]],[[2.353630556,48.7326225],[2.353521111,48.732628611]],[[2.353521111,48.732628611],[2.353419167,48.732628056]],[[2.353419167,48.732628056],[2.353305833,48.732618611]],[[2.354454444,48.73169],[2.354354722,48.731704167]],[[2.354488889,48.731816389],[2.354390556,48.731826667]],[[2.354507778,48.731939722],[2.3544075,48.731941667]],[[2.354505833,48.732076944],[2.354404444,48.732070278]],[[2.354451944,48.732216944],[2.354361389,48.732196944]],[[2.354378333,48.732319167],[2.354296111,48.732279444]],[[2.354253333,48.732418889],[2.354181667,48.732373889]],[[2.354102222,48.732502222],[2.354047222,48.732444167]],[[2.353931944,48.732564722],[2.353894722,48.732504167]],[[2.353736111,48.732610833],[2.353711389,48.732539722]],[[2.354070278,48.732888611],[2.354048056,48.732874444]],[[2.354048056,48.732874444],[2.354036667,48.732857222]],[[2.354036667,48.732857222],[2.354050833,48.732841111]],[[2.354050833,48.732841111],[2.354064722,48.732832222]],[[2.354064722,48.732832222],[2.354088889,48.732816389]],[[2.354088889,48.732816389],[2.354116111,48.732803611]],[[2.354116111,48.732803611],[2.354158056,48.732788333]],[[2.354158056,48.732788333],[2.354203889,48.7327725]],[[2.354203889,48.7327725],[2.354245833,48.732758056]],[[2.354245833,48.732758056],[2.354288333,48.732741944]],[[2.354288333,48.732741944],[2.354327222,48.732725556]],[[2.354327222,48.732725556],[2.354360556,48.732711111]],[[2.354360556,48.732711111],[2.3543975,48.732694722]],[[2.3543975,48.732694722],[2.354448611,48.732668611]],[[2.354448611,48.732668611],[2.354502222,48.732637222]],[[2.354502222,48.732637222],[2.354550833,48.732607778]],[[2.354550833,48.732607778],[2.354591667,48.732578333]],[[2.354591667,48.732578333],[2.354626111,48.732555]],[[2.354626111,48.732555],[2.354660833,48.732525278]],[[2.354660833,48.732525278],[2.354698056,48.732494167]],[[2.354698056,48.732494167],[2.354736389,48.732456389]],[[2.354736389,48.732456389],[2.354764167,48.732423056]],[[2.354764167,48.732423056],[2.354794444,48.732385556]],[[2.354794444,48.732385556],[2.354818333,48.732349167]],[[2.354818333,48.732349167],[2.3548675,48.7322775]],[[2.3548675,48.7322775],[2.354881389,48.7322575]],[[2.354881389,48.7322575],[2.354899167,48.732236389]],[[2.354899167,48.732236389],[2.355313333,48.731814722]],[[2.346762222,48.730303611],[2.346725,48.730286389]],[[2.346725,48.730286389],[2.346688611,48.730255833]],[[2.346688611,48.730255833],[2.346684444,48.730220833]],[[2.346684444,48.730220833],[2.346704444,48.730192778]],[[2.346704444,48.730192778],[2.346734444,48.73017]],[[2.346734444,48.73017],[2.346777778,48.730171389]],[[2.346777778,48.730171389],[2.346861389,48.730175]],[[2.346861389,48.730175],[2.347019167,48.730184444]],[[2.3531275,48.729621667],[2.353170278,48.729563333]],[[2.353170278,48.729563333],[2.3531975,48.729519722]],[[2.3531975,48.729519722],[2.3532275,48.729463611]],[[2.3532275,48.729463611],[2.3532625,48.729395556]],[[2.3532625,48.729395556],[2.353367222,48.729417778]],[[2.353367222,48.729417778],[2.353727778,48.730131667]],[[2.353590833,48.730015833],[2.353656667,48.729999722]],[[2.353503056,48.729891944],[2.353593611,48.729870833]],[[2.353438056,48.729763611],[2.3535275,48.729741389]],[[2.353374722,48.729635278],[2.353465278,48.729613889]],[[2.353403611,48.729484722],[2.353309167,48.729508333]],[[2.353309167,48.729508333],[2.353217222,48.729486667]],[[2.353320278,48.729411389],[2.353294444,48.729468056]],[[2.353173889,48.729560833],[2.353260556,48.729585833]],[[2.351609722,48.728884444],[2.352891111,48.7290025]],[[2.352891111,48.7290025],[2.353025556,48.729091111]],[[2.353025556,48.729091111],[2.353021111,48.7291325]],[[2.353021111,48.7291325],[2.353010833,48.729174444]],[[2.353010833,48.729174444],[2.352992778,48.72924]],[[2.352992778,48.72924],[2.352978056,48.729279722]],[[2.352978056,48.729279722],[2.352955556,48.729333056]],[[2.352955556,48.729333056],[2.352932778,48.729384167]],[[2.352932778,48.729384167],[2.352913889,48.729424444]],[[2.352913889,48.729424444],[2.352885556,48.729472778]],[[2.352885556,48.729472778],[2.352857222,48.729519167]],[[2.352857222,48.729519167],[2.352833056,48.729555556]],[[2.352833056,48.729555556],[2.352806667,48.729588333]],[[2.352839167,48.729545556],[2.352789167,48.72953]],[[2.352906944,48.729436389],[2.352856667,48.729424722]],[[2.352959722,48.729324722],[2.352864722,48.729307222]],[[2.353000556,48.729208889],[2.352903889,48.7291975]],[[2.353024167,48.729091667],[2.352925278,48.729086944]],[[2.352888889,48.729003333],[2.352876667,48.729067222]],[[2.352658056,48.728982222],[2.352646389,48.729046111]],[[2.352418889,48.728958611],[2.352405556,48.729023333]],[[2.352175833,48.728936667],[2.352161944,48.729000833]],[[2.351931944,48.728914167],[2.351928056,48.728940556]],[[2.354776389,48.730513889],[2.354675556,48.730463333]],[[2.354675556,48.730463333],[2.354606111,48.730426944]],[[2.354606111,48.730426944],[2.354549167,48.730396389]],[[2.354549167,48.730396389],[2.354452778,48.730339167]],[[2.354452778,48.730339167],[2.354378611,48.730284444]],[[2.354378611,48.730284444],[2.354317778,48.730235833]],[[2.354317778,48.730235833],[2.354253611,48.730177778]],[[2.354253611,48.730177778],[2.354201667,48.730126111]],[[2.354201667,48.730126111],[2.354155833,48.730073333]],[[2.354155833,48.730073333],[2.354106944,48.730006389]],[[2.354106944,48.730006389],[2.354068333,48.729943056]],[[2.354068333,48.729943056],[2.354034167,48.729880556]],[[2.354034167,48.729880556],[2.354006111,48.729816667]],[[2.354006111,48.729816667],[2.353984722,48.729747778]],[[2.353984722,48.729747778],[2.353961944,48.729621944]],[[2.353961944,48.729621944],[2.353957222,48.729568889]],[[2.353957222,48.729568889],[2.353956944,48.729515833]],[[2.353956944,48.729515833],[2.353959722,48.729480278]],[[2.353959722,48.729480278],[2.353966389,48.729443333]],[[2.353966389,48.729443333],[2.353976667,48.729413611]],[[2.353976667,48.729413611],[2.353985,48.729397778]],[[2.353985,48.729397778],[2.353998889,48.729378056]],[[2.353998889,48.729378056],[2.354019167,48.729356667]],[[2.354019167,48.729356667],[2.354046944,48.729333889]],[[2.354046944,48.729333889],[2.354070556,48.729318611]],[[2.354070556,48.729318611],[2.354098611,48.729302778]],[[2.354098611,48.729302778],[2.354127778,48.729289444]],[[2.354127778,48.729289444],[2.354156667,48.729278889]],[[2.354156667,48.729278889],[2.354186667,48.729271667]],[[2.354186667,48.729271667],[2.354217778,48.729266111]],[[2.354217778,48.729266111],[2.354248889,48.729262222]],[[2.354248889,48.729262222],[2.354276389,48.72926]],[[2.354276389,48.72926],[2.354306389,48.729258056]],[[2.354306389,48.729258056],[2.354338889,48.729258333]],[[2.354338889,48.729258333],[2.35437,48.729260278]],[[2.35437,48.729260278],[2.354404444,48.729263333]],[[2.354404444,48.729263333],[2.354659444,48.729288056]],[[2.354659444,48.729288056],[2.354691389,48.729291944]],[[2.354691389,48.729291944],[2.354718333,48.729298056]],[[2.354718333,48.729298056],[2.354747778,48.729308333]],[[2.354747778,48.729308333],[2.35477,48.729320833]],[[2.35477,48.729320833],[2.3547925,48.729334722]],[[2.3547925,48.729334722],[2.354812778,48.729351389]],[[2.354812778,48.729351389],[2.354835833,48.729370556]],[[2.354835833,48.729370556],[2.354857778,48.729391667]],[[2.354857778,48.729391667],[2.354881667,48.729415833]],[[2.354881667,48.729415833],[2.354899444,48.729436111]],[[2.354899444,48.729436111],[2.354964167,48.729518333]],[[2.354964167,48.729518333],[2.3549775,48.729536667]],[[2.3549775,48.729536667],[2.354991667,48.729556389]],[[2.354991667,48.729556389],[2.355159167,48.729801389]],[[2.355156111,48.729800556],[2.355059167,48.729831111]],[[2.355073333,48.729679167],[2.354976111,48.7297075]],[[2.354989444,48.729555],[2.354895278,48.729583889]],[[2.3548975,48.729435556],[2.354811944,48.729469167]],[[2.3547875,48.7293325],[2.354711111,48.729383889]],[[2.354588056,48.729281667],[2.354570833,48.729353056]],[[2.354385,48.729261389],[2.354373611,48.729327222]],[[2.354185556,48.729271667],[2.354216944,48.729335556]],[[2.35403,48.729349722],[2.354113889,48.729388611]],[[2.353960278,48.729480556],[2.354059444,48.729483611]],[[2.353961944,48.729621111],[2.354062222,48.729617778]],[[2.353985556,48.729749444],[2.354081667,48.729737222]],[[2.354034722,48.729881389],[2.354133056,48.729860556]],[[2.3541075,48.730006944],[2.354200833,48.729978889]],[[2.354203056,48.730126389],[2.354291389,48.730091667]],[[2.354318611,48.730236389],[2.354396944,48.730195833]],[[2.354454444,48.730338056],[2.354525556,48.730291944]],[[2.354606667,48.730427778],[2.354670278,48.730375833]],[[2.354759444,48.730505278],[2.354818889,48.730453056]],[[2.354681389,48.728196389],[2.354641389,48.728326389]],[[2.354641389,48.728326389],[2.3546325,48.728361667]],[[2.3546325,48.728361667],[2.354625833,48.728394444]],[[2.354625833,48.728394444],[2.354619722,48.728427222]],[[2.354619722,48.728427222],[2.354617778,48.728456944]],[[2.354617778,48.728456944],[2.354616667,48.728487222]],[[2.354616667,48.728487222],[2.354617222,48.728598056]],[[2.354617222,48.728598056],[2.354616667,48.728631944]],[[2.354616667,48.728631944],[2.354622778,48.728690833]],[[2.354622778,48.728690833],[2.354629444,48.728716111]],[[2.354629444,48.728716111],[2.354635278,48.728733611]],[[2.354635278,48.728733611],[2.354648056,48.7287525]],[[2.354648056,48.7287525],[2.354661389,48.728770556]],[[2.354661389,48.728770556],[2.354676389,48.728786111]],[[2.354676389,48.728786111],[2.354699722,48.728804167]],[[2.354699722,48.728804167],[2.354728056,48.728821389]],[[2.354728056,48.728821389],[2.3547575,48.728835833]],[[2.3547575,48.728835833],[2.354791111,48.728846389]],[[2.354791111,48.728846389],[2.354823611,48.728853333]],[[2.354823611,48.728853333],[2.354863889,48.728859167]],[[2.354863889,48.728859167],[2.354905833,48.72886]],[[2.354905833,48.72886],[2.354941111,48.728859167]],[[2.354941111,48.728859167],[2.354974722,48.728855556]],[[2.354974722,48.728855556],[2.354998889,48.72885]],[[2.354998889,48.72885],[2.355031111,48.728840278]],[[2.355031111,48.728840278],[2.355060278,48.728828889]],[[2.355060278,48.728828889],[2.355093333,48.728809444]],[[2.355093333,48.728809444],[2.355121667,48.728790556]],[[2.355121667,48.728790556],[2.355155833,48.728761389]],[[2.355155833,48.728761389],[2.3551975,48.728716389]],[[2.3551975,48.728716389],[2.355235278,48.728674167]],[[2.355235278,48.728674167],[2.355261389,48.728641944]],[[2.355261389,48.728641944],[2.355292222,48.728604167]],[[2.355292222,48.728604167],[2.355313056,48.728575278]],[[2.355313056,48.728575278],[2.355338611,48.728536389]],[[2.355338611,48.728536389],[2.355360278,48.728503611]],[[2.355360278,48.728503611],[2.355388611,48.728456944]],[[2.355388611,48.728456944],[2.3554075,48.728425]],[[2.3554075,48.728425],[2.355450278,48.728351667]],[[2.355449167,48.728354444],[2.355343056,48.728326111]],[[2.355403889,48.728429444],[2.355306111,48.728403056]],[[2.355327222,48.728553333],[2.355235833,48.728527222]],[[2.355233611,48.728674722],[2.355153611,48.728643889]],[[2.355124167,48.7287875],[2.355044722,48.728748333]],[[2.3549625,48.728855833],[2.354945,48.728793056]],[[2.354756944,48.728834444],[2.354807778,48.728780556]],[[2.354631111,48.728721667],[2.354722778,48.728702778]],[[2.354617222,48.728595556],[2.354716111,48.728594167]],[[2.354618056,48.728459444],[2.354713611,48.728459167]],[[2.354641667,48.728326667],[2.354744444,48.728338889]],[[2.354682222,48.728200278],[2.354801389,48.728221667]],[[2.354155278,48.728235556],[2.3542475,48.728263333]],[[2.3542475,48.728263333],[2.354210556,48.728316667]],[[2.354210556,48.728316667],[2.354159722,48.728379722]],[[2.354159722,48.728379722],[2.354121944,48.728428889]],[[2.354121944,48.728428889],[2.354068056,48.728496389]],[[2.354068056,48.728496389],[2.353963611,48.728631111]],[[2.353963611,48.728631111],[2.353939722,48.728656944]],[[2.353939722,48.728656944],[2.353911944,48.728685556]],[[2.353911944,48.728685556],[2.353883611,48.7287075]],[[2.353883611,48.7287075],[2.35385,48.728726389]],[[2.35385,48.728726389],[2.353812778,48.728743056]],[[2.353812778,48.728743056],[2.353766111,48.728756111]],[[2.353766111,48.728756111],[2.353729444,48.728761111]],[[2.353729444,48.728761111],[2.353701111,48.728759722]],[[2.353701111,48.728759722],[2.353677778,48.728757222]],[[2.353677778,48.728757222],[2.353651944,48.7287525]],[[2.353651944,48.7287525],[2.353615556,48.728740278]],[[2.353615556,48.728740278],[2.353578056,48.728723611]],[[2.353578056,48.728723611],[2.353541667,48.728703889]],[[2.353541667,48.728703889],[2.353506944,48.728683056]],[[2.353506944,48.728683056],[2.353473889,48.728658056]],[[2.353473889,48.728658056],[2.353442222,48.728627778]],[[2.353442222,48.728627778],[2.353409167,48.728594444]],[[2.353409167,48.728594444],[2.353319167,48.728495]],[[2.353319167,48.728495],[2.353291944,48.728461111]],[[2.353291944,48.728461111],[2.353252778,48.728408889]],[[2.353252778,48.728408889],[2.353184722,48.728307778]],[[2.353184722,48.728307778],[2.353116944,48.728201944]],[[2.353116944,48.728201944],[2.352968056,48.727950556]],[[2.352968056,48.727950556],[2.352948333,48.727906111]],[[2.354152778,48.728387222],[2.354071389,48.728358889]],[[2.354068333,48.728495556],[2.35398,48.728466111]],[[2.353974167,48.728616111],[2.353888333,48.728585833]],[[2.353853611,48.728722778],[2.353794722,48.728671944]],[[2.353658056,48.7287525],[2.353688611,48.728689444]],[[2.353497222,48.728677778],[2.353575,48.728630833]],[[2.353384444,48.728566667],[2.353468056,48.728530278]],[[2.353282222,48.728447222],[2.353373056,48.728417222]],[[2.353198056,48.728325833],[2.353292222,48.7283]],[[2.3531175,48.728202778],[2.353213056,48.728175278]],[[2.3530425,48.728076111],[2.353143056,48.728050833]],[[2.352968333,48.727950278],[2.353081667,48.727921111]],[[2.318577778,48.718056944],[2.318913889,48.718028611]],[[2.318913889,48.718028611],[2.319143611,48.717935833]],[[2.319143611,48.717935833],[2.320415278,48.717512222]],[[2.320415278,48.717512222],[2.322040556,48.718086111]],[[2.322040556,48.718086111],[2.322164167,48.718752778]],[[2.322164167,48.718752778],[2.322186111,48.718808889]],[[2.322186111,48.718808889],[2.322208611,48.718850556]],[[2.322208611,48.718850556],[2.322234167,48.718884722]],[[2.322234167,48.718884722],[2.322266667,48.718915278]],[[2.322266667,48.718915278],[2.322309444,48.718944444]],[[2.322309444,48.718944444],[2.322363056,48.718975833]],[[2.322363056,48.718975833],[2.322409167,48.719002778]],[[2.322409167,48.719002778],[2.322496111,48.719044167]],[[2.322496111,48.719044167],[2.3225475,48.719069722]],[[2.3225475,48.719069722],[2.322623333,48.719104444]],[[2.322623333,48.719104444],[2.322695278,48.719132222]],[[2.322695278,48.719132222],[2.323171389,48.719323889]],[[2.318767222,48.718038056],[2.318759444,48.717988889]],[[2.318972778,48.718006944],[2.318916389,48.717947222]],[[2.319146111,48.717935],[2.319096944,48.717874167]],[[2.319326944,48.717873611],[2.319282222,48.717815833]],[[2.319511111,48.717811389],[2.3194625,48.717751667]],[[2.319693056,48.717751389],[2.319648333,48.717693889]],[[2.319872778,48.717691389],[2.319823611,48.717630833]],[[2.320055278,48.717630278],[2.320009167,48.717568333]],[[2.320236944,48.717570833],[2.320190556,48.717511389]],[[2.320436389,48.717517778],[2.320436389,48.717441389]],[[2.320600278,48.717577222],[2.320650556,48.717518056]],[[2.320782222,48.717639722],[2.320830278,48.717578611]],[[2.320966667,48.717705278],[2.321013889,48.717645278]],[[2.321140278,48.717765278],[2.321190278,48.717708056]],[[2.321320556,48.717830278],[2.321368611,48.717770556]],[[2.321495,48.717893056],[2.321542778,48.717834722]],[[2.321680556,48.717956389],[2.321727778,48.717898889]],[[2.321858056,48.718020833],[2.321906944,48.717960556]],[[2.322032778,48.718084444],[2.322133333,48.71804]],[[2.322067778,48.718221111],[2.322171111,48.718211389]],[[2.322093611,48.718354444],[2.3221975,48.718345556]],[[2.322116667,48.718489167],[2.322219722,48.718478611]],[[2.322141111,48.718623056],[2.322245278,48.718613333]],[[2.322165278,48.718755],[2.322279167,48.718746111]],[[2.322227222,48.718877222],[2.322327222,48.718841111]],[[2.322365833,48.718978889],[2.322432222,48.718925556]],[[2.32253,48.7190575],[2.322586667,48.719004444]],[[2.322699722,48.719133333],[2.322753889,48.719073889]],[[2.322875278,48.719203889],[2.322927778,48.719146389]],[[2.323046944,48.719272778],[2.323102222,48.719215556]],[[2.336146389,48.724147222],[2.335916944,48.724064722]],[[2.335916944,48.724064722],[2.335813889,48.724028056]],[[2.335813889,48.724028056],[2.335741389,48.724003056]],[[2.335741389,48.724003056],[2.335650278,48.723971111]],[[2.335650278,48.723971111],[2.335560833,48.723942778]],[[2.335560833,48.723942778],[2.335469167,48.723915]],[[2.335469167,48.723915],[2.33538,48.723888889]],[[2.33538,48.723888889],[2.335284722,48.723861667]],[[2.335284722,48.723861667],[2.335193056,48.7238375]],[[2.335193056,48.7238375],[2.335097222,48.723811944]],[[2.335097222,48.723811944],[2.335006111,48.723789722]],[[2.335006111,48.723789722],[2.334905278,48.723768889]],[[2.334905278,48.723768889],[2.334816944,48.723750556]],[[2.334816944,48.723750556],[2.334725278,48.723734722]],[[2.334725278,48.723734722],[2.334623889,48.723716111]],[[2.334623889,48.723716111],[2.334559167,48.723706667]],[[2.334559167,48.723706667],[2.334487778,48.723700278]],[[2.334487778,48.723700278],[2.334423889,48.723699167]],[[2.334423889,48.723699167],[2.334353611,48.7237]],[[2.334353611,48.7237],[2.334280556,48.723705]],[[2.334280556,48.723705],[2.334224722,48.723713333]],[[2.334224722,48.723713333],[2.3341475,48.723726944]],[[2.3341475,48.723726944],[2.334088056,48.723740833]],[[2.334088056,48.723740833],[2.334035833,48.723755833]],[[2.334035833,48.723755833],[2.333966667,48.723781389]],[[2.333966667,48.723781389],[2.333910278,48.723805278]],[[2.333910278,48.723805278],[2.333865833,48.723829444]],[[2.333865833,48.723829444],[2.333811389,48.723861111]],[[2.333811389,48.723861111],[2.333767222,48.723891111]],[[2.333767222,48.723891111],[2.33373,48.723921389]],[[2.33373,48.723921389],[2.3336975,48.723952778]],[[2.3336975,48.723952778],[2.3336575,48.723995]],[[2.3336575,48.723995],[2.333626944,48.724033611]],[[2.333626944,48.724033611],[2.333595556,48.724083611]],[[2.333595556,48.724083611],[2.333568056,48.724141944]],[[2.333568056,48.724141944],[2.333559167,48.724176944]],[[2.333559167,48.724176944],[2.333550833,48.724226389]],[[2.333550833,48.724226389],[2.333548056,48.724266667]],[[2.333548056,48.724266667],[2.33355,48.724306389]],[[2.33355,48.724306389],[2.333553611,48.724346111]],[[2.333553611,48.724346111],[2.333564444,48.724386667]],[[2.333564444,48.724386667],[2.33358,48.724426944]],[[2.33358,48.724426944],[2.333609722,48.724490556]],[[2.333609722,48.724490556],[2.333633056,48.724522222]],[[2.333633056,48.724522222],[2.333668611,48.724565278]],[[2.333668611,48.724565278],[2.333756111,48.724661944]],[[2.333756111,48.724661944],[2.333784444,48.724693056]],[[2.333784444,48.724693056],[2.333862778,48.724777778]],[[2.333862778,48.724777778],[2.3339725,48.724883611]],[[2.3339725,48.724883611],[2.334092778,48.724990278]],[[2.334092778,48.724990278],[2.334153889,48.725043611]],[[2.334153889,48.725043611],[2.334218056,48.725093611]],[[2.334218056,48.725093611],[2.334378056,48.725210833]],[[2.334218611,48.725093611],[2.334301389,48.725045278]],[[2.334092778,48.724990556],[2.334170833,48.724945]],[[2.333973333,48.724884722],[2.33405,48.724844167]],[[2.333861389,48.724772778],[2.333943611,48.724739167]],[[2.333656389,48.724546944],[2.333739444,48.724513611]],[[2.333580556,48.724424167],[2.333672222,48.724400833]],[[2.333549722,48.724293611],[2.333651667,48.724290556]],[[2.333565,48.7241625],[2.333664722,48.724172778]],[[2.333626389,48.724035833],[2.333722222,48.724062778]],[[2.333731389,48.723922222],[2.333810278,48.723962778]],[[2.333868056,48.723831389],[2.333929722,48.72388]],[[2.3340375,48.723756944],[2.334080278,48.723816667]],[[2.334226667,48.723714722],[2.334242222,48.723781667]],[[2.334425278,48.723701667],[2.334423333,48.723780556]],[[2.334623889,48.723716944],[2.334599167,48.723782222]],[[2.334816667,48.7237525],[2.334788056,48.723818333]],[[2.335007222,48.723791111],[2.334967222,48.723862222]],[[2.335195556,48.723838611],[2.33515,48.723902778]],[[2.335377778,48.723889722],[2.335324167,48.723951667]],[[2.335564167,48.723945],[2.335498333,48.724013611]],[[2.335741944,48.724004167],[2.335682222,48.724077222]],[[2.335917778,48.724065278],[2.335858333,48.724141111]],[[2.336095278,48.724129722],[2.336028889,48.724210278]],[[2.340116667,48.727951389],[2.340113056,48.727935]],[[2.340113056,48.727935],[2.340110278,48.727916389]],[[2.340110278,48.727916389],[2.340113611,48.727895278]],[[2.340113611,48.727895278],[2.340121111,48.727875278]],[[2.340121111,48.727875278],[2.340137778,48.727863611]],[[2.340137778,48.727863611],[2.340166389,48.727851667]],[[2.340166389,48.727851667],[2.340186944,48.727846944]],[[2.340186944,48.727846944],[2.340226111,48.727841944]],[[2.340226111,48.727841944],[2.340285556,48.727844444]],[[2.341381389,48.728399167],[2.341410278,48.728401667]],[[2.341410278,48.728401667],[2.341433611,48.7283975]],[[2.341433611,48.7283975],[2.3414575,48.728389167]],[[2.3414575,48.728389167],[2.34148,48.728373333]],[[2.34148,48.728373333],[2.341495833,48.728357778]],[[2.341495833,48.728357778],[2.341504722,48.728339722]],[[2.341504722,48.728339722],[2.341505,48.728321667]],[[2.341505,48.728321667],[2.341491944,48.728303333]],[[2.334776389,48.726064167],[2.334809722,48.72607]],[[2.334809722,48.72607],[2.334834722,48.726066389]],[[2.334834722,48.726066389],[2.334872222,48.726055]],[[2.334872222,48.726055],[2.334895,48.726040278]],[[2.334895,48.726040278],[2.334913333,48.726017778]],[[2.334913333,48.726017778],[2.334914444,48.725996667]],[[2.334914444,48.725996667],[2.3349075,48.725966111]],[[2.3349075,48.725966111],[2.334884722,48.725952222]],[[2.386991389,48.726109167],[2.386896111,48.726133889]],[[2.386930556,48.725981111],[2.386834444,48.726003889]],[[2.386416667,48.724958889],[2.38632,48.724980833]],[[2.386476111,48.725084722],[2.386383333,48.725106111]],[[2.386545556,48.725213056],[2.386447778,48.725233333]],[[2.386611111,48.725341389],[2.386514167,48.725365278]],[[2.3866725,48.725469167],[2.386575278,48.7254925]],[[2.386738889,48.725598611],[2.386642778,48.7256225]],[[2.3868,48.725726667],[2.386704722,48.72575]],[[2.386861944,48.725855556],[2.386768889,48.725876667]],[[2.395702222,48.7265425],[2.395614722,48.726581111]],[[2.39575,48.726678889],[2.395641389,48.726686389]],[[2.395748889,48.726813611],[2.395646667,48.726812222]],[[2.395731944,48.726949722],[2.3956325,48.726941944]],[[2.395703333,48.727082778],[2.395601111,48.727071944]],[[2.395664722,48.727215278],[2.395565278,48.727203056]],[[2.395620278,48.727346389],[2.395520278,48.72733]],[[2.395568611,48.727478889],[2.395468333,48.727461389]],[[2.395464444,48.727736944],[2.395366111,48.727719167]],[[2.395304444,48.727845833],[2.395407778,48.727868056]],[[2.395247778,48.727975],[2.395349167,48.727997222]],[[2.395184444,48.728103333],[2.395282222,48.728124722]],[[2.395116389,48.728227222],[2.395214444,48.728253056]],[[2.395039722,48.728347778],[2.395136944,48.728376389]],[[2.394955556,48.728467222],[2.395046111,48.728499444]],[[2.394852778,48.728573333],[2.394939722,48.728614167]],[[2.394749722,48.728646111],[2.3947925,48.728709722]],[[2.393383889,48.728667778],[2.393374167,48.728751667]],[[2.393586111,48.728679444],[2.3935775,48.728760556]],[[2.393788056,48.728692778],[2.393781389,48.728765833]],[[2.393990833,48.728706667],[2.393984444,48.728773333]],[[2.394183056,48.728709444],[2.394190556,48.728773056]],[[2.39438,48.728698611],[2.39439,48.728766667]],[[2.394578889,48.72868],[2.394594722,48.728748056]],[[2.380591389,48.730916111],[2.380734444,48.731157778]],[[2.380734444,48.731157778],[2.380993889,48.731668333]],[[2.383324444,48.7363625],[2.383626944,48.736914722]],[[2.383626944,48.736914722],[2.3838925,48.737297778]],[[2.3838925,48.737297778],[2.383951111,48.7373575]],[[2.383951111,48.7373575],[2.384014722,48.737413056]],[[2.384014722,48.737413056],[2.384145,48.737508056]],[[2.384145,48.737508056],[2.384243611,48.737565833]],[[2.384243611,48.737565833],[2.384369167,48.737629167]],[[2.384369167,48.737629167],[2.3844825,48.737671389]],[[2.3844825,48.737671389],[2.384673333,48.737736667]],[[2.384673333,48.737736667],[2.385021944,48.737849722]],[[2.385021944,48.737849722],[2.385210278,48.737898333]],[[2.385210278,48.737898333],[2.385405278,48.737934167]],[[2.385405278,48.737934167],[2.385509444,48.737946111]],[[2.385509444,48.737946111],[2.385616667,48.737948889]],[[2.385616667,48.737948889],[2.385726389,48.737940833]],[[2.385726389,48.737940833],[2.385811389,48.737928611]],[[2.385811389,48.737928611],[2.385899167,48.737907222]],[[2.385899167,48.737907222],[2.385975278,48.737875556]],[[2.385975278,48.737875556],[2.386042778,48.737834167]],[[2.386042778,48.737834167],[2.386094444,48.737794167]],[[2.386094444,48.737794167],[2.386151111,48.737749167]],[[2.386151111,48.737749167],[2.386183611,48.737714167]],[[2.386183611,48.737714167],[2.386224167,48.737665556]],[[2.386224167,48.737665556],[2.386255833,48.737609444]],[[2.386255833,48.737609444],[2.386265833,48.737562778]],[[2.386265833,48.737562778],[2.386264444,48.737521389]],[[2.386264444,48.737521389],[2.386260833,48.737492222]],[[2.3833575,48.73642],[2.383466944,48.736396111]],[[2.383428056,48.736546944],[2.383528889,48.736521389]],[[2.383497222,48.736673056],[2.383598611,48.736651111]],[[2.383568611,48.736801389],[2.383660556,48.736776111]],[[2.383636389,48.736922778],[2.383724444,48.736900556]],[[2.383724444,48.7370525],[2.383812778,48.737021389]],[[2.383807778,48.737171389],[2.383895,48.737148333]],[[2.383896389,48.737296111],[2.3839775,48.737259444]],[[2.384011389,48.737402222],[2.384089444,48.737365]],[[2.384147222,48.737508056],[2.384225556,48.7374525]],[[2.384298056,48.737593889],[2.384365556,48.737539444]],[[2.38447,48.737665556],[2.384519722,48.737609722]],[[2.384838056,48.737790278],[2.384887222,48.737735556]],[[2.384838056,48.737791944],[2.384889444,48.7377325]],[[2.38502,48.737848056],[2.385058333,48.737791111]],[[2.385213889,48.737897222],[2.385239167,48.737840833]],[[2.385404722,48.7379325],[2.385421111,48.737870278]],[[2.385606111,48.737951667],[2.385609167,48.737888056]],[[2.385805833,48.7379275],[2.3857775,48.737870556]],[[2.38599,48.737866389],[2.385935278,48.737818889]],[[2.386053889,48.737727222],[2.386129722,48.737767222]],[[2.386123333,48.737620278],[2.386233333,48.737651389]],[[2.386136667,48.737521111],[2.386264722,48.737514722]],[[2.381381389,48.732435833],[2.381440833,48.732554444]],[[2.381440833,48.732554444],[2.381518333,48.732665556]],[[2.381518333,48.732665556],[2.381601111,48.732781111]],[[2.381601111,48.732781111],[2.381664167,48.73286]],[[2.381664167,48.73286],[2.381734722,48.732941389]],[[2.381734722,48.732941389],[2.381837778,48.7330325]],[[2.381837778,48.7330325],[2.3819275,48.733095556]],[[2.3819275,48.733095556],[2.382002222,48.733136389]],[[2.382002222,48.733136389],[2.382080278,48.733162778]],[[2.382080278,48.733162778],[2.382236667,48.733206111]],[[2.382236667,48.733206111],[2.382424167,48.733242778]],[[2.382424167,48.733242778],[2.382590833,48.733271667]],[[2.382590833,48.733271667],[2.382767222,48.7332975]],[[2.382767222,48.7332975],[2.382956944,48.733323056]],[[2.382956944,48.733323056],[2.383150278,48.733339444]],[[2.383150278,48.733339444],[2.383336667,48.733349167]],[[2.383336667,48.733349167],[2.383443611,48.733351667]],[[2.383443611,48.733351667],[2.3835125,48.733345]],[[2.3835125,48.733345],[2.383609722,48.733331944]],[[2.383609722,48.733331944],[2.3837075,48.733310833]],[[2.381379444,48.7324375],[2.381473889,48.732418333]],[[2.381444444,48.732554167],[2.381541389,48.732527222]],[[2.381529167,48.732665],[2.381608056,48.732643333]],[[2.381603333,48.732780556],[2.381689722,48.732748056]],[[2.381691667,48.7328875],[2.381771944,48.732854167]],[[2.381795278,48.732990278],[2.381869722,48.732953611]],[[2.381913056,48.733084444],[2.381981944,48.733039167]],[[2.382068889,48.733153889],[2.382113056,48.733100556]],[[2.382237778,48.733204167],[2.382263611,48.733146111]],[[2.382426389,48.733242778],[2.382452778,48.733177222]],[[2.382585556,48.73327],[2.382610833,48.733209444]],[[2.382772778,48.733293611],[2.382790556,48.733235]],[[2.382956389,48.733319722],[2.382971667,48.733258889]],[[2.38315,48.73334],[2.383160833,48.733275833]],[[2.3833375,48.733348333],[2.383348333,48.733284167]],[[2.383514722,48.733343611],[2.383497222,48.733281944]],[[2.383682222,48.733318056],[2.383649722,48.733257778]],[[2.398715278,48.729302778],[2.399237222,48.729331944]],[[2.398865833,48.729375833],[2.398876667,48.729314722]],[[2.399070833,48.729388056],[2.399078889,48.729326389]],[[2.400743611,48.7288075],[2.401272778,48.728579722]],[[2.401272778,48.728579722],[2.401398889,48.7285275]],[[2.401398889,48.7285275],[2.401459167,48.728490833]],[[2.401459167,48.728490833],[2.401526389,48.728451111]],[[2.401526389,48.728451111],[2.4015825,48.728402778]],[[2.4015825,48.728402778],[2.401631944,48.728345833]],[[2.401631944,48.728345833],[2.401673889,48.728288056]],[[2.401673889,48.728288056],[2.401705278,48.728235278]],[[2.401198611,48.728614167],[2.401256944,48.728673056]],[[2.401375833,48.728543333],[2.401428889,48.728595]],[[2.401527778,48.728453889],[2.401597778,48.728499722]],[[2.401178889,48.727479444],[2.401248056,48.727515278]],[[2.401248056,48.727515278],[2.4013475,48.727571389]],[[2.4013475,48.727571389],[2.401400278,48.727613333]],[[2.401400278,48.727613333],[2.401422778,48.727676111]],[[2.401422778,48.727676111],[2.401436667,48.727785556]],[[2.401436667,48.727785556],[2.401441389,48.727865278]],[[2.401441389,48.727865278],[2.4014275,48.727950278]],[[2.4014275,48.727950278],[2.401405,48.728029167]],[[2.401405,48.728029167],[2.401373889,48.728090278]],[[2.401373889,48.728090278],[2.401320833,48.728169444]],[[2.401320833,48.728169444],[2.401225556,48.728255833]],[[2.401225556,48.728255833],[2.401134444,48.728324167]],[[2.401134444,48.728324167],[2.400999444,48.728409444]],[[2.400999444,48.728409444],[2.400838333,48.728496944]],[[2.400838333,48.728496944],[2.400523889,48.728655278]],[[2.400523889,48.728655278],[2.400308333,48.728746944]],[[2.400308333,48.728746944],[2.400097778,48.728831944]],[[2.400097778,48.728831944],[2.399745,48.728964722]],[[2.399745,48.728964722],[2.399453889,48.7290525]],[[2.399453889,48.7290525],[2.399365556,48.729069444]],[[2.399365556,48.729069444],[2.399186111,48.729083056]],[[2.399186111,48.729083056],[2.398847222,48.729088333]],[[2.398847222,48.729088333],[2.398570556,48.729080833]],[[2.398570556,48.729080833],[2.398227778,48.729061111]],[[2.398227778,48.729061111],[2.397876389,48.729043333]],[[2.395846111,48.727595278],[2.395678611,48.728024444]],[[2.395678611,48.728024444],[2.395633611,48.728201111]],[[2.395633611,48.728201111],[2.395601667,48.728362778]],[[2.395601667,48.728362778],[2.395599722,48.728505833]],[[2.395599722,48.728505833],[2.395615278,48.728616944]],[[2.395615278,48.728616944],[2.395656389,48.728704444]],[[2.395656389,48.728704444],[2.395726389,48.728783889]],[[2.395726389,48.728783889],[2.395807778,48.728836389]],[[2.395807778,48.728836389],[2.395920278,48.728884722]],[[2.395920278,48.728884722],[2.396051667,48.7289125]],[[2.396051667,48.7289125],[2.396157778,48.728934167]],[[2.395980833,48.728894444],[2.396010833,48.728834444]],[[2.395803056,48.728829444],[2.395864167,48.728781667]],[[2.395676111,48.728722222],[2.395759167,48.728696111]],[[2.395615,48.728595833],[2.395716111,48.728581944]],[[2.395770556,48.727793889],[2.395872778,48.727813889]],[[2.395716944,48.727923611],[2.395816944,48.72794]],[[2.39567,48.728052222],[2.395778333,48.728066389]],[[2.39564,48.728189167],[2.395738889,48.728201111]],[[2.395612222,48.728325556],[2.395710833,48.728330556]],[[2.395601111,48.728457778],[2.395703889,48.728457222]],[[2.396222222,48.726705556],[2.396274167,48.726576111]],[[2.395491389,48.726430278],[2.395700833,48.726538333]],[[2.395700833,48.726538333],[2.395724722,48.726591111]],[[2.395724722,48.726591111],[2.395746667,48.726670556]],[[2.395746667,48.726670556],[2.395754444,48.726776111]],[[2.395754444,48.726776111],[2.395746111,48.726880556]],[[2.395746111,48.726880556],[2.395731667,48.7269575]],[[2.395731667,48.7269575],[2.395721111,48.727038056]],[[2.395721111,48.727038056],[2.395688056,48.727146944]],[[2.395688056,48.727146944],[2.395644444,48.727292222]],[[2.395644444,48.727292222],[2.395554167,48.727519444]],[[2.395554167,48.727519444],[2.395433889,48.727810556]],[[2.395433889,48.727810556],[2.395351667,48.727996944]],[[2.395351667,48.727996944],[2.395225278,48.728233889]],[[2.395225278,48.728233889],[2.395122778,48.728399722]],[[2.395122778,48.728399722],[2.395032778,48.728519444]],[[2.395032778,48.728519444],[2.394921944,48.728634167]],[[2.394921944,48.728634167],[2.394840278,48.728690556]],[[2.394840278,48.728690556],[2.394790833,48.728709444]],[[2.394790833,48.728709444],[2.394716667,48.728728611]],[[2.394716667,48.728728611],[2.394585278,48.728748889]],[[2.394585278,48.728748889],[2.394330278,48.728771389]],[[2.394330278,48.728771389],[2.394069444,48.728776667]],[[2.394069444,48.728776667],[2.393778889,48.7287675]],[[2.393778889,48.7287675],[2.393241667,48.728745833]],[[2.401336944,48.727564444],[2.401258611,48.727615278]],[[2.4014225,48.727689722],[2.401322778,48.727698056]],[[2.401441667,48.727823056],[2.401335,48.727821667]],[[2.401423333,48.727958056],[2.401323611,48.727948056]],[[2.401281111,48.728063611],[2.401375833,48.728089722]],[[2.401193611,48.728168611],[2.4012775,48.728207778]],[[2.401145833,48.728311944],[2.401066667,48.728267222]],[[2.400928056,48.728353889],[2.400998333,48.728405]],[[2.400779722,48.728438611],[2.400843056,48.7284925]],[[2.398035,48.7290075],[2.398028333,48.729051389]],[[2.398238333,48.728997778],[2.398230833,48.7290625]],[[2.398438333,48.729005],[2.398430556,48.729072778]],[[2.398632222,48.729081111],[2.398643611,48.729013889]],[[2.398837778,48.729084722],[2.398839167,48.729020556]],[[2.399042222,48.729019722],[2.399043056,48.729084722]],[[2.399236111,48.729008056],[2.399245278,48.729076389]],[[2.399409444,48.728989722],[2.399450833,48.72905]],[[2.399771389,48.728874722],[2.399818889,48.728937778]],[[2.399944167,48.728812222],[2.399998333,48.728866944]],[[2.39959,48.728934444],[2.399637778,48.728998056]],[[2.400119722,48.728742778],[2.400173333,48.728799722]],[[2.4002925,48.728673889],[2.400345,48.728728889]],[[2.373625,48.720384722],[2.373599722,48.7202975]],[[2.373599722,48.7202975],[2.373594167,48.720217222]],[[2.373594167,48.720217222],[2.373608333,48.720147222]],[[2.373608333,48.720147222],[2.373645,48.720063889]],[[2.373645,48.720063889],[2.373702222,48.719982778]],[[2.373702222,48.719982778],[2.373751667,48.719917778]],[[2.374157778,48.722491111],[2.374399444,48.722608889]],[[2.374399444,48.722608889],[2.374521667,48.722685278]],[[2.374521667,48.722685278],[2.374629722,48.722765833]],[[2.374629722,48.722765833],[2.374745556,48.722863333]],[[2.374745556,48.722863333],[2.374819722,48.722936944]],[[2.374819722,48.722936944],[2.374910833,48.723043333]],[[2.374910833,48.723043333],[2.374985833,48.723148333]],[[2.374985833,48.723148333],[2.375041667,48.723227778]],[[2.375041667,48.723227778],[2.375067778,48.723269444]],[[2.374251667,48.7226325],[2.374324722,48.722571389]],[[2.374406667,48.72271],[2.374479444,48.722661389]],[[2.374561389,48.722799722],[2.3746175,48.722761111]],[[2.374701389,48.722887778],[2.374748056,48.722865556]],[[2.375540278,48.723321111],[2.375515556,48.723267778]],[[2.375515556,48.723267778],[2.375510833,48.723235278]],[[2.375510833,48.723235278],[2.375508611,48.723179722]],[[2.375508611,48.723179722],[2.375514167,48.723090833]],[[2.375514167,48.723090833],[2.375531667,48.723011667]],[[2.375531667,48.723011667],[2.375558056,48.722965278]],[[2.375558056,48.722965278],[2.375591389,48.722919722]],[[2.375591389,48.722919722],[2.375620278,48.722898056]],[[2.375620278,48.722898056],[2.375675278,48.722877778]],[[2.375675278,48.722877778],[2.375754167,48.722855278]],[[2.375754167,48.722855278],[2.375840278,48.722842778]],[[2.375840278,48.722842778],[2.375990833,48.722831111]],[[2.3755125,48.723169444],[2.375610833,48.723170833]],[[2.375526389,48.723034722],[2.375625,48.723048333]],[[2.375611389,48.722908611],[2.375682778,48.722954722]],[[2.375795278,48.722849722],[2.375821944,48.722915833]],[[2.37721,48.723205556],[2.377346389,48.72316]],[[2.377346389,48.72316],[2.377359444,48.723146389]],[[2.377359444,48.723146389],[2.377389167,48.723096389]],[[2.376191944,48.725143889],[2.375586944,48.725273889]],[[2.375835556,48.726609167],[2.375855833,48.726566944]],[[2.3760225,48.726643889],[2.376053056,48.726574444]],[[2.376228333,48.726668056],[2.3762325,48.726575556]],[[2.376401111,48.726639444],[2.376347778,48.726553333]],[[2.376544722,48.726560833],[2.376451389,48.7265075]],[[2.376498333,48.726426944],[2.376616944,48.726445]],[[2.376489167,48.726342222],[2.376603889,48.726322778]],[[2.376469444,48.726218611],[2.376544444,48.726203889]],[[2.376338889,48.725083889],[2.376291667,48.724966944]],[[2.376291667,48.724966944],[2.376264722,48.724854167]],[[2.385230833,48.724532778],[2.385487778,48.724660556]],[[2.385487778,48.724660556],[2.385666667,48.724783056]],[[2.385666667,48.724783056],[2.385824167,48.724915]],[[2.385824167,48.724915],[2.385961944,48.725058333]],[[2.385961944,48.725058333],[2.386072778,48.725209444]],[[2.386072778,48.725209444],[2.3861625,48.725349167]],[[2.3861625,48.725349167],[2.386283611,48.72556]],[[2.386283611,48.72556],[2.386445278,48.7258725]],[[2.386445278,48.7258725],[2.386681667,48.726346389]],[[2.386681667,48.726346389],[2.386975556,48.726932222]],[[2.386975556,48.726932222],[2.387150556,48.727290278]],[[2.387150556,48.727290278],[2.387233611,48.727503889]],[[2.387233611,48.727503889],[2.38729,48.727698333]],[[2.38729,48.727698333],[2.38732,48.72787]],[[2.38732,48.72787],[2.387315278,48.727985833]],[[2.387315278,48.727985833],[2.3872875,48.728092778]],[[2.3872875,48.728092778],[2.387254167,48.728145278]],[[2.387254167,48.728145278],[2.387186944,48.728179167]],[[2.387186944,48.728179167],[2.387110278,48.728205833]],[[2.387110278,48.728205833],[2.386969444,48.728240556]],[[2.386969444,48.728240556],[2.386673333,48.728274444]],[[2.386673333,48.728274444],[2.386429444,48.728282778]],[[2.386429444,48.728282778],[2.386171944,48.728281111]],[[2.386171944,48.728281111],[2.385850833,48.7282675]],[[2.385850833,48.7282675],[2.385526667,48.7282525]],[[2.385649167,48.728256389],[2.385657778,48.728191389]],[[2.385856389,48.728265556],[2.385858889,48.728198056]],[[2.386053889,48.728275278],[2.386055556,48.728211111]],[[2.386258333,48.72828],[2.386258611,48.728214444]],[[2.386462222,48.72828],[2.386457778,48.728211111]],[[2.386666111,48.728274444],[2.38666,48.728206389]],[[2.386870556,48.728250833],[2.386850556,48.728186389]],[[2.387069722,48.728216667],[2.387029167,48.7281525]],[[2.387247222,48.728146389],[2.387166389,48.728103889]],[[2.387308056,48.728017222],[2.38721,48.728006667]],[[2.387218889,48.727883333],[2.387318611,48.727881111]],[[2.387199444,48.727756944],[2.387298056,48.727746111]],[[2.387168333,48.727625556],[2.387263333,48.727615556]],[[2.387121389,48.727498056],[2.387220833,48.727481389]],[[2.387071111,48.727370556],[2.387174167,48.727349444]],[[2.387019167,48.727240556],[2.387111944,48.727221389]],[[2.386957222,48.727112222],[2.387051944,48.727092222]],[[2.386888333,48.726985],[2.386988333,48.726961667]],[[2.385225278,48.724609722],[2.385286389,48.724560556]],[[2.385380556,48.724693611],[2.385445,48.724645556]],[[2.385523611,48.724781944],[2.385593056,48.724736944]],[[2.385654444,48.724878056],[2.385728889,48.724838056]],[[2.385773056,48.724978889],[2.385846667,48.724946111]],[[2.385872222,48.725094722],[2.385954722,48.725061944]],[[2.385960278,48.725210278],[2.386055833,48.725180833]],[[2.386132778,48.725302778],[2.386041111,48.725329722]],[[2.3862075,48.725428333],[2.386111944,48.725451944]],[[2.386281667,48.725554722],[2.386187222,48.725577778]],[[2.386345556,48.725684167],[2.386253056,48.725703889]],[[2.386410278,48.725813333],[2.386319722,48.725833056]],[[2.386474722,48.725940278],[2.386381111,48.725960556]],[[2.3866025,48.726195556],[2.386510833,48.726216944]],[[2.386531389,48.726068333],[2.386438611,48.726087778]],[[2.386923056,48.726834722],[2.386830556,48.726855556]],[[2.386858889,48.726707222],[2.386763333,48.726728611]],[[2.386794167,48.726580556],[2.386699722,48.726600278]],[[2.386729444,48.726452778],[2.386633333,48.726474444]],[[2.386571111,48.726345556],[2.3866725,48.726323333]],[[2.368945556,48.721649167],[2.369148889,48.721635556]],[[2.369148889,48.721635556],[2.369169167,48.721577222]],[[2.369511111,48.721829167],[2.369901667,48.721809722]],[[2.369901667,48.721809722],[2.370441667,48.721805556]],[[2.35804,48.719966667],[2.358421944,48.719826667]],[[2.358421944,48.719826667],[2.358521667,48.7196025]],[[2.358115833,48.719864444],[2.358165833,48.719921111]],[[2.358295,48.719798611],[2.358341944,48.719855556]],[[2.358357778,48.719720556],[2.3584575,48.719741667]],[[2.358208611,48.720149722],[2.358396667,48.720082778]],[[2.358396667,48.720082778],[2.358596389,48.720016667]],[[2.358596389,48.720016667],[2.358858889,48.719935278]],[[2.358858889,48.719935278],[2.359061389,48.719886389]],[[2.359061389,48.719886389],[2.359181389,48.719863333]],[[2.359181389,48.719863333],[2.35933,48.7198375]],[[2.35933,48.7198375],[2.359468056,48.719822778]],[[2.359468056,48.719822778],[2.359558056,48.719815833]],[[2.359558056,48.719815833],[2.359661111,48.719813056]],[[2.358325556,48.720111667],[2.358376111,48.720166944]],[[2.358506944,48.720046389],[2.358552778,48.720105]],[[2.358691667,48.719990556],[2.358735,48.720049722]],[[2.358878889,48.719934167],[2.358918333,48.719994444]],[[2.359071944,48.719886944],[2.359098889,48.719949722]],[[2.359265833,48.719851111],[2.359288056,48.7199175]],[[2.359468611,48.719823611],[2.359477222,48.719891111]],[[2.36405,48.722249444],[2.364101111,48.72231]],[[2.364101111,48.72231],[2.364394167,48.722196667]],[[2.364394167,48.722196667],[2.364491667,48.722155278]],[[2.364491667,48.722155278],[2.364578889,48.722115278]],[[2.364578889,48.722115278],[2.364665833,48.722070278]],[[2.364665833,48.722070278],[2.364736389,48.722027778]],[[2.364736389,48.722027778],[2.364788611,48.721994722]],[[2.364788611,48.721994722],[2.364727222,48.721953611]],[[2.364245833,48.722183889],[2.364298889,48.722233889]],[[2.364416111,48.722119722],[2.364463611,48.722166667]],[[2.364593889,48.722043056],[2.364645833,48.722080278]],[[2.365538611,48.721764722],[2.365500556,48.721835556]],[[2.365500556,48.721835556],[2.3656275,48.721819444]],[[2.3656275,48.721819444],[2.365918889,48.721796389]],[[2.365918889,48.721796389],[2.366191389,48.721780833]],[[2.366191389,48.721780833],[2.366336389,48.721776389]],[[2.365525278,48.721791389],[2.365568056,48.721824167]],[[2.365567778,48.721760278],[2.365631389,48.721819722]],[[2.365827778,48.721741111],[2.365837222,48.7218]],[[2.366071667,48.721730833],[2.366080556,48.721785556]],[[2.366244444,48.721719722],[2.366246111,48.721776111]],[[2.362683611,48.7233575],[2.362568889,48.723626111]],[[2.362568889,48.723626111],[2.362544444,48.723675833]],[[2.362544444,48.723675833],[2.362514167,48.723713333]],[[2.362514167,48.723713333],[2.362494167,48.723731111]],[[2.362494167,48.723731111],[2.362445,48.723709167]],[[2.362525833,48.723595833],[2.362575556,48.723606944]],[[2.362625278,48.723441111],[2.362646667,48.723446111]],[[2.365374167,48.722108056],[2.365140278,48.7221775]],[[2.365140278,48.7221775],[2.36494,48.722242778]],[[2.36494,48.722242778],[2.364706667,48.722325]],[[2.364706667,48.722325],[2.364360833,48.722454444]],[[2.364360833,48.722454444],[2.364100278,48.722563889]],[[2.364100278,48.722563889],[2.363851667,48.722679167]],[[2.363851667,48.722679167],[2.363686389,48.722763611]],[[2.363686389,48.722763611],[2.3635875,48.722824722]],[[2.3635875,48.722824722],[2.363474722,48.722900278]],[[2.363474722,48.722900278],[2.363375556,48.722980556]],[[2.363375556,48.722980556],[2.363291944,48.723056944]],[[2.363291944,48.723056944],[2.363221667,48.723127222]],[[2.363221667,48.723127222],[2.363158889,48.723209167]],[[2.363158889,48.723209167],[2.363103056,48.723290833]],[[2.363103056,48.723290833],[2.3630425,48.723381667]],[[2.3630425,48.723381667],[2.362965833,48.723517778]],[[2.362965833,48.723517778],[2.3629275,48.723595]],[[2.3629275,48.723595],[2.362892778,48.723668056]],[[2.362892778,48.723668056],[2.362875,48.723722778]],[[2.362875,48.723722778],[2.362865833,48.723798056]],[[2.362865833,48.723798056],[2.362964167,48.723804722]],[[2.3628975,48.723661111],[2.362991111,48.723677778]],[[2.362971944,48.723511389],[2.363066667,48.723529444]],[[2.363056111,48.723373333],[2.363138611,48.723395556]],[[2.363139444,48.723238056],[2.363231667,48.723268889]],[[2.363250278,48.723105],[2.363338333,48.723141111]],[[2.363378056,48.722983333],[2.3634575,48.723024167]],[[2.363506389,48.72288],[2.363584167,48.722924722]],[[2.363685833,48.722763333],[2.3637525,48.722816944]],[[2.363871667,48.72267],[2.363935833,48.722723889]],[[2.364046389,48.722593333],[2.364099444,48.722648333]],[[2.364228611,48.722510833],[2.364281944,48.7225675]],[[2.364420556,48.722436111],[2.364466111,48.722492222]],[[2.364606111,48.722365278],[2.364656111,48.722423056]],[[2.364797222,48.722294444],[2.364842778,48.722343333]],[[2.364980833,48.7222275],[2.365021111,48.722278611]],[[2.365160833,48.722173333],[2.365191389,48.722212778]],[[2.365347778,48.722118056],[2.365386389,48.722171944]],[[2.386263611,48.724731667],[2.386232778,48.72481]],[[2.386232778,48.72481],[2.386255,48.724851111]],[[2.386255,48.724851111],[2.386355556,48.724829167]],[[2.386255278,48.724849444],[2.386576944,48.725499444]],[[2.386576944,48.725499444],[2.386870278,48.726076944]],[[2.386870278,48.726076944],[2.387330278,48.726992778]],[[2.387330278,48.726992778],[2.387604444,48.727542778]],[[2.387604444,48.727542778],[2.387683333,48.727684444]],[[2.387683333,48.727684444],[2.387790833,48.727859444]],[[2.387790833,48.727859444],[2.387918889,48.728044444]],[[2.387918889,48.728044444],[2.388035833,48.728180278]],[[2.388035833,48.728180278],[2.3881625,48.728289167]],[[2.3881625,48.728289167],[2.388273333,48.728356944]],[[2.388273333,48.728356944],[2.3883925,48.728406389]],[[2.3883925,48.728406389],[2.388546111,48.728446944]],[[2.388546111,48.728446944],[2.3887,48.728451944]],[[2.388465556,48.728421667],[2.388498333,48.728363889]],[[2.388343889,48.728310278],[2.388283333,48.728364722]],[[2.388215,48.728221667],[2.388141389,48.728265]],[[2.388098056,48.728122778],[2.388015,48.728157222]],[[2.38801,48.7280075],[2.387913056,48.728038611]],[[2.387918889,48.727888611],[2.387830833,48.727919722]],[[2.387843889,48.727766944],[2.387749167,48.727792222]],[[2.387767222,48.727642778],[2.387678056,48.727665833]],[[2.387711944,48.727519444],[2.387606667,48.727540833]],[[2.387638056,48.727390556],[2.387541944,48.727413333]],[[2.387572222,48.727263611],[2.387475278,48.727285833]],[[2.387513889,48.727134722],[2.387418889,48.727156667]],[[2.387444167,48.727005],[2.387345556,48.727029167]],[[2.387382222,48.726878056],[2.387284722,48.7269]],[[2.387313056,48.726748611],[2.3872175,48.726770556]],[[2.387252222,48.726620278],[2.387155,48.726643333]],[[2.387186389,48.726494722],[2.387090556,48.726515833]],[[2.387125556,48.726366667],[2.387031111,48.726386944]],[[2.387058611,48.726238333],[2.386958333,48.726260278]],[[2.4004575,48.728599444],[2.400513056,48.728654444]],[[2.400617222,48.728522778],[2.400681667,48.728575556]],[[2.378289444,48.728695556],[2.378385833,48.728698611]],[[2.378299167,48.728554444],[2.378393889,48.728555278]],[[2.378419444,48.728528333],[2.378443889,48.728468056]],[[2.379028056,48.728831944],[2.378993056,48.728844167]],[[2.378941389,48.728705],[2.378855,48.728731111]],[[2.378832778,48.72858],[2.378769722,48.728626111]],[[2.378646111,48.728515556],[2.378611389,48.728574444]],[[2.38007,48.727379167],[2.380271667,48.727400556]],[[2.380271667,48.727400556],[2.380387778,48.727411111]],[[2.380387778,48.727411111],[2.380476111,48.727416389]],[[2.380476111,48.727416389],[2.380588056,48.727419167]],[[2.380588056,48.727419167],[2.380683056,48.727417222]],[[2.380683056,48.727417222],[2.380790278,48.727412222]],[[2.380790278,48.727412222],[2.380886667,48.727398889]],[[2.380886667,48.727398889],[2.380948611,48.7273875]],[[2.380948611,48.7273875],[2.381012778,48.7273675]],[[2.381012778,48.7273675],[2.381058611,48.727348611]],[[2.381058611,48.727348611],[2.381085,48.72733]],[[2.381085,48.72733],[2.381111944,48.7272975]],[[2.381111944,48.7272975],[2.381131667,48.727263889]],[[2.381131667,48.727263889],[2.381140833,48.727238611]],[[2.381140833,48.727238611],[2.381143333,48.727214444]],[[2.380277222,48.727401111],[2.38029,48.72733]],[[2.380476389,48.7274175],[2.380481111,48.727346389]],[[2.380680278,48.7274175],[2.380675556,48.7273475]],[[2.3808825,48.727398333],[2.380861111,48.727334722]],[[2.381068333,48.727342222],[2.380988889,48.727289444]],[[2.379545,48.728838056],[2.379418611,48.728541667]],[[2.379418611,48.728541667],[2.379372222,48.728439722]],[[2.379372222,48.728439722],[2.379341389,48.728351111]],[[2.379341389,48.728351111],[2.37931,48.728258056]],[[2.37931,48.728258056],[2.379286944,48.728166389]],[[2.379286944,48.728166389],[2.379271111,48.728075278]],[[2.379271111,48.728075278],[2.379267778,48.727988056]],[[2.379267778,48.727988056],[2.379270278,48.727913333]],[[2.379270278,48.727913333],[2.379283889,48.727849444]],[[2.379283889,48.727849444],[2.379301389,48.727801111]],[[2.379301389,48.727801111],[2.379336111,48.727753611]],[[2.379336111,48.727753611],[2.379368889,48.727720278]],[[2.379368889,48.727720278],[2.379415833,48.727700278]],[[2.379415833,48.727700278],[2.379482222,48.7276775]],[[2.379482222,48.7276775],[2.379549167,48.727663889]],[[2.379549167,48.727663889],[2.379620278,48.727653333]],[[2.379620278,48.727653333],[2.379707222,48.727646667]],[[2.379707222,48.727646667],[2.379775278,48.727643056]],[[2.379775278,48.727643056],[2.379858889,48.727644167]],[[2.379858889,48.727644167],[2.379965278,48.7276475]],[[2.379965278,48.7276475],[2.380076944,48.727655]],[[2.380076944,48.727655],[2.380164722,48.727662222]],[[2.380164722,48.727662222],[2.380315,48.727676389]],[[2.380315,48.727676389],[2.380543889,48.727705556]],[[2.380367222,48.727683611],[2.380345556,48.727751667]],[[2.380161389,48.727666111],[2.38015,48.727732222]],[[2.37996,48.72765],[2.379954444,48.727718056]],[[2.3797525,48.727647222],[2.379761111,48.727716667]],[[2.379551111,48.727664444],[2.379577222,48.727731944]],[[2.379365556,48.727725],[2.37944,48.727771667]],[[2.379390833,48.727861667],[2.379281944,48.727847778]],[[2.379265278,48.727983333],[2.379372778,48.727976111]],[[2.379384444,48.728113056],[2.379278889,48.728121111]],[[2.379312222,48.728254167],[2.379411944,48.728239444]],[[2.379355833,48.728386111],[2.379455,48.728367778]],[[2.379409167,48.728515],[2.379508333,48.728495]],[[2.379464167,48.728644722],[2.379575556,48.728623333]],[[2.379516944,48.728777222],[2.3796375,48.728753056]],[[2.37904,48.731765278],[2.37894,48.731724167]],[[2.37894,48.731724167],[2.378887778,48.731684444]],[[2.378887778,48.731684444],[2.378832778,48.731629444]],[[2.378832778,48.731629444],[2.378808889,48.73157]],[[2.378808889,48.73157],[2.378753056,48.731315833]],[[2.378753056,48.731315833],[2.378694444,48.731051111]],[[2.378694444,48.731051111],[2.378692222,48.730993611]],[[2.378692222,48.730993611],[2.378701667,48.730942222]],[[2.378701667,48.730942222],[2.378738889,48.730881944]],[[2.378738889,48.730881944],[2.378756667,48.730863333]],[[2.378756667,48.730863333],[2.378795833,48.730875833]],[[2.378795833,48.730875833],[2.378841111,48.730891389]],[[2.378841111,48.730891389],[2.378880556,48.73092]],[[2.378880556,48.73092],[2.378930278,48.730975278]],[[2.378930278,48.730975278],[2.378968889,48.731042222]],[[2.378968889,48.731042222],[2.379210278,48.731528889]],[[2.379210278,48.731528889],[2.379213611,48.73157]],[[2.379213611,48.73157],[2.379200278,48.731617778]],[[2.379200278,48.731617778],[2.379178889,48.731666667]],[[2.379178889,48.731666667],[2.379134167,48.731708333]],[[2.379134167,48.731708333],[2.3790775,48.731753611]],[[2.3790775,48.731753611],[2.37904,48.731765278]],[[2.379042778,48.731761667],[2.379031667,48.731694444]],[[2.3789675,48.731642778],[2.378903611,48.731693611]],[[2.37882,48.7315875],[2.378909444,48.731576389]],[[2.379113333,48.731538889],[2.379205833,48.731537222]],[[2.379079722,48.731633889],[2.379174722,48.731665556]],[[2.378756944,48.731325278],[2.378858333,48.731313333]],[[2.378993889,48.731302778],[2.379086667,48.731286111]],[[2.378695833,48.73106],[2.378801667,48.731047778]],[[2.378852778,48.731025556],[2.378950556,48.7310025]],[[2.378703611,48.730951389],[2.378796667,48.730964722]],[[2.378796667,48.730964722],[2.378872778,48.730918056]],[[2.378798611,48.730964444],[2.378762778,48.730867222]],[[2.379541389,48.729714722],[2.379650278,48.729696389]],[[2.379625556,48.729927222],[2.379724444,48.729910556]],[[2.378974444,48.730066389],[2.378878889,48.730093889]],[[2.379115556,48.730265278],[2.379021389,48.730300278]],[[2.379125833,48.730416389],[2.379213889,48.730375833]],[[2.379614167,48.730626944],[2.379582778,48.730565278]],[[2.3794575,48.730548333],[2.379415833,48.730608056]],[[2.379330833,48.730472778],[2.379253333,48.730522222]],[[2.379689722,48.730141389],[2.379785833,48.730130556]],[[2.379708333,48.730270833],[2.379812778,48.730268333]],[[2.379703056,48.730389722],[2.379803333,48.730398889]],[[2.379659722,48.730496667],[2.379756944,48.730532222]],[[2.381245278,48.742253056],[2.381246389,48.742209722]],[[2.381453333,48.742263333],[2.381454722,48.742209444]],[[2.38165,48.74226],[2.381648333,48.742211389]],[[2.381836111,48.742206944],[2.381841111,48.742263056]],[[2.382581667,48.740859167],[2.382668056,48.740888056]],[[2.381831667,48.740847222],[2.381926389,48.740831944]],[[2.381966667,48.740939444],[2.381896944,48.740966667]],[[2.382085278,48.74102],[2.382025556,48.741069167]],[[2.382226389,48.741065833],[2.382212222,48.741125556]],[[2.382394167,48.741041667],[2.382447778,48.741090278]],[[2.382494167,48.740964167],[2.382567778,48.741001944]],[[2.381358333,48.740786667],[2.381455556,48.740800556]],[[2.381328889,48.740930833],[2.381436667,48.740935278]],[[2.381358611,48.741063333],[2.381444722,48.741054167]],[[2.381524444,48.741306944],[2.381595278,48.741273611]],[[2.381665556,48.741403056],[2.381723056,48.741355833]],[[2.382427778,48.741465],[2.382439722,48.741521667]],[[2.382227778,48.741469444],[2.382229444,48.7415325]],[[2.382049444,48.741456111],[2.382033333,48.741516389]],[[2.381876944,48.741418889],[2.381841111,48.741477222]],[[2.381414167,48.741198889],[2.381501944,48.741169722]],[[2.381208333,48.740629722],[2.381495833,48.740665]],[[2.381495833,48.740665],[2.381456389,48.740803333]],[[2.381456389,48.740803333],[2.3814375,48.740906111]],[[2.3814375,48.740906111],[2.381433056,48.740974722]],[[2.381433056,48.740974722],[2.381444722,48.741039167]],[[2.381444722,48.741039167],[2.381462222,48.741092778]],[[2.381462222,48.741092778],[2.381491389,48.741146667]],[[2.381491389,48.741146667],[2.381523333,48.741191944]],[[2.381523333,48.741191944],[2.381588056,48.741260833]],[[2.381588056,48.741260833],[2.381631944,48.741295278]],[[2.381631944,48.741295278],[2.381701111,48.741339722]],[[2.381701111,48.741339722],[2.381759444,48.741369444]],[[2.381759444,48.741369444],[2.381834444,48.741400833]],[[2.381834444,48.741400833],[2.381906667,48.741425]],[[2.381906667,48.741425],[2.381995,48.741446111]],[[2.381995,48.741446111],[2.382081389,48.741457778]],[[2.382081389,48.741457778],[2.382213611,48.741468611]],[[2.382213611,48.741468611],[2.382288056,48.741468333]],[[2.382288056,48.741468333],[2.382391667,48.741469722]],[[2.382391667,48.741469722],[2.382481667,48.741457778]],[[2.382481667,48.741457778],[2.382616111,48.7414325]],[[2.382616111,48.7414325],[2.382681944,48.741416944]],[[2.382681944,48.741416944],[2.382601944,48.741734722]],[[2.382601944,48.741734722],[2.382567222,48.741866111]],[[2.382567222,48.741866111],[2.382516389,48.741958611]],[[2.382516389,48.741958611],[2.382448611,48.742039167]],[[2.382448611,48.742039167],[2.3823675,48.742108333]],[[2.3823675,48.742108333],[2.382258056,48.742171944]],[[2.382258056,48.742171944],[2.3821525,48.742214722]],[[2.3821525,48.742214722],[2.382010833,48.742256944]],[[2.382010833,48.742256944],[2.381961111,48.742261389]],[[2.381961111,48.742261389],[2.381888056,48.742261667]],[[2.381888056,48.742261667],[2.381835278,48.742263333]],[[2.381835278,48.742263333],[2.381268611,48.742265278]],[[2.381955833,48.740710278],[2.382729722,48.740799444]],[[2.382729722,48.740799444],[2.382681389,48.74088]],[[2.382681389,48.74088],[2.382618333,48.740956111]],[[2.382618333,48.740956111],[2.382572778,48.741002778]],[[2.382572778,48.741002778],[2.382496667,48.741063611]],[[2.382496667,48.741063611],[2.382443611,48.741093333]],[[2.382443611,48.741093333],[2.382372222,48.741118611]],[[2.382372222,48.741118611],[2.382325278,48.741126667]],[[2.382325278,48.741126667],[2.382279444,48.741131111]],[[2.382279444,48.741131111],[2.382234722,48.741130556]],[[2.382234722,48.741130556],[2.382189722,48.741125556]],[[2.382189722,48.741125556],[2.382126389,48.741113056]],[[2.382126389,48.741113056],[2.382055,48.741089167]],[[2.382055,48.741089167],[2.382001944,48.741060556]],[[2.382001944,48.741060556],[2.381951944,48.741027778]],[[2.381951944,48.741027778],[2.3819025,48.740985]],[[2.3819025,48.740985],[2.381860278,48.740938333]],[[2.381860278,48.740938333],[2.381820556,48.740841667]],[[2.381820556,48.740841667],[2.381813611,48.740797222]],[[2.381813611,48.740797222],[2.381825556,48.740741389]],[[2.381825556,48.740741389],[2.381838056,48.7406975]],[[2.381838056,48.7406975],[2.381955833,48.740710278]],[[2.381506944,48.739212778],[2.382455833,48.739315556]],[[2.382455833,48.739315556],[2.3825825,48.739285833]],[[2.3825825,48.739285833],[2.382696389,48.739251667]],[[2.382696389,48.739251667],[2.38282,48.739211944]],[[2.38282,48.739211944],[2.382936667,48.739165833]],[[2.382936667,48.739165833],[2.383028611,48.739123889]],[[2.383028611,48.739123889],[2.383095278,48.739081667]],[[2.383095278,48.739081667],[2.383121111,48.739053611]],[[2.383121111,48.739053611],[2.383152778,48.739013333]],[[2.383152778,48.739013333],[2.383208889,48.738926389]],[[2.383208889,48.738926389],[2.383248889,48.738855833]],[[2.383248889,48.738855833],[2.383283056,48.73877]],[[2.383283056,48.73877],[2.383298333,48.738729444]],[[2.383298333,48.738729444],[2.383303611,48.738698056]],[[2.383303611,48.738698056],[2.383304722,48.738673333]],[[2.382641944,48.739196667],[2.382679722,48.739254444]],[[2.382816111,48.739140833],[2.382864722,48.739195833]],[[2.382976389,48.739067778],[2.383033611,48.739121389]],[[2.383063889,48.738981944],[2.383153056,48.739010556]],[[2.383137778,48.738861111],[2.38323,48.738884167]],[[2.383192222,48.738738889],[2.383288889,48.738753611]],[[2.384644167,48.738544444],[2.384404722,48.738609722]],[[2.384404722,48.738609722],[2.384202222,48.738674722]],[[2.384202222,48.738674722],[2.384102778,48.738709167]],[[2.384102778,48.738709167],[2.383990278,48.738752222]],[[2.383990278,48.738752222],[2.383887778,48.738798611]],[[2.383887778,48.738798611],[2.383830556,48.738829722]],[[2.383830556,48.738829722],[2.383778333,48.738883056]],[[2.383778333,48.738883056],[2.383731111,48.7389475]],[[2.383731111,48.7389475],[2.383658611,48.739060833]],[[2.383658611,48.739060833],[2.383624722,48.739131111]],[[2.383624722,48.739131111],[2.383567222,48.739273889]],[[2.383567222,48.739273889],[2.383504167,48.739444167]],[[2.383504167,48.739444167],[2.383466667,48.739557778]],[[2.383466667,48.739557778],[2.3834175,48.739733333]],[[2.3834175,48.739733333],[2.383364722,48.739953333]],[[2.383381944,48.739888889],[2.38348,48.739905]],[[2.383411389,48.739755],[2.383514444,48.739766389]],[[2.383450556,48.739621667],[2.383548056,48.739635278]],[[2.383488889,48.739489444],[2.383583889,48.739502778]],[[2.383537222,48.739357778],[2.383631389,48.7393725]],[[2.383586667,48.739227778],[2.383680833,48.739245833]],[[2.383640556,48.739095556],[2.383738056,48.739118889]],[[2.3837275,48.738954167],[2.383815556,48.738979167]],[[2.383823333,48.738835833],[2.383916111,48.738871944]],[[2.383979167,48.738758056],[2.384030278,48.738808056]],[[2.384155,48.738694444],[2.384203611,48.738749167]],[[2.384340833,48.738632222],[2.384378611,48.738690278]],[[2.384528611,48.738575278],[2.384566389,48.73864]],[[2.382951111,48.7415925],[2.382839444,48.74204]],[[2.382839444,48.74204],[2.382830278,48.742099444]],[[2.373376111,48.726428611],[2.373388889,48.726390556]],[[2.373388889,48.726390556],[2.373239167,48.726370556]],[[2.373239167,48.726370556],[2.373014444,48.726340556]],[[2.373014444,48.726340556],[2.372907222,48.7263325]],[[2.372907222,48.7263325],[2.372808611,48.726328889]],[[2.372808611,48.726328889],[2.372698056,48.726325278]],[[2.372698056,48.726325278],[2.372603611,48.726326389]],[[2.372603611,48.726326389],[2.372494722,48.726330556]],[[2.372494722,48.726330556],[2.372400556,48.726343333]],[[2.372400556,48.726343333],[2.3722975,48.726363889]],[[2.3722975,48.726363889],[2.372217222,48.726395556]],[[2.372217222,48.726395556],[2.372154167,48.726431667]],[[2.372154167,48.726431667],[2.372105833,48.726478333]],[[2.372105833,48.726478333],[2.372085556,48.726539444]],[[2.372085556,48.726539444],[2.372094444,48.726603889]],[[2.372094444,48.726603889],[2.372134722,48.726673611]],[[2.372134722,48.726673611],[2.372191389,48.726724722]],[[2.372191389,48.726724722],[2.372257778,48.726769722]],[[2.372257778,48.726769722],[2.372401667,48.726838056]],[[2.372401667,48.726838056],[2.372572778,48.726904722]],[[2.372572778,48.726904722],[2.372761389,48.726961667]],[[2.372761389,48.726961667],[2.372955833,48.727007778]],[[2.372955833,48.727007778],[2.373320278,48.727089722]],[[2.373320278,48.727089722],[2.373776667,48.7271775]],[[2.373776667,48.7271775],[2.374273611,48.727279167]],[[2.374273611,48.727279167],[2.374399167,48.727318333]],[[2.374399167,48.727318333],[2.374478333,48.727341667]],[[2.374478333,48.727341667],[2.374596667,48.727383056]],[[2.374596667,48.727383056],[2.374687778,48.727411667]],[[2.374687778,48.727411667],[2.374785833,48.727437222]],[[2.374785833,48.727437222],[2.3748975,48.727465278]],[[2.3748975,48.727465278],[2.375099722,48.727503056]],[[2.375099722,48.727503056],[2.376017778,48.727669722]],[[2.376017778,48.727669722],[2.376196389,48.727703333]],[[2.376196389,48.727703333],[2.376305556,48.7277125]],[[2.376305556,48.7277125],[2.376426111,48.727711389]],[[2.376426111,48.727711389],[2.376538889,48.727700556]],[[2.376538889,48.727700556],[2.376648333,48.727676944]],[[2.376648333,48.727676944],[2.376729167,48.727654444]],[[2.376729167,48.727654444],[2.376805278,48.727625278]],[[2.376805278,48.727625278],[2.376858889,48.72759]],[[2.376858889,48.72759],[2.376906944,48.727531667]],[[2.376906944,48.727531667],[2.376945833,48.727468889]],[[2.376945833,48.727468889],[2.376955833,48.727413333]],[[2.376955833,48.727413333],[2.376953889,48.727361111]],[[2.376953889,48.727361111],[2.376931389,48.727304722]],[[2.376931389,48.727304722],[2.3768925,48.727241667]],[[2.3768925,48.727241667],[2.376827778,48.727182778]],[[2.376827778,48.727182778],[2.376761389,48.727135278]],[[2.376761389,48.727135278],[2.376641389,48.72708]],[[2.376641389,48.72708],[2.376513333,48.727029444]],[[2.376513333,48.727029444],[2.376356944,48.726978611]],[[2.376356944,48.726978611],[2.3761625,48.726926111]],[[2.3761625,48.726926111],[2.375985278,48.726879444]],[[2.375985278,48.726879444],[2.375810556,48.72684]],[[2.375810556,48.72684],[2.375586389,48.726795833]],[[2.375586389,48.726795833],[2.375120278,48.726711944]],[[2.3756175,48.726571667],[2.376139167,48.726665833]],[[2.376139167,48.726665833],[2.376231389,48.726670556]],[[2.376231389,48.726670556],[2.376303333,48.726663056]],[[2.376303333,48.726663056],[2.376385556,48.726645556]],[[2.376385556,48.726645556],[2.376453611,48.726618611]],[[2.376453611,48.726618611],[2.376510556,48.726585556]],[[2.376510556,48.726585556],[2.376573611,48.726534722]],[[2.376573611,48.726534722],[2.376606944,48.726478333]],[[2.376606944,48.726478333],[2.376627778,48.726419444]],[[2.376627778,48.726419444],[2.376617778,48.726358333]],[[2.376617778,48.726358333],[2.376573611,48.726257778]],[[2.376573611,48.726257778],[2.376223611,48.725554167]],[[2.376223611,48.725554167],[2.376195556,48.725510833]],[[2.376195556,48.725510833],[2.376151667,48.725466667]],[[2.376151667,48.725466667],[2.376078611,48.725425556]],[[2.376078611,48.725425556],[2.376010278,48.725395833]],[[2.376010278,48.725395833],[2.375917778,48.725372222]],[[2.375917778,48.725372222],[2.375830833,48.725357222]],[[2.375830833,48.725357222],[2.375735,48.725354722]],[[2.375735,48.725354722],[2.375631389,48.725368056]],[[2.375631389,48.725368056],[2.375556111,48.725384167]],[[2.375556111,48.725384167],[2.375496667,48.725404444]],[[2.375496667,48.725404444],[2.375404722,48.725447778]],[[2.375404722,48.725447778],[2.375318333,48.725509444]],[[2.375318333,48.725509444],[2.375221667,48.725595833]],[[2.379690833,48.731676111],[2.3796625,48.7316]],[[2.3796625,48.7316],[2.379646389,48.7315275]],[[2.379646389,48.7315275],[2.379635833,48.731421944]],[[2.379635833,48.731421944],[2.379633056,48.731313333]],[[2.379633056,48.731313333],[2.379648333,48.731242778]],[[2.379648333,48.731242778],[2.379683889,48.731172778]],[[2.379683889,48.731172778],[2.379723889,48.731121667]],[[2.379723889,48.731121667],[2.37977,48.731076944]],[[2.37977,48.731076944],[2.379819167,48.731062222]],[[2.379819167,48.731062222],[2.379875,48.731055556]],[[2.379875,48.731055556],[2.379930833,48.731057222]],[[2.379930833,48.731057222],[2.380007778,48.731071111]],[[2.380007778,48.731071111],[2.380096111,48.731102222]],[[2.380096111,48.731102222],[2.380184444,48.731156944]],[[2.380184444,48.731156944],[2.380272222,48.731225278]],[[2.380272222,48.731225278],[2.380350833,48.731306667]],[[2.380350833,48.731306667],[2.380432222,48.7313975]],[[2.380432222,48.7313975],[2.380516111,48.731508611]],[[2.380516111,48.731508611],[2.380617778,48.731664722]],[[2.380617778,48.731664722],[2.380673056,48.731765278]],[[2.380673056,48.731765278],[2.380688056,48.731801111]],[[2.380688056,48.731801111],[2.38069,48.731833611]],[[2.379655,48.73156],[2.379753056,48.731549722]],[[2.379635833,48.731423889],[2.379737222,48.731423889]],[[2.379642778,48.731293889],[2.379746667,48.731300833]],[[2.379699722,48.731159167],[2.379778333,48.731188056]],[[2.379835,48.7310625],[2.379863889,48.7311275]],[[2.380032778,48.731080556],[2.379988056,48.731146111]],[[2.380198333,48.731168056],[2.380126111,48.731215556]],[[2.380319167,48.731275],[2.3802325,48.731314444]],[[2.380602778,48.731841944],[2.380693333,48.731832222]],[[2.380483333,48.731630278],[2.380577222,48.731604444]],[[2.380336667,48.731417778],[2.3804175,48.731383889]],[[2.380065,48.732389722],[2.380151111,48.732505833]],[[2.380151111,48.732505833],[2.380214167,48.732573056]],[[2.380214167,48.732573056],[2.380315,48.732661111]],[[2.380315,48.732661111],[2.380404444,48.732713333]],[[2.380404444,48.732713333],[2.380498611,48.732759444]],[[2.380498611,48.732759444],[2.380593889,48.732777778]],[[2.380593889,48.732777778],[2.380678611,48.73278]],[[2.380678611,48.73278],[2.380738611,48.732766389]],[[2.380738611,48.732766389],[2.380796389,48.732733889]],[[2.380796389,48.732733889],[2.380838056,48.732686667]],[[2.380838056,48.732686667],[2.380869722,48.732628611]],[[2.380869722,48.732628611],[2.380884722,48.732553056]],[[2.380884722,48.732553056],[2.380888333,48.732514722]],[[2.380888333,48.732514722],[2.380805833,48.732497778]],[[2.380495,48.732753611],[2.380534167,48.732702222]],[[2.380333056,48.732669444],[2.380401111,48.732624444]],[[2.380209444,48.732561389],[2.380292222,48.732522778]],[[2.380112778,48.732449722],[2.380193056,48.732425278]],[[2.380749444,48.732649722],[2.38084,48.732685]],[[2.380788056,48.732536111],[2.380884722,48.732543889]],[[2.381009167,48.734115556],[2.380888333,48.734141389]],[[2.380888333,48.734141389],[2.380805833,48.733928889]],[[2.380805833,48.733928889],[2.380760556,48.733800556]],[[2.380760556,48.733800556],[2.380725556,48.73366]],[[2.380725556,48.73366],[2.380714167,48.733547778]],[[2.380714167,48.733547778],[2.380713056,48.733460833]],[[2.380713056,48.733460833],[2.380724722,48.733394722]],[[2.380724722,48.733394722],[2.380751667,48.733337778]],[[2.380751667,48.733337778],[2.380798056,48.733274722]],[[2.380798056,48.733274722],[2.380834167,48.733238889]],[[2.380834167,48.733238889],[2.380896944,48.733214444]],[[2.380896944,48.733214444],[2.380952222,48.733204167]],[[2.380952222,48.733204167],[2.381016944,48.733206389]],[[2.381016944,48.733206389],[2.381082222,48.733220278]],[[2.381082222,48.733220278],[2.381162222,48.733251667]],[[2.381162222,48.733251667],[2.381233889,48.733289444]],[[2.381233889,48.733289444],[2.381302778,48.733335556]],[[2.381302778,48.733335556],[2.3813975,48.733420278]],[[2.3813975,48.733420278],[2.381486111,48.733518611]],[[2.381486111,48.733518611],[2.3815575,48.733608889]],[[2.3815575,48.733608889],[2.381634722,48.733720833]],[[2.381634722,48.733720833],[2.381718333,48.7338625]],[[2.381718333,48.7338625],[2.381756667,48.733949722]],[[2.381756667,48.733949722],[2.381664167,48.733969444]],[[2.380808889,48.7339225],[2.380903889,48.733904167]],[[2.380738611,48.733705],[2.380836667,48.733695278]],[[2.380716944,48.733571944],[2.38081,48.733568611]],[[2.380715556,48.733436111],[2.380818889,48.7334475]],[[2.380780278,48.733306667],[2.380861111,48.733335556]],[[2.380908889,48.733212778],[2.380938611,48.733275]],[[2.381077222,48.733279167],[2.381108889,48.733236111]],[[2.381563333,48.7337775],[2.3816525,48.7337525]],[[2.381411389,48.733570556],[2.381500833,48.733541111]],[[2.381310556,48.733463333],[2.381394444,48.733421667]],[[2.381198889,48.733364167],[2.381273333,48.733315556]],[[2.382092778,48.733869167],[2.381836667,48.733358333]],[[2.381836667,48.733358333],[2.382614167,48.73352]],[[2.381879722,48.733439722],[2.381885,48.733386389]],[[2.381885,48.733386389],[2.3819625,48.733384167]],[[2.382077778,48.733656667],[2.382092222,48.733525556]],[[2.382092222,48.733525556],[2.382305556,48.733515278]],[[2.381974444,48.733626389],[2.381990278,48.733455278]],[[2.381990278,48.733455278],[2.382251944,48.733445833]],[[2.382436944,48.73351],[2.382538611,48.733506667]],[[2.381988889,48.737064167],[2.382440278,48.738009167]],[[2.382440278,48.738009167],[2.382482222,48.738074722]],[[2.382482222,48.738074722],[2.382540278,48.738131667]],[[2.382540278,48.738131667],[2.382630833,48.738188611]],[[2.382630833,48.738188611],[2.382733056,48.738236389]],[[2.382733056,48.738236389],[2.382880833,48.738284722]],[[2.382880833,48.738284722],[2.383080278,48.738352222]],[[2.383080278,48.738352222],[2.383149444,48.738426111]],[[2.382478056,48.737310833],[2.382747778,48.737848333]],[[2.382747778,48.737848333],[2.382811944,48.737951667]],[[2.382811944,48.737951667],[2.3828525,48.738003333]],[[2.3828525,48.738003333],[2.382915278,48.738039444]],[[2.382915278,48.738039444],[2.3829775,48.738064444]],[[2.3829775,48.738064444],[2.383410833,48.738208611]],[[2.383410833,48.738208611],[2.383423611,48.738085833]],[[2.383423611,48.738085833],[2.383427778,48.738016111]],[[2.383427778,48.738016111],[2.383415833,48.737939722]],[[2.383415833,48.737939722],[2.383398333,48.737875278]],[[2.383398333,48.737875278],[2.383374167,48.737795278]],[[2.383374167,48.737795278],[2.383347778,48.737731111]],[[2.383347778,48.737731111],[2.383305556,48.737691389]],[[2.383305556,48.737691389],[2.383238333,48.737638889]],[[2.383238333,48.737638889],[2.383173333,48.737601944]],[[2.383173333,48.737601944],[2.383088611,48.737559444]],[[2.383088611,48.737559444],[2.382989167,48.737517222]],[[2.382989167,48.737517222],[2.382819722,48.737448333]],[[2.382819722,48.737448333],[2.382686667,48.737398889]],[[2.382686667,48.737398889],[2.382478056,48.737310833]],[[2.382598056,48.7374375],[2.3826475,48.737382778]],[[2.382773056,48.737503889],[2.382818056,48.737454444]],[[2.3827325,48.737814722],[2.382828056,48.737793611]],[[2.382815,48.737942222],[2.382894722,48.737919444]],[[2.383316667,48.738168611],[2.383408056,48.738173889]],[[2.383329167,48.738081944],[2.383419722,48.738085833]],[[2.383323889,48.737957778],[2.383416111,48.73795]],[[2.383286389,48.737829722],[2.383379167,48.7378175]],[[2.382940833,48.737574167],[2.382983889,48.737519167]],[[2.383103889,48.7376425],[2.383164167,48.737598889]],[[2.383239722,48.737735833],[2.383303056,48.737694444]],[[2.381692222,48.735744444],[2.381660278,48.735676389]],[[2.381676944,48.735709167],[2.381772778,48.735686944]],[[2.382466111,48.735534167],[2.382570278,48.735511667]],[[2.382550556,48.735475],[2.382588333,48.735543889]],[[2.381911667,48.736179167],[2.381966111,48.736278889]],[[2.381966111,48.736278889],[2.382029444,48.7363775]],[[2.382029444,48.7363775],[2.382048889,48.736401667]],[[2.382048889,48.736401667],[2.382132222,48.736523056]],[[2.382132222,48.736523056],[2.382229167,48.736637222]],[[2.382229167,48.736637222],[2.382341389,48.736756667]],[[2.382341389,48.736756667],[2.382443056,48.736843889]],[[2.382443056,48.736843889],[2.382506389,48.736881111]],[[2.382506389,48.736881111],[2.382593889,48.736920833]],[[2.382593889,48.736920833],[2.382663333,48.736940278]],[[2.382663333,48.736940278],[2.382743611,48.736939444]],[[2.382743611,48.736939444],[2.382808611,48.7369275]],[[2.382808611,48.7369275],[2.382861667,48.736897222]],[[2.382861667,48.736897222],[2.382904444,48.736850556]],[[2.382904444,48.736850556],[2.382934444,48.736802778]],[[2.382934444,48.736802778],[2.382953056,48.736750278]],[[2.382953056,48.736750278],[2.382962222,48.736687778]],[[2.382962222,48.736687778],[2.382961944,48.736624444]],[[2.382961944,48.736624444],[2.382940556,48.736485]],[[2.382940556,48.736485],[2.382890833,48.736265833]],[[2.382890833,48.736265833],[2.382789167,48.735998889]],[[2.382789167,48.735998889],[2.382736944,48.735866667]],[[2.382736944,48.735866667],[2.382699167,48.735772778]],[[2.382699167,48.735772778],[2.382626389,48.735618056]],[[2.382626389,48.735618056],[2.382519444,48.735642222]],[[2.381966111,48.736274444],[2.382068056,48.736247222]],[[2.382574167,48.735763889],[2.38268,48.73574]],[[2.382636667,48.7358925],[2.382735833,48.73587]],[[2.382696389,48.7360175],[2.382788333,48.736001389]],[[2.382748611,48.736148333],[2.382842222,48.736132778]],[[2.382049167,48.736400556],[2.3821425,48.736373333]],[[2.382133889,48.736521389],[2.382220556,48.736493056]],[[2.382233056,48.736638333],[2.382315,48.736605278]],[[2.382340278,48.736752222],[2.382421667,48.736715278]],[[2.382464722,48.736855278],[2.382534722,48.736809444]],[[2.382639444,48.736932778],[2.382673333,48.736869722]],[[2.382767778,48.736860278],[2.382829722,48.736913056]],[[2.382838333,48.736796944],[2.382930278,48.736810833]],[[2.382851944,48.736536944],[2.382945833,48.736531389]],[[2.382794722,48.736275833],[2.38289,48.736263889]],[[2.382828333,48.736404167],[2.382921944,48.736395556]],[[2.382861667,48.736665278],[2.3829625,48.736664167]],[[2.3741975,48.720781389],[2.374144722,48.720665]],[[2.374144722,48.720665],[2.374126667,48.720615]],[[2.374126667,48.720615],[2.37408,48.720465556]],[[2.37408,48.720465556],[2.374048611,48.720336667]],[[2.374048611,48.720336667],[2.374039167,48.720277778]],[[2.374039167,48.720277778],[2.374041944,48.72022]],[[2.374041944,48.72022],[2.374054444,48.720181389]],[[2.374054444,48.720181389],[2.374073611,48.720132778]],[[2.374073611,48.720132778],[2.374101667,48.7200675]],[[2.374101667,48.7200675],[2.374125278,48.720012222]],[[2.374125278,48.720012222],[2.374166111,48.719934444]],[[2.374166111,48.719934444],[2.374237222,48.719811667]],[[2.374237222,48.719811667],[2.374272222,48.719758889]],[[2.374272222,48.719758889],[2.374351667,48.719649722]],[[2.374323333,48.719689444],[2.374419722,48.719722778]],[[2.374235833,48.719811667],[2.374329167,48.719842778]],[[2.374164167,48.719938056],[2.374246389,48.719958333]],[[2.372022222,48.721899722],[2.371261944,48.721759444]],[[2.371261944,48.721759444],[2.371165833,48.721741667]],[[2.371165833,48.721741667],[2.371066389,48.721726944]],[[2.371066389,48.721726944],[2.370968889,48.721714167]],[[2.370968889,48.721714167],[2.370866389,48.7217025]],[[2.370866389,48.7217025],[2.370766944,48.721694722]],[[2.370766944,48.721694722],[2.370665833,48.721686389]],[[2.370665833,48.721686389],[2.3705675,48.721683611]],[[2.3705675,48.721683611],[2.370463333,48.721680833]],[[2.370463333,48.721680833],[2.370333333,48.721682222]],[[2.370333333,48.721682222],[2.370205556,48.721687222]],[[2.370205556,48.721687222],[2.3693775,48.721729722]],[[2.3693775,48.721729722],[2.367827778,48.721808056]],[[2.367827778,48.721808056],[2.366090833,48.721896389]],[[2.356020833,48.722249167],[2.356009167,48.722293333]],[[2.356009167,48.722293333],[2.356004444,48.722334722]],[[2.356004444,48.722334722],[2.356,48.722385833]],[[2.356,48.722385833],[2.356001111,48.722422778]],[[2.356001111,48.722422778],[2.356005556,48.722488611]],[[2.356005556,48.722488611],[2.356015833,48.722543056]],[[2.356015833,48.722543056],[2.356026667,48.722587778]],[[2.356026667,48.722587778],[2.356053611,48.722656944]],[[2.356053611,48.722656944],[2.356075833,48.722703889]],[[2.356075833,48.722703889],[2.356111111,48.722758056]],[[2.356111111,48.722758056],[2.356155278,48.722816667]],[[2.356155278,48.722816667],[2.356181944,48.722850833]],[[2.356181944,48.722850833],[2.356213889,48.722883056]],[[2.356213889,48.722883056],[2.356258611,48.722923889]],[[2.356258611,48.722923889],[2.356299444,48.722959722]],[[2.356299444,48.722959722],[2.356357222,48.723001389]],[[2.356357222,48.723001389],[2.356406111,48.723035556]],[[2.356406111,48.723035556],[2.356456111,48.723065556]],[[2.356456111,48.723065556],[2.356510278,48.723094444]],[[2.356510278,48.723094444],[2.356571944,48.723124167]],[[2.356571944,48.723124167],[2.356638333,48.723150278]],[[2.356638333,48.723150278],[2.356695556,48.723169167]],[[2.356695556,48.723169167],[2.356761667,48.723191944]],[[2.356761667,48.723191944],[2.356829444,48.723210833]],[[2.356829444,48.723210833],[2.356895556,48.723227222]],[[2.361139167,48.719888889],[2.360315833,48.7197375]],[[2.360315833,48.7197375],[2.360272222,48.71973]],[[2.360272222,48.71973],[2.360174444,48.719715833]],[[2.360174444,48.719715833],[2.360071944,48.719705]],[[2.360071944,48.719705],[2.359971111,48.719696111]],[[2.359971111,48.719696111],[2.359868889,48.719690556]],[[2.359868889,48.719690556],[2.359768056,48.719688056]],[[2.359768056,48.719688056],[2.359665278,48.719688611]],[[2.359665278,48.719688611],[2.359561667,48.719691389]],[[2.359561667,48.719691389],[2.359462222,48.719698333]],[[2.359462222,48.719698333],[2.35936,48.719706944]],[[2.35936,48.719706944],[2.359259722,48.719719722]],[[2.359259722,48.719719722],[2.359159722,48.719734444]],[[2.359159722,48.719734444],[2.359062778,48.7197525]],[[2.359062778,48.7197525],[2.358964722,48.719772778]],[[2.358964722,48.719772778],[2.358867778,48.719797778]],[[2.358867778,48.719797778],[2.358775278,48.719823889]],[[2.358775278,48.719823889],[2.358682222,48.7198525]],[[2.358682222,48.7198525],[2.358591389,48.719884444]],[[2.358591389,48.719884444],[2.358503056,48.719918333]],[[2.358503056,48.719918333],[2.357947222,48.720125278]],[[2.357947222,48.720125278],[2.35744,48.720317778]],[[2.35744,48.720317778],[2.357358611,48.720353889]],[[2.357358611,48.720353889],[2.357275278,48.720395278]],[[2.357275278,48.720395278],[2.357197222,48.720437778]],[[2.357197222,48.720437778],[2.357118611,48.720483056]],[[2.357118611,48.720483056],[2.357045833,48.720531389]],[[2.357045833,48.720531389],[2.356978333,48.720578889]],[[2.356978333,48.720578889],[2.356932778,48.720601389]],[[2.356932778,48.720601389],[2.356978333,48.720578889]],[[2.356978333,48.720578889],[2.3569425,48.720606667]],[[2.356878333,48.720625278],[2.356816667,48.720648611]],[[2.356816667,48.720648611],[2.356739167,48.720668611]],[[2.356739167,48.720668611],[2.3566725,48.720681667]],[[2.3566725,48.720681667],[2.356596389,48.720690556]],[[2.356596389,48.720690556],[2.356498056,48.720699444]],[[2.356498056,48.720699444],[2.355875556,48.72076]],[[2.355875556,48.72076],[2.355788611,48.720771111]],[[2.355788611,48.720771111],[2.355692222,48.720794444]],[[2.355692222,48.720794444],[2.355629167,48.720812778]],[[2.355629167,48.720812778],[2.355570556,48.7208375]],[[2.355570556,48.7208375],[2.355506944,48.720872778]],[[2.355506944,48.720872778],[2.355458333,48.720905833]],[[2.355458333,48.720905833],[2.355416667,48.720938889]],[[2.355416667,48.720938889],[2.355380278,48.720974444]],[[2.355380278,48.720974444],[2.35535,48.721010833]],[[2.35535,48.721010833],[2.355326944,48.721045833]],[[2.355326944,48.721045833],[2.355306944,48.721083056]],[[2.355306944,48.721083056],[2.355273056,48.7211625]],[[2.355273056,48.7211625],[2.354915833,48.722009444]],[[2.354915833,48.722009444],[2.354893611,48.722062222]],[[2.354893611,48.722062222],[2.354881667,48.722095556]],[[2.354881667,48.722095556],[2.354874722,48.722121667]],[[2.354874722,48.722121667],[2.35487,48.722146389]],[[2.35487,48.722146389],[2.354869444,48.722166111]],[[2.354869444,48.722166111],[2.354869444,48.722189167]],[[2.354869444,48.722189167],[2.354869722,48.722209722]],[[2.354869722,48.722209722],[2.3548725,48.722230833]],[[2.3548725,48.722230833],[2.354876667,48.722252222]],[[2.354876667,48.722252222],[2.354883889,48.722275833]],[[2.354883889,48.722275833],[2.35489,48.722295833]],[[2.35489,48.722295833],[2.3548975,48.722313333]],[[2.3548975,48.722313333],[2.354908333,48.722333889]],[[2.354908333,48.722333889],[2.354916667,48.7223475]],[[2.354916667,48.7223475],[2.354932222,48.722369167]],[[2.354932222,48.722369167],[2.354947778,48.722391944]],[[2.354947778,48.722391944],[2.354966667,48.722416667]],[[2.354966667,48.722416667],[2.354983889,48.722434722]],[[2.354983889,48.722434722],[2.355009722,48.72246]],[[2.355009722,48.72246],[2.355196389,48.722642222]],[[2.355196389,48.722642222],[2.355245556,48.722688889]],[[2.355245556,48.722688889],[2.355280556,48.722724444]],[[2.355280556,48.722724444],[2.355304722,48.722748611]],[[2.355304722,48.722748611],[2.355343056,48.722783333]],[[2.355343056,48.722783333],[2.355378889,48.722818889]],[[2.355378889,48.722818889],[2.355411111,48.722848889]],[[2.355411111,48.722848889],[2.355438611,48.7228725]],[[2.355438611,48.7228725],[2.355465278,48.722893056]],[[2.355465278,48.722893056],[2.355495278,48.722914167]],[[2.355495278,48.722914167],[2.355525556,48.722930833]],[[2.355525556,48.722930833],[2.355571389,48.722955556]],[[2.355571389,48.722955556],[2.355626944,48.722978056]],[[2.355626944,48.722978056],[2.355712778,48.7230075]],[[2.355712778,48.7230075],[2.358791389,48.723578056]],[[2.358791389,48.723578056],[2.360946667,48.723976111]],[[2.360946667,48.723976111],[2.383712778,48.728177222]],[[2.383712778,48.728177222],[2.383911667,48.728211944]],[[2.383911667,48.728211944],[2.384111389,48.728241389]],[[2.384111389,48.728241389],[2.384329167,48.728268333]],[[2.384329167,48.728268333],[2.3844775,48.728282778]],[[2.3844775,48.728282778],[2.384624167,48.728295278]],[[2.384624167,48.728295278],[2.384774444,48.728305]],[[2.384774444,48.728305],[2.385019444,48.72832]],[[2.385019444,48.72832],[2.385528056,48.728353056]],[[2.385528056,48.728353056],[2.388495278,48.728542778]],[[2.388495278,48.728542778],[2.395149167,48.728970278]],[[2.395149167,48.728970278],[2.399129722,48.729224444]],[[2.399129722,48.729224444],[2.399229444,48.729230833]],[[2.399229444,48.729230833],[2.399331667,48.729228611]],[[2.399331667,48.729228611],[2.399433611,48.729216111]],[[2.399433611,48.729216111],[2.399531389,48.729195556]],[[2.399531389,48.729195556],[2.399625278,48.729161667]],[[2.399625278,48.729161667],[2.3997075,48.729128056]],[[2.3997075,48.729128056],[2.399792778,48.729091111]],[[2.399792778,48.729091111],[2.400055278,48.728979444]],[[2.400107778,48.7289575],[2.400903889,48.728619444]],[[2.400956944,48.728595556],[2.401251111,48.728469722]],[[2.401251111,48.728469722],[2.401334444,48.728430278]],[[2.401334444,48.728430278],[2.4014075,48.728383056]],[[2.4014075,48.728383056],[2.401471111,48.728328889]],[[2.401471111,48.728328889],[2.401520556,48.728268889]],[[2.401520556,48.728268889],[2.401553889,48.728205833]],[[2.401553889,48.728205833],[2.401582778,48.728141111]],[[2.401582778,48.728141111],[2.401691389,48.727881111]],[[2.401691389,48.727881111],[2.401716667,48.727815556]],[[2.401716667,48.727815556],[2.401731389,48.727747778]],[[2.401731389,48.727747778],[2.401731111,48.727680833]],[[2.401731111,48.727680833],[2.401712778,48.727614444]],[[2.401712778,48.727614444],[2.401680556,48.727548611]],[[2.401680556,48.727548611],[2.401634167,48.727488611]],[[2.401634167,48.727488611],[2.401573611,48.727433889]],[[2.401573611,48.727433889],[2.401503056,48.727385]],[[2.401503056,48.727385],[2.401421389,48.727343611]],[[2.401421389,48.727343611],[2.401330833,48.727311389]],[[2.401330833,48.727311389],[2.401235556,48.727289444]],[[2.401235556,48.727289444],[2.401133333,48.727270556]],[[2.401133333,48.727270556],[2.400451389,48.727144722]],[[2.394765278,48.726096389],[2.395575833,48.726245278]],[[2.395575833,48.726245278],[2.3956725,48.726271667]],[[2.3956725,48.726271667],[2.395758056,48.726306667]],[[2.395758056,48.726306667],[2.395837222,48.726349444]],[[2.395837222,48.726349444],[2.395905556,48.726399444]],[[2.395905556,48.726399444],[2.395958889,48.726454722]],[[2.395958889,48.726454722],[2.396003889,48.726518889]],[[2.396003889,48.726518889],[2.396032222,48.726583056]],[[2.396032222,48.726583056],[2.396045833,48.726650833]],[[2.396045833,48.726650833],[2.396042778,48.726718889]],[[2.396042778,48.726718889],[2.396025,48.726786389]],[[2.396025,48.726786389],[2.395998333,48.72685]],[[2.395998333,48.72685],[2.3958725,48.72715]],[[2.395856944,48.727186667],[2.395253056,48.728619167]],[[2.395253056,48.728619167],[2.395222778,48.728670278]],[[2.395222778,48.728670278],[2.395174167,48.728728889]],[[2.395174167,48.728728889],[2.395111389,48.728783611]],[[2.395111389,48.728783611],[2.395045833,48.728824167]],[[2.395045833,48.728824167],[2.394982778,48.728856944]],[[2.394982778,48.728856944],[2.3949175,48.728883611]],[[2.3949175,48.728883611],[2.394852778,48.728901389]],[[2.394852778,48.728901389],[2.394794444,48.728915278]],[[2.394794444,48.728915278],[2.3947425,48.728923611]],[[2.3947425,48.728923611],[2.394662222,48.728931389]],[[2.394662222,48.728931389],[2.394562222,48.728932222]],[[2.395313333,48.728476944],[2.395303889,48.728519444]],[[2.395303889,48.728519444],[2.395301111,48.728544167]],[[2.395301111,48.728544167],[2.395299722,48.728588056]],[[2.395299722,48.728588056],[2.395304167,48.7286275]],[[2.395304167,48.7286275],[2.395311944,48.728657778]],[[2.395311944,48.728657778],[2.395323333,48.728688889]],[[2.395323333,48.728688889],[2.395336111,48.728717778]],[[2.395336111,48.728717778],[2.395351944,48.728745833]],[[2.395351944,48.728745833],[2.395371944,48.728773611]],[[2.395371944,48.728773611],[2.395398056,48.728805]],[[2.395398056,48.728805],[2.395435278,48.72884]],[[2.395435278,48.72884],[2.395468333,48.7288675]],[[2.395468333,48.7288675],[2.395511667,48.728898611]],[[2.395511667,48.728898611],[2.395559722,48.728925278]],[[2.395559722,48.728925278],[2.395615278,48.728951389]],[[2.395615278,48.728951389],[2.395684444,48.728976944]],[[2.395684444,48.728976944],[2.395755833,48.728995556]],[[2.395755833,48.728995556],[2.395824444,48.729007778]],[[2.395824444,48.729007778],[2.395883056,48.729016389]],[[2.395883056,48.729016389],[2.395934444,48.729020278]],[[2.383891944,48.724091111],[2.384539444,48.724209444]],[[2.384539444,48.724209444],[2.384654167,48.724231944]],[[2.384654167,48.724231944],[2.384752778,48.724249167]],[[2.384752778,48.724249167],[2.38485,48.724271389]],[[2.38485,48.724271389],[2.384945833,48.724295]],[[2.384945833,48.724295],[2.385038333,48.7243225]],[[2.385038333,48.7243225],[2.38513,48.724353889]],[[2.38513,48.724353889],[2.385220278,48.724385]],[[2.385220278,48.724385],[2.385307778,48.724419444]],[[2.385307778,48.724419444],[2.385392778,48.724457778]],[[2.385392778,48.724457778],[2.385476389,48.724496667]],[[2.385476389,48.724496667],[2.385556667,48.724539167]],[[2.385556667,48.724539167],[2.385632778,48.724583056]],[[2.385632778,48.724583056],[2.385707778,48.724630556]],[[2.385707778,48.724630556],[2.385778056,48.724678333]],[[2.385778056,48.724678333],[2.385846389,48.724728889]],[[2.385846389,48.724728889],[2.38591,48.724781111]],[[2.38591,48.724781111],[2.385972222,48.724835]],[[2.385972222,48.724835],[2.386029722,48.724890278]],[[2.386029722,48.724890278],[2.386083333,48.724948333]],[[2.386083333,48.724948333],[2.386135556,48.725007778]],[[2.386135556,48.725007778],[2.386180278,48.725067222]],[[2.386180278,48.725067222],[2.386223611,48.725128056]],[[2.386223611,48.725128056],[2.386261111,48.725190278]],[[2.386261111,48.725190278],[2.386294722,48.725254444]],[[2.386294722,48.725254444],[2.386384167,48.725433333]],[[2.386406111,48.725476667],[2.387773889,48.728199722]],[[2.387773889,48.728199722],[2.387808889,48.728263333]],[[2.387808889,48.728263333],[2.387853056,48.728323611]],[[2.387853056,48.728323611],[2.387916111,48.728378333]],[[2.387916111,48.728378333],[2.3879875,48.7284275]],[[2.3879875,48.7284275],[2.388071111,48.7284675]],[[2.388071111,48.7284675],[2.388162222,48.728498889]],[[2.388162222,48.728498889],[2.388258056,48.728521389]],[[2.388258056,48.728521389],[2.388368611,48.728534167]],[[2.387579722,48.727816944],[2.387609444,48.727878889]],[[2.387609444,48.727878889],[2.387627222,48.727946667]],[[2.387627222,48.727946667],[2.387631389,48.728014444]],[[2.387631389,48.728014444],[2.387617222,48.728082778]],[[2.387617222,48.728082778],[2.387590278,48.728147778]],[[2.387590278,48.728147778],[2.387547222,48.728209722]],[[2.387547222,48.728209722],[2.387491389,48.728266944]],[[2.387491389,48.728266944],[2.387422778,48.728316944]],[[2.387422778,48.728316944],[2.387345278,48.72836]],[[2.387345278,48.72836],[2.3872575,48.728393056]],[[2.3872575,48.728393056],[2.387160278,48.728420278]],[[2.387160278,48.728420278],[2.387061667,48.728436389]],[[2.387061667,48.728436389],[2.386957778,48.7284425]],[[2.386957778,48.7284425],[2.386849444,48.728436667]],[[2.379988333,48.724122222],[2.379728333,48.723608611]],[[2.379728333,48.723608611],[2.379690833,48.723544167]],[[2.379690833,48.723544167],[2.379643056,48.723483889]],[[2.379643056,48.723483889],[2.379585278,48.723428056]],[[2.379585278,48.723428056],[2.379518889,48.723374722]],[[2.379518889,48.723374722],[2.379445,48.723329444]],[[2.379445,48.723329444],[2.3793625,48.723288056]],[[2.3793625,48.723288056],[2.379275278,48.723253056]],[[2.379275278,48.723253056],[2.379183056,48.723224444]],[[2.379183056,48.723224444],[2.379081111,48.7232025]],[[2.379081111,48.7232025],[2.378972778,48.723182222]],[[2.378972778,48.723182222],[2.378871111,48.723167222]],[[2.378871111,48.723167222],[2.378773056,48.723153611]],[[2.378773056,48.723153611],[2.378671944,48.723143889]],[[2.378671944,48.723143889],[2.378570833,48.723136944]],[[2.378570833,48.723136944],[2.378468889,48.723133333]],[[2.378468889,48.723133333],[2.378366389,48.723132778]],[[2.378366389,48.723132778],[2.378265556,48.723135278]],[[2.378265556,48.723135278],[2.378163056,48.723139722]],[[2.378163056,48.723139722],[2.378061667,48.723146944]],[[2.378061667,48.723146944],[2.377959167,48.723158056]],[[2.377959167,48.723158056],[2.377861111,48.723173056]],[[2.377861111,48.723173056],[2.377761389,48.723189167]],[[2.377761389,48.723189167],[2.377667778,48.723207222]],[[2.377667778,48.723207222],[2.377571111,48.723229722]],[[2.377571111,48.723229722],[2.377477778,48.723254167]],[[2.377477778,48.723254167],[2.377386111,48.723281944]],[[2.377386111,48.723281944],[2.377293333,48.723312778]],[[2.377293333,48.723312778],[2.377216667,48.723340833]],[[2.377216667,48.723340833],[2.377118333,48.723383056]],[[2.377118333,48.723383056],[2.377025278,48.723423611]],[[2.377025278,48.723423611],[2.376948333,48.723463056]],[[2.376948333,48.723463056],[2.376889722,48.723495278]],[[2.376889722,48.723495278],[2.376813056,48.723540556]],[[2.376813056,48.723540556],[2.376755556,48.723576111]],[[2.376755556,48.723576111],[2.376716944,48.7236025]],[[2.376716944,48.7236025],[2.376682778,48.723626944]],[[2.376682778,48.723626944],[2.376644722,48.723654167]],[[2.376644722,48.723654167],[2.376613056,48.723679444]],[[2.376613056,48.723679444],[2.376564167,48.723719722]],[[2.376564167,48.723719722],[2.376535,48.723745]],[[2.376535,48.723745],[2.37651,48.723767222]],[[2.37651,48.723767222],[2.376471111,48.723807222]],[[2.376471111,48.723807222],[2.376435,48.723844444]],[[2.376435,48.723844444],[2.376410556,48.723871389]],[[2.376410556,48.723871389],[2.376388889,48.723895833]],[[2.376388889,48.723895833],[2.376356389,48.723932778]],[[2.376356389,48.723932778],[2.37633,48.723966667]],[[2.37633,48.723966667],[2.376304444,48.723999722]],[[2.376304444,48.723999722],[2.376271111,48.724049722]],[[2.376271111,48.724049722],[2.376244722,48.724088889]],[[2.379805556,48.723336389],[2.378298611,48.723058333]],[[2.376531389,48.722731667],[2.376052222,48.722644444]],[[2.376052222,48.722644444],[2.375952778,48.72263]],[[2.375952778,48.72263],[2.375848611,48.722628056]],[[2.375848611,48.722628056],[2.375746667,48.722635]],[[2.375746667,48.722635],[2.375648611,48.722652222]],[[2.375648611,48.722652222],[2.375554722,48.722678889]],[[2.375554722,48.722678889],[2.375467778,48.722715278]],[[2.375467778,48.722715278],[2.375389167,48.722759167]],[[2.375389167,48.722759167],[2.375317222,48.722816389]],[[2.375317222,48.722816389],[2.375287778,48.722846389]],[[2.375287778,48.722846389],[2.375257222,48.722886111]],[[2.375257222,48.722886111],[2.375241667,48.722908056]],[[2.375241667,48.722908056],[2.37522,48.722950556]],[[2.37522,48.722950556],[2.375197778,48.723016944]],[[2.375197778,48.723016944],[2.375191667,48.723065]],[[2.375191667,48.723065],[2.375195278,48.723113611]],[[2.375195278,48.723113611],[2.375208056,48.723166667]],[[2.375208056,48.723166667],[2.375214444,48.723187222]],[[2.374979722,48.722721944],[2.375331111,48.723423056]],[[2.372821667,48.722047222],[2.373510833,48.722173889]],[[2.373510833,48.722173889],[2.373610278,48.7221925]],[[2.373610278,48.7221925],[2.373707778,48.722212778]],[[2.373707778,48.722212778],[2.3738025,48.722233611]],[[2.3738025,48.722233611],[2.373893333,48.722258056]],[[2.373893333,48.722258056],[2.373984444,48.722285833]],[[2.373984444,48.722285833],[2.374074444,48.722314722]],[[2.374074444,48.722314722],[2.3741625,48.7223475]],[[2.3741625,48.7223475],[2.374246944,48.722381111]],[[2.374246944,48.722381111],[2.37433,48.722417778]],[[2.37433,48.722417778],[2.374410833,48.7224575]],[[2.374410833,48.7224575],[2.37449,48.722498889]],[[2.37449,48.722498889],[2.374564167,48.722541389]],[[2.374564167,48.722541389],[2.374636111,48.7225875]],[[2.374636111,48.7225875],[2.374706389,48.722635]],[[2.374706389,48.722635],[2.374771111,48.722682222]],[[2.374771111,48.722682222],[2.374836389,48.722734444]],[[2.374836389,48.722734444],[2.374898889,48.722788611]],[[2.374898889,48.722788611],[2.374940833,48.72283]],[[2.374940833,48.72283],[2.374982778,48.722874444]],[[2.374982778,48.722874444],[2.375027778,48.722925]],[[2.375027778,48.722925],[2.375068611,48.722971667]],[[2.375068611,48.722971667],[2.375099722,48.723014167]],[[2.375099722,48.723014167],[2.375130278,48.723056389]],[[2.375130278,48.723056389],[2.3751475,48.723079722]],[[2.3751475,48.723079722],[2.375173056,48.72312]],[[2.375173056,48.72312],[2.375200278,48.723166389]],[[2.375200278,48.723166389],[2.375211667,48.7231875]],[[2.355188611,48.722636389],[2.355220556,48.722676667]],[[2.355220556,48.722676667],[2.355238333,48.722709444]],[[2.355238333,48.722709444],[2.355256667,48.722746944]],[[2.355256667,48.722746944],[2.355265278,48.722778056]],[[2.355265278,48.722778056],[2.355274722,48.722816944]],[[2.355274722,48.722816944],[2.355278056,48.722855]],[[2.355278056,48.722855],[2.355276667,48.722891389]],[[2.355276667,48.722891389],[2.355268611,48.722932222]],[[2.355268611,48.722932222],[2.355258333,48.722966111]],[[2.355258333,48.722966111],[2.355241944,48.723001944]],[[2.355241944,48.723001944],[2.3552225,48.723038056]],[[2.3552225,48.723038056],[2.355194167,48.723076389]],[[2.355194167,48.723076389],[2.355159167,48.723115278]],[[2.355159167,48.723115278],[2.355123333,48.723146667]],[[2.355123333,48.723146667],[2.355077778,48.72318]],[[2.355077778,48.72318],[2.355032222,48.7232075]],[[2.355032222,48.7232075],[2.354986389,48.723231111]],[[2.354986389,48.723231111],[2.354933889,48.723253333]],[[2.367215556,48.721011111],[2.366555,48.720888333]],[[2.366555,48.720888333],[2.3664575,48.720871389]],[[2.3664575,48.720871389],[2.366356667,48.720855556]],[[2.366356667,48.720855556],[2.366253611,48.720848611]],[[2.366253611,48.720848611],[2.366155,48.720853611]],[[2.366155,48.720853611],[2.366054444,48.720868056]],[[2.366054444,48.720868056],[2.365956389,48.720891111]],[[2.365956389,48.720891111],[2.365870556,48.7209225]],[[2.365870556,48.7209225],[2.365788889,48.720965]],[[2.365788889,48.720965],[2.365725556,48.721008333]],[[2.365725556,48.721008333],[2.3656875,48.721040833]],[[2.3656875,48.721040833],[2.365646111,48.721083056]],[[2.365646111,48.721083056],[2.365618056,48.721123889]],[[2.365618056,48.721123889],[2.365588333,48.721181111]],[[2.365588333,48.721181111],[2.365450278,48.721508056]],[[2.365431944,48.721547222],[2.365308333,48.721840556]],[[2.365308333,48.721840556],[2.365273056,48.7219]],[[2.365273056,48.7219],[2.365231667,48.721948333]],[[2.365231667,48.721948333],[2.365178889,48.721997222]],[[2.365178889,48.721997222],[2.365124167,48.722032778]],[[2.365124167,48.722032778],[2.365052222,48.722073611]],[[2.365052222,48.722073611],[2.364971389,48.722107222]],[[2.364971389,48.722107222],[2.364881389,48.72214]],[[2.364881389,48.72214],[2.364734167,48.722195833]],[[2.364734167,48.722195833],[2.363937778,48.722491111]],[[2.363937778,48.722491111],[2.363849444,48.722525833]],[[2.363849444,48.722525833],[2.363766389,48.72256]],[[2.363766389,48.72256],[2.363686667,48.722596944]],[[2.363686667,48.722596944],[2.363606944,48.722636667]],[[2.363606944,48.722636667],[2.363528056,48.722680556]],[[2.363528056,48.722680556],[2.363459167,48.722723333]],[[2.363459167,48.722723333],[2.363387222,48.722769444]],[[2.363387222,48.722769444],[2.363321111,48.722818611]],[[2.363321111,48.722818611],[2.363256944,48.722869444]],[[2.363256944,48.722869444],[2.363196111,48.722919444]],[[2.363196111,48.722919444],[2.363140278,48.722973333]],[[2.363140278,48.722973333],[2.363084722,48.723026944]],[[2.363084722,48.723026944],[2.363036944,48.723083889]],[[2.363036944,48.723083889],[2.362989167,48.723143333]],[[2.362989167,48.723143333],[2.362946389,48.723200278]],[[2.362946389,48.723200278],[2.362906111,48.723263056]],[[2.362906111,48.723263056],[2.362872222,48.723324722]],[[2.362872222,48.723324722],[2.362834444,48.723401944]],[[2.362834444,48.723401944],[2.362651667,48.7238375]],[[2.362651667,48.7238375],[2.362323333,48.724614167]],[[2.362694722,48.723729444],[2.362667778,48.723788611]],[[2.362667778,48.723788611],[2.362641111,48.723832222]],[[2.362641111,48.723832222],[2.362613611,48.723872778]],[[2.362613611,48.723872778],[2.362572222,48.723916667]],[[2.362572222,48.723916667],[2.362538889,48.723944444]],[[2.362538889,48.723944444],[2.362493333,48.723977222]],[[2.362493333,48.723977222],[2.362460278,48.723998889]],[[2.362460278,48.723998889],[2.362409722,48.724024444]],[[2.362409722,48.724024444],[2.362375,48.724041111]],[[2.362375,48.724041111],[2.362327222,48.724060833]],[[2.362327222,48.724060833],[2.362276667,48.724078056]],[[2.362276667,48.724078056],[2.362232778,48.724091111]],[[2.362232778,48.724091111],[2.362171389,48.724106389]],[[2.362171389,48.724106389],[2.362117778,48.7241175]],[[2.362117778,48.7241175],[2.362066667,48.724125556]],[[2.362066667,48.724125556],[2.3620275,48.724129167]],[[2.3620275,48.724129167],[2.361964722,48.724135278]],[[2.361964722,48.724135278],[2.361913611,48.724136389]],[[2.361913611,48.724136389],[2.361861667,48.724135556]],[[2.361861667,48.724135556],[2.361808333,48.7241325]],[[2.361808333,48.7241325],[2.361762778,48.724127778]],[[2.362705833,48.723706389],[2.362701111,48.723768889]],[[2.362701111,48.723768889],[2.362698889,48.723833333]],[[2.362698889,48.723833333],[2.362707222,48.723891667]],[[2.362707222,48.723891667],[2.362715278,48.723930278]],[[2.362715278,48.723930278],[2.362739444,48.723999167]],[[2.362739444,48.723999167],[2.362762222,48.724039444]],[[2.362762222,48.724039444],[2.362786944,48.724080556]],[[2.362786944,48.724080556],[2.362820278,48.724121667]],[[2.362820278,48.724121667],[2.362851111,48.724155833]],[[2.362851111,48.724155833],[2.362894444,48.724200278]],[[2.362894444,48.724200278],[2.362937222,48.724233333]],[[2.362937222,48.724233333],[2.363009167,48.724282222]],[[2.363009167,48.724282222],[2.363093333,48.724328611]],[[2.363093333,48.724328611],[2.363174722,48.724363889]],[[2.363174722,48.724363889],[2.363241389,48.724388611]],[[2.363241389,48.724388611],[2.363328889,48.724413611]],[[2.363328889,48.724413611],[2.363374167,48.724424722]],[[2.363029167,48.724361111],[2.362979444,48.724353889]],[[2.362979444,48.724353889],[2.362906667,48.72435]],[[2.362906667,48.72435],[2.362830556,48.724353333]],[[2.362830556,48.724353333],[2.36277,48.724360833]],[[2.36277,48.724360833],[2.362701389,48.7243725]],[[2.362701389,48.7243725],[2.362623333,48.724392778]],[[2.362623333,48.724392778],[2.3625675,48.724415]],[[2.3625675,48.724415],[2.362502222,48.724445556]],[[2.362502222,48.724445556],[2.362439722,48.724486111]],[[2.362439722,48.724486111],[2.362394722,48.724524722]],[[2.362394722,48.724524722],[2.362349444,48.724576111]],[[2.362349444,48.724576111],[2.362324444,48.724616111]],[[2.362324444,48.724616111],[2.362291389,48.724696389]],[[2.362291389,48.724696389],[2.362282222,48.724746389]],[[2.362282222,48.724746389],[2.362289167,48.724798611]],[[2.362289167,48.724798611],[2.362298889,48.724846944]],[[2.362298889,48.724846944],[2.362321389,48.724897222]],[[2.362321389,48.724897222],[2.362351111,48.724944167]],[[2.362351111,48.724944167],[2.362384167,48.724981944]],[[2.362384167,48.724981944],[2.362421667,48.725016667]],[[2.362421667,48.725016667],[2.362470833,48.725051389]],[[2.362470833,48.725051389],[2.362518333,48.725078611]],[[2.362518333,48.725078611],[2.362590833,48.725112778]],[[2.362590833,48.725112778],[2.362642778,48.725128333]],[[2.362642778,48.725128333],[2.362700833,48.725143056]],[[2.361932778,48.7241575],[2.361984444,48.724172222]],[[2.361984444,48.724172222],[2.362039167,48.724192778]],[[2.362039167,48.724192778],[2.362090833,48.724215]],[[2.362090833,48.724215],[2.362141667,48.724245]],[[2.362141667,48.724245],[2.362188333,48.724278333]],[[2.362188333,48.724278333],[2.362225,48.724310278]],[[2.362225,48.724310278],[2.36226,48.724347222]],[[2.36226,48.724347222],[2.362288889,48.724390833]],[[2.362288889,48.724390833],[2.3623125,48.724435833]],[[2.3623125,48.724435833],[2.362325278,48.724480556]],[[2.362325278,48.724480556],[2.362331944,48.724526389]],[[2.362331944,48.724526389],[2.362329167,48.724584167]],[[2.362329167,48.724584167],[2.362315556,48.724630556]],[[2.362315556,48.724630556],[2.3622975,48.724676944]],[[2.3622975,48.724676944],[2.3622675,48.724724444]],[[2.3622675,48.724724444],[2.362236667,48.724758056]],[[2.362236667,48.724758056],[2.362200556,48.724789722]],[[2.362200556,48.724789722],[2.362156944,48.724820556]],[[2.362156944,48.724820556],[2.362126944,48.7248425]],[[2.362126944,48.7248425],[2.362076667,48.724867778]],[[2.362076667,48.724867778],[2.362021944,48.7248925]],[[2.362021944,48.7248925],[2.361968056,48.724908611]],[[2.361968056,48.724908611],[2.361909167,48.724926111]],[[2.361909167,48.724926111],[2.361864167,48.724934722]],[[2.361864167,48.724934722],[2.361803056,48.724943889]],[[2.361803056,48.724943889],[2.361761111,48.7249475]],[[2.361761111,48.7249475],[2.361712778,48.724948611]],[[2.361712778,48.724948611],[2.361667778,48.724945556]],[[2.361667778,48.724945556],[2.361598611,48.724939722]],[[2.375353333,48.723465],[2.382536667,48.737789722]],[[2.382536667,48.737789722],[2.382586944,48.737888056]],[[2.382586944,48.737888056],[2.382630278,48.737968056]],[[2.382630278,48.737968056],[2.382677778,48.738030833]],[[2.382677778,48.738030833],[2.382720833,48.738071111]],[[2.382720833,48.738071111],[2.382788056,48.738111667]],[[2.382788056,48.738111667],[2.382875,48.738151389]],[[2.382875,48.738151389],[2.382963889,48.738181389]],[[2.382963889,48.738181389],[2.383075833,48.738220833]],[[2.383075833,48.738220833],[2.383830556,48.738473611]],[[2.383830556,48.738473611],[2.383919444,48.7384975]],[[2.383919444,48.7384975],[2.384011389,48.7385125]],[[2.384011389,48.7385125],[2.384105833,48.738516667]],[[2.384105833,48.738516667],[2.384195556,48.738510278]],[[2.384195556,48.738510278],[2.384286667,48.738497778]],[[2.384286667,48.738497778],[2.38464,48.738420833]],[[2.384692222,48.738410278],[2.385868889,48.738153611]],[[2.385868889,48.738153611],[2.385930556,48.73814]],[[2.385930556,48.73814],[2.386012778,48.7381175]],[[2.386012778,48.7381175],[2.386088333,48.738095]],[[2.386088333,48.738095],[2.386154444,48.738069444]],[[2.386154444,48.738069444],[2.386201667,48.738045]],[[2.386201667,48.738045],[2.386242222,48.738021111]],[[2.386242222,48.738021111],[2.386273333,48.738000833]],[[2.386273333,48.738000833],[2.386314444,48.737969722]],[[2.386314444,48.737969722],[2.386353889,48.737936111]],[[2.386353889,48.737936111],[2.386395833,48.7378925]],[[2.386395833,48.7378925],[2.386423056,48.737859444]],[[2.386423056,48.737859444],[2.386446389,48.737825]],[[2.386446389,48.737825],[2.386470556,48.737787222]],[[2.386470556,48.737787222],[2.386482222,48.737759444]],[[2.386482222,48.737759444],[2.386504167,48.737713889]],[[2.386504167,48.737713889],[2.386515278,48.737689167]],[[2.386515278,48.737689167],[2.386525833,48.7376625]],[[2.386525833,48.7376625],[2.386535,48.737628056]],[[2.386535,48.737628056],[2.386544444,48.737596667]],[[2.386544444,48.737596667],[2.386556389,48.737543333]],[[2.386556389,48.737543333],[2.386563333,48.737500833]],[[2.386563333,48.737500833],[2.386568333,48.737464722]],[[2.386568333,48.737464722],[2.386569167,48.737421667]],[[2.386569167,48.737421667],[2.386566667,48.737384444]],[[2.386566667,48.737384444],[2.386563889,48.737350278]],[[2.386563889,48.737350278],[2.386560833,48.737312222]],[[2.386560833,48.737312222],[2.386552778,48.737265556]],[[2.386552778,48.737265556],[2.386541667,48.737218056]],[[2.386541667,48.737218056],[2.386525,48.737164722]],[[2.386525,48.737164722],[2.386508333,48.737124167]],[[2.386508333,48.737124167],[2.386488889,48.737082778]],[[2.386488889,48.737082778],[2.38623,48.736568333]],[[2.377336389,48.718838889],[2.376964722,48.718095]],[[2.376964722,48.718095],[2.376949167,48.718066389]],[[2.376949167,48.718066389],[2.376931944,48.7180375]],[[2.376931944,48.7180375],[2.376918056,48.718015556]],[[2.376918056,48.718015556],[2.376897778,48.717987778]],[[2.376897778,48.717987778],[2.376860278,48.717951667]],[[2.376860278,48.717951667],[2.376834167,48.717929444]],[[2.376834167,48.717929444],[2.37679,48.717898056]],[[2.37679,48.717898056],[2.376732778,48.717865833]],[[2.376732778,48.717865833],[2.376682222,48.717840833]],[[2.376682222,48.717840833],[2.376635278,48.717819722]],[[2.376635278,48.717819722],[2.376578889,48.717802222]],[[2.376578889,48.717802222],[2.376538333,48.717789167]],[[2.376538333,48.717789167],[2.3764825,48.717777222]],[[2.3764825,48.717777222],[2.376415278,48.717767222]],[[2.376415278,48.717767222],[2.376364722,48.717764444]],[[2.376364722,48.717764444],[2.376305,48.717763056]],[[2.376305,48.717763056],[2.3762525,48.717764444]],[[2.3762525,48.717764444],[2.376187778,48.717770833]],[[2.376187778,48.717770833],[2.376106944,48.717783333]],[[2.376106944,48.717783333],[2.375740278,48.717862778]],[[2.375740278,48.717862778],[2.375668056,48.717881944]],[[2.375668056,48.717881944],[2.375602222,48.717904722]],[[2.375602222,48.717904722],[2.375537778,48.717930278]],[[2.375537778,48.717930278],[2.375491944,48.717953889]],[[2.375491944,48.717953889],[2.375464167,48.717970278]],[[2.375464167,48.717970278],[2.375436944,48.717988611]],[[2.375436944,48.717988611],[2.375391389,48.718023056]],[[2.375391389,48.718023056],[2.375364444,48.718052222]],[[2.375364444,48.718052222],[2.3753375,48.718084444]],[[2.3753375,48.718084444],[2.3749625,48.718580833]],[[2.374936111,48.718615833],[2.373855556,48.720038611]],[[2.373855556,48.720038611],[2.3738225,48.720083333]],[[2.3738225,48.720083333],[2.373796667,48.720126667]],[[2.373796667,48.720126667],[2.373783611,48.72016]],[[2.373783611,48.72016],[2.373775,48.720193333]],[[2.373775,48.720193333],[2.373768889,48.720240556]],[[2.373768889,48.720240556],[2.373771111,48.720288889]],[[2.373771111,48.720288889],[2.373778889,48.720318056]],[[2.373778889,48.720318056],[2.373796389,48.720359722]],[[2.373796389,48.720359722],[2.373998611,48.720763611]],[[2.374016111,48.7208],[2.374664444,48.722096111]],[[2.376190556,48.724190833],[2.376182222,48.724209167]],[[2.376182222,48.724209167],[2.376170278,48.724233056]],[[2.376170278,48.724233056],[2.376158889,48.724259167]],[[2.376158889,48.724259167],[2.376144167,48.724296389]],[[2.376144167,48.724296389],[2.376136944,48.724319167]],[[2.376136944,48.724319167],[2.376126667,48.724349444]],[[2.376126667,48.724349444],[2.376111667,48.724393056]],[[2.376111667,48.724393056],[2.376102778,48.7244225]],[[2.376102778,48.7244225],[2.376094444,48.724463333]],[[2.376094444,48.724463333],[2.376086111,48.7245025]],[[2.376086111,48.7245025],[2.376082222,48.724536667]],[[2.376082222,48.724536667],[2.376079167,48.724581667]],[[2.376079167,48.724581667],[2.376075556,48.724646389]],[[2.376075556,48.724646389],[2.376075278,48.724690278]],[[2.376075278,48.724690278],[2.376077778,48.724728889]],[[2.376077778,48.724728889],[2.376079444,48.724774167]],[[2.376079444,48.724774167],[2.376086944,48.724813889]],[[2.376086944,48.724813889],[2.376093889,48.724849444]],[[2.376093889,48.724849444],[2.376105556,48.724903056]],[[2.376105556,48.724903056],[2.376116667,48.724949444]],[[2.376116667,48.724949444],[2.376133611,48.7249975]],[[2.376133611,48.7249975],[2.376150556,48.725050556]],[[2.376150556,48.725050556],[2.376163056,48.725079722]],[[2.376764722,48.726284167],[2.376784722,48.7263325]],[[2.376784722,48.7263325],[2.3767925,48.726367778]],[[2.3767925,48.726367778],[2.376795833,48.726406111]],[[2.376795833,48.726406111],[2.376791944,48.726448333]],[[2.376791944,48.726448333],[2.376785556,48.726478056]],[[2.376785556,48.726478056],[2.376770278,48.726517222]],[[2.376770278,48.726517222],[2.376755556,48.726545278]],[[2.376755556,48.726545278],[2.376730833,48.726579444]],[[2.376730833,48.726579444],[2.376713333,48.726601111]],[[2.376713333,48.726601111],[2.376695556,48.726620278]],[[2.376695556,48.726620278],[2.376676111,48.726636944]],[[2.376676111,48.726636944],[2.376651667,48.726656667]],[[2.376651667,48.726656667],[2.376619722,48.726677778]],[[2.376619722,48.726677778],[2.376591944,48.726694722]],[[2.376591944,48.726694722],[2.376560278,48.7267125]],[[2.376560278,48.7267125],[2.376516111,48.726731111]],[[2.376516111,48.726731111],[2.376466667,48.726747778]],[[2.376466667,48.726747778],[2.376418056,48.726761111]],[[2.376418056,48.726761111],[2.376365556,48.726771667]],[[2.376365556,48.726771667],[2.376318056,48.726778056]],[[2.376318056,48.726778056],[2.376264722,48.726781389]],[[2.376264722,48.726781389],[2.376204167,48.726781944]],[[2.376204167,48.726781944],[2.376134167,48.726778889]],[[2.379786667,48.727452778],[2.379678333,48.727441667]],[[2.379678333,48.727441667],[2.379577778,48.727441389]],[[2.379577778,48.727441389],[2.379510278,48.727446944]],[[2.379510278,48.727446944],[2.379458889,48.727455278]],[[2.379458889,48.727455278],[2.379390556,48.727469167]],[[2.379390556,48.727469167],[2.379333889,48.727485833]],[[2.379333889,48.727485833],[2.379287778,48.727500833]],[[2.379287778,48.727500833],[2.379233889,48.727524167]],[[2.379233889,48.727524167],[2.379200278,48.727541667]],[[2.379156111,48.727567778],[2.378658611,48.727958889]],[[2.378658611,48.727958889],[2.378621667,48.7279875]],[[2.378621667,48.7279875],[2.378589444,48.728011944]],[[2.378589444,48.728011944],[2.378545,48.728040278]],[[2.378545,48.728040278],[2.378496944,48.728064722]],[[2.378496944,48.728064722],[2.378455,48.728082778]],[[2.378455,48.728082778],[2.378397778,48.728103333]],[[2.378397778,48.728103333],[2.378345278,48.728118611]],[[2.378345278,48.728118611],[2.378281667,48.728141111]],[[2.378281667,48.728141111],[2.378217222,48.728166111]],[[2.378217222,48.728166111],[2.378163056,48.728194167]],[[2.378163056,48.728194167],[2.378127778,48.728217222]],[[2.378127778,48.728217222],[2.378087778,48.728245]],[[2.378087778,48.728245],[2.378055556,48.728273611]],[[2.378055556,48.728273611],[2.378024444,48.728305833]],[[2.378024444,48.728305833],[2.378,48.728335278]],[[2.378,48.728335278],[2.377977222,48.72837]],[[2.377977222,48.72837],[2.377958611,48.728400833]],[[2.377958611,48.728400833],[2.377945833,48.728437222]],[[2.377945833,48.728437222],[2.377935833,48.728475278]],[[2.377935833,48.728475278],[2.377931111,48.728511944]],[[2.377931111,48.728511944],[2.377930278,48.728543611]],[[2.377930278,48.728543611],[2.377932778,48.728575556]],[[2.377932778,48.728575556],[2.377941389,48.728614444]],[[2.377941389,48.728614444],[2.377958611,48.728660278]],[[2.370126667,48.742139722],[2.370181111,48.742160833]],[[2.370181111,48.742160833],[2.370230833,48.742177778]],[[2.370230833,48.742177778],[2.370294722,48.742199722]],[[2.370294722,48.742199722],[2.370346111,48.742216111]],[[2.370346111,48.742216111],[2.37041,48.742234444]],[[2.37041,48.742234444],[2.370472222,48.742251667]],[[2.370472222,48.742251667],[2.370531667,48.742264167]],[[2.370531667,48.742264167],[2.370589167,48.742274167]],[[2.370589167,48.742274167],[2.370648056,48.742280833]],[[2.370648056,48.742280833],[2.370702778,48.742285833]],[[2.370702778,48.742285833],[2.370755278,48.742287778]],[[2.370755278,48.742287778],[2.370821389,48.742289167]],[[2.370821389,48.742289167],[2.370873889,48.742290556]],[[2.370873889,48.742290556],[2.381634444,48.742383889]],[[2.381634444,48.742383889],[2.381701667,48.742384167]],[[2.381701667,48.742384167],[2.381758333,48.742383333]],[[2.381758333,48.742383333],[2.3818025,48.742381944]],[[2.3818025,48.742381944],[2.381861944,48.742381111]],[[2.381861944,48.742381111],[2.381927222,48.742377778]],[[2.381927222,48.742377778],[2.381988889,48.742373333]],[[2.381988889,48.742373333],[2.382063611,48.742364167]],[[2.382063611,48.742364167],[2.382128056,48.742353889]],[[2.382128056,48.742353889],[2.3821825,48.7423425]],[[2.3821825,48.7423425],[2.382234444,48.742329722]],[[2.382234444,48.742329722],[2.382282778,48.7423175]],[[2.382282778,48.7423175],[2.382336667,48.742298611]],[[2.382336667,48.742298611],[2.382389167,48.742275833]],[[2.382389167,48.742275833],[2.382429167,48.742256667]],[[2.382429167,48.742256667],[2.382476667,48.742229167]],[[2.382476667,48.742229167],[2.382513889,48.742205278]],[[2.382513889,48.742205278],[2.382555,48.742172778]],[[2.382555,48.742172778],[2.382589167,48.742141667]],[[2.382589167,48.742141667],[2.382614722,48.742115278]],[[2.382614722,48.742115278],[2.382639722,48.742085278]],[[2.382639722,48.742085278],[2.382666111,48.742045]],[[2.382666111,48.742045],[2.382685278,48.742010556]],[[2.382685278,48.742010556],[2.3826975,48.741979444]],[[2.3826975,48.741979444],[2.382708056,48.741935833]],[[2.382708056,48.741935833],[2.382753333,48.741754167]],[[2.382753333,48.741754167],[2.383598333,48.73835]],[[2.383598333,48.73835],[2.383614722,48.738290278]],[[2.383614722,48.738290278],[2.383624167,48.738246944]],[[2.383624167,48.738246944],[2.383633333,48.738202778]],[[2.383633333,48.738202778],[2.383647222,48.738129444]],[[2.383647222,48.738129444],[2.383655833,48.738078056]],[[2.383655833,48.738078056],[2.383663056,48.738026944]],[[2.383663056,48.738026944],[2.383668056,48.737978333]],[[2.383668056,48.737978333],[2.383671389,48.737923611]],[[2.383671389,48.737923611],[2.383673889,48.737880278]],[[2.383673889,48.737880278],[2.383674444,48.737832222]],[[2.383674444,48.737832222],[2.383675,48.737803056]],[[2.383675,48.737803056],[2.383673889,48.7377475]],[[2.383673889,48.7377475],[2.383671111,48.737696667]],[[2.383671111,48.737696667],[2.383668333,48.73765]],[[2.383668333,48.73765],[2.383659167,48.737584444]],[[2.383659167,48.737584444],[2.383649167,48.737513611]],[[2.383649167,48.737513611],[2.383633056,48.737431667]],[[2.383633056,48.737431667],[2.383613333,48.737356944]],[[2.383613333,48.737356944],[2.383593056,48.737283333]],[[2.383593056,48.737283333],[2.383565556,48.737196667]],[[2.383565556,48.737196667],[2.383531389,48.737105556]],[[2.383531389,48.737105556],[2.38348,48.736998889]],[[2.38348,48.736998889],[2.378794167,48.727649722]],[[2.378794167,48.727649722],[2.3787425,48.727551111]],[[2.3787425,48.727551111],[2.378723333,48.727506667]],[[2.378723333,48.727506667],[2.3787,48.727463611]],[[2.3787,48.727463611],[2.378662778,48.727405556]],[[2.378662778,48.727405556],[2.378630278,48.727366667]],[[2.378630278,48.727366667],[2.378595,48.727335833]],[[2.378595,48.727335833],[2.378538889,48.727296111]],[[2.378538889,48.727296111],[2.378493889,48.727265]],[[2.378493889,48.727265],[2.378451667,48.727241667]],[[2.378451667,48.727241667],[2.378385278,48.727213889]],[[2.378385278,48.727213889],[2.378333889,48.727193056]],[[2.378333889,48.727193056],[2.378271389,48.727175556]],[[2.378271389,48.727175556],[2.378195278,48.727159167]],[[2.378195278,48.727159167],[2.378121111,48.7271475]],[[2.378121111,48.7271475],[2.378023333,48.727136389]],[[2.378023333,48.727136389],[2.3779575,48.727134722]],[[2.3779575,48.727134722],[2.377884722,48.727136944]],[[2.377884722,48.727136944],[2.377801111,48.727146667]],[[2.377801111,48.727146667],[2.3777475,48.7271575]],[[2.3777475,48.7271575],[2.377696944,48.727174722]],[[2.377696944,48.727174722],[2.377655,48.727191667]],[[2.377655,48.727191667],[2.377606389,48.727213611]],[[2.377606389,48.727213611],[2.377560833,48.727242222]],[[2.377560833,48.727242222],[2.377515,48.727275833]],[[2.377515,48.727275833],[2.377482778,48.727305833]],[[2.377482778,48.727305833],[2.377456111,48.727339167]],[[2.377456111,48.727339167],[2.377436667,48.727370278]],[[2.377436667,48.727370278],[2.377414722,48.727414167]],[[2.377414722,48.727414167],[2.377405,48.727447222]],[[2.377405,48.727447222],[2.377403333,48.727485833]],[[2.377403333,48.727485833],[2.377403333,48.727535278]],[[2.377403333,48.727535278],[2.377410556,48.727559167]],[[2.377410556,48.727559167],[2.377416389,48.7275825]],[[2.379362222,48.731459722],[2.379375278,48.731515833]],[[2.379375278,48.731515833],[2.37938,48.731554167]],[[2.37938,48.731554167],[2.379377222,48.731594722]],[[2.379377222,48.731594722],[2.379368056,48.731642222]],[[2.379368056,48.731642222],[2.379351389,48.731681111]],[[2.379351389,48.731681111],[2.379325556,48.731721389]],[[2.379325556,48.731721389],[2.379296944,48.731758611]],[[2.379296944,48.731758611],[2.379264722,48.731788056]],[[2.379264722,48.731788056],[2.379229167,48.731816389]],[[2.379229167,48.731816389],[2.379192222,48.731840833]],[[2.379192222,48.731840833],[2.379147222,48.731863333]],[[2.379147222,48.731863333],[2.379092222,48.731888333]],[[2.379092222,48.731888333],[2.379035833,48.731906111]],[[2.379035833,48.731906111],[2.378970556,48.731920833]],[[2.378970556,48.731920833],[2.378900556,48.731931111]],[[2.378900556,48.731931111],[2.378813056,48.731936111]],[[2.378813056,48.731936111],[2.378738611,48.731933889]],[[2.378738611,48.731933889],[2.378661111,48.731923333]],[[2.376775556,48.731575833],[2.378661667,48.731923333]],[[2.378661667,48.731923333],[2.380718056,48.732302778]],[[2.380718056,48.732302778],[2.380803611,48.732319167]],[[2.380803611,48.732319167],[2.380856111,48.732331389]],[[2.380856111,48.732331389],[2.380910278,48.732345833]],[[2.380910278,48.732345833],[2.380981944,48.732369722]],[[2.380981944,48.732369722],[2.381033333,48.732391389]],[[2.381033333,48.732391389],[2.381077222,48.732413889]],[[2.381077222,48.732413889],[2.381111667,48.732433889]],[[2.381111667,48.732433889],[2.381140278,48.732454167]],[[2.381140278,48.732454167],[2.381164444,48.732473611]],[[2.381164444,48.732473611],[2.3811875,48.732492222]],[[2.3811875,48.732492222],[2.381208611,48.732512222]],[[2.381208611,48.732512222],[2.381228056,48.732532778]],[[2.381228056,48.732532778],[2.381246111,48.732555]],[[2.381246111,48.732555],[2.381263611,48.732577778]],[[2.381221389,48.732493056],[2.381233333,48.732525556]],[[2.381233333,48.732525556],[2.38124,48.732553889]],[[2.38124,48.732553889],[2.381245278,48.732580833]],[[2.381245278,48.732580833],[2.381246111,48.732606389]],[[2.381246111,48.732606389],[2.381242778,48.732634722]],[[2.381242778,48.732634722],[2.381238333,48.732661667]],[[2.381238333,48.732661667],[2.381229722,48.732691389]],[[2.381229722,48.732691389],[2.381219167,48.732718611]],[[2.381219167,48.732718611],[2.381205833,48.732744167]],[[2.381205833,48.732744167],[2.381191111,48.732767778]],[[2.381191111,48.732767778],[2.381171667,48.732792778]],[[2.381171667,48.732792778],[2.381151111,48.732816389]],[[2.381151111,48.732816389],[2.381128333,48.732839167]],[[2.381128333,48.732839167],[2.381105,48.732859167]],[[2.381105,48.732859167],[2.381078056,48.732879444]],[[2.381078056,48.732879444],[2.381050833,48.732896944]],[[2.381050833,48.732896944],[2.381016389,48.732919167]],[[2.381016389,48.732919167],[2.3809875,48.732932222]],[[2.3809875,48.732932222],[2.3809475,48.732950278]],[[2.3809475,48.732950278],[2.380907778,48.732964444]],[[2.380907778,48.732964444],[2.380868611,48.732976944]],[[2.380868611,48.732976944],[2.380822222,48.7329875]],[[2.380822222,48.7329875],[2.38076,48.733000833]],[[2.38076,48.733000833],[2.380698611,48.73301]],[[2.380698611,48.73301],[2.380663611,48.733013611]],[[2.380663611,48.733013611],[2.380630556,48.733016111]],[[2.380630556,48.733016111],[2.380593056,48.733016944]],[[2.380593056,48.733016944],[2.380558333,48.733017778]],[[2.380558333,48.733017778],[2.380516667,48.733015]],[[2.380516667,48.733015],[2.380485278,48.733012222]],[[2.380485278,48.733012222],[2.380443611,48.733006667]],[[2.380443611,48.733006667],[2.380400556,48.732999167]],[[2.380400556,48.732999167],[2.380356389,48.73299]],[[2.380356389,48.73299],[2.380315833,48.732977778]],[[2.380315833,48.732977778],[2.38028,48.732964722]],[[2.38028,48.732964722],[2.380241944,48.732948056]],[[2.380241944,48.732948056],[2.380209444,48.732932222]],[[2.380209444,48.732932222],[2.380176111,48.732915]],[[2.380176111,48.732915],[2.380146667,48.732896667]],[[2.380146667,48.732896667],[2.3801225,48.732879444]],[[2.3801225,48.732879444],[2.380094722,48.732856667]],[[2.380094722,48.732856667],[2.380073611,48.732836389]],[[2.380073611,48.732836389],[2.380051944,48.732813333]],[[2.380051944,48.732813333],[2.38003,48.732784444]],[[2.38003,48.732784444],[2.380013611,48.732758611]],[[2.380760278,48.733001111],[2.380721667,48.733012222]],[[2.380721667,48.733012222],[2.380681389,48.733024722]],[[2.380681389,48.733024722],[2.380651111,48.733035556]],[[2.380651111,48.733035556],[2.380621667,48.733047222]],[[2.380621667,48.733047222],[2.380595833,48.733060833]],[[2.380595833,48.733060833],[2.380566111,48.733077222]],[[2.380566111,48.733077222],[2.380543611,48.733090833]],[[2.380543611,48.733090833],[2.380523056,48.733105]],[[2.380523056,48.733105],[2.380498056,48.733123056]],[[2.380498056,48.733123056],[2.380476667,48.733142222]],[[2.380476667,48.733142222],[2.380457778,48.733160278]],[[2.380457778,48.733160278],[2.3804375,48.733181944]],[[2.3804375,48.733181944],[2.380421389,48.733202222]],[[2.380421389,48.733202222],[2.380404167,48.733226667]],[[2.380404167,48.733226667],[2.380389444,48.733256389]],[[2.380389444,48.733256389],[2.380378333,48.733282778]],[[2.380378333,48.733282778],[2.380371111,48.7333025]],[[2.380371111,48.7333025],[2.380363889,48.733329722]],[[2.380363889,48.733329722],[2.380361389,48.733351667]],[[2.380361389,48.733351667],[2.380358889,48.733376944]],[[2.380358889,48.733376944],[2.38036,48.7334]],[[2.38036,48.7334],[2.380363611,48.733427222]],[[2.380363611,48.733427222],[2.380370556,48.733458056]],[[2.380370556,48.733458056],[2.3803825,48.733495278]],[[2.385938056,48.7381375],[2.385876111,48.738149444]],[[2.385876111,48.738149444],[2.385828333,48.738156944]],[[2.385828333,48.738156944],[2.385771944,48.738161389]],[[2.385771944,48.738161389],[2.385714167,48.738164722]],[[2.385714167,48.738164722],[2.385658611,48.738163611]],[[2.385658611,48.738163611],[2.385597778,48.738161389]],[[2.385597778,48.738161389],[2.385544444,48.738156944]],[[2.385544444,48.738156944],[2.385494444,48.738151389]],[[2.385494444,48.738151389],[2.385443889,48.738141389]],[[2.385443889,48.738141389],[2.385386944,48.738128333]],[[2.385386944,48.738128333],[2.385334167,48.738113611]],[[2.385334167,48.738113611],[2.385275,48.738094722]],[[2.385275,48.738094722],[2.384608333,48.737874444]],[[2.3845575,48.737856667],[2.382465,48.737161944]],[[2.382465,48.737161944],[2.382410833,48.737143611]],[[2.382410833,48.737143611],[2.382372222,48.737129167]],[[2.382372222,48.737129167],[2.382328889,48.737110833]],[[2.382328889,48.737110833],[2.382285,48.737088611]],[[2.382285,48.737088611],[2.382254444,48.73707]],[[2.382254444,48.73707],[2.382210278,48.737041111]],[[2.382210278,48.737041111],[2.382184167,48.73702]],[[2.382184167,48.73702],[2.382152778,48.736986944]],[[2.382152778,48.736986944],[2.382128611,48.736959444]],[[2.382128611,48.736959444],[2.382109722,48.736930833]],[[2.382109722,48.736930833],[2.382087222,48.736893333]],[[2.382413056,48.737144167],[2.382465556,48.737159167]],[[2.382465556,48.737159167],[2.382509722,48.737169444]],[[2.382509722,48.737169444],[2.382553611,48.737176944]],[[2.382553611,48.737176944],[2.382603333,48.737183611]],[[2.382603333,48.737183611],[2.382655,48.737187222]],[[2.382655,48.737187222],[2.382707222,48.737188056]],[[2.382707222,48.737188056],[2.382764722,48.737186389]],[[2.382764722,48.737186389],[2.382825278,48.737180833]],[[2.382825278,48.737180833],[2.382884167,48.737170556]],[[2.382884167,48.737170556],[2.382931667,48.73716]],[[2.382931667,48.73716],[2.382986389,48.737144722]],[[2.382986389,48.737144722],[2.3830325,48.737126389]],[[2.3830325,48.737126389],[2.383074722,48.737108333]],[[2.383074722,48.737108333],[2.383111389,48.737088889]],[[2.383111389,48.737088889],[2.383149444,48.737065278]],[[2.383149444,48.737065278],[2.383186944,48.737035556]],[[2.383186944,48.737035556],[2.383219722,48.737005833]],[[2.383219722,48.737005833],[2.383244444,48.736981944]],[[2.383244444,48.736981944],[2.383266111,48.736957222]],[[2.383266111,48.736957222],[2.3832875,48.736925833]],[[2.3832875,48.736925833],[2.3833025,48.736895278]],[[2.3833025,48.736895278],[2.383319167,48.736855]],[[2.383319167,48.736855],[2.383326944,48.736820833]],[[2.383326944,48.736820833],[2.38333,48.73679]],[[2.38333,48.73679],[2.383334444,48.73675]],[[2.383334444,48.73675],[2.383329167,48.736716944]],[[2.383329167,48.736716944],[2.383318889,48.7366775]],[[2.383496389,48.737031667],[2.383541389,48.737115833]],[[2.383541389,48.737115833],[2.383572222,48.737177778]],[[2.383572222,48.737177778],[2.383650833,48.737323889]],[[2.383650833,48.737323889],[2.383676944,48.737370833]],[[2.383676944,48.737370833],[2.383699444,48.737408333]],[[2.383699444,48.737408333],[2.383722222,48.737437222]],[[2.383722222,48.737437222],[2.383750833,48.737472778]],[[2.383750833,48.737472778],[2.383783056,48.737504444]],[[2.383783056,48.737504444],[2.383818056,48.737535278]],[[2.383818056,48.737535278],[2.383862222,48.737568056]],[[2.383862222,48.737568056],[2.383909444,48.737601389]],[[2.383909444,48.737601389],[2.383958611,48.737628611]],[[2.383958611,48.737628611],[2.384015,48.7376575]],[[2.384015,48.7376575],[2.384070833,48.737682222]],[[2.384070833,48.737682222],[2.384140278,48.737710833]],[[2.384140278,48.737710833],[2.384299722,48.737771667]],[[2.383674444,48.7378375],[2.383666944,48.737778611]],[[2.383666944,48.737778611],[2.38366,48.73775]],[[2.38366,48.73775],[2.383651111,48.737721389]],[[2.383651111,48.737721389],[2.383634167,48.737688056]],[[2.383634167,48.737688056],[2.383615,48.737656667]],[[2.383615,48.737656667],[2.383594444,48.737626667]],[[2.383594444,48.737626667],[2.383570556,48.7376025]],[[2.383570556,48.7376025],[2.383543611,48.737575278]],[[2.383543611,48.737575278],[2.383509722,48.737547778]],[[2.383509722,48.737547778],[2.383477778,48.737523333]],[[2.383477778,48.737523333],[2.383435833,48.737499167]],[[2.383435833,48.737499167],[2.383391944,48.737476111]],[[2.383391944,48.737476111],[2.383279167,48.737432778]],[[2.384287778,48.738497778],[2.383966111,48.738569444]],[[2.383966111,48.738569444],[2.383901111,48.738584167]],[[2.383901111,48.738584167],[2.383838611,48.7386]],[[2.383838611,48.7386],[2.383793333,48.738615833]],[[2.383793333,48.738615833],[2.383744444,48.738636111]],[[2.383744444,48.738636111],[2.383701111,48.738656667]],[[2.383701111,48.738656667],[2.383656944,48.738683056]],[[2.383656944,48.738683056],[2.383612222,48.738713889]],[[2.383612222,48.738713889],[2.383570833,48.7387475]],[[2.383570833,48.7387475],[2.383539444,48.738779444]],[[2.383539444,48.738779444],[2.383509167,48.738819722]],[[2.383509167,48.738819722],[2.383487222,48.738860278]],[[2.383487222,48.738860278],[2.383439167,48.738991944]],[[2.3835025,48.738737778],[2.383510833,48.738678333]],[[2.383510833,48.738678333],[2.383508056,48.738628889]],[[2.383508056,48.738628889],[2.383501111,48.738585278]],[[2.383501111,48.738585278],[2.383486111,48.738544444]],[[2.383486111,48.738544444],[2.38347,48.738507222]],[[2.38347,48.738507222],[2.383445278,48.738466389]],[[2.383445278,48.738466389],[2.383419722,48.738430278]],[[2.383419722,48.738430278],[2.383389722,48.738395556]],[[2.383389722,48.738395556],[2.383356111,48.738365556]],[[2.383356111,48.738365556],[2.3833125,48.738332222]],[[2.3833125,48.738332222],[2.383266944,48.738306111]],[[2.383266944,48.738306111],[2.383218611,48.738279444]],[[2.383218611,48.738279444],[2.383155278,48.738247778]],[[2.382930556,48.741034722],[2.382898333,48.741105]],[[2.382898333,48.741105],[2.382865833,48.741144722]],[[2.382865833,48.741144722],[2.382827778,48.741185833]],[[2.382827778,48.741185833],[2.382784722,48.741221111]],[[2.382784722,48.741221111],[2.382738611,48.741251667]],[[2.382738611,48.741251667],[2.382691389,48.741276111]],[[2.382691389,48.741276111],[2.382636111,48.741299444]],[[2.382636111,48.741299444],[2.382574444,48.74132]],[[2.382574444,48.74132],[2.382512778,48.741335]],[[2.382512778,48.741335],[2.382445556,48.741345556]],[[2.382445556,48.741345556],[2.382376667,48.741351389]],[[2.382376667,48.741351389],[2.382304167,48.741353333]],[[2.382304167,48.741353333],[2.3822,48.741353056]],[[2.3822,48.741353056],[2.382139167,48.741349722]],[[2.382139167,48.741349722],[2.382073611,48.741340833]],[[2.382073611,48.741340833],[2.382011944,48.741328333]],[[2.382011944,48.741328333],[2.381962222,48.741315]],[[2.381962222,48.741315],[2.381900278,48.741293611]],[[2.381900278,48.741293611],[2.381856111,48.741273333]],[[2.381856111,48.741273333],[2.381801667,48.741244444]],[[2.381801667,48.741244444],[2.381761667,48.741218056]],[[2.381761667,48.741218056],[2.381725,48.741188333]],[[2.381725,48.741188333],[2.381695556,48.741159444]],[[2.381695556,48.741159444],[2.381666944,48.741125556]],[[2.381666944,48.741125556],[2.381644722,48.741090556]],[[2.381644722,48.741090556],[2.381629444,48.741058056]],[[2.381629444,48.741058056],[2.381616111,48.741021389]],[[2.381616111,48.741021389],[2.381608056,48.740987222]],[[2.381608056,48.740987222],[2.381605,48.740956944]],[[2.381605,48.740956944],[2.381606667,48.740931389]],[[2.381606667,48.740931389],[2.38161,48.740901667]],[[2.38161,48.740901667],[2.3816175,48.740866667]],[[2.3816175,48.740866667],[2.381663611,48.740679444]],[[2.37738,48.739997222],[2.372526111,48.739953333]],[[2.372526111,48.739953333],[2.372453889,48.739956111]],[[2.372453889,48.739956111],[2.372406667,48.739960278]],[[2.372406667,48.739960278],[2.372345278,48.739968611]],[[2.372345278,48.739968611],[2.372278333,48.739981111]],[[2.372278333,48.739981111],[2.372227222,48.739992778]],[[2.372227222,48.739992778],[2.372175833,48.740008333]],[[2.372175833,48.740008333],[2.372119167,48.740027778]],[[2.372119167,48.740027778],[2.372068611,48.740049167]],[[2.372068611,48.740049167],[2.372017222,48.740075278]],[[2.372017222,48.740075278],[2.371973611,48.740100278]],[[2.371973611,48.740100278],[2.371929444,48.740129722]],[[2.371929444,48.740129722],[2.371890833,48.740160278]],[[2.371890833,48.740160278],[2.371854722,48.740193056]],[[2.371854722,48.740193056],[2.371828056,48.74022]],[[2.371828056,48.74022],[2.371803889,48.740250278]],[[2.371803889,48.740250278],[2.371780556,48.740282778]],[[2.371780556,48.740282778],[2.371758889,48.740320833]],[[2.371758889,48.740320833],[2.371742222,48.740361111]],[[2.371742222,48.740361111],[2.371726944,48.740404167]],[[2.371726944,48.740404167],[2.371720556,48.740446111]],[[2.371720556,48.740446111],[2.371718333,48.7404875]],[[2.371718333,48.7404875],[2.371692778,48.741764722]],[[2.371692778,48.741764722],[2.3716975,48.741815833]],[[2.3716975,48.741815833],[2.371706389,48.741856944]],[[2.371706389,48.741856944],[2.371716667,48.741891944]],[[2.371716667,48.741891944],[2.371733333,48.741932778]],[[2.371733333,48.741932778],[2.371755556,48.741969444]],[[2.371755556,48.741969444],[2.371780556,48.7420075]],[[2.371780556,48.7420075],[2.371809167,48.742041944]],[[2.371809167,48.742041944],[2.371839167,48.742073611]],[[2.371839167,48.742073611],[2.371865556,48.742095556]],[[2.371865556,48.742095556],[2.371901111,48.742125]],[[2.371901111,48.742125],[2.371943056,48.742153333]],[[2.371943056,48.742153333],[2.371984167,48.742176944]],[[2.371984167,48.742176944],[2.372026944,48.742198889]],[[2.372026944,48.742198889],[2.372078889,48.742222222]],[[2.372078889,48.742222222],[2.372133889,48.742242222]],[[2.372133889,48.742242222],[2.372188056,48.742258889]],[[2.372188056,48.742258889],[2.372251111,48.742275833]],[[2.372251111,48.742275833],[2.372312778,48.742288611]],[[2.372312778,48.742288611],[2.372381389,48.742296389]],[[2.372381389,48.742296389],[2.372452222,48.7423025]],[[2.372452222,48.7423025],[2.372506944,48.742304722]],[[2.371691389,48.7417625],[2.371686667,48.741811111]],[[2.371686667,48.741811111],[2.371677222,48.741856389]],[[2.371677222,48.741856389],[2.371663889,48.741892222]],[[2.371663889,48.741892222],[2.371643611,48.741935833]],[[2.371643611,48.741935833],[2.371615278,48.741981111]],[[2.371615278,48.741981111],[2.371586667,48.7420175]],[[2.371586667,48.7420175],[2.3715675,48.7420375]],[[2.3715675,48.7420375],[2.371533056,48.742071944]],[[2.371533056,48.742071944],[2.371505,48.742095]],[[2.371505,48.742095],[2.371463056,48.742125278]],[[2.371463056,48.742125278],[2.371429167,48.742147222]],[[2.371429167,48.742147222],[2.3713875,48.742170833]],[[2.3713875,48.742170833],[2.371343333,48.742192778]],[[2.371343333,48.742192778],[2.371297222,48.742212222]],[[2.371297222,48.742212222],[2.371248333,48.742231111]],[[2.371248333,48.742231111],[2.371180556,48.742250833]],[[2.371180556,48.742250833],[2.371103056,48.74227]],[[2.371103056,48.74227],[2.371031944,48.742285]],[[2.371031944,48.742285],[2.370961389,48.742290833]],[[2.38535,48.734809167],[2.384948611,48.734016111]],[[2.384948611,48.734016111],[2.384922222,48.7339725]],[[2.384922222,48.7339725],[2.384893333,48.733932778]],[[2.384893333,48.733932778],[2.384850556,48.733895]],[[2.384850556,48.733895],[2.384792222,48.733864722]],[[2.384792222,48.733864722],[2.384714722,48.733843611]],[[2.384714722,48.733843611],[2.384629722,48.733825]],[[2.384629722,48.733825],[2.382386389,48.733352222]],[[2.384051944,48.732225833],[2.384457778,48.733036667]],[[2.384457778,48.733036667],[2.3844775,48.733082778]],[[2.3844775,48.733082778],[2.384490833,48.733136667]],[[2.384490833,48.733136667],[2.384491389,48.733212222]],[[2.384491389,48.733212222],[2.384482778,48.733267778]],[[2.384482778,48.733267778],[2.384461667,48.733321111]],[[2.384461667,48.733321111],[2.384433611,48.733369722]],[[2.384433611,48.733369722],[2.384402778,48.733409444]],[[2.384402778,48.733409444],[2.384350833,48.733458056]],[[2.384350833,48.733458056],[2.384301389,48.733493889]],[[2.384301389,48.733493889],[2.3842475,48.733530278]],[[2.3842475,48.733530278],[2.384188611,48.733558889]],[[2.384188611,48.733558889],[2.384131944,48.733578889]],[[2.384131944,48.733578889],[2.3840675,48.733600556]],[[2.3840675,48.733600556],[2.383993333,48.733616944]],[[2.383993333,48.733616944],[2.383914722,48.7336275]],[[2.383914722,48.7336275],[2.383842222,48.733629444]],[[2.383842222,48.733629444],[2.383762778,48.733629722]],[[2.383762778,48.733629722],[2.383652222,48.733619167]],[[2.382343611,48.733341944],[2.381837778,48.733237222]],[[2.381837778,48.733237222],[2.3817825,48.733220278]],[[2.3817825,48.733220278],[2.381716111,48.733195]],[[2.381716111,48.733195],[2.381666944,48.733172778]],[[2.381666944,48.733172778],[2.3816175,48.733145833]],[[2.3816175,48.733145833],[2.381578889,48.733117778]],[[2.381578889,48.733117778],[2.381546944,48.733088611]],[[2.381546944,48.733088611],[2.381523611,48.733061389]],[[2.381523611,48.733061389],[2.381485833,48.733016389]],[[2.381485833,48.733016389],[2.381469167,48.732988056]],[[2.381683889,48.733180833],[2.381593611,48.733139444]],[[2.381593611,48.733139444],[2.381551944,48.733120833]],[[2.381551944,48.733120833],[2.381509167,48.733098889]],[[2.381509167,48.733098889],[2.381456389,48.733075556]],[[2.381456389,48.733075556],[2.381377778,48.733041389]],[[2.381377778,48.733041389],[2.3813375,48.733026667]],[[2.3813375,48.733026667],[2.381275,48.733004167]],[[2.381275,48.733004167],[2.381210556,48.732987778]],[[2.381210556,48.732987778],[2.381135278,48.732973333]],[[2.381135278,48.732973333],[2.381070278,48.732967222]],[[2.381070278,48.732967222],[2.381017222,48.732966944]],[[2.381017222,48.732966944],[2.380955833,48.732968611]],[[2.380955833,48.732968611],[2.380908056,48.732971944]],[[2.380908056,48.732971944],[2.380859722,48.73298]],[[2.381586667,48.733222222],[2.381571667,48.733199722]],[[2.381571667,48.733199722],[2.381556111,48.733176389]],[[2.381556111,48.733176389],[2.381535,48.733152778]],[[2.381535,48.733152778],[2.381506667,48.733126389]],[[2.381506667,48.733126389],[2.381482222,48.733106389]],[[2.381482222,48.733106389],[2.381443889,48.733079722]],[[2.381443889,48.733079722],[2.381406667,48.733058056]],[[2.381406667,48.733058056],[2.381359167,48.733034722]],[[2.380403611,48.732244722],[2.380437222,48.732247222]],[[2.380437222,48.732247222],[2.380479444,48.732248611]],[[2.380479444,48.732248611],[2.380522222,48.732247222]],[[2.380522222,48.732247222],[2.380558889,48.732242778]],[[2.380558889,48.732242778],[2.380605833,48.732236111]],[[2.380605833,48.732236111],[2.380657222,48.732224444]],[[2.380657222,48.732224444],[2.380695833,48.732212222]],[[2.380695833,48.732212222],[2.380740278,48.732194444]],[[2.380740278,48.732194444],[2.38078,48.732173333]],[[2.38078,48.732173333],[2.380815833,48.732149722]],[[2.380815833,48.732149722],[2.380855556,48.732116667]],[[2.380855556,48.732116667],[2.380881944,48.732081944]],[[2.380881944,48.732081944],[2.380903611,48.732049444]],[[2.380903611,48.732049444],[2.380920556,48.732009167]],[[2.380920556,48.732009167],[2.380927222,48.731969167]],[[2.380927222,48.731969167],[2.380928611,48.731933889]],[[2.380928611,48.731933889],[2.380923333,48.731903889]],[[2.380923333,48.731903889],[2.380911667,48.731876111]],[[2.382331667,48.728790556],[2.381954444,48.728041944]],[[2.381954444,48.728041944],[2.381918611,48.727993056]],[[2.381918611,48.727993056],[2.381880278,48.727950278]],[[2.381880278,48.727950278],[2.38183,48.7279075]],[[2.38183,48.7279075],[2.381767778,48.727864444]],[[2.381767778,48.727864444],[2.381720556,48.72784]],[[2.381720556,48.72784],[2.381649722,48.727809167]],[[2.381649722,48.727809167],[2.381566111,48.727781389]],[[2.381256111,48.726661667],[2.381442778,48.727024167]],[[2.381442778,48.727024167],[2.381469444,48.727076111]],[[2.381469444,48.727076111],[2.381480833,48.727121667]],[[2.381480833,48.727121667],[2.381479444,48.727183056]],[[2.381479444,48.727183056],[2.381475833,48.727245]],[[2.381475833,48.727245],[2.381449444,48.7273075]],[[2.381449444,48.7273075],[2.381421389,48.727359444]],[[2.381421389,48.727359444],[2.381386667,48.727403889]],[[2.381386667,48.727403889],[2.381343056,48.727448056]],[[2.381343056,48.727448056],[2.381276667,48.727494167]],[[2.381276667,48.727494167],[2.381216944,48.727530556]],[[2.381216944,48.727530556],[2.381145278,48.727562222]],[[2.381145278,48.727562222],[2.38107,48.727584444]],[[2.38107,48.727584444],[2.380990278,48.727603333]],[[2.380990278,48.727603333],[2.380878889,48.727620833]],[[2.380878889,48.727620833],[2.380804722,48.727622778]],[[2.380804722,48.727622778],[2.380729722,48.727621111]],[[2.380729722,48.727621111],[2.380651111,48.727611389]],[[2.378658611,48.727957778],[2.378688611,48.727926667]],[[2.378688611,48.727926667],[2.378715556,48.7278925]],[[2.378715556,48.7278925],[2.378744444,48.727847778]],[[2.378744444,48.727847778],[2.378762222,48.727811667]],[[2.378762222,48.727811667],[2.378774444,48.727754167]],[[2.378774444,48.727754167],[2.378778611,48.727711389]],[[2.378778611,48.727711389],[2.378778889,48.72766]],[[2.378778889,48.72766],[2.378770833,48.727612222]],[[2.378770833,48.727612222],[2.378756111,48.727576389]],[[2.3790775,48.727628889],[2.379027778,48.727683333]],[[2.379027778,48.727683333],[2.378999444,48.727723611]],[[2.378999444,48.727723611],[2.378973611,48.727774722]],[[2.378973611,48.727774722],[2.378956944,48.727831389]],[[2.378956944,48.727831389],[2.378949167,48.727896667]],[[2.378949167,48.727896667],[2.378960833,48.727950833]],[[2.378960833,48.727950833],[2.378974444,48.728011111]],[[2.3792575,48.728575278],[2.379224444,48.728522778]],[[2.379224444,48.728522778],[2.379184167,48.7284775]],[[2.379184167,48.7284775],[2.379135833,48.728435]],[[2.379135833,48.728435],[2.379081111,48.7283975]],[[2.379081111,48.7283975],[2.379018889,48.728365278]],[[2.379018889,48.728365278],[2.378941667,48.728331389]],[[2.378941667,48.728331389],[2.378853333,48.728306389]],[[2.378853333,48.728306389],[2.378744722,48.728284444]],[[2.378744722,48.728284444],[2.378511667,48.728241389]],[[2.378511667,48.728241389],[2.378605278,48.728259722]],[[2.378605278,48.728259722],[2.377760833,48.728103056]],[[2.377760833,48.728103056],[2.374849722,48.727566389]],[[2.374849722,48.727566389],[2.374767778,48.727548333]],[[2.374767778,48.727548333],[2.374697778,48.727533056]],[[2.374697778,48.727533056],[2.37463,48.727510556]],[[2.37463,48.727510556],[2.374189444,48.727373056]],[[2.374189444,48.727373056],[2.374136944,48.727356667]],[[2.374136944,48.727356667],[2.374056111,48.727340833]],[[2.374056111,48.727340833],[2.370422778,48.726668611]],[[2.370422778,48.726668611],[2.370351111,48.726659722]],[[2.370351111,48.726659722],[2.370257222,48.726652778]],[[2.370257222,48.726652778],[2.369979722,48.7266475]],[[2.369979722,48.7266475],[2.369916667,48.726645]],[[2.369916667,48.726645],[2.369854167,48.726638889]],[[2.369854167,48.726638889],[2.369776667,48.726628333]],[[2.369776667,48.726628333],[2.369704167,48.726616111]],[[2.369704167,48.726616111],[2.369088611,48.726501667]],[[2.369088611,48.726501667],[2.368867778,48.726457778]],[[2.368867778,48.726457778],[2.368793889,48.726442222]],[[2.368793889,48.726442222],[2.368734722,48.726429444]],[[2.368734722,48.726429444],[2.368661389,48.726410556]],[[2.368661389,48.726410556],[2.367405,48.726101111]],[[2.367405,48.726101111],[2.366070556,48.725773889]],[[2.366070556,48.725773889],[2.366006944,48.725758056]],[[2.366006944,48.725758056],[2.365945556,48.725743611]],[[2.365945556,48.725743611],[2.365892222,48.725733056]],[[2.365892222,48.725733056],[2.365751667,48.725706944]],[[2.365751667,48.725706944],[2.365249722,48.725614444]],[[2.365249722,48.725614444],[2.360596389,48.724752222]],[[2.360596389,48.724752222],[2.360515,48.724737222]],[[2.360515,48.724737222],[2.3604075,48.724719722]],[[2.3604075,48.724719722],[2.360310833,48.724708611]],[[2.360310833,48.724708611],[2.360228333,48.724699722]],[[2.360228333,48.724699722],[2.360116667,48.724688889]],[[2.360116667,48.724688889],[2.359989167,48.724679444]],[[2.359989167,48.724679444],[2.359866111,48.724673889]],[[2.359866111,48.724673889],[2.359694722,48.72467]],[[2.359694722,48.72467],[2.359539167,48.724672222]],[[2.359539167,48.724672222],[2.359351667,48.724681111]],[[2.359351667,48.724681111],[2.359205556,48.724693889]],[[2.359205556,48.724693889],[2.359023333,48.724716667]],[[2.359023333,48.724716667],[2.358754722,48.724751667]],[[2.358754722,48.724751667],[2.358656944,48.724761944]],[[2.358656944,48.724761944],[2.358559722,48.724772778]],[[2.358559722,48.724772778],[2.358456389,48.724781111]],[[2.358456389,48.724781111],[2.358357222,48.724785833]],[[2.358357222,48.724785833],[2.358260833,48.724787778]],[[2.358260833,48.724787778],[2.358131389,48.7247875]],[[2.358131389,48.7247875],[2.358018889,48.724785]],[[2.358018889,48.724785],[2.357883056,48.72478]],[[2.357883056,48.72478],[2.357758889,48.724773056]],[[2.357758889,48.724773056],[2.357637778,48.724763056]],[[2.357637778,48.724763056],[2.357505,48.724749444]],[[2.357505,48.724749444],[2.357364444,48.724728333]],[[2.357364444,48.724728333],[2.3572625,48.724711389]],[[2.3572625,48.724711389],[2.357148889,48.724691667]],[[2.357148889,48.724691667],[2.350469722,48.723456667]],[[2.350469722,48.723456667],[2.350332222,48.723432222]],[[2.350332222,48.723432222],[2.350244167,48.723420278]],[[2.350244167,48.723420278],[2.350146111,48.723407778]],[[2.350146111,48.723407778],[2.350073056,48.723402222]],[[2.350073056,48.723402222],[2.349998611,48.723396389]],[[2.349998611,48.723396389],[2.349933889,48.723393889]],[[2.349933889,48.723393889],[2.349852778,48.723393056]],[[2.349852778,48.723393056],[2.349763056,48.723394444]],[[2.349763056,48.723394444],[2.34967,48.723395556]],[[2.34967,48.723395556],[2.349599167,48.723398333]],[[2.349599167,48.723398333],[2.349488333,48.723408333]],[[2.349488333,48.723408333],[2.349418333,48.723416111]],[[2.349418333,48.723416111],[2.349328333,48.723428611]],[[2.349328333,48.723428611],[2.349245278,48.723442778]],[[2.349245278,48.723442778],[2.349164444,48.723460556]],[[2.349164444,48.723460556],[2.349008056,48.723496111]],[[2.365945556,48.721903611],[2.365718889,48.721916667]],[[2.365718889,48.721916667],[2.365614167,48.721925556]],[[2.365614167,48.721925556],[2.365515833,48.721940556]],[[2.365515833,48.721940556],[2.365417778,48.721959167]],[[2.365417778,48.721959167],[2.365325,48.721983611]],[[2.365325,48.721983611],[2.365234444,48.722009722]],[[2.365234444,48.722009722],[2.364990556,48.722099722]],[[2.376610833,48.726867778],[2.376856944,48.726920278]],[[2.376856944,48.726920278],[2.376904444,48.726935278]],[[2.376904444,48.726935278],[2.376950556,48.726954722]],[[2.376950556,48.726954722],[2.376992222,48.726975]],[[2.376992222,48.726975],[2.377029722,48.726994444]],[[2.377029722,48.726994444],[2.377065556,48.727016944]],[[2.377065556,48.727016944],[2.377094722,48.727039722]],[[2.377094722,48.727039722],[2.377125,48.727066111]],[[2.377125,48.727066111],[2.377148889,48.727091389]],[[2.377148889,48.727091389],[2.377171389,48.727118889]],[[2.377171389,48.727118889],[2.377215,48.727183333]],[[2.377215,48.727183333],[2.377231389,48.727211667]],[[2.377785833,48.727149444],[2.377720278,48.7271625]],[[2.377720278,48.7271625],[2.377668889,48.727176111]],[[2.377668889,48.727176111],[2.377620833,48.727192222]],[[2.377620833,48.727192222],[2.377574722,48.727211944]],[[2.377574722,48.727211944],[2.377525556,48.727236667]],[[2.377525556,48.727236667],[2.377480556,48.727264444]],[[2.377480556,48.727264444],[2.377443611,48.727291111]],[[2.377443611,48.727291111],[2.377406111,48.727323333]],[[2.377406111,48.727323333],[2.377371944,48.727357778]],[[2.377371944,48.727357778],[2.377351389,48.727387222]],[[2.377351389,48.727387222],[2.377321389,48.7274325]],[[2.377321389,48.7274325],[2.3773,48.727471944]],[[2.3773,48.727471944],[2.377288611,48.727511111]],[[2.377288611,48.727511111],[2.377273611,48.727548333]],[[2.377273611,48.727548333],[2.377265,48.727571111]],[[2.377265,48.727571111],[2.3772425,48.727605278]],[[2.3772425,48.727605278],[2.377220278,48.727638611]],[[2.377220278,48.727638611],[2.3771925,48.727669444]],[[2.3771925,48.727669444],[2.377163889,48.727696389]],[[2.377163889,48.727696389],[2.377136667,48.7277175]],[[2.377136667,48.7277175],[2.377098333,48.727746111]],[[2.377098333,48.727746111],[2.377052222,48.727773056]],[[2.377052222,48.727773056],[2.377008611,48.727796667]],[[2.377008611,48.727796667],[2.3769625,48.727814167]],[[2.3769625,48.727814167],[2.376912222,48.727832778]],[[2.376912222,48.727832778],[2.376866667,48.727845556]],[[2.376866667,48.727845556],[2.376811111,48.727858611]],[[2.376811111,48.727858611],[2.376746389,48.727868889]],[[2.376746389,48.727868889],[2.376683611,48.727874444]],[[2.376683611,48.727874444],[2.376625556,48.727877222]],[[2.376625556,48.727877222],[2.376568611,48.727875]],[[2.376568611,48.727875],[2.376518333,48.727871111]],[[2.376518333,48.727871111],[2.376457222,48.727862222]],[[2.377268333,48.727285],[2.377285,48.727329444]],[[2.377285,48.727329444],[2.377295,48.727362222]],[[2.377295,48.727362222],[2.377299167,48.727397222]],[[2.377299167,48.727397222],[2.377299444,48.727435]],[[2.377299444,48.727435],[2.377298889,48.727469722]],[[2.377298889,48.727469722],[2.377288333,48.727511389]],[[2.375143333,48.718604444],[2.375275278,48.718450833]],[[2.375275278,48.718450833],[2.3753725,48.718356667]],[[2.3753725,48.718356667],[2.375497222,48.718246944]],[[2.375497222,48.718246944],[2.3756325,48.718145]],[[2.3756325,48.718145],[2.375709167,48.718097778]],[[2.375709167,48.718097778],[2.375792222,48.718061667]],[[2.375792222,48.718061667],[2.375870556,48.718036667]],[[2.375870556,48.718036667],[2.375963056,48.718016389]],[[2.375963056,48.718016389],[2.376036944,48.718005]],[[2.376036944,48.718005],[2.376094444,48.718001111]],[[2.376094444,48.718001111],[2.376155,48.718001389]],[[2.376155,48.718001389],[2.376205,48.7180075]],[[2.376205,48.7180075],[2.376283056,48.718023056]],[[2.376283056,48.718023056],[2.376339444,48.718039444]],[[2.376339444,48.718039444],[2.376396944,48.718061944]],[[2.374865,48.718459167],[2.375140278,48.718100556]],[[2.375140278,48.718100556],[2.375184722,48.718041944]],[[2.375184722,48.718041944],[2.375234444,48.717990278]],[[2.375234444,48.717990278],[2.375286944,48.717947222]],[[2.375286944,48.717947222],[2.375360833,48.717899722]],[[2.375360833,48.717899722],[2.375423333,48.717868333]],[[2.375423333,48.717868333],[2.375576111,48.717811389]],[[2.375576111,48.717811389],[2.375803889,48.717741944]],[[2.374102222,48.720067778],[2.374186389,48.720084444]],[[2.374048056,48.720199167],[2.374146389,48.720209722]],[[2.374047778,48.720334722],[2.374146944,48.720323611]],[[2.374081111,48.720466389],[2.374178611,48.720456667]],[[2.374121667,48.720598611],[2.374221389,48.720582222]],[[2.374173611,48.720731389],[2.374279444,48.720706667]],[[2.376185833,48.718005833],[2.376171667,48.718071944]],[[2.3760025,48.718073889],[2.375983611,48.718014444]],[[2.37579,48.718061944],[2.375839722,48.718117222]],[[2.375157778,48.718585833],[2.375258611,48.718619167]],[[2.37526,48.718467778],[2.375351667,48.718501944]],[[2.375374722,48.718355278],[2.375456389,48.718393056]],[[2.3754975,48.7182475],[2.375574167,48.718289722]],[[2.375629444,48.718146389],[2.375703333,48.71819]],[[2.364178889,48.724688611],[2.363723889,48.724625556]],[[2.363723889,48.724625556],[2.363524444,48.724598611]],[[2.363524444,48.724598611],[2.363422778,48.724589444]],[[2.363422778,48.724589444],[2.3633175,48.724585]],[[2.3633175,48.724585],[2.363210833,48.724582778]],[[2.363210833,48.724582778],[2.363114722,48.724584722]],[[2.363114722,48.724584722],[2.363004722,48.724590278]],[[2.363004722,48.724590278],[2.362911389,48.724601944]],[[2.362911389,48.724601944],[2.362845,48.724616944]],[[2.362845,48.724616944],[2.362784444,48.724637222]],[[2.362784444,48.724637222],[2.362743611,48.724655833]],[[2.362743611,48.724655833],[2.362717222,48.724673056]],[[2.362717222,48.724673056],[2.362701667,48.724689444]],[[2.362701667,48.724689444],[2.362691944,48.724704444]],[[2.362691944,48.724704444],[2.362683889,48.724737778]],[[2.362683889,48.724737778],[2.362689444,48.724767222]],[[2.362689444,48.724767222],[2.362708889,48.724806389]],[[2.362708889,48.724806389],[2.362754444,48.724853611]],[[2.362754444,48.724853611],[2.362810833,48.724895556]],[[2.362810833,48.724895556],[2.362900278,48.7249525]],[[2.362900278,48.7249525],[2.362986667,48.724993889]],[[2.362986667,48.724993889],[2.363069444,48.725025833]],[[2.363069444,48.725025833],[2.363190278,48.725066944]],[[2.363190278,48.725066944],[2.363379167,48.725123889]],[[2.363379167,48.725123889],[2.3635725,48.725172778]],[[2.3635725,48.725172778],[2.363770833,48.725220278]],[[2.363770833,48.725220278],[2.363866667,48.725241944]],[[2.363866667,48.725241944],[2.363951667,48.725258889]],[[2.363951667,48.725258889],[2.364221111,48.725308889]],[[2.364221111,48.725308889],[2.364346944,48.725327778]],[[2.364346944,48.725327778],[2.364548056,48.725356389]],[[2.364548056,48.725356389],[2.364748333,48.725382222]],[[2.364748333,48.725382222],[2.364879444,48.725397222]],[[2.364879444,48.725397222],[2.364956667,48.725403333]],[[2.364956667,48.725403333],[2.365057222,48.725409444]],[[2.365057222,48.725409444],[2.365160833,48.725413611]],[[2.365160833,48.725413611],[2.365271111,48.725414722]],[[2.365271111,48.725414722],[2.365358056,48.725411111]],[[2.365358056,48.725411111],[2.365441944,48.725403056]],[[2.365441944,48.725403056],[2.365535833,48.72539]],[[2.365535833,48.72539],[2.365613056,48.725371667]],[[2.365613056,48.725371667],[2.365663333,48.725354722]],[[2.365663333,48.725354722],[2.365708889,48.72533]],[[2.365708889,48.72533],[2.365733333,48.725306667]],[[2.365733333,48.725306667],[2.365750278,48.725273056]],[[2.365750278,48.725273056],[2.365751667,48.725243611]],[[2.365751667,48.725243611],[2.365743611,48.725214444]],[[2.365743611,48.725214444],[2.365731667,48.725189444]],[[2.365731667,48.725189444],[2.365707778,48.725164167]],[[2.365707778,48.725164167],[2.365654722,48.72512]],[[2.365654722,48.72512],[2.365583611,48.725075556]],[[2.365583611,48.725075556],[2.365505,48.725035556]],[[2.365505,48.725035556],[2.365347222,48.72497]],[[2.365347222,48.72497],[2.365214444,48.724924167]],[[2.365214444,48.724924167],[2.365038889,48.724874722]],[[2.365038889,48.724874722],[2.364758056,48.7248075]],[[2.364758056,48.7248075],[2.364495278,48.724743056]],[[2.367911944,48.725375556],[2.367550278,48.725326111]],[[2.367550278,48.725326111],[2.367441667,48.725313333]],[[2.367441667,48.725313333],[2.367338333,48.725303056]],[[2.367338333,48.725303056],[2.367228333,48.725293056]],[[2.367228333,48.725293056],[2.367132778,48.725286111]],[[2.367132778,48.725286111],[2.367025278,48.725282222]],[[2.367025278,48.725282222],[2.366932778,48.725283056]],[[2.366932778,48.725283056],[2.366840278,48.725288611]],[[2.366840278,48.725288611],[2.366726389,48.725300556]],[[2.366726389,48.725300556],[2.366636111,48.725315556]],[[2.366636111,48.725315556],[2.366576389,48.725333889]],[[2.366576389,48.725333889],[2.366524167,48.725356944]],[[2.366524167,48.725356944],[2.366485278,48.725393056]],[[2.366485278,48.725393056],[2.366461111,48.725425556]],[[2.366461111,48.725425556],[2.366451111,48.725466111]],[[2.366451111,48.725466111],[2.366456389,48.7255175]],[[2.366456389,48.7255175],[2.366481944,48.7255575]],[[2.366481944,48.7255575],[2.366511111,48.725590278]],[[2.366511111,48.725590278],[2.366568611,48.725632222]],[[2.366568611,48.725632222],[2.366651389,48.725685278]],[[2.366651389,48.725685278],[2.366758056,48.725740833]],[[2.366758056,48.725740833],[2.366874444,48.725796389]],[[2.366874444,48.725796389],[2.367064444,48.7258675]],[[2.367064444,48.7258675],[2.367228611,48.725921667]],[[2.367228611,48.725921667],[2.367491111,48.725999722]],[[2.367491111,48.725999722],[2.367817222,48.726088889]],[[2.367817222,48.726088889],[2.368211944,48.726188611]],[[2.368211944,48.726188611],[2.368701944,48.726303889]],[[2.368701944,48.726303889],[2.369148056,48.726401944]],[[2.369148056,48.726401944],[2.369694444,48.726504167]],[[2.369694444,48.726504167],[2.369766111,48.726510556]],[[2.369766111,48.726510556],[2.369856667,48.726521667]],[[2.369856667,48.726521667],[2.369961944,48.726531111]],[[2.369961944,48.726531111],[2.370075833,48.726543333]],[[2.370075833,48.726543333],[2.370164167,48.726547778]],[[2.370164167,48.726547778],[2.3703675,48.726558333]],[[2.3703675,48.726558333],[2.370573056,48.726566111]],[[2.370573056,48.726566111],[2.370776667,48.726568611]],[[2.370776667,48.726568611],[2.370979444,48.726568333]],[[2.370979444,48.726568333],[2.3710975,48.726561111]],[[2.3710975,48.726561111],[2.371185556,48.726548611]],[[2.371185556,48.726548611],[2.371271111,48.726528889]],[[2.371271111,48.726528889],[2.371343889,48.726501667]],[[2.371343889,48.726501667],[2.371399444,48.7264675]],[[2.371399444,48.7264675],[2.371441111,48.726426667]],[[2.371441111,48.726426667],[2.371466111,48.726385278]],[[2.371466111,48.726385278],[2.371470833,48.726349444]],[[2.371470833,48.726349444],[2.371462778,48.726293611]],[[2.371462778,48.726293611],[2.371448056,48.726255556]],[[2.371448056,48.726255556],[2.371427778,48.726228056]],[[2.371427778,48.726228056],[2.371384722,48.726186667]],[[2.371384722,48.726186667],[2.371316389,48.726135556]],[[2.371316389,48.726135556],[2.371227778,48.726087778]],[[2.371227778,48.726087778],[2.371144722,48.7260525]],[[2.371144722,48.7260525],[2.371040833,48.726009722]],[[2.371040833,48.726009722],[2.370964167,48.725983611]],[[2.370964167,48.725983611],[2.370863333,48.7259525]],[[2.370863333,48.7259525],[2.370783611,48.725926667]],[[2.370783611,48.725926667],[2.370591111,48.725878611]],[[2.370591111,48.725878611],[2.370467778,48.72585]],[[2.377832222,48.727753056],[2.377807778,48.727640833]],[[2.377807778,48.727640833],[2.377801667,48.727566667]],[[2.377801667,48.727566667],[2.377813611,48.727528889]],[[2.377813611,48.727528889],[2.377848889,48.727478056]],[[2.377848889,48.727478056],[2.3778925,48.727436667]],[[2.3778925,48.727436667],[2.377942778,48.727413611]],[[2.377942778,48.727413611],[2.378049167,48.727390833]],[[2.378049167,48.727390833],[2.37811,48.727384444]],[[2.37811,48.727384444],[2.378147778,48.727388333]],[[2.378147778,48.727388333],[2.378206389,48.727401944]],[[2.378206389,48.727401944],[2.378291667,48.727434444]],[[2.378291667,48.727434444],[2.378351111,48.727466389]],[[2.378351111,48.727466389],[2.378392222,48.727508611]],[[2.378392222,48.727508611],[2.378425556,48.727566111]],[[2.378425556,48.727566111],[2.378453056,48.727643333]],[[2.378453056,48.727643333],[2.378455556,48.727685833]],[[2.378455556,48.727685833],[2.3784375,48.727759722]],[[2.3784375,48.727759722],[2.378411944,48.727820833]],[[2.378411944,48.727820833],[2.378365556,48.727871944]],[[2.378365556,48.727871944],[2.378316667,48.727900278]],[[2.378316667,48.727900278],[2.378236389,48.727924167]],[[2.378236389,48.727924167],[2.378153333,48.727941111]],[[2.378153333,48.727941111],[2.378088611,48.727945]],[[2.378088611,48.727945],[2.378041944,48.727940278]],[[2.378041944,48.727940278],[2.378006667,48.727928056]],[[2.378006667,48.727928056],[2.377959444,48.727903889]],[[2.377959444,48.727903889],[2.377907222,48.7278675]],[[2.377907222,48.7278675],[2.377870833,48.727832222]],[[2.377870833,48.727832222],[2.377851389,48.727804722]],[[2.377851389,48.727804722],[2.37784,48.7277775]],[[2.37784,48.7277775],[2.377832222,48.727753056]],[[2.378289444,48.728701389],[2.378298611,48.728541667]],[[2.378298611,48.728541667],[2.3783075,48.728517778]],[[2.3783075,48.728517778],[2.378329167,48.728498056]],[[2.378329167,48.728498056],[2.378358889,48.728481111]],[[2.378358889,48.728481111],[2.378396667,48.728469722]],[[2.378396667,48.728469722],[2.378431389,48.728465556]],[[2.378431389,48.728465556],[2.3784625,48.728469722]],[[2.3784625,48.728469722],[2.378644722,48.728513889]],[[2.378644722,48.728513889],[2.378749167,48.728540833]],[[2.378749167,48.728540833],[2.378804167,48.728561667]],[[2.378804167,48.728561667],[2.378844167,48.728585]],[[2.378844167,48.728585],[2.378880278,48.728618333]],[[2.378880278,48.728618333],[2.3789425,48.728702222]],[[2.3789425,48.728702222],[2.379054167,48.728868333]],[[2.378747222,48.729881111],[2.378878333,48.730093889]],[[2.378878333,48.730093889],[2.378948889,48.730195]],[[2.378948889,48.730195],[2.379024167,48.730301111]],[[2.379024167,48.730301111],[2.379124722,48.730418333]],[[2.379124722,48.730418333],[2.37918,48.730468333]],[[2.37918,48.730468333],[2.379253889,48.730523056]],[[2.379253889,48.730523056],[2.379334722,48.730571111]],[[2.379334722,48.730571111],[2.379412222,48.730608333]],[[2.379412222,48.730608333],[2.379484444,48.730629167]],[[2.379484444,48.730629167],[2.379561389,48.730633333]],[[2.379561389,48.730633333],[2.379617222,48.730628611]],[[2.379617222,48.730628611],[2.379645556,48.730620278]],[[2.379645556,48.730620278],[2.3797,48.730589167]],[[2.3797,48.730589167],[2.3797475,48.730546667]],[[2.3797475,48.730546667],[2.379772222,48.730506667]],[[2.379772222,48.730506667],[2.379800556,48.730424722]],[[2.379800556,48.730424722],[2.3798125,48.730358889]],[[2.3798125,48.730358889],[2.379815,48.730301111]],[[2.379815,48.730301111],[2.379808333,48.730246111]],[[2.379808333,48.730246111],[2.379788611,48.730127222]],[[2.379788611,48.730127222],[2.379756944,48.730008611]],[[2.379756944,48.730008611],[2.379645278,48.729682778]],[[2.34785,48.725678056],[2.348174444,48.725737778]],[[2.348174444,48.725737778],[2.348156111,48.725781111]],[[2.348156111,48.725781111],[2.348480278,48.72584]],[[2.348480278,48.72584],[2.348463611,48.725883333]],[[2.348463611,48.725883333],[2.348731667,48.725934722]],[[2.348731667,48.725934722],[2.348696389,48.726019722]],[[2.348696389,48.726019722],[2.349293889,48.726129722]],[[2.349293889,48.726129722],[2.349279444,48.726168056]],[[2.348662778,48.725921944],[2.348618056,48.7260275]],[[2.3484675,48.725885833],[2.348423056,48.725992222]],[[2.348823056,48.726042778],[2.348806667,48.726083056]],[[2.349018056,48.726079444],[2.3490025,48.726120556]],[[2.349214722,48.726115278],[2.349199167,48.726155833]],[[2.348287778,48.725805278],[2.348245278,48.725914167]],[[2.348109722,48.725725833],[2.348065833,48.725835]],[[2.347913889,48.725690278],[2.347859444,48.725815278]]]}},{"type":"Feature","id":"line.taxiway_centerline.001","properties":{"name":"Taxiway centerline 001","layer":"Guidance lines","category":"Taxiway centerlines","object_type":"Line","style_id":"line.taxiway_centerline","airport":"LFPO","geometry_role":"linework","vsmr_group_ids":[[]]},"geometry":{"type":"MultiLineString","coordinates":[[[2.372022222,48.721899722],[2.371261944,48.721759444]],[[2.371261944,48.721759444],[2.371165833,48.721741667]],[[2.371165833,48.721741667],[2.371066389,48.721726944]],[[2.371066389,48.721726944],[2.370968889,48.721714167]],[[2.370968889,48.721714167],[2.370866389,48.7217025]],[[2.370866389,48.7217025],[2.370766944,48.721694722]],[[2.370766944,48.721694722],[2.370665833,48.721686389]],[[2.370665833,48.721686389],[2.3705675,48.721683611]],[[2.3705675,48.721683611],[2.370463333,48.721680833]],[[2.370463333,48.721680833],[2.370333333,48.721682222]],[[2.370333333,48.721682222],[2.370205556,48.721687222]],[[2.370205556,48.721687222],[2.3693775,48.721729722]],[[2.3693775,48.721729722],[2.367827778,48.721808056]],[[2.367827778,48.721808056],[2.366090833,48.721896389]],[[2.356020833,48.722249167],[2.356009167,48.722293333]],[[2.356009167,48.722293333],[2.356004444,48.722334722]],[[2.356004444,48.722334722],[2.356,48.722385833]],[[2.356,48.722385833],[2.356001111,48.722422778]],[[2.356001111,48.722422778],[2.356005556,48.722488611]],[[2.356005556,48.722488611],[2.356015833,48.722543056]],[[2.356015833,48.722543056],[2.356026667,48.722587778]],[[2.356026667,48.722587778],[2.356053611,48.722656944]],[[2.356053611,48.722656944],[2.356075833,48.722703889]],[[2.356075833,48.722703889],[2.356111111,48.722758056]],[[2.356111111,48.722758056],[2.356155278,48.722816667]],[[2.356155278,48.722816667],[2.356181944,48.722850833]],[[2.356181944,48.722850833],[2.356213889,48.722883056]],[[2.356213889,48.722883056],[2.356258611,48.722923889]],[[2.356258611,48.722923889],[2.356299444,48.722959722]],[[2.356299444,48.722959722],[2.356357222,48.723001389]],[[2.356357222,48.723001389],[2.356406111,48.723035556]],[[2.356406111,48.723035556],[2.356456111,48.723065556]],[[2.356456111,48.723065556],[2.356510278,48.723094444]],[[2.356510278,48.723094444],[2.356571944,48.723124167]],[[2.356571944,48.723124167],[2.356638333,48.723150278]],[[2.356638333,48.723150278],[2.356695556,48.723169167]],[[2.356695556,48.723169167],[2.356761667,48.723191944]],[[2.356761667,48.723191944],[2.356829444,48.723210833]],[[2.356829444,48.723210833],[2.356895556,48.723227222]],[[2.361139167,48.719888889],[2.360315833,48.7197375]],[[2.360315833,48.7197375],[2.360272222,48.71973]],[[2.360272222,48.71973],[2.360174444,48.719715833]],[[2.360174444,48.719715833],[2.360071944,48.719705]],[[2.360071944,48.719705],[2.359971111,48.719696111]],[[2.359971111,48.719696111],[2.359868889,48.719690556]],[[2.359868889,48.719690556],[2.359768056,48.719688056]],[[2.359768056,48.719688056],[2.359665278,48.719688611]],[[2.359665278,48.719688611],[2.359561667,48.719691389]],[[2.359561667,48.719691389],[2.359462222,48.719698333]],[[2.359462222,48.719698333],[2.35936,48.719706944]],[[2.35936,48.719706944],[2.359259722,48.719719722]],[[2.359259722,48.719719722],[2.359159722,48.719734444]],[[2.359159722,48.719734444],[2.359062778,48.7197525]],[[2.359062778,48.7197525],[2.358964722,48.719772778]],[[2.358964722,48.719772778],[2.358867778,48.719797778]],[[2.358867778,48.719797778],[2.358775278,48.719823889]],[[2.358775278,48.719823889],[2.358682222,48.7198525]],[[2.358682222,48.7198525],[2.358591389,48.719884444]],[[2.358591389,48.719884444],[2.358503056,48.719918333]],[[2.358503056,48.719918333],[2.357947222,48.720125278]],[[2.357947222,48.720125278],[2.35744,48.720317778]],[[2.35744,48.720317778],[2.357358611,48.720353889]],[[2.357358611,48.720353889],[2.357275278,48.720395278]],[[2.357275278,48.720395278],[2.357197222,48.720437778]],[[2.357197222,48.720437778],[2.357118611,48.720483056]],[[2.357118611,48.720483056],[2.357045833,48.720531389]],[[2.357045833,48.720531389],[2.356978333,48.720578889]],[[2.356978333,48.720578889],[2.356932778,48.720601389]],[[2.356932778,48.720601389],[2.356978333,48.720578889]],[[2.356978333,48.720578889],[2.3569425,48.720606667]],[[2.356878333,48.720625278],[2.356816667,48.720648611]],[[2.356816667,48.720648611],[2.356739167,48.720668611]],[[2.356739167,48.720668611],[2.3566725,48.720681667]],[[2.3566725,48.720681667],[2.356596389,48.720690556]],[[2.356596389,48.720690556],[2.356498056,48.720699444]],[[2.356498056,48.720699444],[2.355875556,48.72076]],[[2.355875556,48.72076],[2.355788611,48.720771111]],[[2.355788611,48.720771111],[2.355692222,48.720794444]],[[2.355692222,48.720794444],[2.355629167,48.720812778]],[[2.355629167,48.720812778],[2.355570556,48.7208375]],[[2.355570556,48.7208375],[2.355506944,48.720872778]],[[2.355506944,48.720872778],[2.355458333,48.720905833]],[[2.355458333,48.720905833],[2.355416667,48.720938889]],[[2.355416667,48.720938889],[2.355380278,48.720974444]],[[2.355380278,48.720974444],[2.35535,48.721010833]],[[2.35535,48.721010833],[2.355326944,48.721045833]],[[2.355326944,48.721045833],[2.355306944,48.721083056]],[[2.355306944,48.721083056],[2.355273056,48.7211625]],[[2.355273056,48.7211625],[2.354915833,48.722009444]],[[2.354915833,48.722009444],[2.354893611,48.722062222]],[[2.354893611,48.722062222],[2.354881667,48.722095556]],[[2.354881667,48.722095556],[2.354874722,48.722121667]],[[2.354874722,48.722121667],[2.35487,48.722146389]],[[2.35487,48.722146389],[2.354869444,48.722166111]],[[2.354869444,48.722166111],[2.354869444,48.722189167]],[[2.354869444,48.722189167],[2.354869722,48.722209722]],[[2.354869722,48.722209722],[2.3548725,48.722230833]],[[2.3548725,48.722230833],[2.354876667,48.722252222]],[[2.354876667,48.722252222],[2.354883889,48.722275833]],[[2.354883889,48.722275833],[2.35489,48.722295833]],[[2.35489,48.722295833],[2.3548975,48.722313333]],[[2.3548975,48.722313333],[2.354908333,48.722333889]],[[2.354908333,48.722333889],[2.354916667,48.7223475]],[[2.354916667,48.7223475],[2.354932222,48.722369167]],[[2.354932222,48.722369167],[2.354947778,48.722391944]],[[2.354947778,48.722391944],[2.354966667,48.722416667]],[[2.354966667,48.722416667],[2.354983889,48.722434722]],[[2.354983889,48.722434722],[2.355009722,48.72246]],[[2.355009722,48.72246],[2.355196389,48.722642222]],[[2.355196389,48.722642222],[2.355245556,48.722688889]],[[2.355245556,48.722688889],[2.355280556,48.722724444]],[[2.355280556,48.722724444],[2.355304722,48.722748611]],[[2.355304722,48.722748611],[2.355343056,48.722783333]],[[2.355343056,48.722783333],[2.355378889,48.722818889]],[[2.355378889,48.722818889],[2.355411111,48.722848889]],[[2.355411111,48.722848889],[2.355438611,48.7228725]],[[2.355438611,48.7228725],[2.355465278,48.722893056]],[[2.355465278,48.722893056],[2.355495278,48.722914167]],[[2.355495278,48.722914167],[2.355525556,48.722930833]],[[2.355525556,48.722930833],[2.355571389,48.722955556]],[[2.355571389,48.722955556],[2.355626944,48.722978056]],[[2.355626944,48.722978056],[2.355712778,48.7230075]],[[2.355712778,48.7230075],[2.358791389,48.723578056]],[[2.358791389,48.723578056],[2.360946667,48.723976111]],[[2.360946667,48.723976111],[2.383712778,48.728177222]],[[2.383712778,48.728177222],[2.383911667,48.728211944]],[[2.383911667,48.728211944],[2.384111389,48.728241389]],[[2.384111389,48.728241389],[2.384329167,48.728268333]],[[2.384329167,48.728268333],[2.3844775,48.728282778]],[[2.3844775,48.728282778],[2.384624167,48.728295278]],[[2.384624167,48.728295278],[2.384774444,48.728305]],[[2.384774444,48.728305],[2.385019444,48.72832]],[[2.385019444,48.72832],[2.385528056,48.728353056]],[[2.385528056,48.728353056],[2.388495278,48.728542778]],[[2.388495278,48.728542778],[2.395149167,48.728970278]],[[2.395149167,48.728970278],[2.399129722,48.729224444]],[[2.399129722,48.729224444],[2.399229444,48.729230833]],[[2.399229444,48.729230833],[2.399331667,48.729228611]],[[2.399331667,48.729228611],[2.399433611,48.729216111]],[[2.399433611,48.729216111],[2.399531389,48.729195556]],[[2.399531389,48.729195556],[2.399625278,48.729161667]],[[2.399625278,48.729161667],[2.3997075,48.729128056]],[[2.3997075,48.729128056],[2.399792778,48.729091111]],[[2.399792778,48.729091111],[2.400055278,48.728979444]],[[2.400107778,48.7289575],[2.400903889,48.728619444]],[[2.400956944,48.728595556],[2.401251111,48.728469722]],[[2.401251111,48.728469722],[2.401334444,48.728430278]],[[2.401334444,48.728430278],[2.4014075,48.728383056]],[[2.4014075,48.728383056],[2.401471111,48.728328889]],[[2.401471111,48.728328889],[2.401520556,48.728268889]],[[2.401520556,48.728268889],[2.401553889,48.728205833]],[[2.401553889,48.728205833],[2.401582778,48.728141111]],[[2.401582778,48.728141111],[2.401691389,48.727881111]],[[2.401691389,48.727881111],[2.401716667,48.727815556]],[[2.401716667,48.727815556],[2.401731389,48.727747778]],[[2.401731389,48.727747778],[2.401731111,48.727680833]],[[2.401731111,48.727680833],[2.401712778,48.727614444]],[[2.401712778,48.727614444],[2.401680556,48.727548611]],[[2.401680556,48.727548611],[2.401634167,48.727488611]],[[2.401634167,48.727488611],[2.401573611,48.727433889]],[[2.401573611,48.727433889],[2.401503056,48.727385]],[[2.401503056,48.727385],[2.401421389,48.727343611]],[[2.401421389,48.727343611],[2.401330833,48.727311389]],[[2.401330833,48.727311389],[2.401235556,48.727289444]],[[2.401235556,48.727289444],[2.401133333,48.727270556]],[[2.401133333,48.727270556],[2.400451389,48.727144722]],[[2.394765278,48.726096389],[2.395575833,48.726245278]],[[2.395575833,48.726245278],[2.3956725,48.726271667]],[[2.3956725,48.726271667],[2.395758056,48.726306667]],[[2.395758056,48.726306667],[2.395837222,48.726349444]],[[2.395837222,48.726349444],[2.395905556,48.726399444]],[[2.395905556,48.726399444],[2.395958889,48.726454722]],[[2.395958889,48.726454722],[2.396003889,48.726518889]],[[2.396003889,48.726518889],[2.396032222,48.726583056]],[[2.396032222,48.726583056],[2.396045833,48.726650833]],[[2.396045833,48.726650833],[2.396042778,48.726718889]],[[2.396042778,48.726718889],[2.396025,48.726786389]],[[2.396025,48.726786389],[2.395998333,48.72685]],[[2.395998333,48.72685],[2.3958725,48.72715]],[[2.395856944,48.727186667],[2.395253056,48.728619167]],[[2.395253056,48.728619167],[2.395222778,48.728670278]],[[2.395222778,48.728670278],[2.395174167,48.728728889]],[[2.395174167,48.728728889],[2.395111389,48.728783611]],[[2.395111389,48.728783611],[2.395045833,48.728824167]],[[2.395045833,48.728824167],[2.394982778,48.728856944]],[[2.394982778,48.728856944],[2.3949175,48.728883611]],[[2.3949175,48.728883611],[2.394852778,48.728901389]],[[2.394852778,48.728901389],[2.394794444,48.728915278]],[[2.394794444,48.728915278],[2.3947425,48.728923611]],[[2.3947425,48.728923611],[2.394662222,48.728931389]],[[2.394662222,48.728931389],[2.394562222,48.728932222]],[[2.395313333,48.728476944],[2.395303889,48.728519444]],[[2.395303889,48.728519444],[2.395301111,48.728544167]],[[2.395301111,48.728544167],[2.395299722,48.728588056]],[[2.395299722,48.728588056],[2.395304167,48.7286275]],[[2.395304167,48.7286275],[2.395311944,48.728657778]],[[2.395311944,48.728657778],[2.395323333,48.728688889]],[[2.395323333,48.728688889],[2.395336111,48.728717778]],[[2.395336111,48.728717778],[2.395351944,48.728745833]],[[2.395351944,48.728745833],[2.395371944,48.728773611]],[[2.395371944,48.728773611],[2.395398056,48.728805]],[[2.395398056,48.728805],[2.395435278,48.72884]],[[2.395435278,48.72884],[2.395468333,48.7288675]],[[2.395468333,48.7288675],[2.395511667,48.728898611]],[[2.395511667,48.728898611],[2.395559722,48.728925278]],[[2.395559722,48.728925278],[2.395615278,48.728951389]],[[2.395615278,48.728951389],[2.395684444,48.728976944]],[[2.395684444,48.728976944],[2.395755833,48.728995556]],[[2.395755833,48.728995556],[2.395824444,48.729007778]],[[2.395824444,48.729007778],[2.395883056,48.729016389]],[[2.395883056,48.729016389],[2.395934444,48.729020278]],[[2.383891944,48.724091111],[2.384539444,48.724209444]],[[2.384539444,48.724209444],[2.384654167,48.724231944]],[[2.384654167,48.724231944],[2.384752778,48.724249167]],[[2.384752778,48.724249167],[2.38485,48.724271389]],[[2.38485,48.724271389],[2.384945833,48.724295]],[[2.384945833,48.724295],[2.385038333,48.7243225]],[[2.385038333,48.7243225],[2.38513,48.724353889]],[[2.38513,48.724353889],[2.385220278,48.724385]],[[2.385220278,48.724385],[2.385307778,48.724419444]],[[2.385307778,48.724419444],[2.385392778,48.724457778]],[[2.385392778,48.724457778],[2.385476389,48.724496667]],[[2.385476389,48.724496667],[2.385556667,48.724539167]],[[2.385556667,48.724539167],[2.385632778,48.724583056]],[[2.385632778,48.724583056],[2.385707778,48.724630556]],[[2.385707778,48.724630556],[2.385778056,48.724678333]],[[2.385778056,48.724678333],[2.385846389,48.724728889]],[[2.385846389,48.724728889],[2.38591,48.724781111]],[[2.38591,48.724781111],[2.385972222,48.724835]],[[2.385972222,48.724835],[2.386029722,48.724890278]],[[2.386029722,48.724890278],[2.386083333,48.724948333]],[[2.386083333,48.724948333],[2.386135556,48.725007778]],[[2.386135556,48.725007778],[2.386180278,48.725067222]],[[2.386180278,48.725067222],[2.386223611,48.725128056]],[[2.386223611,48.725128056],[2.386261111,48.725190278]],[[2.386261111,48.725190278],[2.386294722,48.725254444]],[[2.386294722,48.725254444],[2.386384167,48.725433333]],[[2.386406111,48.725476667],[2.387773889,48.728199722]],[[2.387773889,48.728199722],[2.387808889,48.728263333]],[[2.387808889,48.728263333],[2.387853056,48.728323611]],[[2.387853056,48.728323611],[2.387916111,48.728378333]],[[2.387916111,48.728378333],[2.3879875,48.7284275]],[[2.3879875,48.7284275],[2.388071111,48.7284675]],[[2.388071111,48.7284675],[2.388162222,48.728498889]],[[2.388162222,48.728498889],[2.388258056,48.728521389]],[[2.388258056,48.728521389],[2.388368611,48.728534167]],[[2.387579722,48.727816944],[2.387609444,48.727878889]],[[2.387609444,48.727878889],[2.387627222,48.727946667]],[[2.387627222,48.727946667],[2.387631389,48.728014444]],[[2.387631389,48.728014444],[2.387617222,48.728082778]],[[2.387617222,48.728082778],[2.387590278,48.728147778]],[[2.387590278,48.728147778],[2.387547222,48.728209722]],[[2.387547222,48.728209722],[2.387491389,48.728266944]],[[2.387491389,48.728266944],[2.387422778,48.728316944]],[[2.387422778,48.728316944],[2.387345278,48.72836]],[[2.387345278,48.72836],[2.3872575,48.728393056]],[[2.3872575,48.728393056],[2.387160278,48.728420278]],[[2.387160278,48.728420278],[2.387061667,48.728436389]],[[2.387061667,48.728436389],[2.386957778,48.7284425]],[[2.386957778,48.7284425],[2.386849444,48.728436667]],[[2.379988333,48.724122222],[2.379728333,48.723608611]],[[2.379728333,48.723608611],[2.379690833,48.723544167]],[[2.379690833,48.723544167],[2.379643056,48.723483889]],[[2.379643056,48.723483889],[2.379585278,48.723428056]],[[2.379585278,48.723428056],[2.379518889,48.723374722]],[[2.379518889,48.723374722],[2.379445,48.723329444]],[[2.379445,48.723329444],[2.3793625,48.723288056]],[[2.3793625,48.723288056],[2.379275278,48.723253056]],[[2.379275278,48.723253056],[2.379183056,48.723224444]],[[2.379183056,48.723224444],[2.379081111,48.7232025]],[[2.379081111,48.7232025],[2.378972778,48.723182222]],[[2.378972778,48.723182222],[2.378871111,48.723167222]],[[2.378871111,48.723167222],[2.378773056,48.723153611]],[[2.378773056,48.723153611],[2.378671944,48.723143889]],[[2.378671944,48.723143889],[2.378570833,48.723136944]],[[2.378570833,48.723136944],[2.378468889,48.723133333]],[[2.378468889,48.723133333],[2.378366389,48.723132778]],[[2.378366389,48.723132778],[2.378265556,48.723135278]],[[2.378265556,48.723135278],[2.378163056,48.723139722]],[[2.378163056,48.723139722],[2.378061667,48.723146944]],[[2.378061667,48.723146944],[2.377959167,48.723158056]],[[2.377959167,48.723158056],[2.377861111,48.723173056]],[[2.377861111,48.723173056],[2.377761389,48.723189167]],[[2.377761389,48.723189167],[2.377667778,48.723207222]],[[2.377667778,48.723207222],[2.377571111,48.723229722]],[[2.377571111,48.723229722],[2.377477778,48.723254167]],[[2.377477778,48.723254167],[2.377386111,48.723281944]],[[2.377386111,48.723281944],[2.377293333,48.723312778]],[[2.377293333,48.723312778],[2.377216667,48.723340833]],[[2.377216667,48.723340833],[2.377118333,48.723383056]],[[2.377118333,48.723383056],[2.377025278,48.723423611]],[[2.377025278,48.723423611],[2.376948333,48.723463056]],[[2.376948333,48.723463056],[2.376889722,48.723495278]],[[2.376889722,48.723495278],[2.376813056,48.723540556]],[[2.376813056,48.723540556],[2.376755556,48.723576111]],[[2.376755556,48.723576111],[2.376716944,48.7236025]],[[2.376716944,48.7236025],[2.376682778,48.723626944]],[[2.376682778,48.723626944],[2.376644722,48.723654167]],[[2.376644722,48.723654167],[2.376613056,48.723679444]],[[2.376613056,48.723679444],[2.376564167,48.723719722]],[[2.376564167,48.723719722],[2.376535,48.723745]],[[2.376535,48.723745],[2.37651,48.723767222]],[[2.37651,48.723767222],[2.376471111,48.723807222]],[[2.376471111,48.723807222],[2.376435,48.723844444]],[[2.376435,48.723844444],[2.376410556,48.723871389]],[[2.376410556,48.723871389],[2.376388889,48.723895833]],[[2.376388889,48.723895833],[2.376356389,48.723932778]],[[2.376356389,48.723932778],[2.37633,48.723966667]],[[2.37633,48.723966667],[2.376304444,48.723999722]],[[2.376304444,48.723999722],[2.376271111,48.724049722]],[[2.376271111,48.724049722],[2.376244722,48.724088889]],[[2.379805556,48.723336389],[2.378298611,48.723058333]],[[2.376531389,48.722731667],[2.376052222,48.722644444]],[[2.376052222,48.722644444],[2.375952778,48.72263]],[[2.375952778,48.72263],[2.375848611,48.722628056]],[[2.375848611,48.722628056],[2.375746667,48.722635]],[[2.375746667,48.722635],[2.375648611,48.722652222]],[[2.375648611,48.722652222],[2.375554722,48.722678889]],[[2.375554722,48.722678889],[2.375467778,48.722715278]],[[2.375467778,48.722715278],[2.375389167,48.722759167]],[[2.375389167,48.722759167],[2.375317222,48.722816389]],[[2.375317222,48.722816389],[2.375287778,48.722846389]],[[2.375287778,48.722846389],[2.375257222,48.722886111]],[[2.375257222,48.722886111],[2.375241667,48.722908056]],[[2.375241667,48.722908056],[2.37522,48.722950556]],[[2.37522,48.722950556],[2.375197778,48.723016944]],[[2.375197778,48.723016944],[2.375191667,48.723065]],[[2.375191667,48.723065],[2.375195278,48.723113611]],[[2.375195278,48.723113611],[2.375208056,48.723166667]],[[2.375208056,48.723166667],[2.375214444,48.723187222]],[[2.374979722,48.722721944],[2.375331111,48.723423056]],[[2.372821667,48.722047222],[2.373510833,48.722173889]],[[2.373510833,48.722173889],[2.373610278,48.7221925]],[[2.373610278,48.7221925],[2.373707778,48.722212778]],[[2.373707778,48.722212778],[2.3738025,48.722233611]],[[2.3738025,48.722233611],[2.373893333,48.722258056]],[[2.373893333,48.722258056],[2.373984444,48.722285833]],[[2.373984444,48.722285833],[2.374074444,48.722314722]],[[2.374074444,48.722314722],[2.3741625,48.7223475]],[[2.3741625,48.7223475],[2.374246944,48.722381111]],[[2.374246944,48.722381111],[2.37433,48.722417778]],[[2.37433,48.722417778],[2.374410833,48.7224575]],[[2.374410833,48.7224575],[2.37449,48.722498889]],[[2.37449,48.722498889],[2.374564167,48.722541389]],[[2.374564167,48.722541389],[2.374636111,48.7225875]],[[2.374636111,48.7225875],[2.374706389,48.722635]],[[2.374706389,48.722635],[2.374771111,48.722682222]],[[2.374771111,48.722682222],[2.374836389,48.722734444]],[[2.374836389,48.722734444],[2.374898889,48.722788611]],[[2.374898889,48.722788611],[2.374940833,48.72283]],[[2.374940833,48.72283],[2.374982778,48.722874444]],[[2.374982778,48.722874444],[2.375027778,48.722925]],[[2.375027778,48.722925],[2.375068611,48.722971667]],[[2.375068611,48.722971667],[2.375099722,48.723014167]],[[2.375099722,48.723014167],[2.375130278,48.723056389]],[[2.375130278,48.723056389],[2.3751475,48.723079722]],[[2.3751475,48.723079722],[2.375173056,48.72312]],[[2.375173056,48.72312],[2.375200278,48.723166389]],[[2.375200278,48.723166389],[2.375211667,48.7231875]],[[2.356901944,48.720636389],[2.356846111,48.720684444]],[[2.356846111,48.720684444],[2.356786667,48.720739444]],[[2.356786667,48.720739444],[2.35673,48.720796944]],[[2.35673,48.720796944],[2.3566775,48.720855]],[[2.3566775,48.720855],[2.356629167,48.720914444]],[[2.356629167,48.720914444],[2.356586389,48.720975833]],[[2.356586389,48.720975833],[2.356548611,48.721035278]],[[2.356548611,48.721035278],[2.356510833,48.721101111]],[[2.356510833,48.721101111],[2.356478889,48.721165833]],[[2.356478889,48.721165833],[2.356150556,48.721943333]],[[2.356150556,48.721943333],[2.355872778,48.722598611]],[[2.355872778,48.722598611],[2.355851389,48.722648056]],[[2.355851389,48.722648056],[2.355825833,48.722690833]],[[2.355825833,48.722690833],[2.355801111,48.722728611]],[[2.355801111,48.722728611],[2.355776111,48.722761111]],[[2.355776111,48.722761111],[2.355738611,48.722803611]],[[2.355738611,48.722803611],[2.355703056,48.722840556]],[[2.355703056,48.722840556],[2.355677778,48.722866389]],[[2.355677778,48.722866389],[2.355639444,48.722900833]],[[2.355639444,48.722900833],[2.355608889,48.722926944]],[[2.355608889,48.722926944],[2.355563889,48.722960278]],[[2.355563889,48.722960278],[2.355518056,48.722993056]],[[2.355518056,48.722993056],[2.3554725,48.723023056]],[[2.3554725,48.723023056],[2.3554125,48.72306]],[[2.3554125,48.72306],[2.355366944,48.723084167]],[[2.355366944,48.723084167],[2.3553,48.723117778]],[[2.3553,48.723117778],[2.355214722,48.723156389]],[[2.355214722,48.723156389],[2.355143056,48.723184167]],[[2.355143056,48.723184167],[2.355071111,48.72321]],[[2.355071111,48.72321],[2.354996667,48.723234444]],[[2.354996667,48.723234444],[2.3549425,48.723250556]],[[2.3549425,48.723250556],[2.354890556,48.723268333]],[[2.354890556,48.723268333],[2.354830833,48.72329]],[[2.354830833,48.72329],[2.354760556,48.723318333]],[[2.354760556,48.723318333],[2.354681389,48.723351111]],[[2.354681389,48.723351111],[2.354622222,48.723379444]],[[2.354622222,48.723379444],[2.354556667,48.723412222]],[[2.354556667,48.723412222],[2.354487778,48.723449444]],[[2.354487778,48.723449444],[2.354431111,48.723481389]],[[2.354431111,48.723481389],[2.354377778,48.723515833]],[[2.354377778,48.723515833],[2.354321944,48.723551389]],[[2.354321944,48.723551389],[2.354268056,48.723589444]],[[2.354268056,48.723589444],[2.354206667,48.723639167]],[[2.354206667,48.723639167],[2.3541575,48.723682222]],[[2.3541575,48.723682222],[2.354105278,48.723729444]],[[2.354105278,48.723729444],[2.35406,48.723773056]],[[2.35406,48.723773056],[2.354027778,48.723810833]],[[2.354027778,48.723810833],[2.353999444,48.723843333]],[[2.353999444,48.723843333],[2.353959167,48.723895833]],[[2.353959167,48.723895833],[2.353923611,48.723944722]],[[2.353923611,48.723944722],[2.353886111,48.724000833]],[[2.353886111,48.724000833],[2.3536275,48.724479167]],[[2.3536275,48.724479167],[2.352576111,48.726964167]],[[2.352576111,48.726964167],[2.352557222,48.727010278]],[[2.352557222,48.727010278],[2.352538333,48.727056944]],[[2.352538333,48.727056944],[2.352526944,48.727099722]],[[2.352526944,48.727099722],[2.352521667,48.727136944]],[[2.352521667,48.727136944],[2.352515278,48.727173889]],[[2.352515278,48.727173889],[2.352513611,48.727215556]],[[2.352513611,48.727215556],[2.352498333,48.7272575]],[[2.352498333,48.7272575],[2.352474722,48.727311944]],[[2.352474722,48.727311944],[2.352432222,48.727409167]],[[2.352432222,48.727409167],[2.352343056,48.7276125]],[[2.352343056,48.7276125],[2.352319167,48.727664167]],[[2.352319167,48.727664167],[2.352292222,48.727711111]],[[2.352292222,48.727711111],[2.352270556,48.727748611]],[[2.352270556,48.727748611],[2.352247778,48.727782222]],[[2.352247778,48.727782222],[2.352221389,48.727820278]],[[2.355188611,48.722636389],[2.355220556,48.722676667]],[[2.355220556,48.722676667],[2.355238333,48.722709444]],[[2.355238333,48.722709444],[2.355256667,48.722746944]],[[2.355256667,48.722746944],[2.355265278,48.722778056]],[[2.355265278,48.722778056],[2.355274722,48.722816944]],[[2.355274722,48.722816944],[2.355278056,48.722855]],[[2.355278056,48.722855],[2.355276667,48.722891389]],[[2.355276667,48.722891389],[2.355268611,48.722932222]],[[2.355268611,48.722932222],[2.355258333,48.722966111]],[[2.355258333,48.722966111],[2.355241944,48.723001944]],[[2.355241944,48.723001944],[2.3552225,48.723038056]],[[2.3552225,48.723038056],[2.355194167,48.723076389]],[[2.355194167,48.723076389],[2.355159167,48.723115278]],[[2.355159167,48.723115278],[2.355123333,48.723146667]],[[2.355123333,48.723146667],[2.355077778,48.72318]],[[2.355077778,48.72318],[2.355032222,48.7232075]],[[2.355032222,48.7232075],[2.354986389,48.723231111]],[[2.354986389,48.723231111],[2.354933889,48.723253333]],[[2.367215556,48.721011111],[2.366555,48.720888333]],[[2.366555,48.720888333],[2.3664575,48.720871389]],[[2.3664575,48.720871389],[2.366356667,48.720855556]],[[2.366356667,48.720855556],[2.366253611,48.720848611]],[[2.366253611,48.720848611],[2.366155,48.720853611]],[[2.366155,48.720853611],[2.366054444,48.720868056]],[[2.366054444,48.720868056],[2.365956389,48.720891111]],[[2.365956389,48.720891111],[2.365870556,48.7209225]],[[2.365870556,48.7209225],[2.365788889,48.720965]],[[2.365788889,48.720965],[2.365725556,48.721008333]],[[2.365725556,48.721008333],[2.3656875,48.721040833]],[[2.3656875,48.721040833],[2.365646111,48.721083056]],[[2.365646111,48.721083056],[2.365618056,48.721123889]],[[2.365618056,48.721123889],[2.365588333,48.721181111]],[[2.365588333,48.721181111],[2.365450278,48.721508056]],[[2.365431944,48.721547222],[2.365308333,48.721840556]],[[2.365308333,48.721840556],[2.365273056,48.7219]],[[2.365273056,48.7219],[2.365231667,48.721948333]],[[2.365231667,48.721948333],[2.365178889,48.721997222]],[[2.365178889,48.721997222],[2.365124167,48.722032778]],[[2.365124167,48.722032778],[2.365052222,48.722073611]],[[2.365052222,48.722073611],[2.364971389,48.722107222]],[[2.364971389,48.722107222],[2.364881389,48.72214]],[[2.364881389,48.72214],[2.364734167,48.722195833]],[[2.364734167,48.722195833],[2.363937778,48.722491111]],[[2.363937778,48.722491111],[2.363849444,48.722525833]],[[2.363849444,48.722525833],[2.363766389,48.72256]],[[2.363766389,48.72256],[2.363686667,48.722596944]],[[2.363686667,48.722596944],[2.363606944,48.722636667]],[[2.363606944,48.722636667],[2.363528056,48.722680556]],[[2.363528056,48.722680556],[2.363459167,48.722723333]],[[2.363459167,48.722723333],[2.363387222,48.722769444]],[[2.363387222,48.722769444],[2.363321111,48.722818611]],[[2.363321111,48.722818611],[2.363256944,48.722869444]],[[2.363256944,48.722869444],[2.363196111,48.722919444]],[[2.363196111,48.722919444],[2.363140278,48.722973333]],[[2.363140278,48.722973333],[2.363084722,48.723026944]],[[2.363084722,48.723026944],[2.363036944,48.723083889]],[[2.363036944,48.723083889],[2.362989167,48.723143333]],[[2.362989167,48.723143333],[2.362946389,48.723200278]],[[2.362946389,48.723200278],[2.362906111,48.723263056]],[[2.362906111,48.723263056],[2.362872222,48.723324722]],[[2.362872222,48.723324722],[2.362834444,48.723401944]],[[2.362834444,48.723401944],[2.362651667,48.7238375]],[[2.362651667,48.7238375],[2.362323333,48.724614167]],[[2.362694722,48.723729444],[2.362667778,48.723788611]],[[2.362667778,48.723788611],[2.362641111,48.723832222]],[[2.362641111,48.723832222],[2.362613611,48.723872778]],[[2.362613611,48.723872778],[2.362572222,48.723916667]],[[2.362572222,48.723916667],[2.362538889,48.723944444]],[[2.362538889,48.723944444],[2.362493333,48.723977222]],[[2.362493333,48.723977222],[2.362460278,48.723998889]],[[2.362460278,48.723998889],[2.362409722,48.724024444]],[[2.362409722,48.724024444],[2.362375,48.724041111]],[[2.362375,48.724041111],[2.362327222,48.724060833]],[[2.362327222,48.724060833],[2.362276667,48.724078056]],[[2.362276667,48.724078056],[2.362232778,48.724091111]],[[2.362232778,48.724091111],[2.362171389,48.724106389]],[[2.362171389,48.724106389],[2.362117778,48.7241175]],[[2.362117778,48.7241175],[2.362066667,48.724125556]],[[2.362066667,48.724125556],[2.3620275,48.724129167]],[[2.3620275,48.724129167],[2.361964722,48.724135278]],[[2.361964722,48.724135278],[2.361913611,48.724136389]],[[2.361913611,48.724136389],[2.361861667,48.724135556]],[[2.361861667,48.724135556],[2.361808333,48.7241325]],[[2.361808333,48.7241325],[2.361762778,48.724127778]],[[2.362705833,48.723706389],[2.362701111,48.723768889]],[[2.362701111,48.723768889],[2.362698889,48.723833333]],[[2.362698889,48.723833333],[2.362707222,48.723891667]],[[2.362707222,48.723891667],[2.362715278,48.723930278]],[[2.362715278,48.723930278],[2.362739444,48.723999167]],[[2.362739444,48.723999167],[2.362762222,48.724039444]],[[2.362762222,48.724039444],[2.362786944,48.724080556]],[[2.362786944,48.724080556],[2.362820278,48.724121667]],[[2.362820278,48.724121667],[2.362851111,48.724155833]],[[2.362851111,48.724155833],[2.362894444,48.724200278]],[[2.362894444,48.724200278],[2.362937222,48.724233333]],[[2.362937222,48.724233333],[2.363009167,48.724282222]],[[2.363009167,48.724282222],[2.363093333,48.724328611]],[[2.363093333,48.724328611],[2.363174722,48.724363889]],[[2.363174722,48.724363889],[2.363241389,48.724388611]],[[2.363241389,48.724388611],[2.363328889,48.724413611]],[[2.363328889,48.724413611],[2.363374167,48.724424722]],[[2.363029167,48.724361111],[2.362979444,48.724353889]],[[2.362979444,48.724353889],[2.362906667,48.72435]],[[2.362906667,48.72435],[2.362830556,48.724353333]],[[2.362830556,48.724353333],[2.36277,48.724360833]],[[2.36277,48.724360833],[2.362701389,48.7243725]],[[2.362701389,48.7243725],[2.362623333,48.724392778]],[[2.362623333,48.724392778],[2.3625675,48.724415]],[[2.3625675,48.724415],[2.362502222,48.724445556]],[[2.362502222,48.724445556],[2.362439722,48.724486111]],[[2.362439722,48.724486111],[2.362394722,48.724524722]],[[2.362394722,48.724524722],[2.362349444,48.724576111]],[[2.362349444,48.724576111],[2.362324444,48.724616111]],[[2.362324444,48.724616111],[2.362291389,48.724696389]],[[2.362291389,48.724696389],[2.362282222,48.724746389]],[[2.362282222,48.724746389],[2.362289167,48.724798611]],[[2.362289167,48.724798611],[2.362298889,48.724846944]],[[2.362298889,48.724846944],[2.362321389,48.724897222]],[[2.362321389,48.724897222],[2.362351111,48.724944167]],[[2.362351111,48.724944167],[2.362384167,48.724981944]],[[2.362384167,48.724981944],[2.362421667,48.725016667]],[[2.362421667,48.725016667],[2.362470833,48.725051389]],[[2.362470833,48.725051389],[2.362518333,48.725078611]],[[2.362518333,48.725078611],[2.362590833,48.725112778]],[[2.362590833,48.725112778],[2.362642778,48.725128333]],[[2.362642778,48.725128333],[2.362700833,48.725143056]],[[2.361932778,48.7241575],[2.361984444,48.724172222]],[[2.361984444,48.724172222],[2.362039167,48.724192778]],[[2.362039167,48.724192778],[2.362090833,48.724215]],[[2.362090833,48.724215],[2.362141667,48.724245]],[[2.362141667,48.724245],[2.362188333,48.724278333]],[[2.362188333,48.724278333],[2.362225,48.724310278]],[[2.362225,48.724310278],[2.36226,48.724347222]],[[2.36226,48.724347222],[2.362288889,48.724390833]],[[2.362288889,48.724390833],[2.3623125,48.724435833]],[[2.3623125,48.724435833],[2.362325278,48.724480556]],[[2.362325278,48.724480556],[2.362331944,48.724526389]],[[2.362331944,48.724526389],[2.362329167,48.724584167]],[[2.362329167,48.724584167],[2.362315556,48.724630556]],[[2.362315556,48.724630556],[2.3622975,48.724676944]],[[2.3622975,48.724676944],[2.3622675,48.724724444]],[[2.3622675,48.724724444],[2.362236667,48.724758056]],[[2.362236667,48.724758056],[2.362200556,48.724789722]],[[2.362200556,48.724789722],[2.362156944,48.724820556]],[[2.362156944,48.724820556],[2.362126944,48.7248425]],[[2.362126944,48.7248425],[2.362076667,48.724867778]],[[2.362076667,48.724867778],[2.362021944,48.7248925]],[[2.362021944,48.7248925],[2.361968056,48.724908611]],[[2.361968056,48.724908611],[2.361909167,48.724926111]],[[2.361909167,48.724926111],[2.361864167,48.724934722]],[[2.361864167,48.724934722],[2.361803056,48.724943889]],[[2.361803056,48.724943889],[2.361761111,48.7249475]],[[2.361761111,48.7249475],[2.361712778,48.724948611]],[[2.361712778,48.724948611],[2.361667778,48.724945556]],[[2.361667778,48.724945556],[2.361598611,48.724939722]],[[2.375353333,48.723465],[2.382536667,48.737789722]],[[2.382536667,48.737789722],[2.382586944,48.737888056]],[[2.382586944,48.737888056],[2.382630278,48.737968056]],[[2.382630278,48.737968056],[2.382677778,48.738030833]],[[2.382677778,48.738030833],[2.382720833,48.738071111]],[[2.382720833,48.738071111],[2.382788056,48.738111667]],[[2.382788056,48.738111667],[2.382875,48.738151389]],[[2.382875,48.738151389],[2.382963889,48.738181389]],[[2.382963889,48.738181389],[2.383075833,48.738220833]],[[2.383075833,48.738220833],[2.383830556,48.738473611]],[[2.383830556,48.738473611],[2.383919444,48.7384975]],[[2.383919444,48.7384975],[2.384011389,48.7385125]],[[2.384011389,48.7385125],[2.384105833,48.738516667]],[[2.384105833,48.738516667],[2.384195556,48.738510278]],[[2.384195556,48.738510278],[2.384286667,48.738497778]],[[2.384286667,48.738497778],[2.38464,48.738420833]],[[2.384692222,48.738410278],[2.385868889,48.738153611]],[[2.385868889,48.738153611],[2.385930556,48.73814]],[[2.385930556,48.73814],[2.386012778,48.7381175]],[[2.386012778,48.7381175],[2.386088333,48.738095]],[[2.386088333,48.738095],[2.386154444,48.738069444]],[[2.386154444,48.738069444],[2.386201667,48.738045]],[[2.386201667,48.738045],[2.386242222,48.738021111]],[[2.386242222,48.738021111],[2.386273333,48.738000833]],[[2.386273333,48.738000833],[2.386314444,48.737969722]],[[2.386314444,48.737969722],[2.386353889,48.737936111]],[[2.386353889,48.737936111],[2.386395833,48.7378925]],[[2.386395833,48.7378925],[2.386423056,48.737859444]],[[2.386423056,48.737859444],[2.386446389,48.737825]],[[2.386446389,48.737825],[2.386470556,48.737787222]],[[2.386470556,48.737787222],[2.386482222,48.737759444]],[[2.386482222,48.737759444],[2.386504167,48.737713889]],[[2.386504167,48.737713889],[2.386515278,48.737689167]],[[2.386515278,48.737689167],[2.386525833,48.7376625]],[[2.386525833,48.7376625],[2.386535,48.737628056]],[[2.386535,48.737628056],[2.386544444,48.737596667]],[[2.386544444,48.737596667],[2.386556389,48.737543333]],[[2.386556389,48.737543333],[2.386563333,48.737500833]],[[2.386563333,48.737500833],[2.386568333,48.737464722]],[[2.386568333,48.737464722],[2.386569167,48.737421667]],[[2.386569167,48.737421667],[2.386566667,48.737384444]],[[2.386566667,48.737384444],[2.386563889,48.737350278]],[[2.386563889,48.737350278],[2.386560833,48.737312222]],[[2.386560833,48.737312222],[2.386552778,48.737265556]],[[2.386552778,48.737265556],[2.386541667,48.737218056]],[[2.386541667,48.737218056],[2.386525,48.737164722]],[[2.386525,48.737164722],[2.386508333,48.737124167]],[[2.386508333,48.737124167],[2.386488889,48.737082778]],[[2.386488889,48.737082778],[2.38623,48.736568333]],[[2.377336389,48.718838889],[2.376964722,48.718095]],[[2.376964722,48.718095],[2.376949167,48.718066389]],[[2.376949167,48.718066389],[2.376931944,48.7180375]],[[2.376931944,48.7180375],[2.376918056,48.718015556]],[[2.376918056,48.718015556],[2.376897778,48.717987778]],[[2.376897778,48.717987778],[2.376860278,48.717951667]],[[2.376860278,48.717951667],[2.376834167,48.717929444]],[[2.376834167,48.717929444],[2.37679,48.717898056]],[[2.37679,48.717898056],[2.376732778,48.717865833]],[[2.376732778,48.717865833],[2.376682222,48.717840833]],[[2.376682222,48.717840833],[2.376635278,48.717819722]],[[2.376635278,48.717819722],[2.376578889,48.717802222]],[[2.376578889,48.717802222],[2.376538333,48.717789167]],[[2.376538333,48.717789167],[2.3764825,48.717777222]],[[2.3764825,48.717777222],[2.376415278,48.717767222]],[[2.376415278,48.717767222],[2.376364722,48.717764444]],[[2.376364722,48.717764444],[2.376305,48.717763056]],[[2.376305,48.717763056],[2.3762525,48.717764444]],[[2.3762525,48.717764444],[2.376187778,48.717770833]],[[2.376187778,48.717770833],[2.376106944,48.717783333]],[[2.376106944,48.717783333],[2.375740278,48.717862778]],[[2.375740278,48.717862778],[2.375668056,48.717881944]],[[2.375668056,48.717881944],[2.375602222,48.717904722]],[[2.375602222,48.717904722],[2.375537778,48.717930278]],[[2.375537778,48.717930278],[2.375491944,48.717953889]],[[2.375491944,48.717953889],[2.375464167,48.717970278]],[[2.375464167,48.717970278],[2.375436944,48.717988611]],[[2.375436944,48.717988611],[2.375391389,48.718023056]],[[2.375391389,48.718023056],[2.375364444,48.718052222]],[[2.375364444,48.718052222],[2.3753375,48.718084444]],[[2.3753375,48.718084444],[2.3749625,48.718580833]],[[2.374936111,48.718615833],[2.373855556,48.720038611]],[[2.373855556,48.720038611],[2.3738225,48.720083333]],[[2.3738225,48.720083333],[2.373796667,48.720126667]],[[2.373796667,48.720126667],[2.373783611,48.72016]],[[2.373783611,48.72016],[2.373775,48.720193333]],[[2.373775,48.720193333],[2.373768889,48.720240556]],[[2.373768889,48.720240556],[2.373771111,48.720288889]],[[2.373771111,48.720288889],[2.373778889,48.720318056]],[[2.373778889,48.720318056],[2.373796389,48.720359722]],[[2.373796389,48.720359722],[2.373998611,48.720763611]],[[2.374016111,48.7208],[2.374664444,48.722096111]],[[2.376190556,48.724190833],[2.376182222,48.724209167]],[[2.376182222,48.724209167],[2.376170278,48.724233056]],[[2.376170278,48.724233056],[2.376158889,48.724259167]],[[2.376158889,48.724259167],[2.376144167,48.724296389]],[[2.376144167,48.724296389],[2.376136944,48.724319167]],[[2.376136944,48.724319167],[2.376126667,48.724349444]],[[2.376126667,48.724349444],[2.376111667,48.724393056]],[[2.376111667,48.724393056],[2.376102778,48.7244225]],[[2.376102778,48.7244225],[2.376094444,48.724463333]],[[2.376094444,48.724463333],[2.376086111,48.7245025]],[[2.376086111,48.7245025],[2.376082222,48.724536667]],[[2.376082222,48.724536667],[2.376079167,48.724581667]],[[2.376079167,48.724581667],[2.376075556,48.724646389]],[[2.376075556,48.724646389],[2.376075278,48.724690278]],[[2.376075278,48.724690278],[2.376077778,48.724728889]],[[2.376077778,48.724728889],[2.376079444,48.724774167]],[[2.376079444,48.724774167],[2.376086944,48.724813889]],[[2.376086944,48.724813889],[2.376093889,48.724849444]],[[2.376093889,48.724849444],[2.376105556,48.724903056]],[[2.376105556,48.724903056],[2.376116667,48.724949444]],[[2.376116667,48.724949444],[2.376133611,48.7249975]],[[2.376133611,48.7249975],[2.376150556,48.725050556]],[[2.376150556,48.725050556],[2.376163056,48.725079722]],[[2.376764722,48.726284167],[2.376784722,48.7263325]],[[2.376784722,48.7263325],[2.3767925,48.726367778]],[[2.3767925,48.726367778],[2.376795833,48.726406111]],[[2.376795833,48.726406111],[2.376791944,48.726448333]],[[2.376791944,48.726448333],[2.376785556,48.726478056]],[[2.376785556,48.726478056],[2.376770278,48.726517222]],[[2.376770278,48.726517222],[2.376755556,48.726545278]],[[2.376755556,48.726545278],[2.376730833,48.726579444]],[[2.376730833,48.726579444],[2.376713333,48.726601111]],[[2.376713333,48.726601111],[2.376695556,48.726620278]],[[2.376695556,48.726620278],[2.376676111,48.726636944]],[[2.376676111,48.726636944],[2.376651667,48.726656667]],[[2.376651667,48.726656667],[2.376619722,48.726677778]],[[2.376619722,48.726677778],[2.376591944,48.726694722]],[[2.376591944,48.726694722],[2.376560278,48.7267125]],[[2.376560278,48.7267125],[2.376516111,48.726731111]],[[2.376516111,48.726731111],[2.376466667,48.726747778]],[[2.376466667,48.726747778],[2.376418056,48.726761111]],[[2.376418056,48.726761111],[2.376365556,48.726771667]],[[2.376365556,48.726771667],[2.376318056,48.726778056]],[[2.376318056,48.726778056],[2.376264722,48.726781389]],[[2.376264722,48.726781389],[2.376204167,48.726781944]],[[2.376204167,48.726781944],[2.376134167,48.726778889]],[[2.379786667,48.727452778],[2.379678333,48.727441667]],[[2.379678333,48.727441667],[2.379577778,48.727441389]],[[2.379577778,48.727441389],[2.379510278,48.727446944]],[[2.379510278,48.727446944],[2.379458889,48.727455278]],[[2.379458889,48.727455278],[2.379390556,48.727469167]],[[2.379390556,48.727469167],[2.379333889,48.727485833]],[[2.379333889,48.727485833],[2.379287778,48.727500833]],[[2.379287778,48.727500833],[2.379233889,48.727524167]],[[2.379233889,48.727524167],[2.379200278,48.727541667]],[[2.379156111,48.727567778],[2.378658611,48.727958889]],[[2.378658611,48.727958889],[2.378621667,48.7279875]],[[2.378621667,48.7279875],[2.378589444,48.728011944]],[[2.378589444,48.728011944],[2.378545,48.728040278]],[[2.378545,48.728040278],[2.378496944,48.728064722]],[[2.378496944,48.728064722],[2.378455,48.728082778]],[[2.378455,48.728082778],[2.378397778,48.728103333]],[[2.378397778,48.728103333],[2.378345278,48.728118611]],[[2.378345278,48.728118611],[2.378281667,48.728141111]],[[2.378281667,48.728141111],[2.378217222,48.728166111]],[[2.378217222,48.728166111],[2.378163056,48.728194167]],[[2.378163056,48.728194167],[2.378127778,48.728217222]],[[2.378127778,48.728217222],[2.378087778,48.728245]],[[2.378087778,48.728245],[2.378055556,48.728273611]],[[2.378055556,48.728273611],[2.378024444,48.728305833]],[[2.378024444,48.728305833],[2.378,48.728335278]],[[2.378,48.728335278],[2.377977222,48.72837]],[[2.377977222,48.72837],[2.377958611,48.728400833]],[[2.377958611,48.728400833],[2.377945833,48.728437222]],[[2.377945833,48.728437222],[2.377935833,48.728475278]],[[2.377935833,48.728475278],[2.377931111,48.728511944]],[[2.377931111,48.728511944],[2.377930278,48.728543611]],[[2.377930278,48.728543611],[2.377932778,48.728575556]],[[2.377932778,48.728575556],[2.377941389,48.728614444]],[[2.377941389,48.728614444],[2.377958611,48.728660278]],[[2.370126667,48.742139722],[2.370181111,48.742160833]],[[2.370181111,48.742160833],[2.370230833,48.742177778]],[[2.370230833,48.742177778],[2.370294722,48.742199722]],[[2.370294722,48.742199722],[2.370346111,48.742216111]],[[2.370346111,48.742216111],[2.37041,48.742234444]],[[2.37041,48.742234444],[2.370472222,48.742251667]],[[2.370472222,48.742251667],[2.370531667,48.742264167]],[[2.370531667,48.742264167],[2.370589167,48.742274167]],[[2.370589167,48.742274167],[2.370648056,48.742280833]],[[2.370648056,48.742280833],[2.370702778,48.742285833]],[[2.370702778,48.742285833],[2.370755278,48.742287778]],[[2.370755278,48.742287778],[2.370821389,48.742289167]],[[2.370821389,48.742289167],[2.370873889,48.742290556]],[[2.370873889,48.742290556],[2.381634444,48.742383889]],[[2.381634444,48.742383889],[2.381701667,48.742384167]],[[2.381701667,48.742384167],[2.381758333,48.742383333]],[[2.381758333,48.742383333],[2.3818025,48.742381944]],[[2.3818025,48.742381944],[2.381861944,48.742381111]],[[2.381861944,48.742381111],[2.381927222,48.742377778]],[[2.381927222,48.742377778],[2.381988889,48.742373333]],[[2.381988889,48.742373333],[2.382063611,48.742364167]],[[2.382063611,48.742364167],[2.382128056,48.742353889]],[[2.382128056,48.742353889],[2.3821825,48.7423425]],[[2.3821825,48.7423425],[2.382234444,48.742329722]],[[2.382234444,48.742329722],[2.382282778,48.7423175]],[[2.382282778,48.7423175],[2.382336667,48.742298611]],[[2.382336667,48.742298611],[2.382389167,48.742275833]],[[2.382389167,48.742275833],[2.382429167,48.742256667]],[[2.382429167,48.742256667],[2.382476667,48.742229167]],[[2.382476667,48.742229167],[2.382513889,48.742205278]],[[2.382513889,48.742205278],[2.382555,48.742172778]],[[2.382555,48.742172778],[2.382589167,48.742141667]],[[2.382589167,48.742141667],[2.382614722,48.742115278]],[[2.382614722,48.742115278],[2.382639722,48.742085278]],[[2.382639722,48.742085278],[2.382666111,48.742045]],[[2.382666111,48.742045],[2.382685278,48.742010556]],[[2.382685278,48.742010556],[2.3826975,48.741979444]],[[2.3826975,48.741979444],[2.382708056,48.741935833]],[[2.382708056,48.741935833],[2.382753333,48.741754167]],[[2.382753333,48.741754167],[2.383598333,48.73835]],[[2.383598333,48.73835],[2.383614722,48.738290278]],[[2.383614722,48.738290278],[2.383624167,48.738246944]],[[2.383624167,48.738246944],[2.383633333,48.738202778]],[[2.383633333,48.738202778],[2.383647222,48.738129444]],[[2.383647222,48.738129444],[2.383655833,48.738078056]],[[2.383655833,48.738078056],[2.383663056,48.738026944]],[[2.383663056,48.738026944],[2.383668056,48.737978333]],[[2.383668056,48.737978333],[2.383671389,48.737923611]],[[2.383671389,48.737923611],[2.383673889,48.737880278]],[[2.383673889,48.737880278],[2.383674444,48.737832222]],[[2.383674444,48.737832222],[2.383675,48.737803056]],[[2.383675,48.737803056],[2.383673889,48.7377475]],[[2.383673889,48.7377475],[2.383671111,48.737696667]],[[2.383671111,48.737696667],[2.383668333,48.73765]],[[2.383668333,48.73765],[2.383659167,48.737584444]],[[2.383659167,48.737584444],[2.383649167,48.737513611]],[[2.383649167,48.737513611],[2.383633056,48.737431667]],[[2.383633056,48.737431667],[2.383613333,48.737356944]],[[2.383613333,48.737356944],[2.383593056,48.737283333]],[[2.383593056,48.737283333],[2.383565556,48.737196667]],[[2.383565556,48.737196667],[2.383531389,48.737105556]],[[2.383531389,48.737105556],[2.38348,48.736998889]],[[2.38348,48.736998889],[2.378794167,48.727649722]],[[2.378794167,48.727649722],[2.3787425,48.727551111]],[[2.3787425,48.727551111],[2.378723333,48.727506667]],[[2.378723333,48.727506667],[2.3787,48.727463611]],[[2.3787,48.727463611],[2.378662778,48.727405556]],[[2.378662778,48.727405556],[2.378630278,48.727366667]],[[2.378630278,48.727366667],[2.378595,48.727335833]],[[2.378595,48.727335833],[2.378538889,48.727296111]],[[2.378538889,48.727296111],[2.378493889,48.727265]],[[2.378493889,48.727265],[2.378451667,48.727241667]],[[2.378451667,48.727241667],[2.378385278,48.727213889]],[[2.378385278,48.727213889],[2.378333889,48.727193056]],[[2.378333889,48.727193056],[2.378271389,48.727175556]],[[2.378271389,48.727175556],[2.378195278,48.727159167]],[[2.378195278,48.727159167],[2.378121111,48.7271475]],[[2.378121111,48.7271475],[2.378023333,48.727136389]],[[2.378023333,48.727136389],[2.3779575,48.727134722]],[[2.3779575,48.727134722],[2.377884722,48.727136944]],[[2.377884722,48.727136944],[2.377801111,48.727146667]],[[2.377801111,48.727146667],[2.3777475,48.7271575]],[[2.3777475,48.7271575],[2.377696944,48.727174722]],[[2.377696944,48.727174722],[2.377655,48.727191667]],[[2.377655,48.727191667],[2.377606389,48.727213611]],[[2.377606389,48.727213611],[2.377560833,48.727242222]],[[2.377560833,48.727242222],[2.377515,48.727275833]],[[2.377515,48.727275833],[2.377482778,48.727305833]],[[2.377482778,48.727305833],[2.377456111,48.727339167]],[[2.377456111,48.727339167],[2.377436667,48.727370278]],[[2.377436667,48.727370278],[2.377414722,48.727414167]],[[2.377414722,48.727414167],[2.377405,48.727447222]],[[2.377405,48.727447222],[2.377403333,48.727485833]],[[2.377403333,48.727485833],[2.377403333,48.727535278]],[[2.377403333,48.727535278],[2.377410556,48.727559167]],[[2.377410556,48.727559167],[2.377416389,48.7275825]],[[2.379362222,48.731459722],[2.379375278,48.731515833]],[[2.379375278,48.731515833],[2.37938,48.731554167]],[[2.37938,48.731554167],[2.379377222,48.731594722]],[[2.379377222,48.731594722],[2.379368056,48.731642222]],[[2.379368056,48.731642222],[2.379351389,48.731681111]],[[2.379351389,48.731681111],[2.379325556,48.731721389]],[[2.379325556,48.731721389],[2.379296944,48.731758611]],[[2.379296944,48.731758611],[2.379264722,48.731788056]],[[2.379264722,48.731788056],[2.379229167,48.731816389]],[[2.379229167,48.731816389],[2.379192222,48.731840833]],[[2.379192222,48.731840833],[2.379147222,48.731863333]],[[2.379147222,48.731863333],[2.379092222,48.731888333]],[[2.379092222,48.731888333],[2.379035833,48.731906111]],[[2.379035833,48.731906111],[2.378970556,48.731920833]],[[2.378970556,48.731920833],[2.378900556,48.731931111]],[[2.378900556,48.731931111],[2.378813056,48.731936111]],[[2.378813056,48.731936111],[2.378738611,48.731933889]],[[2.378738611,48.731933889],[2.378661111,48.731923333]],[[2.376775556,48.731575833],[2.378661667,48.731923333]],[[2.378661667,48.731923333],[2.380718056,48.732302778]],[[2.380718056,48.732302778],[2.380803611,48.732319167]],[[2.380803611,48.732319167],[2.380856111,48.732331389]],[[2.380856111,48.732331389],[2.380910278,48.732345833]],[[2.380910278,48.732345833],[2.380981944,48.732369722]],[[2.380981944,48.732369722],[2.381033333,48.732391389]],[[2.381033333,48.732391389],[2.381077222,48.732413889]],[[2.381077222,48.732413889],[2.381111667,48.732433889]],[[2.381111667,48.732433889],[2.381140278,48.732454167]],[[2.381140278,48.732454167],[2.381164444,48.732473611]],[[2.381164444,48.732473611],[2.3811875,48.732492222]],[[2.3811875,48.732492222],[2.381208611,48.732512222]],[[2.381208611,48.732512222],[2.381228056,48.732532778]],[[2.381228056,48.732532778],[2.381246111,48.732555]],[[2.381246111,48.732555],[2.381263611,48.732577778]],[[2.381221389,48.732493056],[2.381233333,48.732525556]],[[2.381233333,48.732525556],[2.38124,48.732553889]],[[2.38124,48.732553889],[2.381245278,48.732580833]],[[2.381245278,48.732580833],[2.381246111,48.732606389]],[[2.381246111,48.732606389],[2.381242778,48.732634722]],[[2.381242778,48.732634722],[2.381238333,48.732661667]],[[2.381238333,48.732661667],[2.381229722,48.732691389]],[[2.381229722,48.732691389],[2.381219167,48.732718611]],[[2.381219167,48.732718611],[2.381205833,48.732744167]],[[2.381205833,48.732744167],[2.381191111,48.732767778]],[[2.381191111,48.732767778],[2.381171667,48.732792778]],[[2.381171667,48.732792778],[2.381151111,48.732816389]],[[2.381151111,48.732816389],[2.381128333,48.732839167]],[[2.381128333,48.732839167],[2.381105,48.732859167]],[[2.381105,48.732859167],[2.381078056,48.732879444]],[[2.381078056,48.732879444],[2.381050833,48.732896944]],[[2.381050833,48.732896944],[2.381016389,48.732919167]],[[2.381016389,48.732919167],[2.3809875,48.732932222]],[[2.3809875,48.732932222],[2.3809475,48.732950278]],[[2.3809475,48.732950278],[2.380907778,48.732964444]],[[2.380907778,48.732964444],[2.380868611,48.732976944]],[[2.380868611,48.732976944],[2.380822222,48.7329875]],[[2.380822222,48.7329875],[2.38076,48.733000833]],[[2.38076,48.733000833],[2.380698611,48.73301]],[[2.380698611,48.73301],[2.380663611,48.733013611]],[[2.380663611,48.733013611],[2.380630556,48.733016111]],[[2.380630556,48.733016111],[2.380593056,48.733016944]],[[2.380593056,48.733016944],[2.380558333,48.733017778]],[[2.380558333,48.733017778],[2.380516667,48.733015]],[[2.380516667,48.733015],[2.380485278,48.733012222]],[[2.380485278,48.733012222],[2.380443611,48.733006667]],[[2.380443611,48.733006667],[2.380400556,48.732999167]],[[2.380400556,48.732999167],[2.380356389,48.73299]],[[2.380356389,48.73299],[2.380315833,48.732977778]],[[2.380315833,48.732977778],[2.38028,48.732964722]],[[2.38028,48.732964722],[2.380241944,48.732948056]],[[2.380241944,48.732948056],[2.380209444,48.732932222]],[[2.380209444,48.732932222],[2.380176111,48.732915]],[[2.380176111,48.732915],[2.380146667,48.732896667]],[[2.380146667,48.732896667],[2.3801225,48.732879444]],[[2.3801225,48.732879444],[2.380094722,48.732856667]],[[2.380094722,48.732856667],[2.380073611,48.732836389]],[[2.380073611,48.732836389],[2.380051944,48.732813333]],[[2.380051944,48.732813333],[2.38003,48.732784444]],[[2.38003,48.732784444],[2.380013611,48.732758611]],[[2.380760278,48.733001111],[2.380721667,48.733012222]],[[2.380721667,48.733012222],[2.380681389,48.733024722]],[[2.380681389,48.733024722],[2.380651111,48.733035556]],[[2.380651111,48.733035556],[2.380621667,48.733047222]],[[2.380621667,48.733047222],[2.380595833,48.733060833]],[[2.380595833,48.733060833],[2.380566111,48.733077222]],[[2.380566111,48.733077222],[2.380543611,48.733090833]],[[2.380543611,48.733090833],[2.380523056,48.733105]],[[2.380523056,48.733105],[2.380498056,48.733123056]],[[2.380498056,48.733123056],[2.380476667,48.733142222]],[[2.380476667,48.733142222],[2.380457778,48.733160278]],[[2.380457778,48.733160278],[2.3804375,48.733181944]],[[2.3804375,48.733181944],[2.380421389,48.733202222]],[[2.380421389,48.733202222],[2.380404167,48.733226667]],[[2.380404167,48.733226667],[2.380389444,48.733256389]],[[2.380389444,48.733256389],[2.380378333,48.733282778]],[[2.380378333,48.733282778],[2.380371111,48.7333025]],[[2.380371111,48.7333025],[2.380363889,48.733329722]],[[2.380363889,48.733329722],[2.380361389,48.733351667]],[[2.380361389,48.733351667],[2.380358889,48.733376944]],[[2.380358889,48.733376944],[2.38036,48.7334]],[[2.38036,48.7334],[2.380363611,48.733427222]],[[2.380363611,48.733427222],[2.380370556,48.733458056]],[[2.380370556,48.733458056],[2.3803825,48.733495278]],[[2.385938056,48.7381375],[2.385876111,48.738149444]],[[2.385876111,48.738149444],[2.385828333,48.738156944]],[[2.385828333,48.738156944],[2.385771944,48.738161389]],[[2.385771944,48.738161389],[2.385714167,48.738164722]],[[2.385714167,48.738164722],[2.385658611,48.738163611]],[[2.385658611,48.738163611],[2.385597778,48.738161389]],[[2.385597778,48.738161389],[2.385544444,48.738156944]],[[2.385544444,48.738156944],[2.385494444,48.738151389]],[[2.385494444,48.738151389],[2.385443889,48.738141389]],[[2.385443889,48.738141389],[2.385386944,48.738128333]],[[2.385386944,48.738128333],[2.385334167,48.738113611]],[[2.385334167,48.738113611],[2.385275,48.738094722]],[[2.385275,48.738094722],[2.384608333,48.737874444]],[[2.3845575,48.737856667],[2.382465,48.737161944]],[[2.382465,48.737161944],[2.382410833,48.737143611]],[[2.382410833,48.737143611],[2.382372222,48.737129167]],[[2.382372222,48.737129167],[2.382328889,48.737110833]],[[2.382328889,48.737110833],[2.382285,48.737088611]],[[2.382285,48.737088611],[2.382254444,48.73707]],[[2.382254444,48.73707],[2.382210278,48.737041111]],[[2.382210278,48.737041111],[2.382184167,48.73702]],[[2.382184167,48.73702],[2.382152778,48.736986944]],[[2.382152778,48.736986944],[2.382128611,48.736959444]],[[2.382128611,48.736959444],[2.382109722,48.736930833]],[[2.382109722,48.736930833],[2.382087222,48.736893333]],[[2.382413056,48.737144167],[2.382465556,48.737159167]],[[2.382465556,48.737159167],[2.382509722,48.737169444]],[[2.382509722,48.737169444],[2.382553611,48.737176944]],[[2.382553611,48.737176944],[2.382603333,48.737183611]],[[2.382603333,48.737183611],[2.382655,48.737187222]],[[2.382655,48.737187222],[2.382707222,48.737188056]],[[2.382707222,48.737188056],[2.382764722,48.737186389]],[[2.382764722,48.737186389],[2.382825278,48.737180833]],[[2.382825278,48.737180833],[2.382884167,48.737170556]],[[2.382884167,48.737170556],[2.382931667,48.73716]],[[2.382931667,48.73716],[2.382986389,48.737144722]],[[2.382986389,48.737144722],[2.3830325,48.737126389]],[[2.3830325,48.737126389],[2.383074722,48.737108333]],[[2.383074722,48.737108333],[2.383111389,48.737088889]],[[2.383111389,48.737088889],[2.383149444,48.737065278]],[[2.383149444,48.737065278],[2.383186944,48.737035556]],[[2.383186944,48.737035556],[2.383219722,48.737005833]],[[2.383219722,48.737005833],[2.383244444,48.736981944]],[[2.383244444,48.736981944],[2.383266111,48.736957222]],[[2.383266111,48.736957222],[2.3832875,48.736925833]],[[2.3832875,48.736925833],[2.3833025,48.736895278]],[[2.3833025,48.736895278],[2.383319167,48.736855]],[[2.383319167,48.736855],[2.383326944,48.736820833]],[[2.383326944,48.736820833],[2.38333,48.73679]],[[2.38333,48.73679],[2.383334444,48.73675]],[[2.383334444,48.73675],[2.383329167,48.736716944]],[[2.383329167,48.736716944],[2.383318889,48.7366775]],[[2.383496389,48.737031667],[2.383541389,48.737115833]],[[2.383541389,48.737115833],[2.383572222,48.737177778]],[[2.383572222,48.737177778],[2.383650833,48.737323889]],[[2.383650833,48.737323889],[2.383676944,48.737370833]],[[2.383676944,48.737370833],[2.383699444,48.737408333]],[[2.383699444,48.737408333],[2.383722222,48.737437222]],[[2.383722222,48.737437222],[2.383750833,48.737472778]],[[2.383750833,48.737472778],[2.383783056,48.737504444]],[[2.383783056,48.737504444],[2.383818056,48.737535278]],[[2.383818056,48.737535278],[2.383862222,48.737568056]],[[2.383862222,48.737568056],[2.383909444,48.737601389]],[[2.383909444,48.737601389],[2.383958611,48.737628611]],[[2.383958611,48.737628611],[2.384015,48.7376575]],[[2.384015,48.7376575],[2.384070833,48.737682222]],[[2.384070833,48.737682222],[2.384140278,48.737710833]],[[2.384140278,48.737710833],[2.384299722,48.737771667]],[[2.383674444,48.7378375],[2.383666944,48.737778611]],[[2.383666944,48.737778611],[2.38366,48.73775]],[[2.38366,48.73775],[2.383651111,48.737721389]],[[2.383651111,48.737721389],[2.383634167,48.737688056]],[[2.383634167,48.737688056],[2.383615,48.737656667]],[[2.383615,48.737656667],[2.383594444,48.737626667]],[[2.383594444,48.737626667],[2.383570556,48.7376025]],[[2.383570556,48.7376025],[2.383543611,48.737575278]],[[2.383543611,48.737575278],[2.383509722,48.737547778]],[[2.383509722,48.737547778],[2.383477778,48.737523333]],[[2.383477778,48.737523333],[2.383435833,48.737499167]],[[2.383435833,48.737499167],[2.383391944,48.737476111]],[[2.383391944,48.737476111],[2.383279167,48.737432778]],[[2.384287778,48.738497778],[2.383966111,48.738569444]],[[2.383966111,48.738569444],[2.383901111,48.738584167]],[[2.383901111,48.738584167],[2.383838611,48.7386]],[[2.383838611,48.7386],[2.383793333,48.738615833]],[[2.383793333,48.738615833],[2.383744444,48.738636111]],[[2.383744444,48.738636111],[2.383701111,48.738656667]],[[2.383701111,48.738656667],[2.383656944,48.738683056]],[[2.383656944,48.738683056],[2.383612222,48.738713889]],[[2.383612222,48.738713889],[2.383570833,48.7387475]],[[2.383570833,48.7387475],[2.383539444,48.738779444]],[[2.383539444,48.738779444],[2.383509167,48.738819722]],[[2.383509167,48.738819722],[2.383487222,48.738860278]],[[2.383487222,48.738860278],[2.383439167,48.738991944]],[[2.3835025,48.738737778],[2.383510833,48.738678333]],[[2.383510833,48.738678333],[2.383508056,48.738628889]],[[2.383508056,48.738628889],[2.383501111,48.738585278]],[[2.383501111,48.738585278],[2.383486111,48.738544444]],[[2.383486111,48.738544444],[2.38347,48.738507222]],[[2.38347,48.738507222],[2.383445278,48.738466389]],[[2.383445278,48.738466389],[2.383419722,48.738430278]],[[2.383419722,48.738430278],[2.383389722,48.738395556]],[[2.383389722,48.738395556],[2.383356111,48.738365556]],[[2.383356111,48.738365556],[2.3833125,48.738332222]],[[2.3833125,48.738332222],[2.383266944,48.738306111]],[[2.383266944,48.738306111],[2.383218611,48.738279444]],[[2.383218611,48.738279444],[2.383155278,48.738247778]],[[2.382930556,48.741034722],[2.382898333,48.741105]],[[2.382898333,48.741105],[2.382865833,48.741144722]],[[2.382865833,48.741144722],[2.382827778,48.741185833]],[[2.382827778,48.741185833],[2.382784722,48.741221111]],[[2.382784722,48.741221111],[2.382738611,48.741251667]],[[2.382738611,48.741251667],[2.382691389,48.741276111]],[[2.382691389,48.741276111],[2.382636111,48.741299444]],[[2.382636111,48.741299444],[2.382574444,48.74132]],[[2.382574444,48.74132],[2.382512778,48.741335]],[[2.382512778,48.741335],[2.382445556,48.741345556]],[[2.382445556,48.741345556],[2.382376667,48.741351389]],[[2.382376667,48.741351389],[2.382304167,48.741353333]],[[2.382304167,48.741353333],[2.3822,48.741353056]],[[2.3822,48.741353056],[2.382139167,48.741349722]],[[2.382139167,48.741349722],[2.382073611,48.741340833]],[[2.382073611,48.741340833],[2.382011944,48.741328333]],[[2.382011944,48.741328333],[2.381962222,48.741315]],[[2.381962222,48.741315],[2.381900278,48.741293611]],[[2.381900278,48.741293611],[2.381856111,48.741273333]],[[2.381856111,48.741273333],[2.381801667,48.741244444]],[[2.381801667,48.741244444],[2.381761667,48.741218056]],[[2.381761667,48.741218056],[2.381725,48.741188333]],[[2.381725,48.741188333],[2.381695556,48.741159444]],[[2.381695556,48.741159444],[2.381666944,48.741125556]],[[2.381666944,48.741125556],[2.381644722,48.741090556]],[[2.381644722,48.741090556],[2.381629444,48.741058056]],[[2.381629444,48.741058056],[2.381616111,48.741021389]],[[2.381616111,48.741021389],[2.381608056,48.740987222]],[[2.381608056,48.740987222],[2.381605,48.740956944]],[[2.381605,48.740956944],[2.381606667,48.740931389]],[[2.381606667,48.740931389],[2.38161,48.740901667]],[[2.38161,48.740901667],[2.3816175,48.740866667]],[[2.3816175,48.740866667],[2.381663611,48.740679444]],[[2.37738,48.739997222],[2.372526111,48.739953333]],[[2.372526111,48.739953333],[2.372453889,48.739956111]],[[2.372453889,48.739956111],[2.372406667,48.739960278]],[[2.372406667,48.739960278],[2.372345278,48.739968611]],[[2.372345278,48.739968611],[2.372278333,48.739981111]],[[2.372278333,48.739981111],[2.372227222,48.739992778]],[[2.372227222,48.739992778],[2.372175833,48.740008333]],[[2.372175833,48.740008333],[2.372119167,48.740027778]],[[2.372119167,48.740027778],[2.372068611,48.740049167]],[[2.372068611,48.740049167],[2.372017222,48.740075278]],[[2.372017222,48.740075278],[2.371973611,48.740100278]],[[2.371973611,48.740100278],[2.371929444,48.740129722]],[[2.371929444,48.740129722],[2.371890833,48.740160278]],[[2.371890833,48.740160278],[2.371854722,48.740193056]],[[2.371854722,48.740193056],[2.371828056,48.74022]],[[2.371828056,48.74022],[2.371803889,48.740250278]],[[2.371803889,48.740250278],[2.371780556,48.740282778]],[[2.371780556,48.740282778],[2.371758889,48.740320833]],[[2.371758889,48.740320833],[2.371742222,48.740361111]],[[2.371742222,48.740361111],[2.371726944,48.740404167]],[[2.371726944,48.740404167],[2.371720556,48.740446111]],[[2.371720556,48.740446111],[2.371718333,48.7404875]],[[2.371718333,48.7404875],[2.371692778,48.741764722]],[[2.371692778,48.741764722],[2.3716975,48.741815833]],[[2.3716975,48.741815833],[2.371706389,48.741856944]],[[2.371706389,48.741856944],[2.371716667,48.741891944]],[[2.371716667,48.741891944],[2.371733333,48.741932778]],[[2.371733333,48.741932778],[2.371755556,48.741969444]],[[2.371755556,48.741969444],[2.371780556,48.7420075]],[[2.371780556,48.7420075],[2.371809167,48.742041944]],[[2.371809167,48.742041944],[2.371839167,48.742073611]],[[2.371839167,48.742073611],[2.371865556,48.742095556]],[[2.371865556,48.742095556],[2.371901111,48.742125]],[[2.371901111,48.742125],[2.371943056,48.742153333]],[[2.371943056,48.742153333],[2.371984167,48.742176944]],[[2.371984167,48.742176944],[2.372026944,48.742198889]],[[2.372026944,48.742198889],[2.372078889,48.742222222]],[[2.372078889,48.742222222],[2.372133889,48.742242222]],[[2.372133889,48.742242222],[2.372188056,48.742258889]],[[2.372188056,48.742258889],[2.372251111,48.742275833]],[[2.372251111,48.742275833],[2.372312778,48.742288611]],[[2.372312778,48.742288611],[2.372381389,48.742296389]],[[2.372381389,48.742296389],[2.372452222,48.7423025]],[[2.372452222,48.7423025],[2.372506944,48.742304722]],[[2.371691389,48.7417625],[2.371686667,48.741811111]],[[2.371686667,48.741811111],[2.371677222,48.741856389]],[[2.371677222,48.741856389],[2.371663889,48.741892222]],[[2.371663889,48.741892222],[2.371643611,48.741935833]],[[2.371643611,48.741935833],[2.371615278,48.741981111]],[[2.371615278,48.741981111],[2.371586667,48.7420175]],[[2.371586667,48.7420175],[2.3715675,48.7420375]],[[2.3715675,48.7420375],[2.371533056,48.742071944]],[[2.371533056,48.742071944],[2.371505,48.742095]],[[2.371505,48.742095],[2.371463056,48.742125278]],[[2.371463056,48.742125278],[2.371429167,48.742147222]],[[2.371429167,48.742147222],[2.3713875,48.742170833]],[[2.3713875,48.742170833],[2.371343333,48.742192778]],[[2.371343333,48.742192778],[2.371297222,48.742212222]],[[2.371297222,48.742212222],[2.371248333,48.742231111]],[[2.371248333,48.742231111],[2.371180556,48.742250833]],[[2.371180556,48.742250833],[2.371103056,48.74227]],[[2.371103056,48.74227],[2.371031944,48.742285]],[[2.371031944,48.742285],[2.370961389,48.742290833]],[[2.38535,48.734809167],[2.384948611,48.734016111]],[[2.384948611,48.734016111],[2.384922222,48.7339725]],[[2.384922222,48.7339725],[2.384893333,48.733932778]],[[2.384893333,48.733932778],[2.384850556,48.733895]],[[2.384850556,48.733895],[2.384792222,48.733864722]],[[2.384792222,48.733864722],[2.384714722,48.733843611]],[[2.384714722,48.733843611],[2.384629722,48.733825]],[[2.384629722,48.733825],[2.382386389,48.733352222]],[[2.384051944,48.732225833],[2.384457778,48.733036667]],[[2.384457778,48.733036667],[2.3844775,48.733082778]],[[2.3844775,48.733082778],[2.384490833,48.733136667]],[[2.384490833,48.733136667],[2.384491389,48.733212222]],[[2.384491389,48.733212222],[2.384482778,48.733267778]],[[2.384482778,48.733267778],[2.384461667,48.733321111]],[[2.384461667,48.733321111],[2.384433611,48.733369722]],[[2.384433611,48.733369722],[2.384402778,48.733409444]],[[2.384402778,48.733409444],[2.384350833,48.733458056]],[[2.384350833,48.733458056],[2.384301389,48.733493889]],[[2.384301389,48.733493889],[2.3842475,48.733530278]],[[2.3842475,48.733530278],[2.384188611,48.733558889]],[[2.384188611,48.733558889],[2.384131944,48.733578889]],[[2.384131944,48.733578889],[2.3840675,48.733600556]],[[2.3840675,48.733600556],[2.383993333,48.733616944]],[[2.383993333,48.733616944],[2.383914722,48.7336275]],[[2.383914722,48.7336275],[2.383842222,48.733629444]],[[2.383842222,48.733629444],[2.383762778,48.733629722]],[[2.383762778,48.733629722],[2.383652222,48.733619167]],[[2.382343611,48.733341944],[2.381837778,48.733237222]],[[2.381837778,48.733237222],[2.3817825,48.733220278]],[[2.3817825,48.733220278],[2.381716111,48.733195]],[[2.381716111,48.733195],[2.381666944,48.733172778]],[[2.381666944,48.733172778],[2.3816175,48.733145833]],[[2.3816175,48.733145833],[2.381578889,48.733117778]],[[2.381578889,48.733117778],[2.381546944,48.733088611]],[[2.381546944,48.733088611],[2.381523611,48.733061389]],[[2.381523611,48.733061389],[2.381485833,48.733016389]],[[2.381485833,48.733016389],[2.381469167,48.732988056]],[[2.381683889,48.733180833],[2.381593611,48.733139444]],[[2.381593611,48.733139444],[2.381551944,48.733120833]],[[2.381551944,48.733120833],[2.381509167,48.733098889]],[[2.381509167,48.733098889],[2.381456389,48.733075556]],[[2.381456389,48.733075556],[2.381377778,48.733041389]],[[2.381377778,48.733041389],[2.3813375,48.733026667]],[[2.3813375,48.733026667],[2.381275,48.733004167]],[[2.381275,48.733004167],[2.381210556,48.732987778]],[[2.381210556,48.732987778],[2.381135278,48.732973333]],[[2.381135278,48.732973333],[2.381070278,48.732967222]],[[2.381070278,48.732967222],[2.381017222,48.732966944]],[[2.381017222,48.732966944],[2.380955833,48.732968611]],[[2.380955833,48.732968611],[2.380908056,48.732971944]],[[2.380908056,48.732971944],[2.380859722,48.73298]],[[2.381586667,48.733222222],[2.381571667,48.733199722]],[[2.381571667,48.733199722],[2.381556111,48.733176389]],[[2.381556111,48.733176389],[2.381535,48.733152778]],[[2.381535,48.733152778],[2.381506667,48.733126389]],[[2.381506667,48.733126389],[2.381482222,48.733106389]],[[2.381482222,48.733106389],[2.381443889,48.733079722]],[[2.381443889,48.733079722],[2.381406667,48.733058056]],[[2.381406667,48.733058056],[2.381359167,48.733034722]],[[2.380403611,48.732244722],[2.380437222,48.732247222]],[[2.380437222,48.732247222],[2.380479444,48.732248611]],[[2.380479444,48.732248611],[2.380522222,48.732247222]],[[2.380522222,48.732247222],[2.380558889,48.732242778]],[[2.380558889,48.732242778],[2.380605833,48.732236111]],[[2.380605833,48.732236111],[2.380657222,48.732224444]],[[2.380657222,48.732224444],[2.380695833,48.732212222]],[[2.380695833,48.732212222],[2.380740278,48.732194444]],[[2.380740278,48.732194444],[2.38078,48.732173333]],[[2.38078,48.732173333],[2.380815833,48.732149722]],[[2.380815833,48.732149722],[2.380855556,48.732116667]],[[2.380855556,48.732116667],[2.380881944,48.732081944]],[[2.380881944,48.732081944],[2.380903611,48.732049444]],[[2.380903611,48.732049444],[2.380920556,48.732009167]],[[2.380920556,48.732009167],[2.380927222,48.731969167]],[[2.380927222,48.731969167],[2.380928611,48.731933889]],[[2.380928611,48.731933889],[2.380923333,48.731903889]],[[2.380923333,48.731903889],[2.380911667,48.731876111]],[[2.382331667,48.728790556],[2.381954444,48.728041944]],[[2.381954444,48.728041944],[2.381918611,48.727993056]],[[2.381918611,48.727993056],[2.381880278,48.727950278]],[[2.381880278,48.727950278],[2.38183,48.7279075]],[[2.38183,48.7279075],[2.381767778,48.727864444]],[[2.381767778,48.727864444],[2.381720556,48.72784]],[[2.381720556,48.72784],[2.381649722,48.727809167]],[[2.381649722,48.727809167],[2.381566111,48.727781389]],[[2.381256111,48.726661667],[2.381442778,48.727024167]],[[2.381442778,48.727024167],[2.381469444,48.727076111]],[[2.381469444,48.727076111],[2.381480833,48.727121667]],[[2.381480833,48.727121667],[2.381479444,48.727183056]],[[2.381479444,48.727183056],[2.381475833,48.727245]],[[2.381475833,48.727245],[2.381449444,48.7273075]],[[2.381449444,48.7273075],[2.381421389,48.727359444]],[[2.381421389,48.727359444],[2.381386667,48.727403889]],[[2.381386667,48.727403889],[2.381343056,48.727448056]],[[2.381343056,48.727448056],[2.381276667,48.727494167]],[[2.381276667,48.727494167],[2.381216944,48.727530556]],[[2.381216944,48.727530556],[2.381145278,48.727562222]],[[2.381145278,48.727562222],[2.38107,48.727584444]],[[2.38107,48.727584444],[2.380990278,48.727603333]],[[2.380990278,48.727603333],[2.380878889,48.727620833]],[[2.380878889,48.727620833],[2.380804722,48.727622778]],[[2.380804722,48.727622778],[2.380729722,48.727621111]],[[2.380729722,48.727621111],[2.380651111,48.727611389]],[[2.378658611,48.727957778],[2.378688611,48.727926667]],[[2.378688611,48.727926667],[2.378715556,48.7278925]],[[2.378715556,48.7278925],[2.378744444,48.727847778]],[[2.378744444,48.727847778],[2.378762222,48.727811667]],[[2.378762222,48.727811667],[2.378774444,48.727754167]],[[2.378774444,48.727754167],[2.378778611,48.727711389]],[[2.378778611,48.727711389],[2.378778889,48.72766]],[[2.378778889,48.72766],[2.378770833,48.727612222]],[[2.378770833,48.727612222],[2.378756111,48.727576389]],[[2.3790775,48.727628889],[2.379027778,48.727683333]],[[2.379027778,48.727683333],[2.378999444,48.727723611]],[[2.378999444,48.727723611],[2.378973611,48.727774722]],[[2.378973611,48.727774722],[2.378956944,48.727831389]],[[2.378956944,48.727831389],[2.378949167,48.727896667]],[[2.378949167,48.727896667],[2.378960833,48.727950833]],[[2.378960833,48.727950833],[2.378974444,48.728011111]],[[2.3792575,48.728575278],[2.379224444,48.728522778]],[[2.379224444,48.728522778],[2.379184167,48.7284775]],[[2.379184167,48.7284775],[2.379135833,48.728435]],[[2.379135833,48.728435],[2.379081111,48.7283975]],[[2.379081111,48.7283975],[2.379018889,48.728365278]],[[2.379018889,48.728365278],[2.378941667,48.728331389]],[[2.378941667,48.728331389],[2.378853333,48.728306389]],[[2.378853333,48.728306389],[2.378744722,48.728284444]],[[2.378744722,48.728284444],[2.378511667,48.728241389]],[[2.378511667,48.728241389],[2.378605278,48.728259722]],[[2.378605278,48.728259722],[2.377760833,48.728103056]],[[2.377760833,48.728103056],[2.374849722,48.727566389]],[[2.374849722,48.727566389],[2.374767778,48.727548333]],[[2.374767778,48.727548333],[2.374697778,48.727533056]],[[2.374697778,48.727533056],[2.37463,48.727510556]],[[2.37463,48.727510556],[2.374189444,48.727373056]],[[2.374189444,48.727373056],[2.374136944,48.727356667]],[[2.374136944,48.727356667],[2.374056111,48.727340833]],[[2.374056111,48.727340833],[2.370422778,48.726668611]],[[2.370422778,48.726668611],[2.370351111,48.726659722]],[[2.370351111,48.726659722],[2.370257222,48.726652778]],[[2.370257222,48.726652778],[2.369979722,48.7266475]],[[2.369979722,48.7266475],[2.369916667,48.726645]],[[2.369916667,48.726645],[2.369854167,48.726638889]],[[2.369854167,48.726638889],[2.369776667,48.726628333]],[[2.369776667,48.726628333],[2.369704167,48.726616111]],[[2.369704167,48.726616111],[2.369088611,48.726501667]],[[2.369088611,48.726501667],[2.368867778,48.726457778]],[[2.368867778,48.726457778],[2.368793889,48.726442222]],[[2.368793889,48.726442222],[2.368734722,48.726429444]],[[2.368734722,48.726429444],[2.368661389,48.726410556]],[[2.368661389,48.726410556],[2.367405,48.726101111]],[[2.367405,48.726101111],[2.366070556,48.725773889]],[[2.366070556,48.725773889],[2.366006944,48.725758056]],[[2.366006944,48.725758056],[2.365945556,48.725743611]],[[2.365945556,48.725743611],[2.365892222,48.725733056]],[[2.365892222,48.725733056],[2.365751667,48.725706944]],[[2.365751667,48.725706944],[2.365249722,48.725614444]],[[2.365249722,48.725614444],[2.360596389,48.724752222]],[[2.360596389,48.724752222],[2.360515,48.724737222]],[[2.360515,48.724737222],[2.3604075,48.724719722]],[[2.3604075,48.724719722],[2.360310833,48.724708611]],[[2.360310833,48.724708611],[2.360228333,48.724699722]],[[2.360228333,48.724699722],[2.360116667,48.724688889]],[[2.360116667,48.724688889],[2.359989167,48.724679444]],[[2.359989167,48.724679444],[2.359866111,48.724673889]],[[2.359866111,48.724673889],[2.359694722,48.72467]],[[2.359694722,48.72467],[2.359539167,48.724672222]],[[2.359539167,48.724672222],[2.359351667,48.724681111]],[[2.359351667,48.724681111],[2.359205556,48.724693889]],[[2.359205556,48.724693889],[2.359023333,48.724716667]],[[2.359023333,48.724716667],[2.358754722,48.724751667]],[[2.358754722,48.724751667],[2.358656944,48.724761944]],[[2.358656944,48.724761944],[2.358559722,48.724772778]],[[2.358559722,48.724772778],[2.358456389,48.724781111]],[[2.358456389,48.724781111],[2.358357222,48.724785833]],[[2.358357222,48.724785833],[2.358260833,48.724787778]],[[2.358260833,48.724787778],[2.358131389,48.7247875]],[[2.358131389,48.7247875],[2.358018889,48.724785]],[[2.358018889,48.724785],[2.357883056,48.72478]],[[2.357883056,48.72478],[2.357758889,48.724773056]],[[2.357758889,48.724773056],[2.357637778,48.724763056]],[[2.357637778,48.724763056],[2.357505,48.724749444]],[[2.357505,48.724749444],[2.357364444,48.724728333]],[[2.357364444,48.724728333],[2.3572625,48.724711389]],[[2.3572625,48.724711389],[2.357148889,48.724691667]],[[2.357148889,48.724691667],[2.350469722,48.723456667]],[[2.350469722,48.723456667],[2.350332222,48.723432222]],[[2.350332222,48.723432222],[2.350244167,48.723420278]],[[2.350244167,48.723420278],[2.350146111,48.723407778]],[[2.350146111,48.723407778],[2.350073056,48.723402222]],[[2.350073056,48.723402222],[2.349998611,48.723396389]],[[2.349998611,48.723396389],[2.349933889,48.723393889]],[[2.349933889,48.723393889],[2.349852778,48.723393056]],[[2.349852778,48.723393056],[2.349763056,48.723394444]],[[2.349763056,48.723394444],[2.34967,48.723395556]],[[2.34967,48.723395556],[2.349599167,48.723398333]],[[2.349599167,48.723398333],[2.349488333,48.723408333]],[[2.349488333,48.723408333],[2.349418333,48.723416111]],[[2.349418333,48.723416111],[2.349328333,48.723428611]],[[2.349328333,48.723428611],[2.349245278,48.723442778]],[[2.349245278,48.723442778],[2.349164444,48.723460556]],[[2.349164444,48.723460556],[2.349008056,48.723496111]],[[2.365945556,48.721903611],[2.365718889,48.721916667]],[[2.365718889,48.721916667],[2.365614167,48.721925556]],[[2.365614167,48.721925556],[2.365515833,48.721940556]],[[2.365515833,48.721940556],[2.365417778,48.721959167]],[[2.365417778,48.721959167],[2.365325,48.721983611]],[[2.365325,48.721983611],[2.365234444,48.722009722]],[[2.365234444,48.722009722],[2.364990556,48.722099722]],[[2.376610833,48.726867778],[2.376856944,48.726920278]],[[2.376856944,48.726920278],[2.376904444,48.726935278]],[[2.376904444,48.726935278],[2.376950556,48.726954722]],[[2.376950556,48.726954722],[2.376992222,48.726975]],[[2.376992222,48.726975],[2.377029722,48.726994444]],[[2.377029722,48.726994444],[2.377065556,48.727016944]],[[2.377065556,48.727016944],[2.377094722,48.727039722]],[[2.377094722,48.727039722],[2.377125,48.727066111]],[[2.377125,48.727066111],[2.377148889,48.727091389]],[[2.377148889,48.727091389],[2.377171389,48.727118889]],[[2.377171389,48.727118889],[2.377215,48.727183333]],[[2.377215,48.727183333],[2.377231389,48.727211667]],[[2.377785833,48.727149444],[2.377720278,48.7271625]],[[2.377720278,48.7271625],[2.377668889,48.727176111]],[[2.377668889,48.727176111],[2.377620833,48.727192222]],[[2.377620833,48.727192222],[2.377574722,48.727211944]],[[2.377574722,48.727211944],[2.377525556,48.727236667]],[[2.377525556,48.727236667],[2.377480556,48.727264444]],[[2.377480556,48.727264444],[2.377443611,48.727291111]],[[2.377443611,48.727291111],[2.377406111,48.727323333]],[[2.377406111,48.727323333],[2.377371944,48.727357778]],[[2.377371944,48.727357778],[2.377351389,48.727387222]],[[2.377351389,48.727387222],[2.377321389,48.7274325]],[[2.377321389,48.7274325],[2.3773,48.727471944]],[[2.3773,48.727471944],[2.377288611,48.727511111]],[[2.377288611,48.727511111],[2.377273611,48.727548333]],[[2.377273611,48.727548333],[2.377265,48.727571111]],[[2.377265,48.727571111],[2.3772425,48.727605278]],[[2.3772425,48.727605278],[2.377220278,48.727638611]],[[2.377220278,48.727638611],[2.3771925,48.727669444]],[[2.3771925,48.727669444],[2.377163889,48.727696389]],[[2.377163889,48.727696389],[2.377136667,48.7277175]],[[2.377136667,48.7277175],[2.377098333,48.727746111]],[[2.377098333,48.727746111],[2.377052222,48.727773056]],[[2.377052222,48.727773056],[2.377008611,48.727796667]],[[2.377008611,48.727796667],[2.3769625,48.727814167]],[[2.3769625,48.727814167],[2.376912222,48.727832778]],[[2.376912222,48.727832778],[2.376866667,48.727845556]],[[2.376866667,48.727845556],[2.376811111,48.727858611]],[[2.376811111,48.727858611],[2.376746389,48.727868889]],[[2.376746389,48.727868889],[2.376683611,48.727874444]],[[2.376683611,48.727874444],[2.376625556,48.727877222]],[[2.376625556,48.727877222],[2.376568611,48.727875]],[[2.376568611,48.727875],[2.376518333,48.727871111]],[[2.376518333,48.727871111],[2.376457222,48.727862222]],[[2.377268333,48.727285],[2.377285,48.727329444]],[[2.377285,48.727329444],[2.377295,48.727362222]],[[2.377295,48.727362222],[2.377299167,48.727397222]],[[2.377299167,48.727397222],[2.377299444,48.727435]],[[2.377299444,48.727435],[2.377298889,48.727469722]],[[2.377298889,48.727469722],[2.377288333,48.727511389]],[[2.356077778,48.722709444],[2.356366111,48.723283056]],[[2.356366111,48.723283056],[2.356409167,48.723370833]],[[2.356409167,48.723370833],[2.356422222,48.723410556]],[[2.356422222,48.723410556],[2.356427222,48.723447778]],[[2.356427222,48.723447778],[2.356428611,48.723475278]],[[2.356428611,48.723475278],[2.356428056,48.723508056]],[[2.356428056,48.723508056],[2.356423889,48.723534722]],[[2.356423889,48.723534722],[2.356412778,48.723577778]],[[2.356412778,48.723577778],[2.356400833,48.723611111]],[[2.356400833,48.723611111],[2.356371667,48.723681389]],[[2.356371667,48.723681389],[2.356033333,48.724485278]],[[2.356033333,48.724485278],[2.354379444,48.728408333]],[[2.354379444,48.728408333],[2.354267222,48.728673333]],[[2.354267222,48.728673333],[2.354253333,48.728706111]],[[2.354253333,48.728706111],[2.354243056,48.728733889]],[[2.354243056,48.728733889],[2.354221944,48.728765278]],[[2.354221944,48.728765278],[2.354191667,48.728797222]],[[2.354191667,48.728797222],[2.3541575,48.728830833]],[[2.3541575,48.728830833],[2.354114722,48.728870278]],[[2.354114722,48.728870278],[2.3537325,48.729222222]],[[2.3537325,48.729222222],[2.353698333,48.729256667]],[[2.353698333,48.729256667],[2.353675833,48.729283611]],[[2.353675833,48.729283611],[2.353657222,48.729311667]],[[2.353657222,48.729311667],[2.353639722,48.72934]],[[2.353639722,48.72934],[2.353627222,48.729370833]],[[2.353627222,48.729370833],[2.353616111,48.7294025]],[[2.353616111,48.7294025],[2.353608611,48.729435833]],[[2.353608611,48.729435833],[2.353605278,48.729466667]],[[2.353605278,48.729466667],[2.353605,48.729500556]],[[2.353605,48.729500556],[2.353608056,48.729526389]],[[2.353608056,48.729526389],[2.353615,48.729560278]],[[2.353615,48.729560278],[2.353625,48.729589722]],[[2.353625,48.729589722],[2.353648889,48.729645278]],[[2.357190556,48.723281111],[2.357095,48.723275]],[[2.357095,48.723275],[2.357032222,48.723274167]],[[2.357032222,48.723274167],[2.356980556,48.723276944]],[[2.356980556,48.723276944],[2.356928889,48.723282778]],[[2.356928889,48.723282778],[2.356869444,48.723292222]],[[2.356869444,48.723292222],[2.356833056,48.723298889]],[[2.356833056,48.723298889],[2.356801111,48.723306667]],[[2.356801111,48.723306667],[2.356761111,48.723318889]],[[2.356761111,48.723318889],[2.356721389,48.723332778]],[[2.356721389,48.723332778],[2.356685,48.723348611]],[[2.356685,48.723348611],[2.356653889,48.723362778]],[[2.356653889,48.723362778],[2.356625833,48.723377222]],[[2.356625833,48.723377222],[2.356601111,48.723391667]],[[2.356601111,48.723391667],[2.356572778,48.723408889]],[[2.356572778,48.723408889],[2.356542778,48.723431389]],[[2.356542778,48.723431389],[2.356511667,48.723458056]],[[2.356511667,48.723458056],[2.356489444,48.723479444]],[[2.356489444,48.723479444],[2.356463611,48.723507222]],[[2.356463611,48.723507222],[2.356441389,48.7235375]],[[2.356441389,48.7235375],[2.356424722,48.723561667]],[[2.356424722,48.723561667],[2.356404444,48.723601389]],[[2.35639,48.723333333],[2.356375833,48.723308611]],[[2.356375833,48.723308611],[2.356360278,48.723285278]],[[2.356360278,48.723285278],[2.356338333,48.723258056]],[[2.356338333,48.723258056],[2.356319167,48.723235]],[[2.356319167,48.723235],[2.356287222,48.723205833]],[[2.356287222,48.723205833],[2.356258611,48.723182778]],[[2.356258611,48.723182778],[2.356220556,48.723156944]],[[2.356220556,48.723156944],[2.3561775,48.723131389]],[[2.3561775,48.723131389],[2.356137778,48.723112222]],[[2.356137778,48.723112222],[2.356086111,48.72309]],[[2.356086111,48.72309],[2.356027778,48.72307]],[[2.356027778,48.72307],[2.355958333,48.723053056]],[[2.355958333,48.723053056],[2.355868056,48.723036111]],[[2.355868056,48.723036111],[2.355798056,48.723031389]],[[2.355798056,48.723031389],[2.35574,48.723030833]],[[2.35574,48.723030833],[2.355689444,48.723032778]],[[2.355689444,48.723032778],[2.355634722,48.723037222]],[[2.355634722,48.723037222],[2.355588056,48.723044167]],[[2.355588056,48.723044167],[2.355528611,48.723055833]],[[2.355528611,48.723055833],[2.355463611,48.723072778]],[[2.355463611,48.723072778],[2.3554125,48.723090278]],[[2.3554125,48.723090278],[2.355093056,48.723201944]],[[2.355836944,48.723030278],[2.353393889,48.722579444]],[[2.353393889,48.722579444],[2.353323056,48.722567222]],[[2.353323056,48.722567222],[2.353265833,48.722558333]],[[2.353265833,48.722558333],[2.3531925,48.722548333]],[[2.3531925,48.722548333],[2.3531275,48.722540833]],[[2.3531275,48.722540833],[2.353048889,48.722534444]],[[2.353048889,48.722534444],[2.352977778,48.722531111]],[[2.352977778,48.722531111],[2.3529025,48.722527222]],[[2.3529025,48.722527222],[2.352827222,48.722526667]],[[2.352827222,48.722526667],[2.352753889,48.722525833]],[[2.352753889,48.722525833],[2.352686667,48.722528333]],[[2.352686667,48.722528333],[2.3526175,48.722530556]],[[2.3526175,48.722530556],[2.352556389,48.722535278]],[[2.352556389,48.722535278],[2.352500556,48.722539444]],[[2.352500556,48.722539444],[2.352438889,48.722545278]],[[2.352438889,48.722545278],[2.352385833,48.722551667]],[[2.352385833,48.722551667],[2.352338611,48.722558889]],[[2.352338611,48.722558889],[2.352293889,48.722566111]],[[2.352293889,48.722566111],[2.352245556,48.722573333]],[[2.352245556,48.722573333],[2.352195833,48.722582778]],[[2.352195833,48.722582778],[2.352144722,48.722591944]],[[2.352144722,48.722591944],[2.352088611,48.722604722]],[[2.352088611,48.722604722],[2.352040833,48.722615833]],[[2.352040833,48.722615833],[2.351989444,48.722630278]],[[2.351989444,48.722630278],[2.340546389,48.725949722]],[[2.340546389,48.725949722],[2.340489444,48.725966944]],[[2.340489444,48.725966944],[2.340435833,48.725984167]],[[2.340435833,48.725984167],[2.340382222,48.726001111]],[[2.340382222,48.726001111],[2.340339444,48.726017222]],[[2.340339444,48.726017222],[2.340299167,48.726034722]],[[2.340299167,48.726034722],[2.340245833,48.726061111]],[[2.340245833,48.726061111],[2.340215278,48.726077778]],[[2.351502778,48.722771944],[2.351447778,48.722796389]],[[2.351447778,48.722796389],[2.351410556,48.722815556]],[[2.351410556,48.722815556],[2.351357778,48.722846389]],[[2.351357778,48.722846389],[2.351308889,48.722880833]],[[2.351308889,48.722880833],[2.351277222,48.722907222]],[[2.351277222,48.722907222],[2.3512475,48.722936667]],[[2.3512475,48.722936667],[2.351216111,48.722972222]],[[2.351216111,48.722972222],[2.351191944,48.723005833]],[[2.351191944,48.723005833],[2.351173056,48.723038333]],[[2.351173056,48.723038333],[2.351157778,48.723070278]],[[2.351157778,48.723070278],[2.351144444,48.723105]],[[2.351144444,48.723105],[2.351135278,48.723143056]],[[2.351135278,48.723143056],[2.351130833,48.723178889]],[[2.351130833,48.723178889],[2.35113,48.723211667]],[[2.35113,48.723211667],[2.351131944,48.723242222]],[[2.351131944,48.723242222],[2.351138611,48.723278611]],[[2.351138611,48.723278611],[2.351146111,48.723311667]],[[2.351146111,48.723311667],[2.35116,48.723347778]],[[2.35116,48.723347778],[2.351176944,48.723379722]],[[2.351176944,48.723379722],[2.351197222,48.723411389]],[[2.351197222,48.723411389],[2.351228056,48.723448889]],[[2.351228056,48.723448889],[2.3512575,48.723480278]],[[2.3512575,48.723480278],[2.351295833,48.723513333]],[[2.351295833,48.723513333],[2.351336667,48.723544722]],[[2.351336667,48.723544722],[2.351381667,48.723573333]],[[2.351381667,48.723573333],[2.351428889,48.723601667]],[[2.351428889,48.723601667],[2.351489444,48.723633333]],[[2.351489444,48.723633333],[2.351537222,48.723651389]],[[2.351537222,48.723651389],[2.351597778,48.723665556]],[[2.349619722,48.723318333],[2.349552778,48.723343889]],[[2.349552778,48.723343889],[2.349493056,48.723371667]],[[2.349493056,48.723371667],[2.349442778,48.723401389]],[[2.349442778,48.723401389],[2.349395,48.723436111]],[[2.349395,48.723436111],[2.349353056,48.723472778]],[[2.349353056,48.723472778],[2.349314444,48.723519722]],[[2.349314444,48.723519722],[2.349279167,48.723571667]],[[2.349279167,48.723571667],[2.349258611,48.7236225]],[[2.349258611,48.7236225],[2.349236389,48.723676667]],[[2.349236389,48.723676667],[2.348346111,48.725802222]],[[2.348959722,48.724334167],[2.348978889,48.724282222]],[[2.348978889,48.724282222],[2.3489925,48.724238056]],[[2.3489925,48.724238056],[2.348995556,48.724203056]],[[2.348995556,48.724203056],[2.348995833,48.724157222]],[[2.348995833,48.724157222],[2.348988611,48.724120556]],[[2.348988611,48.724120556],[2.348975833,48.724076667]],[[2.348975833,48.724076667],[2.348960278,48.724045833]],[[2.348960278,48.724045833],[2.348933889,48.723998889]],[[2.348933889,48.723998889],[2.348905278,48.7239625]],[[2.348905278,48.7239625],[2.3488675,48.723923889]],[[2.3488675,48.723923889],[2.348816944,48.723881111]],[[2.348816944,48.723881111],[2.348767222,48.723849444]],[[2.348767222,48.723849444],[2.348713333,48.723819167]],[[2.348713333,48.723819167],[2.348668611,48.723800278]],[[2.348668611,48.723800278],[2.348615,48.7237825]],[[2.348615,48.7237825],[2.348543333,48.723761111]],[[2.348543333,48.723761111],[2.348470556,48.723749167]],[[2.348470556,48.723749167],[2.348395278,48.723739444]],[[2.348395278,48.723739444],[2.348326389,48.723737778]],[[2.348326389,48.723737778],[2.348255278,48.723736389]],[[2.348255278,48.723736389],[2.348188056,48.723743333]],[[2.348188056,48.723743333],[2.348090278,48.723761944]],[[2.349827222,48.723394167],[2.349741389,48.723400833]],[[2.349741389,48.723400833],[2.349689167,48.72341]],[[2.349689167,48.72341],[2.349627778,48.723424167]],[[2.349627778,48.723424167],[2.349575278,48.723438889]],[[2.349575278,48.723438889],[2.349526944,48.723453889]],[[2.349526944,48.723453889],[2.349478611,48.723474444]],[[2.349478611,48.723474444],[2.349433056,48.7234975]],[[2.349433056,48.7234975],[2.349396111,48.72352]],[[2.349396111,48.72352],[2.349362778,48.723544167]],[[2.349362778,48.723544167],[2.349320833,48.723577778]],[[2.349320833,48.723577778],[2.349285556,48.7236125]],[[2.349285556,48.7236125],[2.349256111,48.723652222]],[[2.349256111,48.723652222],[2.349227222,48.723696944]],[[2.355128889,48.722899722],[2.355203889,48.722908611]],[[2.355203889,48.722908611],[2.3552725,48.722911944]],[[2.3552725,48.722911944],[2.355320556,48.722910556]],[[2.355320556,48.722910556],[2.355375833,48.722906667]],[[2.355375833,48.722906667],[2.355430556,48.722899722]],[[2.355430556,48.722899722],[2.355483611,48.722888056]],[[2.355483611,48.722888056],[2.355540556,48.722874444]],[[2.355540556,48.722874444],[2.355591111,48.722855278]],[[2.355591111,48.722855278],[2.355634444,48.722835556]],[[2.355634444,48.722835556],[2.355673889,48.722815278]],[[2.355673889,48.722815278],[2.355706667,48.722796389]],[[2.355706667,48.722796389],[2.355743056,48.722769444]],[[2.355743056,48.722769444],[2.355780833,48.722733611]],[[2.355780833,48.722733611],[2.355812222,48.722698056]],[[2.355812222,48.722698056],[2.355834167,48.722672778]],[[2.354044167,48.723791389],[2.353993889,48.723837778]],[[2.353993889,48.723837778],[2.353936111,48.723876111]],[[2.353936111,48.723876111],[2.353874167,48.723910278]],[[2.353874167,48.723910278],[2.353821389,48.723933611]],[[2.353821389,48.723933611],[2.353756389,48.723955833]],[[2.353756389,48.723955833],[2.353694722,48.723970278]],[[2.353694722,48.723970278],[2.353627778,48.723985278]],[[2.353627778,48.723985278],[2.353561944,48.7239925]],[[2.353561944,48.7239925],[2.353501944,48.723995]],[[2.353501944,48.723995],[2.353442778,48.723995278]],[[2.353442778,48.723995278],[2.353370833,48.723991111]],[[2.353370833,48.723991111],[2.353307778,48.723981111]],[[2.354400556,48.723502222],[2.3543625,48.723535]],[[2.3543625,48.723535],[2.354325,48.723575278]],[[2.354325,48.723575278],[2.354293889,48.7236175]],[[2.354293889,48.7236175],[2.354264444,48.723668056]],[[2.354264444,48.723668056],[2.354245,48.723715556]],[[2.354245,48.723715556],[2.354235833,48.723770556]],[[2.354235833,48.723770556],[2.354232222,48.723822222]],[[2.354232222,48.723822222],[2.354238611,48.723865]],[[2.354238611,48.723865],[2.354254722,48.723912778]],[[2.354254722,48.723912778],[2.354274167,48.723958889]],[[2.354274167,48.723958889],[2.354300556,48.723999444]],[[2.354300556,48.723999444],[2.354340556,48.724048056]],[[2.354340556,48.724048056],[2.354385278,48.724089444]],[[2.354385278,48.724089444],[2.3544325,48.724123889]],[[2.3544325,48.724123889],[2.354479722,48.724154167]],[[2.354479722,48.724154167],[2.354530556,48.724180833]],[[2.354530556,48.724180833],[2.354586944,48.724205556]],[[2.354586944,48.724205556],[2.354659444,48.724226944]],[[2.354659444,48.724226944],[2.354768611,48.724251667]],[[2.353558056,48.724640556],[2.353609167,48.724562778]],[[2.353609167,48.724562778],[2.353642778,48.724522222]],[[2.353642778,48.724522222],[2.353675278,48.724488333]],[[2.353675278,48.724488333],[2.353709444,48.724458889]],[[2.353709444,48.724458889],[2.353754722,48.7244225]],[[2.353754722,48.7244225],[2.353801667,48.724390556]],[[2.353801667,48.724390556],[2.353839722,48.724368611]],[[2.353839722,48.724368611],[2.3538875,48.724343056]],[[2.3538875,48.724343056],[2.353938056,48.72432]],[[2.353938056,48.72432],[2.354009444,48.724290833]],[[2.354009444,48.724290833],[2.354071667,48.724271667]],[[2.354071667,48.724271667],[2.354136944,48.724254444]],[[2.354136944,48.724254444],[2.354207222,48.724239722]],[[2.354207222,48.724239722],[2.354273611,48.724229167]],[[2.354273611,48.724229167],[2.354344722,48.7242225]],[[2.354344722,48.7242225],[2.354426389,48.724218611]],[[2.354426389,48.724218611],[2.354504444,48.724218056]],[[2.354504444,48.724218056],[2.35459,48.724223333]],[[2.35459,48.724223333],[2.354735,48.724245556]],[[2.353598889,48.724538611],[2.3536325,48.724445]],[[2.3536325,48.724445],[2.353637778,48.724404167]],[[2.353637778,48.724404167],[2.353636667,48.724360278]],[[2.353636667,48.724360278],[2.353633333,48.724318056]],[[2.353633333,48.724318056],[2.353621389,48.724272778]],[[2.353621389,48.724272778],[2.353603611,48.724233889]],[[2.353603611,48.724233889],[2.353578611,48.724192778]],[[2.353578611,48.724192778],[2.353545833,48.724155278]],[[2.353545833,48.724155278],[2.353496389,48.724107222]],[[2.353496389,48.724107222],[2.353441944,48.724067222]],[[2.353441944,48.724067222],[2.353375833,48.724028056]],[[2.353375833,48.724028056],[2.353293056,48.723992222]],[[2.353293056,48.723992222],[2.353176944,48.723957778]],[[2.357855833,48.724779444],[2.357725,48.724779167]],[[2.357725,48.724779167],[2.35761,48.724791389]],[[2.35761,48.724791389],[2.357509167,48.7248125]],[[2.357509167,48.7248125],[2.357419722,48.724838611]],[[2.357419722,48.724838611],[2.35735,48.724865833]],[[2.35735,48.724865833],[2.357288611,48.724895556]],[[2.357288611,48.724895556],[2.357236667,48.724924722]],[[2.357236667,48.724924722],[2.357187222,48.72496]],[[2.357187222,48.72496],[2.357136667,48.724999722]],[[2.357136667,48.724999722],[2.357093889,48.725043889]],[[2.357093889,48.725043889],[2.357058333,48.725088333]],[[2.357058333,48.725088333],[2.357023611,48.725148333]],[[2.357023611,48.725148333],[2.35533,48.729160833]],[[2.35533,48.729160833],[2.355303056,48.729226389]],[[2.355303056,48.729226389],[2.355280278,48.729286389]],[[2.355280278,48.729286389],[2.355266389,48.729345]],[[2.355266389,48.729345],[2.355256111,48.729408333]],[[2.355256111,48.729408333],[2.355249444,48.729470556]],[[2.355249444,48.729470556],[2.355253889,48.729528611]],[[2.355253889,48.729528611],[2.355260278,48.729592222]],[[2.355260278,48.729592222],[2.355274722,48.7296525]],[[2.355274722,48.7296525],[2.355291667,48.729711944]],[[2.355291667,48.729711944],[2.355315278,48.729771111]],[[2.355315278,48.729771111],[2.355345556,48.729827778]],[[2.355345556,48.729827778],[2.355381111,48.729886111]],[[2.355381111,48.729886111],[2.355418611,48.7299425]],[[2.355418611,48.7299425],[2.355466944,48.729996111]],[[2.355466944,48.729996111],[2.355515278,48.730046389]],[[2.355515278,48.730046389],[2.355566944,48.730094167]],[[2.355566944,48.730094167],[2.355627778,48.730142778]],[[2.355627778,48.730142778],[2.355693611,48.730188333]],[[2.355693611,48.730188333],[2.355759444,48.73023]],[[2.355759444,48.73023],[2.355829444,48.7302675]],[[2.355829444,48.7302675],[2.355904722,48.730304444]],[[2.355904722,48.730304444],[2.355981667,48.730338611]],[[2.355981667,48.730338611],[2.356064167,48.730374444]],[[2.356064167,48.730374444],[2.358863889,48.731576111]],[[2.358863889,48.731576111],[2.359049167,48.731653611]],[[2.359049167,48.731653611],[2.359212778,48.731721111]],[[2.359212778,48.731721111],[2.359359722,48.731779722]],[[2.359359722,48.731779722],[2.359491111,48.731831944]],[[2.359491111,48.731831944],[2.359612222,48.731880278]],[[2.359612222,48.731880278],[2.359724722,48.731923611]],[[2.359724722,48.731923611],[2.359825833,48.731966944]],[[2.359825833,48.731966944],[2.359937778,48.732014722]],[[2.359937778,48.732014722],[2.360781944,48.732378611]],[[2.360781944,48.732378611],[2.360871111,48.732423333]],[[2.360871111,48.732423333],[2.360923333,48.732462222]],[[2.360923333,48.732462222],[2.360966389,48.732498333]],[[2.360966389,48.732498333],[2.361009444,48.732542222]],[[2.361009444,48.732542222],[2.361038056,48.732583056]],[[2.361038056,48.732583056],[2.361062778,48.732626389]],[[2.361062778,48.732626389],[2.361076111,48.732666111]],[[2.361076111,48.732666111],[2.361086111,48.732707778]],[[2.361086111,48.732707778],[2.361090556,48.732742778]],[[2.361090556,48.732742778],[2.361088056,48.732783889]],[[2.361088056,48.732783889],[2.361083333,48.732823611]],[[2.361083333,48.732823611],[2.361075556,48.732858056]],[[2.361075556,48.732858056],[2.361058056,48.732899444]],[[2.361058056,48.732899444],[2.361026944,48.732946667]],[[2.361026944,48.732946667],[2.360978333,48.732995278]],[[2.360978333,48.732995278],[2.360921944,48.733041389]],[[2.360921944,48.733041389],[2.360843889,48.733106111]],[[2.360843889,48.733106111],[2.360768611,48.733151667]],[[2.360768611,48.733151667],[2.360723056,48.733179444]],[[2.360723056,48.733179444],[2.3606725,48.733198889]],[[2.3606725,48.733198889],[2.360616389,48.733218889]],[[2.360616389,48.733218889],[2.360559722,48.733235833]],[[2.360559722,48.733235833],[2.360491667,48.733249444]],[[2.360491667,48.733249444],[2.360427778,48.733256944]],[[2.360427778,48.733256944],[2.36038,48.733261111]],[[2.36038,48.733261111],[2.36031,48.7332625]],[[2.36031,48.7332625],[2.3602525,48.733259722]],[[2.3602525,48.733259722],[2.3601925,48.733254167]],[[2.3601925,48.733254167],[2.360144167,48.733246389]],[[2.360144167,48.733246389],[2.360077222,48.733230833]],[[2.360077222,48.733230833],[2.359994167,48.733205833]],[[2.359994167,48.733205833],[2.356518889,48.731978333]],[[2.356518889,48.731978333],[2.356484167,48.731965]],[[2.356484167,48.731965],[2.356457778,48.731954444]],[[2.356457778,48.731954444],[2.356429167,48.731942222]],[[2.356429167,48.731942222],[2.356385,48.731921944]],[[2.356385,48.731921944],[2.356341389,48.731899722]],[[2.356341389,48.731899722],[2.356295556,48.731872222]],[[2.356295556,48.731872222],[2.356253889,48.731845556]],[[2.356253889,48.731845556],[2.356216667,48.731818056]],[[2.356216667,48.731818056],[2.356184167,48.731788889]],[[2.356184167,48.731788889],[2.35615,48.731758056]],[[2.35615,48.731758056],[2.356121111,48.731730556]],[[2.356121111,48.731730556],[2.356099722,48.731704722]],[[2.356099722,48.731704722],[2.356076667,48.731673611]],[[2.356076667,48.731673611],[2.356050556,48.731633333]],[[2.356050556,48.731633333],[2.356030556,48.731599444]],[[2.356030556,48.731599444],[2.35601,48.731553056]],[[2.35601,48.731553056],[2.3559575,48.731386389]],[[2.3559575,48.731386389],[2.355949722,48.731357778]],[[2.355949722,48.731357778],[2.355944444,48.731334722]],[[2.355944444,48.731334722],[2.355936389,48.731305]],[[2.355936389,48.731305],[2.3559275,48.731275278]],[[2.3559275,48.731275278],[2.355923333,48.731249722]],[[2.355923333,48.731249722],[2.355921944,48.731224444]],[[2.355921944,48.731224444],[2.355922222,48.731200556]],[[2.355922222,48.731200556],[2.355922778,48.731173056]],[[2.355922778,48.731173056],[2.355925278,48.731151111]],[[2.355925278,48.731151111],[2.355928333,48.731127222]],[[2.355928333,48.731127222],[2.355933611,48.731101111]],[[2.355933611,48.731101111],[2.355939722,48.731076389]],[[2.355939722,48.731076389],[2.355951667,48.731043333]],[[2.355951667,48.731043333],[2.355961944,48.731013056]],[[2.355961944,48.731013056],[2.355979444,48.730979722]],[[2.355979444,48.730979722],[2.355995,48.730952778]],[[2.355995,48.730952778],[2.356011111,48.730928611]],[[2.356011111,48.730928611],[2.356030278,48.730900833]],[[2.356030278,48.730900833],[2.356057222,48.730866389]],[[2.356057222,48.730866389],[2.356116111,48.730805833]],[[2.356116111,48.730805833],[2.356156111,48.730775278]],[[2.356156111,48.730775278],[2.356214444,48.730738056]],[[2.356214444,48.730738056],[2.356258056,48.730716667]],[[2.356258056,48.730716667],[2.356313889,48.730695556]],[[2.356313889,48.730695556],[2.356372778,48.730677778]],[[2.356372778,48.730677778],[2.356438333,48.730666389]],[[2.356438333,48.730666389],[2.356510278,48.730658611]],[[2.356510278,48.730658611],[2.356568611,48.7306575]],[[2.356568611,48.7306575],[2.356621944,48.730658611]],[[2.356621944,48.730658611],[2.356671944,48.730663889]],[[2.356671944,48.730663889],[2.356724722,48.730673333]],[[2.356724722,48.730673333],[2.356783056,48.730686944]],[[2.355947222,48.7303225],[2.356015833,48.730359722]],[[2.356015833,48.730359722],[2.356064722,48.730394167]],[[2.356064722,48.730394167],[2.356101944,48.730427778]],[[2.356101944,48.730427778],[2.356131389,48.730459167]],[[2.356131389,48.730459167],[2.356155,48.730496667]],[[2.356155,48.730496667],[2.356173611,48.730531667]],[[2.356173611,48.730531667],[2.356183611,48.730565833]],[[2.356183611,48.730565833],[2.356189722,48.730605556]],[[2.356189722,48.730605556],[2.356189167,48.730646667]],[[2.356189167,48.730646667],[2.356185,48.730679722]],[[2.356185,48.730679722],[2.356171667,48.730717778]],[[2.356171667,48.730717778],[2.356144722,48.7307675]],[[2.356144722,48.7307675],[2.356119167,48.730801944]],[[2.356119167,48.730801944],[2.356065833,48.7308575]],[[2.356065833,48.7308575],[2.354747778,48.732200278]],[[2.354747778,48.732200278],[2.354714167,48.732255]],[[2.354714167,48.732255],[2.354696944,48.732285]],[[2.354696944,48.732285],[2.354671111,48.732321667]],[[2.354671111,48.732321667],[2.354650278,48.732347222]],[[2.354650278,48.732347222],[2.354634722,48.732363333]],[[2.354745278,48.732197778],[2.354771111,48.732124722]],[[2.354771111,48.732124722],[2.354785,48.732066667]],[[2.354785,48.732066667],[2.354791389,48.732005556]],[[2.354791389,48.732005556],[2.354788333,48.731952222]],[[2.354788333,48.731952222],[2.354780278,48.731912778]],[[2.354780278,48.731912778],[2.354755278,48.731854722]],[[2.354755278,48.731854722],[2.352597778,48.727558056]],[[2.352597778,48.727558056],[2.352571389,48.727499444]],[[2.352571389,48.727499444],[2.352549444,48.7274475]],[[2.352549444,48.7274475],[2.352540833,48.727416667]],[[2.352540833,48.727416667],[2.352529167,48.727378889]],[[2.352529167,48.727378889],[2.3525225,48.727345556]],[[2.3525225,48.727345556],[2.352517222,48.727309722]],[[2.352517222,48.727309722],[2.352514722,48.727281389]],[[2.352514722,48.727281389],[2.352512222,48.727239444]],[[2.352512222,48.727239444],[2.352511944,48.727215556]],[[2.356079722,48.730845278],[2.356008889,48.7308925]],[[2.356008889,48.7308925],[2.355945278,48.730925556]],[[2.355945278,48.730925556],[2.355880833,48.730945833]],[[2.355880833,48.730945833],[2.355798611,48.7309675]],[[2.355798611,48.7309675],[2.355719444,48.730979444]],[[2.355719444,48.730979444],[2.355652222,48.730983333]],[[2.355652222,48.730983333],[2.355574167,48.730978333]],[[2.355574167,48.730978333],[2.355512778,48.73097]],[[2.355512778,48.73097],[2.355411389,48.730948889]],[[2.355411389,48.730948889],[2.355347222,48.730923611]],[[2.355347222,48.730923611],[2.3540025,48.730348611]],[[2.3540025,48.730348611],[2.353936389,48.730322778]],[[2.353936389,48.730322778],[2.353874167,48.730301667]],[[2.353874167,48.730301667],[2.353803333,48.730278889]],[[2.353803333,48.730278889],[2.353741111,48.730261389]],[[2.353741111,48.730261389],[2.353680278,48.730244167]],[[2.353680278,48.730244167],[2.353585833,48.730223333]],[[2.353585833,48.730223333],[2.353458056,48.730199167]],[[2.353458056,48.730199167],[2.353389167,48.7301875]],[[2.353389167,48.7301875],[2.353322778,48.730177778]],[[2.353322778,48.730177778],[2.353258889,48.730171111]],[[2.353788333,48.729926944],[2.353828333,48.729985556]],[[2.353828333,48.729985556],[2.353881111,48.730059722]],[[2.353881111,48.730059722],[2.353937778,48.730128333]],[[2.353937778,48.730128333],[2.353975,48.7301675]],[[2.353975,48.7301675],[2.3540175,48.730212222]],[[2.3540175,48.730212222],[2.354051944,48.730245278]],[[2.354051944,48.730245278],[2.35409,48.730279722]],[[2.35409,48.730279722],[2.354124722,48.730308611]],[[2.354124722,48.730308611],[2.354169167,48.730342778]],[[2.354169167,48.730342778],[2.354207778,48.730371944]],[[2.354207778,48.730371944],[2.354250278,48.730402222]],[[2.354250278,48.730402222],[2.354300833,48.730435]],[[2.354300833,48.730435],[2.354340556,48.730461667]],[[2.354340556,48.730461667],[2.354383889,48.730488333]],[[2.354383889,48.730488333],[2.354426111,48.730513611]],[[2.354426111,48.730513611],[2.354483889,48.730543889]],[[2.354483889,48.730543889],[2.354536667,48.730571111]],[[2.354536667,48.730571111],[2.354591389,48.730599722]],[[2.354589722,48.7306],[2.354508056,48.730575833]],[[2.354508056,48.730575833],[2.354413056,48.7305575]],[[2.354413056,48.7305575],[2.354346667,48.730554722]],[[2.354346667,48.730554722],[2.354278889,48.730551667]],[[2.354278889,48.730551667],[2.354213333,48.730555]],[[2.354213333,48.730555],[2.3541475,48.730560556]],[[2.3541475,48.730560556],[2.354092778,48.730570556]],[[2.354092778,48.730570556],[2.354025,48.730585]],[[2.354025,48.730585],[2.353596111,48.730680278]],[[2.353596111,48.730680278],[2.353557222,48.730695]],[[2.353557222,48.730695],[2.353513889,48.730716111]],[[2.353513889,48.730716111],[2.353469167,48.7307425]],[[2.353469167,48.7307425],[2.353436111,48.730766667]],[[2.353436111,48.730766667],[2.353401111,48.7308025]],[[2.353401111,48.7308025],[2.353376111,48.73084]],[[2.353376111,48.73084],[2.353361944,48.730878611]],[[2.353361944,48.730878611],[2.353353611,48.730916389]],[[2.353353611,48.730916389],[2.353356667,48.730953056]],[[2.353356667,48.730953056],[2.353364722,48.730984167]],[[2.353364722,48.730984167],[2.353435556,48.731125833]],[[2.353435556,48.731125833],[2.353457222,48.731158056]],[[2.353457222,48.731158056],[2.353492222,48.731188889]],[[2.353492222,48.731188889],[2.353526667,48.731215278]],[[2.353526667,48.731215278],[2.353579444,48.731243333]],[[2.353579444,48.731243333],[2.353643333,48.731266944]],[[2.353643333,48.731266944],[2.353730556,48.731285833]],[[2.353730556,48.731285833],[2.353782778,48.731289167]],[[2.353782778,48.731289167],[2.353846667,48.731293056]],[[2.353846667,48.731293056],[2.354230278,48.731315556]],[[2.354230278,48.731315556],[2.354301389,48.731313333]],[[2.354301389,48.731313333],[2.354364444,48.731308889]],[[2.354364444,48.731308889],[2.354412222,48.731302778]],[[2.354412222,48.731302778],[2.3544775,48.731288889]],[[2.3544775,48.731288889],[2.355608333,48.731038333]],[[2.3554125,48.730948889],[2.355523333,48.730996111]],[[2.355523333,48.730996111],[2.355613889,48.731038889]],[[2.355613889,48.731038889],[2.3557025,48.731094444]],[[2.3557025,48.731094444],[2.355765833,48.731141667]],[[2.355765833,48.731141667],[2.355819167,48.731189167]],[[2.355819167,48.731189167],[2.355865,48.731235833]],[[2.355865,48.731235833],[2.355903889,48.731283889]],[[2.355903889,48.731283889],[2.355929167,48.731328889]],[[2.355929167,48.731328889],[2.355956944,48.731381389]],[[2.354230833,48.731315833],[2.354290833,48.7313225]],[[2.354290833,48.7313225],[2.3543375,48.731333611]],[[2.3543375,48.731333611],[2.354383333,48.731347222]],[[2.354383333,48.731347222],[2.354431667,48.731367778]],[[2.354431667,48.731367778],[2.354471944,48.731388889]],[[2.354471944,48.731388889],[2.354508611,48.731415556]],[[2.354508611,48.731415556],[2.354540833,48.731445556]],[[2.354540833,48.731445556],[2.354570278,48.731486111]],[[2.353998333,48.730346944],[2.354000833,48.730379444]],[[2.354000833,48.730379444],[2.353999722,48.730414722]],[[2.353999722,48.730414722],[2.353994722,48.730447222]],[[2.353994722,48.730447222],[2.353981111,48.730481389]],[[2.353981111,48.730481389],[2.353956389,48.730515833]],[[2.353956389,48.730515833],[2.353934444,48.730542778]],[[2.353934444,48.730542778],[2.353908333,48.7305675]],[[2.353908333,48.7305675],[2.353874722,48.730590556]],[[2.353874722,48.730590556],[2.353839722,48.730609167]],[[2.353839722,48.730609167],[2.353796389,48.730628056]],[[2.353796389,48.730628056],[2.353751944,48.730646667]],[[2.353458056,48.730199167],[2.353516389,48.730213889]],[[2.353516389,48.730213889],[2.353564722,48.730229444]],[[2.353564722,48.730229444],[2.353611389,48.730253333]],[[2.353611389,48.730253333],[2.353658611,48.730283333]],[[2.353658611,48.730283333],[2.353691111,48.730311389]],[[2.353691111,48.730311389],[2.35372,48.730347778]],[[2.35372,48.730347778],[2.353739444,48.730378333]],[[2.353739444,48.730378333],[2.353753889,48.730416111]],[[2.353753889,48.730416111],[2.353757778,48.730447222]],[[2.353757778,48.730447222],[2.3537575,48.730479722]],[[2.3537575,48.730479722],[2.353751111,48.730515833]],[[2.353751111,48.730515833],[2.353738611,48.730548333]],[[2.353738611,48.730548333],[2.353716111,48.730583889]],[[2.353716111,48.730583889],[2.353692778,48.730608889]],[[2.353692778,48.730608889],[2.353661667,48.730635833]],[[2.353661667,48.730635833],[2.353616944,48.730661389]],[[2.353616944,48.730661389],[2.353565,48.730692778]],[[2.353119444,48.728596389],[2.353141944,48.728658611]],[[2.353141944,48.728658611],[2.353159722,48.728720556]],[[2.353159722,48.728720556],[2.353171389,48.7287775]],[[2.353171389,48.7287775],[2.353178889,48.728833611]],[[2.353178889,48.728833611],[2.353186667,48.728884722]],[[2.353186667,48.728884722],[2.353190278,48.728940556]],[[2.353190278,48.728940556],[2.353190278,48.72899]],[[2.353190278,48.72899],[2.353189167,48.729034722]],[[2.353189167,48.729034722],[2.353183889,48.729089167]],[[2.353183889,48.729089167],[2.353178056,48.729135556]],[[2.353178056,48.729135556],[2.353158056,48.729211111]],[[2.353158056,48.729211111],[2.353140556,48.729273333]],[[2.353140556,48.729273333],[2.35312,48.729338333]],[[2.35312,48.729338333],[2.353098611,48.729384444]],[[2.353098611,48.729384444],[2.353066944,48.7294475]],[[2.353066944,48.7294475],[2.353030833,48.729514167]],[[2.353030833,48.729514167],[2.352989444,48.729575833]],[[2.352989444,48.729575833],[2.352949444,48.729630556]],[[2.352949444,48.729630556],[2.352913611,48.729675278]],[[2.353176667,48.728711111],[2.353210833,48.728763333]],[[2.353210833,48.728763333],[2.353236667,48.7287975]],[[2.353236667,48.7287975],[2.353283889,48.728838611]],[[2.353283889,48.728838611],[2.353335,48.728873056]],[[2.353335,48.728873056],[2.353389167,48.728901944]],[[2.353389167,48.728901944],[2.353461389,48.728930833]],[[2.353461389,48.728930833],[2.353512778,48.728946944]],[[2.353512778,48.728946944],[2.353573611,48.728963333]],[[2.353573611,48.728963333],[2.353701944,48.728975833]],[[2.353701944,48.728975833],[2.353784167,48.7289725]],[[2.353784167,48.7289725],[2.353855278,48.728965]],[[2.353855278,48.728965],[2.353909167,48.728953056]],[[2.353909167,48.728953056],[2.353957778,48.728938333]],[[2.353957778,48.728938333],[2.354014167,48.728916944]],[[2.354014167,48.728916944],[2.354069167,48.728889444]],[[2.354069167,48.728889444],[2.354116389,48.728862222]],[[2.354116389,48.728862222],[2.35415,48.728838889]],[[2.354301389,48.728593056],[2.3542925,48.728648333]],[[2.3542925,48.728648333],[2.354288611,48.7286975]],[[2.354288611,48.7286975],[2.354297222,48.728752222]],[[2.354297222,48.728752222],[2.354307778,48.728786944]],[[2.354307778,48.728786944],[2.354331944,48.728831944]],[[2.354331944,48.728831944],[2.354368889,48.728878333]],[[2.354368889,48.728878333],[2.354403611,48.728915278]],[[2.354403611,48.728915278],[2.3544475,48.728950278]],[[2.3544475,48.728950278],[2.354496667,48.728981944]],[[2.354496667,48.728981944],[2.354552222,48.729010833]],[[2.354552222,48.729010833],[2.3546125,48.729034722]],[[2.3546125,48.729034722],[2.354685278,48.7290575]],[[2.354685278,48.7290575],[2.354733889,48.729067222]],[[2.354733889,48.729067222],[2.354801111,48.729076944]],[[2.354801111,48.729076944],[2.354863889,48.729083889]],[[2.354863889,48.729083889],[2.354918056,48.729082778]],[[2.354918056,48.729082778],[2.354977222,48.729081111]],[[2.354977222,48.729081111],[2.355051111,48.729071944]],[[2.355051111,48.729071944],[2.355101667,48.729060833]],[[2.355101667,48.729060833],[2.355156667,48.729046389]],[[2.355156667,48.729046389],[2.355205556,48.729028056]],[[2.355205556,48.729028056],[2.355263889,48.729003056]],[[2.355263889,48.729003056],[2.355301389,48.728982778]],[[2.355301389,48.728982778],[2.355348611,48.728953611]],[[2.355348611,48.728953611],[2.355388611,48.728921944]],[[2.355388611,48.728921944],[2.355421389,48.72889]],[[2.355421389,48.72889],[2.355448611,48.728854722]],[[2.355448611,48.728854722],[2.355480556,48.728806667]],[[2.355249167,48.729474444],[2.355243889,48.729436667]],[[2.355243889,48.729436667],[2.355227222,48.729388889]],[[2.355227222,48.729388889],[2.355206111,48.729348056]],[[2.355206111,48.729348056],[2.355174722,48.729304167]],[[2.355174722,48.729304167],[2.35514,48.729264444]],[[2.35514,48.729264444],[2.355105556,48.729231389]],[[2.355105556,48.729231389],[2.355059722,48.729195556]],[[2.355059722,48.729195556],[2.355008889,48.729163889]],[[2.355008889,48.729163889],[2.3549425,48.729132778]],[[2.3549425,48.729132778],[2.354878889,48.729109167]],[[2.354878889,48.729109167],[2.354816389,48.729088889]],[[2.354816389,48.729088889],[2.354761667,48.729076944]],[[2.354761667,48.729076944],[2.354705833,48.729070278]],[[2.354705833,48.729070278],[2.354653611,48.729065556]],[[2.354653611,48.729065556],[2.354600556,48.729060833]],[[2.354600556,48.729060833],[2.354537222,48.729054444]],[[2.354537222,48.729054444],[2.352588889,48.728870278]],[[2.354351667,48.729036944],[2.3542975,48.729035833]],[[2.3542975,48.729035833],[2.354242222,48.729035278]],[[2.354242222,48.729035278],[2.354183333,48.729039722]],[[2.354183333,48.729039722],[2.354135,48.729045833]],[[2.354135,48.729045833],[2.354078611,48.729055833]],[[2.354078611,48.729055833],[2.354026111,48.729067222]],[[2.354026111,48.729067222],[2.353971944,48.729083889]],[[2.353971944,48.729083889],[2.353936944,48.729098056]],[[2.353936944,48.729098056],[2.353892222,48.729117778]],[[2.353892222,48.729117778],[2.353854167,48.729136389]],[[2.353854167,48.729136389],[2.353817222,48.729158889]],[[2.353817222,48.729158889],[2.353757778,48.729198611]],[[2.353852222,48.728965278],[2.353778333,48.728983056]],[[2.353778333,48.728983056],[2.3536975,48.729004444]],[[2.3536975,48.729004444],[2.353627778,48.7290225]],[[2.353627778,48.7290225],[2.353564444,48.729040833]],[[2.353564444,48.729040833],[2.353516667,48.729054722]],[[2.353516667,48.729054722],[2.3534725,48.729071111]],[[2.3534725,48.729071111],[2.353425833,48.729089722]],[[2.353425833,48.729089722],[2.353389444,48.729107778]],[[2.353389444,48.729107778],[2.353357778,48.729124167]],[[2.353357778,48.729124167],[2.353317778,48.729148056]],[[2.353317778,48.729148056],[2.353284167,48.729171389]],[[2.353284167,48.729171389],[2.353255833,48.729193056]],[[2.353255833,48.729193056],[2.353224722,48.729218056]],[[2.353224722,48.729218056],[2.353194444,48.729247778]],[[2.353194444,48.729247778],[2.353165,48.729282222]],[[2.353165,48.729282222],[2.353134444,48.7293225]],[[2.353134444,48.7293225],[2.353111667,48.729357222]],[[2.352841389,48.729751389],[2.352781944,48.729808611]],[[2.352781944,48.729808611],[2.352723056,48.729861389]],[[2.352723056,48.729861389],[2.352656111,48.729914167]],[[2.352656111,48.729914167],[2.352586111,48.729966944]],[[2.352586111,48.729966944],[2.352511667,48.730014722]],[[2.352511667,48.730014722],[2.352438056,48.730058889]],[[2.352438056,48.730058889],[2.35236,48.730100833]],[[2.35236,48.730100833],[2.352278611,48.730142778]],[[2.352278611,48.730142778],[2.352192778,48.730181944]],[[2.352192778,48.730181944],[2.352107222,48.730215833]],[[2.352107222,48.730215833],[2.352017778,48.730249167]],[[2.352017778,48.730249167],[2.351926944,48.730279167]],[[2.351926944,48.730279167],[2.351834444,48.730306944]],[[2.351834444,48.730306944],[2.351736667,48.730331111]],[[2.351736667,48.730331111],[2.351639722,48.730352222]],[[2.351639722,48.730352222],[2.351533889,48.730371944]],[[2.351533889,48.730371944],[2.3514425,48.730385556]],[[2.3514425,48.730385556],[2.351346389,48.730397778]],[[2.351346389,48.730397778],[2.351243333,48.730406944]],[[2.351243333,48.730406944],[2.351138889,48.730413056]],[[2.351138889,48.730413056],[2.351033889,48.730416111]],[[2.351033889,48.730416111],[2.350933889,48.730416944]],[[2.350933889,48.730416944],[2.350832222,48.730411389]],[[2.350832222,48.730411389],[2.350733611,48.730405556]],[[2.350733611,48.730405556],[2.350636111,48.730396944]],[[2.350636111,48.730396944],[2.350544167,48.730387222]],[[2.350544167,48.730387222],[2.346169722,48.729973333]],[[2.346169722,48.729973333],[2.345966667,48.729952778]],[[2.345966667,48.729952778],[2.345768889,48.72993]],[[2.345768889,48.72993],[2.345566667,48.729903889]],[[2.345566667,48.729903889],[2.345367778,48.729871667]],[[2.345367778,48.729871667],[2.345171111,48.729838056]],[[2.345171111,48.729838056],[2.344974722,48.729801667]],[[2.344974722,48.729801667],[2.344780556,48.729758611]],[[2.344780556,48.729758611],[2.344589722,48.729714167]],[[2.344589722,48.729714167],[2.344398056,48.729665556]],[[2.344398056,48.729665556],[2.34421,48.729613333]],[[2.34421,48.729613333],[2.344020833,48.7295575]],[[2.344020833,48.7295575],[2.343727778,48.729453333]],[[2.343727778,48.729453333],[2.343480278,48.729344444]],[[2.343480278,48.729344444],[2.343351389,48.729285556]],[[2.343351389,48.729285556],[2.343221667,48.729222778]],[[2.343221667,48.729222778],[2.343111111,48.729168333]],[[2.343111111,48.729168333],[2.342950556,48.729086667]],[[2.342950556,48.729086667],[2.342796667,48.7289975]],[[2.342796667,48.7289975],[2.342645833,48.728909167]],[[2.342645833,48.728909167],[2.342492778,48.728816389]],[[2.342492778,48.728816389],[2.342349444,48.728721111]],[[2.342349444,48.728721111],[2.342204167,48.728621389]],[[2.342204167,48.728621389],[2.342071389,48.728524444]],[[2.342071389,48.728524444],[2.341901389,48.728399444]],[[2.341901389,48.728399444],[2.341761111,48.728293611]],[[2.341761111,48.728293611],[2.341635556,48.728201944]],[[2.341635556,48.728201944],[2.340145833,48.727104167]],[[2.340145833,48.727104167],[2.340091944,48.727063889]],[[2.340091944,48.727063889],[2.340040833,48.727019444]],[[2.340040833,48.727019444],[2.339995833,48.726972222]],[[2.339995833,48.726972222],[2.339958056,48.726921944]],[[2.339958056,48.726921944],[2.339921111,48.726866111]],[[2.339921111,48.726866111],[2.339893333,48.726805]],[[2.339893333,48.726805],[2.339871667,48.726745833]],[[2.339871667,48.726745833],[2.339861944,48.726683889]],[[2.339861944,48.726683889],[2.339860556,48.726622222]],[[2.339860556,48.726622222],[2.339861944,48.726561111]],[[2.339861944,48.726561111],[2.3398775,48.726500833]],[[2.3398775,48.726500833],[2.339898333,48.726438611]],[[2.339898333,48.726438611],[2.339923056,48.726379444]],[[2.339923056,48.726379444],[2.339955556,48.726322778]],[[2.339955556,48.726322778],[2.3399975,48.726265556]],[[2.3399975,48.726265556],[2.340044167,48.726213056]],[[2.340044167,48.726213056],[2.340121111,48.726144722]],[[2.353117778,48.730159444],[2.3530175,48.730155833]],[[2.3530175,48.730155833],[2.352923889,48.730153056]],[[2.352923889,48.730153056],[2.352836111,48.730153611]],[[2.352836111,48.730153611],[2.352758056,48.730157222]],[[2.352758056,48.730157222],[2.352648611,48.730164167]],[[2.352648611,48.730164167],[2.352583333,48.730168611]],[[2.352583333,48.730168611],[2.352483889,48.730180833]],[[2.352483889,48.730180833],[2.352419167,48.730189167]],[[2.352419167,48.730189167],[2.352326667,48.730205]],[[2.352326667,48.730205],[2.352234444,48.730223611]],[[2.352234444,48.730223611],[2.352137222,48.730243333]],[[2.352137222,48.730243333],[2.351644444,48.730351111]],[[2.352451111,48.728855833],[2.339761667,48.727659444]],[[2.339761667,48.727659444],[2.339577778,48.727642778]],[[2.339577778,48.727642778],[2.339376944,48.727622222]],[[2.339376944,48.727622222],[2.339176944,48.727598611]],[[2.339176944,48.727598611],[2.338976667,48.727572222]],[[2.338976667,48.727572222],[2.338782222,48.727541389]],[[2.338782222,48.727541389],[2.338581667,48.727506944]],[[2.338581667,48.727506944],[2.338383611,48.727468333]],[[2.338383611,48.727468333],[2.338189444,48.727427222]],[[2.338189444,48.727427222],[2.337997778,48.727381944]],[[2.337997778,48.727381944],[2.337807222,48.727334167]],[[2.337807222,48.727334167],[2.337618056,48.727283333]],[[2.337618056,48.727283333],[2.337436944,48.727228889]],[[2.337436944,48.727228889],[2.337191944,48.727142222]],[[2.337191944,48.727142222],[2.337021111,48.727071667]],[[2.337021111,48.727071667],[2.336849722,48.726996111]],[[2.336849722,48.726996111],[2.336683056,48.726916667]],[[2.336683056,48.726916667],[2.33652,48.726835833]],[[2.33652,48.726835833],[2.336359722,48.726751111]],[[2.336359722,48.726751111],[2.336203611,48.726665]],[[2.336203611,48.726665],[2.336050833,48.726576111]],[[2.336050833,48.726576111],[2.335901389,48.726483611]],[[2.335901389,48.726483611],[2.3357575,48.726388333]],[[2.3357575,48.726388333],[2.335615833,48.726291111]],[[2.335615833,48.726291111],[2.335479167,48.726191389]],[[2.335479167,48.726191389],[2.334935833,48.725788611]],[[2.334935833,48.725788611],[2.334179167,48.725228056]],[[2.334179167,48.725228056],[2.333546667,48.724760278]],[[2.333546667,48.724760278],[2.333504722,48.724726944]],[[2.333504722,48.724726944],[2.333472778,48.724699722]],[[2.333472778,48.724699722],[2.333438056,48.724664444]],[[2.333438056,48.724664444],[2.333407778,48.724630278]],[[2.333407778,48.724630278],[2.333374167,48.724588056]],[[2.333374167,48.724588056],[2.333338056,48.724531944]],[[2.333338056,48.724531944],[2.333307778,48.724473056]],[[2.333307778,48.724473056],[2.333287222,48.724413611]],[[2.333287222,48.724413611],[2.333274167,48.724352778]],[[2.333274167,48.724352778],[2.333270278,48.724289722]],[[2.333270278,48.724289722],[2.333270833,48.724215556]],[[2.333270833,48.724215556],[2.333281944,48.724167778]],[[2.333281944,48.724167778],[2.333300556,48.724105833]],[[2.333300556,48.724105833],[2.333325278,48.724045833]],[[2.333325278,48.724045833],[2.333359722,48.723988611]],[[2.333359722,48.723988611],[2.333403056,48.7239325]],[[2.333403056,48.7239325],[2.333447778,48.723878889]],[[2.333447778,48.723878889],[2.333503056,48.723826111]],[[2.333503056,48.723826111],[2.333559722,48.723779444]],[[2.333559722,48.723779444],[2.333625278,48.723733889]],[[2.333625278,48.723733889],[2.333694167,48.723690833]],[[2.333694167,48.723690833],[2.333768611,48.723653611]],[[2.333768611,48.723653611],[2.333847778,48.723618889]],[[2.333847778,48.723618889],[2.333936111,48.723586667]],[[2.334061111,48.723553056],[2.334128611,48.723539167]],[[2.334128611,48.723539167],[2.334230556,48.723522222]],[[2.334230556,48.723522222],[2.334335833,48.723511944]],[[2.334335833,48.723511944],[2.334444167,48.7235075]],[[2.334444167,48.7235075],[2.334549444,48.723510278]],[[2.334549444,48.723510278],[2.334661111,48.723523611]],[[2.334661111,48.723523611],[2.334758889,48.723546944]],[[2.334758889,48.723546944],[2.334856389,48.7235725]],[[2.318798611,48.720634167],[2.318027222,48.720359722]],[[2.318027222,48.720359722],[2.317951389,48.720329444]],[[2.317951389,48.720329444],[2.317894722,48.720304444]],[[2.317894722,48.720304444],[2.317840278,48.720274722]],[[2.317840278,48.720274722],[2.317788611,48.720245278]],[[2.317788611,48.720245278],[2.317739444,48.720216111]],[[2.317739444,48.720216111],[2.317685833,48.72018]],[[2.317685833,48.72018],[2.317635,48.720143889]],[[2.317635,48.720143889],[2.317589722,48.720107222]],[[2.317589722,48.720107222],[2.317541111,48.7200675]],[[2.317541111,48.7200675],[2.317492778,48.720021944]],[[2.317492778,48.720021944],[2.3174525,48.719979444]],[[2.3174525,48.719979444],[2.317408056,48.719928611]],[[2.317408056,48.719928611],[2.317356944,48.719860833]],[[2.317356944,48.719860833],[2.317321667,48.719809444]],[[2.317321667,48.719809444],[2.317296111,48.719768056]],[[2.317296111,48.719768056],[2.317271944,48.719723333]],[[2.317271944,48.719723333],[2.317247222,48.71967]],[[2.317247222,48.71967],[2.3172325,48.719629167]],[[2.3172325,48.719629167],[2.317213333,48.719573889]],[[2.317213333,48.719573889],[2.317201667,48.719527778]],[[2.317201667,48.719527778],[2.317189167,48.719471944]],[[2.317189167,48.719471944],[2.317183333,48.719413056]],[[2.317183333,48.719413056],[2.317181944,48.719358056]],[[2.317181944,48.719358056],[2.3171825,48.71929]],[[2.3171825,48.71929],[2.317188889,48.719237778]],[[2.317188889,48.719237778],[2.317198056,48.719179444]],[[2.317198056,48.719179444],[2.317209722,48.719128056]],[[2.317209722,48.719128056],[2.317228333,48.719070278]],[[2.317228333,48.719070278],[2.317245,48.719028333]],[[2.317245,48.719028333],[2.317264444,48.718984167]],[[2.317264444,48.718984167],[2.317285,48.71894]],[[2.317285,48.71894],[2.317310556,48.718896667]],[[2.317310556,48.718896667],[2.317335278,48.718856667]],[[2.317335278,48.718856667],[2.317375,48.718805]],[[2.317397222,48.718773611],[2.317436944,48.718726667]],[[2.317436944,48.718726667],[2.317468611,48.718692222]],[[2.317468611,48.718692222],[2.317498056,48.718662222]],[[2.317498056,48.718662222],[2.317530278,48.718631944]],[[2.317530278,48.718631944],[2.317565278,48.7186]],[[2.317565278,48.7186],[2.317599722,48.718571111]],[[2.317599722,48.718571111],[2.317643889,48.718536111]],[[2.317643889,48.718536111],[2.3176875,48.718504444]],[[2.3176875,48.718504444],[2.317735278,48.718473056]],[[2.317735278,48.718473056],[2.317785278,48.718440833]],[[2.317785278,48.718440833],[2.317836111,48.718410278]],[[2.317836111,48.718410278],[2.317889444,48.718383333]],[[2.317889444,48.718383333],[2.3179225,48.718366667]],[[2.317963889,48.718346944],[2.317999444,48.718329722]],[[2.317999444,48.718329722],[2.318053889,48.718305556]],[[2.318053889,48.718305556],[2.318115556,48.718281944]],[[2.318115556,48.718281944],[2.318176111,48.718261111]],[[2.318176111,48.718261111],[2.318234722,48.718242778]],[[2.318234722,48.718242778],[2.318295278,48.718224167]],[[2.318295278,48.718224167],[2.318358056,48.718206944]],[[2.318358056,48.718206944],[2.318423333,48.718191389]],[[2.318423333,48.718191389],[2.318488611,48.718176944]],[[2.318488611,48.718176944],[2.318552778,48.718164722]],[[2.318552778,48.718164722],[2.318618889,48.718155556]],[[2.318618889,48.718155556],[2.318685278,48.718146111]],[[2.318685278,48.718146111],[2.318751111,48.718139444]],[[2.318751111,48.718139444],[2.318819444,48.718132222]],[[2.318819444,48.718132222],[2.318886667,48.718129167]],[[2.318886667,48.718129167],[2.318956389,48.718126111]],[[2.318956389,48.718126111],[2.319020833,48.718126389]],[[2.319020833,48.718126389],[2.319089444,48.718128333]],[[2.319089444,48.718128333],[2.319158056,48.718129444]],[[2.319158056,48.718129444],[2.319226389,48.718134167]],[[2.319226389,48.718134167],[2.319294722,48.718140278]],[[2.319294722,48.718140278],[2.319361667,48.718148056]],[[2.319361667,48.718148056],[2.31943,48.7181575]],[[2.31943,48.7181575],[2.319494167,48.718169167]],[[2.319494167,48.718169167],[2.319559444,48.718181111]],[[2.319559444,48.718181111],[2.319625278,48.718194722]],[[2.319625278,48.718194722],[2.319688333,48.718210278]],[[2.319688333,48.718210278],[2.319748611,48.718228056]],[[2.319748611,48.718228056],[2.319811111,48.7182475]],[[2.319811111,48.7182475],[2.319871944,48.718267778]],[[2.319871944,48.718267778],[2.319931667,48.71829]],[[2.319931667,48.71829],[2.330838333,48.722149444]],[[2.330838333,48.722149444],[2.340088056,48.725422778]],[[2.340088056,48.725422778],[2.340178611,48.725454722]],[[2.340178611,48.725454722],[2.3402775,48.725489167]],[[2.3402775,48.725489167],[2.340375833,48.725515833]],[[2.340375833,48.725515833],[2.340476389,48.725540833]],[[2.340476389,48.725540833],[2.340579167,48.725564722]],[[2.340579167,48.725564722],[2.340687222,48.725585278]],[[2.340687222,48.725585278],[2.340791111,48.7256]],[[2.340791111,48.7256],[2.3408825,48.72561]],[[2.3408825,48.72561],[2.340975556,48.725618889]],[[2.340975556,48.725618889],[2.341059167,48.725622778]],[[2.341059167,48.725622778],[2.3411525,48.725625278]],[[2.3411525,48.725625278],[2.341231111,48.725625833]],[[2.341231111,48.725625833],[2.341306944,48.725623889]],[[2.341306944,48.725623889],[2.3414,48.72562]],[[2.3414,48.72562],[2.341496944,48.725613333]],[[2.341496944,48.725613333],[2.341625278,48.725599167]],[[2.341625278,48.725599167],[2.341712778,48.725585556]],[[2.341712778,48.725585556],[2.341784444,48.725573056]],[[2.341784444,48.725573056],[2.3418625,48.725559444]],[[2.3418625,48.725559444],[2.341933056,48.725543889]],[[2.341933056,48.725543889],[2.341998611,48.725525833]],[[2.341998611,48.725525833],[2.342063056,48.725509167]],[[2.319134444,48.718128889],[2.3192425,48.718123056]],[[2.3192425,48.718123056],[2.3193425,48.718108611]],[[2.3193425,48.718108611],[2.319468889,48.718075833]],[[2.319468889,48.718075833],[2.319607222,48.718020556]],[[2.319607222,48.718020556],[2.319743056,48.7179625]],[[2.319743056,48.7179625],[2.319891667,48.717904167]],[[2.319891667,48.717904167],[2.320011667,48.717855278]],[[2.320011667,48.717855278],[2.320213611,48.717771667]],[[2.320213611,48.717771667],[2.320300278,48.717749167]],[[2.320300278,48.717749167],[2.3203975,48.717728611]],[[2.3203975,48.717728611],[2.3205025,48.717723333]],[[2.3205025,48.717723333],[2.320588056,48.717726389]],[[2.320588056,48.717726389],[2.320708056,48.717741944]],[[2.320708056,48.717741944],[2.320818333,48.717773889]],[[2.320818333,48.717773889],[2.321460556,48.717997778]],[[2.321460556,48.717997778],[2.321549444,48.718036944]],[[2.321549444,48.718036944],[2.3216425,48.718094444]],[[2.3216425,48.718094444],[2.321713611,48.718141944]],[[2.321713611,48.718141944],[2.321773611,48.718202222]],[[2.321773611,48.718202222],[2.321805278,48.718264167]],[[2.321805278,48.718264167],[2.321826111,48.718339722]],[[2.321826111,48.718339722],[2.321851389,48.718743056]],[[2.321851389,48.718743056],[2.321865,48.718801389]],[[2.321865,48.718801389],[2.321892222,48.718860556]],[[2.321892222,48.718860556],[2.321936111,48.718922222]],[[2.321936111,48.718922222],[2.322005278,48.718986667]],[[2.322005278,48.718986667],[2.322080278,48.719039167]],[[2.322080278,48.719039167],[2.322182778,48.719086944]],[[2.357021389,48.725153889],[2.357041111,48.725099444]],[[2.357041111,48.725099444],[2.357055,48.725043889]],[[2.357055,48.725043889],[2.357053333,48.724981944]],[[2.357053333,48.724981944],[2.357040833,48.724928056]],[[2.357040833,48.724928056],[2.357014444,48.724872222]],[[2.357014444,48.724872222],[2.356976111,48.724819444]],[[2.356976111,48.724819444],[2.356937222,48.724778889]],[[2.356937222,48.724778889],[2.356873611,48.724728889]],[[2.356873611,48.724728889],[2.356804444,48.724690833]],[[2.356804444,48.724690833],[2.356634444,48.724612222]],[[2.356634444,48.724612222],[2.356515556,48.724557222]],[[2.356605278,48.724599722],[2.356557778,48.7245825]],[[2.356557778,48.7245825],[2.356510278,48.724577778]],[[2.356510278,48.724577778],[2.356452778,48.724576944]],[[2.356452778,48.724576944],[2.356389167,48.724580278]],[[2.356389167,48.724580278],[2.356316111,48.724589167]],[[2.356316111,48.724589167],[2.356255833,48.724600833]],[[2.356255833,48.724600833],[2.356186944,48.72462]],[[2.356186944,48.72462],[2.356133056,48.724639444]],[[2.356133056,48.724639444],[2.35608,48.724664722]],[[2.35608,48.724664722],[2.356028056,48.724695833]],[[2.356028056,48.724695833],[2.355978611,48.724729722]],[[2.355978611,48.724729722],[2.355945278,48.7247625]],[[2.355945278,48.7247625],[2.355914722,48.724795278]],[[2.355914722,48.724795278],[2.355884722,48.724835556]],[[2.355283889,48.724345833],[2.355392222,48.724376389]],[[2.355392222,48.724376389],[2.355483333,48.724411389]],[[2.355483333,48.724411389],[2.355542778,48.724439167]],[[2.355542778,48.724439167],[2.355620556,48.724487222]],[[2.355620556,48.724487222],[2.355675833,48.724528889]],[[2.355675833,48.724528889],[2.355727778,48.724583333]],[[2.355727778,48.724583333],[2.355769444,48.724637778]],[[2.355769444,48.724637778],[2.355804444,48.724691667]],[[2.355804444,48.724691667],[2.355825833,48.724751667]],[[2.355825833,48.724751667],[2.355841944,48.724814167]],[[2.355841944,48.724814167],[2.355846389,48.724873333]],[[2.355846389,48.724873333],[2.355831944,48.724963889]],[[2.355359444,48.724358889],[2.355486389,48.724378056]],[[2.355486389,48.724378056],[2.355565278,48.724381389]],[[2.355565278,48.724381389],[2.355651389,48.724377778]],[[2.355651389,48.724377778],[2.355732778,48.724366111]],[[2.355732778,48.724366111],[2.355816944,48.724347778]],[[2.355816944,48.724347778],[2.355893889,48.724323889]],[[2.355893889,48.724323889],[2.355971667,48.72429]],[[2.355971667,48.72429],[2.356034167,48.724250556]],[[2.356034167,48.724250556],[2.356093056,48.724205556]],[[2.356093056,48.724205556],[2.356130556,48.724173611]],[[2.356130556,48.724173611],[2.35617,48.724127222]],[[2.35617,48.724127222],[2.356199167,48.7240775]],[[2.356199167,48.7240775],[2.356221389,48.724038333]],[[2.356675556,48.7246025],[2.356608889,48.724585833]],[[2.356608889,48.724585833],[2.356556944,48.724569722]],[[2.356556944,48.724569722],[2.356508611,48.724553889]],[[2.356508611,48.724553889],[2.356452778,48.724526944]],[[2.356452778,48.724526944],[2.356400833,48.724498056]],[[2.356400833,48.724498056],[2.356348333,48.724458889]],[[2.356348333,48.724458889],[2.356298611,48.724417222]],[[2.356298611,48.724417222],[2.356265833,48.724379444]],[[2.356265833,48.724379444],[2.356235,48.7243325]],[[2.356235,48.7243325],[2.356210833,48.72429]],[[2.356210833,48.72429],[2.356197778,48.724242222]],[[2.356197778,48.724242222],[2.356188611,48.7241875]],[[2.356188611,48.7241875],[2.356193056,48.724141667]],[[2.356193056,48.724141667],[2.356202222,48.724083889]],[[2.356127222,48.72727],[2.356073889,48.727341667]],[[2.356073889,48.727341667],[2.356016389,48.727395556]],[[2.356016389,48.727395556],[2.355948333,48.72744]],[[2.355948333,48.72744],[2.3558525,48.727485833]],[[2.3558525,48.727485833],[2.355761111,48.727514444]],[[2.355761111,48.727514444],[2.355661944,48.727530278]],[[2.355661944,48.727530278],[2.355571667,48.727538611]],[[2.355571667,48.727538611],[2.355470833,48.727533889]],[[2.355470833,48.727533889],[2.355407778,48.727528611]],[[2.355407778,48.727528611],[2.355335833,48.727511389]],[[2.355335833,48.727511389],[2.355240833,48.72748]],[[2.355240833,48.72748],[2.3551675,48.727446389]],[[2.3551675,48.727446389],[2.355106667,48.727408611]],[[2.355106667,48.727408611],[2.355038056,48.727349167]],[[2.355038056,48.727349167],[2.355000278,48.727306111]],[[2.355000278,48.727306111],[2.354958611,48.727248889]],[[2.354958611,48.727248889],[2.354944444,48.727188611]],[[2.354944444,48.727188611],[2.354942222,48.727146944]],[[2.354942222,48.727146944],[2.354945278,48.727065833]],[[2.355819722,48.728004722],[2.355833056,48.727932778]],[[2.355833056,48.727932778],[2.35583,48.727887222]],[[2.35583,48.727887222],[2.355822222,48.727839167]],[[2.355822222,48.727839167],[2.355791944,48.727770278]],[[2.355791944,48.727770278],[2.35575,48.727710833]],[[2.35575,48.727710833],[2.355692778,48.7276575]],[[2.355692778,48.7276575],[2.355615278,48.7276075]],[[2.355615278,48.7276075],[2.355524167,48.727564167]],[[2.355524167,48.727564167],[2.355471667,48.727548611]],[[2.355471667,48.727548611],[2.355409444,48.727529444]],[[2.355409444,48.727529444],[2.355315833,48.727516667]],[[2.355315833,48.727516667],[2.355241389,48.727512222]],[[2.355241389,48.727512222],[2.355159167,48.727513889]],[[2.355159167,48.727513889],[2.355080833,48.727521389]],[[2.355080833,48.727521389],[2.355005,48.7275375]],[[2.355005,48.7275375],[2.354955833,48.727551667]],[[2.354955833,48.727551667],[2.354869722,48.727585]],[[2.354869722,48.727585],[2.354813889,48.727613056]],[[2.354813889,48.727613056],[2.3547725,48.727640278]],[[2.3547725,48.727640278],[2.354739444,48.727665]],[[2.354739444,48.727665],[2.354701389,48.727702778]],[[2.354701389,48.727702778],[2.354650833,48.727763889]],[[2.355592778,48.725531944],[2.355583611,48.725580278]],[[2.355583611,48.725580278],[2.355584167,48.725630833]],[[2.355584167,48.725630833],[2.355594444,48.725678333]],[[2.355594444,48.725678333],[2.355611944,48.725724722]],[[2.355611944,48.725724722],[2.355629444,48.725761389]],[[2.355629444,48.725761389],[2.355653056,48.7258]],[[2.355653056,48.7258],[2.3556875,48.725832778]],[[2.3556875,48.725832778],[2.3557275,48.725868333]],[[2.3557275,48.725868333],[2.355772778,48.725901111]],[[2.355772778,48.725901111],[2.355838611,48.725936389]],[[2.355838611,48.725936389],[2.355896944,48.725961111]],[[2.355896944,48.725961111],[2.355946944,48.725976944]],[[2.355946944,48.725976944],[2.356002778,48.725992222]],[[2.356002778,48.725992222],[2.356063889,48.725998611]],[[2.356063889,48.725998611],[2.356140556,48.726003611]],[[2.356140556,48.726003611],[2.356211111,48.726003611]],[[2.356211111,48.726003611],[2.356288056,48.725998889]],[[2.356288056,48.725998889],[2.356365,48.725990556]],[[2.356365,48.725990556],[2.356436389,48.725973611]],[[2.356436389,48.725973611],[2.3565,48.725952778]],[[2.3565,48.725952778],[2.356563056,48.725927222]],[[2.356563056,48.725927222],[2.356618056,48.725901111]],[[2.356618056,48.725901111],[2.356663611,48.725875]],[[2.356663611,48.725875],[2.356708889,48.725837222]],[[2.356708889,48.725837222],[2.356736111,48.725806667]],[[2.356736111,48.725806667],[2.356765,48.72576]],[[2.356452778,48.726500833],[2.356465278,48.726452778]],[[2.356465278,48.726452778],[2.356469722,48.726405]],[[2.356469722,48.726405],[2.356471389,48.726353889]],[[2.356471389,48.726353889],[2.356461944,48.726300556]],[[2.356461944,48.726300556],[2.356441944,48.726254167]],[[2.356441944,48.726254167],[2.356413333,48.726206944]],[[2.356413333,48.726206944],[2.356378056,48.7261675]],[[2.356378056,48.7261675],[2.356326944,48.726126944]],[[2.356326944,48.726126944],[2.356271389,48.726089444]],[[2.356271389,48.726089444],[2.356204444,48.726060556]],[[2.356204444,48.726060556],[2.356129722,48.726029444]],[[2.356129722,48.726029444],[2.356048889,48.726005]],[[2.356048889,48.726005],[2.355999444,48.725994444]],[[2.355999444,48.725994444],[2.355946111,48.725986111]],[[2.355946111,48.725986111],[2.3558875,48.725982778]],[[2.3558875,48.725982778],[2.355823056,48.725982222]],[[2.355823056,48.725982222],[2.355755833,48.725988056]],[[2.355755833,48.725988056],[2.355696111,48.7259975]],[[2.355696111,48.7259975],[2.355627222,48.726013889]],[[2.355627222,48.726013889],[2.355561944,48.726036111]],[[2.355561944,48.726036111],[2.3554825,48.726069167]],[[2.3554825,48.726069167],[2.355424444,48.726105556]],[[2.355424444,48.726105556],[2.355376944,48.726138056]],[[2.355376944,48.726138056],[2.355333056,48.726186111]],[[2.355333056,48.726186111],[2.355291667,48.726242778]],[[2.366445,48.725865278],[2.3663225,48.7258175]],[[2.3663225,48.7258175],[2.366216944,48.725747222]],[[2.366216944,48.725747222],[2.366139722,48.7256675]],[[2.366139722,48.7256675],[2.366094444,48.725582778]],[[2.366094444,48.725582778],[2.3660775,48.725508056]],[[2.3660775,48.725508056],[2.366082778,48.725412222]],[[2.366082778,48.725412222],[2.366114167,48.725333056]],[[2.366114167,48.725333056],[2.3661675,48.725259722]],[[2.3661675,48.725259722],[2.366236667,48.725194722]],[[2.366236667,48.725194722],[2.366331944,48.725139167]],[[2.366331944,48.725139167],[2.366438056,48.725098333]],[[2.366438056,48.725098333],[2.366560278,48.725070833]],[[2.366560278,48.725070833],[2.366699722,48.725055278]],[[2.366699722,48.725055278],[2.366840556,48.725063333]],[[2.365371111,48.725637778],[2.365533056,48.7256475]],[[2.365533056,48.7256475],[2.365640278,48.725637222]],[[2.365640278,48.725637222],[2.365743333,48.7256175]],[[2.365743333,48.7256175],[2.3658475,48.725581389]],[[2.3658475,48.725581389],[2.365940556,48.725531111]],[[2.365940556,48.725531111],[2.366012222,48.725480556]],[[2.366012222,48.725480556],[2.366066944,48.725418333]],[[2.366066944,48.725418333],[2.366108056,48.725348333]],[[2.366108056,48.725348333],[2.366128889,48.725274722]],[[2.366128889,48.725274722],[2.366123889,48.725184167]],[[2.366123889,48.725184167],[2.366092778,48.725098056]],[[2.366092778,48.725098056],[2.366035,48.725023611]],[[2.366035,48.725023611],[2.365948889,48.724953056]],[[2.365948889,48.724953056],[2.365848056,48.724898333]],[[2.365848056,48.724898333],[2.365730556,48.724858333]],[[2.360857778,48.733096389],[2.360827222,48.733131389]],[[2.360827222,48.733131389],[2.360803333,48.733163056]],[[2.360803333,48.733163056],[2.360780833,48.733195278]],[[2.360780833,48.733195278],[2.360761667,48.733231111]],[[2.360761667,48.733231111],[2.360744444,48.733266667]],[[2.360744444,48.733266667],[2.360729444,48.733301944]],[[2.360729444,48.733301944],[2.360716111,48.733346667]],[[2.360716111,48.733346667],[2.360709722,48.733384444]],[[2.360709722,48.733384444],[2.360707222,48.733428333]],[[2.360707222,48.733428333],[2.360707222,48.733474444]],[[2.360707222,48.733474444],[2.360711944,48.733521944]],[[2.360711944,48.733521944],[2.360721389,48.733564444]],[[2.360721389,48.733564444],[2.360733889,48.733605556]],[[2.360733889,48.733605556],[2.360750556,48.733644167]],[[2.360750556,48.733644167],[2.360773056,48.733686111]],[[2.360773056,48.733686111],[2.360798611,48.733728889]],[[2.360798611,48.733728889],[2.3608275,48.733769167]],[[2.3608275,48.733769167],[2.360847222,48.733795]],[[2.360847222,48.733795],[2.360870833,48.733831944]],[[2.359998889,48.733208333],[2.360073333,48.733235]],[[2.360073333,48.733235],[2.360132778,48.733256944]],[[2.360132778,48.733256944],[2.360185556,48.733279444]],[[2.360185556,48.733279444],[2.360239722,48.733303333]],[[2.360239722,48.733303333],[2.360294722,48.733331111]],[[2.360294722,48.733331111],[2.3603475,48.733358889]],[[2.3603475,48.733358889],[2.360398056,48.733389167]],[[2.360398056,48.733389167],[2.360448889,48.733419444]],[[2.360448889,48.733419444],[2.360496111,48.733451111]],[[2.360496111,48.733451111],[2.360541667,48.733485]],[[2.360541667,48.733485],[2.360585278,48.733518333]],[[2.360585278,48.733518333],[2.360628333,48.733554444]],[[2.360628333,48.733554444],[2.360669444,48.733590556]],[[2.360669444,48.733590556],[2.3607075,48.733627222]],[[2.3607075,48.733627222],[2.360744167,48.733665556]],[[2.360744167,48.733665556],[2.360783611,48.733712222]],[[2.360783611,48.733712222],[2.360816389,48.733753889]],[[2.360891389,48.733869167],[2.360913611,48.73391]],[[2.360913611,48.73391],[2.360934444,48.733951667]],[[2.360934444,48.733951667],[2.360951667,48.733996389]],[[2.360951667,48.733996389],[2.360968889,48.734039722]],[[2.360968889,48.734039722],[2.360981389,48.734083889]],[[2.360981389,48.734083889],[2.360991389,48.734128889]],[[2.360991389,48.734128889],[2.360999722,48.734174167]],[[2.360999722,48.734174167],[2.361003889,48.7342175]],[[2.361003889,48.7342175],[2.361006389,48.7342625]],[[2.361006389,48.7342625],[2.361008056,48.734308333]],[[2.361008056,48.734308333],[2.361006667,48.734353056]],[[2.361006667,48.734353056],[2.361000833,48.7343975]],[[2.361000833,48.7343975],[2.360993056,48.734443056]],[[2.360993056,48.734443056],[2.360983333,48.734488333]],[[2.360983333,48.734488333],[2.360969167,48.734535278]],[[2.360956667,48.734574444],[2.36094,48.734618889]],[[2.36094,48.734618889],[2.3609225,48.734653611]],[[2.3609225,48.734653611],[2.360898611,48.734696111]],[[2.360898611,48.734696111],[2.360869167,48.734738333]],[[2.360869167,48.734738333],[2.360837222,48.734776667]],[[2.360837222,48.734776667],[2.360800833,48.734814444]],[[2.360800833,48.734814444],[2.360760833,48.734851667]],[[2.360760833,48.734851667],[2.360716667,48.734885833]],[[2.360716667,48.734885833],[2.360671111,48.734918889]],[[2.360671111,48.734918889],[2.360620833,48.734948611]],[[2.360620833,48.734948611],[2.360566944,48.734977778]],[[2.360566944,48.734977778],[2.360510833,48.735003333]],[[2.360510833,48.735003333],[2.360453333,48.735026667]],[[2.360453333,48.735026667],[2.360391667,48.735046667]],[[2.360391667,48.735046667],[2.360346944,48.735059722]],[[2.360346944,48.735059722],[2.360290278,48.735074722]],[[2.360290278,48.735074722],[2.360228333,48.735087778]],[[2.360228333,48.735087778],[2.360175,48.735096667]],[[2.360175,48.735096667],[2.360075278,48.7351075]],[[2.360075278,48.7351075],[2.359973056,48.735111667]],[[2.359973056,48.735111667],[2.359868889,48.735108889]],[[2.359868889,48.735108889],[2.359767222,48.735100278]],[[2.359767222,48.735100278],[2.359668056,48.735083056]],[[2.359668056,48.735083056],[2.359574722,48.735057222]],[[2.359574722,48.735057222],[2.359482778,48.735025833]],[[2.359482778,48.735025833],[2.358902222,48.734819722]],[[2.354608056,48.732393889],[2.354555278,48.732443611]],[[2.354555278,48.732443611],[2.354498889,48.732491111]],[[2.354498889,48.732491111],[2.354433889,48.732535833]],[[2.354433889,48.732535833],[2.354366389,48.732578889]],[[2.354366389,48.732578889],[2.3542925,48.732617778]],[[2.3542925,48.732617778],[2.354216111,48.732654167]],[[2.354216111,48.732654167],[2.354134167,48.732681944]],[[2.354134167,48.732681944],[2.354051111,48.732710556]],[[2.354051111,48.732710556],[2.353989722,48.732728333]],[[2.353989722,48.732728333],[2.353914722,48.732747222]],[[2.353914722,48.732747222],[2.353816389,48.732765556]],[[2.353816389,48.732765556],[2.353717778,48.732779722]],[[2.353717778,48.732779722],[2.3536175,48.732788611]],[[2.3536175,48.732788611],[2.353508333,48.732792222]],[[2.353508333,48.732792222],[2.353415556,48.732791111]],[[2.353415556,48.732791111],[2.35331,48.732784167]],[[2.35331,48.732784167],[2.353208056,48.732773889]],[[2.353208056,48.732773889],[2.353108889,48.732756944]],[[2.353108889,48.732756944],[2.353010278,48.732736389]],[[2.353010278,48.732736389],[2.352919167,48.732704167]],[[2.352919167,48.732704167],[2.352290556,48.732482222]],[[2.352187222,48.727863333],[2.352163611,48.7278925]],[[2.352163611,48.7278925],[2.352114167,48.727946944]],[[2.352114167,48.727946944],[2.352063333,48.728000556]],[[2.352063333,48.728000556],[2.352008611,48.728050833]],[[2.352008611,48.728050833],[2.35195,48.728101111]],[[2.35195,48.728101111],[2.3518875,48.728149167]],[[2.3518875,48.728149167],[2.351822778,48.728194722]],[[2.351822778,48.728194722],[2.351755,48.728238333]],[[2.351755,48.728238333],[2.351681111,48.728282222]],[[2.351681111,48.728282222],[2.35161,48.728321667]],[[2.35161,48.728321667],[2.351535,48.728360278]],[[2.351535,48.728360278],[2.351455556,48.728395833]],[[2.351455556,48.728395833],[2.351373056,48.728429444]],[[2.351373056,48.728429444],[2.351291944,48.728460278]],[[2.351291944,48.728460278],[2.351207222,48.728488889]],[[2.351207222,48.728488889],[2.35111,48.728519444]],[[2.35111,48.728519444],[2.351032778,48.728539167]],[[2.351032778,48.728539167],[2.350931389,48.728562778]],[[2.350931389,48.728562778],[2.350850833,48.728578611]],[[2.350850833,48.728578611],[2.350758889,48.728595278]],[[2.350758889,48.728595278],[2.350665278,48.728607778]],[[2.350665278,48.728607778],[2.3505725,48.728618611]],[[2.3505725,48.728618611],[2.350478889,48.728626944]],[[2.350478889,48.728626944],[2.350384167,48.7286325]],[[2.350384167,48.7286325],[2.3502875,48.728634722]],[[2.3502875,48.728634722],[2.350194444,48.728633611]],[[2.350194444,48.728633611],[2.350065,48.728631111]],[[2.374405556,48.742321111],[2.374516944,48.742335278]],[[2.374516944,48.742335278],[2.374576667,48.742352778]],[[2.374576667,48.742352778],[2.374617778,48.742369444]],[[2.374617778,48.742369444],[2.374661667,48.742393611]],[[2.374661667,48.742393611],[2.374698889,48.742418889]],[[2.374698889,48.742418889],[2.374732222,48.742449444]],[[2.374732222,48.742449444],[2.374759444,48.742481944]],[[2.374759444,48.742481944],[2.374781944,48.742524444]],[[2.374781944,48.742524444],[2.374792778,48.742576111]],[[2.374792778,48.742576111],[2.374793333,48.74262]],[[2.375167222,48.742328056],[2.375120278,48.742333056]],[[2.375120278,48.742333056],[2.375073611,48.742341389]],[[2.375073611,48.742341389],[2.375028889,48.742353611]],[[2.375028889,48.742353611],[2.374988333,48.742368333]],[[2.374988333,48.742368333],[2.374953611,48.742384444]],[[2.374953611,48.742384444],[2.374919167,48.742403611]],[[2.374919167,48.742403611],[2.374888611,48.742426111]],[[2.374888611,48.742426111],[2.374857222,48.7424525]],[[2.374857222,48.7424525],[2.374833889,48.742480833]],[[2.374833889,48.742480833],[2.374815556,48.742510556]],[[2.374815556,48.742510556],[2.374803056,48.742541389]],[[2.374803056,48.742541389],[2.374794722,48.742583889]],[[2.374794722,48.742583889],[2.374790833,48.742710833]],[[2.374790833,48.742710833],[2.374774722,48.743539167]],[[2.374774722,48.743539167],[2.374771389,48.743566111]],[[2.374771389,48.743566111],[2.374760556,48.743595]],[[2.374760556,48.743595],[2.374744444,48.743625]],[[2.374744444,48.743625],[2.374721944,48.743655]],[[2.374721944,48.743655],[2.374695556,48.743683611]],[[2.374695556,48.743683611],[2.374658333,48.7437125]],[[2.374658333,48.7437125],[2.3746175,48.743735833]],[[2.3746175,48.743735833],[2.374559722,48.743761111]],[[2.374559722,48.743761111],[2.374496944,48.743778333]],[[2.374496944,48.743778333],[2.374428333,48.743789167]],[[2.374428333,48.743789167],[2.374349444,48.7437925]],[[2.374349444,48.7437925],[2.374259444,48.7437925]],[[2.374259444,48.7437925],[2.374185833,48.743790833]],[[2.374185833,48.743790833],[2.374103889,48.743789167]],[[2.374103889,48.743789167],[2.373204722,48.743778333]],[[2.378617222,48.7423575],[2.378609167,48.742791389]],[[2.378609167,48.742791389],[2.378592778,48.743575556]],[[2.378592778,48.743575556],[2.378594444,48.743608611]],[[2.378594444,48.743608611],[2.378600556,48.743635556]],[[2.378600556,48.743635556],[2.378609444,48.743662778]],[[2.378609444,48.743662778],[2.378623333,48.743693889]],[[2.378623333,48.743693889],[2.378644167,48.743725]],[[2.378644167,48.743725],[2.378664722,48.7437525]],[[2.378664722,48.7437525],[2.378696389,48.743785833]],[[2.382335833,48.742304444],[2.38244,48.742405833]],[[2.38244,48.742405833],[2.383013056,48.743335]],[[2.383013056,48.743335],[2.383536944,48.743204167]],[[2.383536944,48.743204167],[2.385450556,48.743220556]],[[2.340064444,48.725414167],[2.340169722,48.725458611]],[[2.340169722,48.725458611],[2.340213889,48.725482222]],[[2.340213889,48.725482222],[2.340250278,48.725508333]],[[2.340250278,48.725508333],[2.340286667,48.725535556]],[[2.340286667,48.725535556],[2.340319167,48.725566389]],[[2.340319167,48.725566389],[2.340344167,48.725595833]],[[2.340344167,48.725595833],[2.340367778,48.725628889]],[[2.340367778,48.725628889],[2.340385278,48.725666389]],[[2.340385278,48.725666389],[2.340399722,48.725703056]],[[2.340399722,48.725703056],[2.340407222,48.725741944]],[[2.340407222,48.725741944],[2.340409722,48.725785]],[[2.340409722,48.725785],[2.340405833,48.725821944]],[[2.340405833,48.725821944],[2.340398611,48.725858333]],[[2.340398611,48.725858333],[2.340381667,48.725901111]],[[2.340381667,48.725901111],[2.340361111,48.72594]],[[2.340361111,48.72594],[2.340331389,48.725976389]],[[2.340331389,48.725976389],[2.340298889,48.726014722]],[[2.340298889,48.726014722],[2.340270833,48.726041111]],[[2.340270833,48.726041111],[2.340233611,48.726068333]]]}},{"type":"Feature","id":"line.surface_markings.007","properties":{"name":"Surface marking line 007","layer":"Guidance lines","category":"Surface marking lines","object_type":"Line","style_id":"line.surface_markings","airport":"LFPO","geometry_role":"linework","vsmr_group_ids":[[]]},"geometry":{"type":"MultiLineString","coordinates":[[[2.321456111,48.721581944],[2.321816944,48.721710278]],[[2.322171111,48.721835278],[2.322532222,48.721963056]],[[2.322886111,48.722089167],[2.3232475,48.722215833]],[[2.323601667,48.722341667],[2.323963611,48.722469444]],[[2.324317222,48.722594722],[2.324679444,48.722723333]],[[2.325033056,48.722849444],[2.325394167,48.722976111]],[[2.325748056,48.723101944],[2.326110278,48.723229444]],[[2.326465278,48.723355278],[2.326825278,48.723483611]],[[2.327179722,48.723608611],[2.327541111,48.723736389]],[[2.327896667,48.723862222],[2.3282575,48.723988889]],[[2.328611111,48.724115556],[2.328971667,48.724243333]],[[2.329326111,48.724368333],[2.3296875,48.724495833]],[[2.330042222,48.724621667],[2.330401944,48.724749167]],[[2.330756944,48.724874722],[2.3311175,48.725003056]],[[2.331470833,48.725127778],[2.331833056,48.725256944]],[[2.332188889,48.725380556],[2.332549444,48.725508889]],[[2.332905,48.725634167],[2.333266111,48.725761944]],[[2.33362,48.725888333],[2.333981389,48.726015556]],[[2.334334722,48.726141389],[2.334695,48.726268889]],[[2.335050556,48.726394167],[2.3354125,48.726522222]],[[2.335766944,48.726646667],[2.336128056,48.726774444]],[[2.336483056,48.726900556],[2.336843333,48.727028333]],[[2.337198611,48.727153889],[2.33756,48.7272825]],[[2.337913611,48.7274075],[2.338275556,48.727535556]],[[2.338628611,48.727660556],[2.33899,48.727787778]],[[2.339346389,48.727913889],[2.339705278,48.728041111]],[[2.340061667,48.728166389],[2.340422222,48.728294722]],[[2.340777222,48.728419722],[2.341137778,48.728547222]],[[2.341492222,48.728672778],[2.341853611,48.728801389]],[[2.342209722,48.728926944],[2.342569167,48.729054444]],[[2.342925,48.729179444],[2.343285556,48.729307778]],[[2.343640278,48.7294325],[2.344000556,48.729561389]],[[2.344355833,48.729685833],[2.344716389,48.729814167]],[[2.345071667,48.729939444],[2.345431667,48.730066111]],[[2.345786944,48.730191944],[2.346146944,48.73032]],[[2.347218889,48.730699167],[2.347581111,48.730826667]],[[2.346503611,48.730445556],[2.346864167,48.730573056]],[[2.347935556,48.730952222],[2.348295278,48.731079444]],[[2.348650833,48.731204722],[2.349010833,48.731332778]],[[2.349366944,48.731458611],[2.349725833,48.731585833]],[[2.350081667,48.731710833],[2.350443333,48.731838889]],[[2.350798611,48.731964444],[2.351158333,48.732091667]],[[2.351515,48.732217778],[2.351873889,48.732344722]],[[2.352230556,48.73247],[2.352590278,48.732598333]],[[2.352946667,48.732723889],[2.353305833,48.732850278]],[[2.3536625,48.732977222],[2.3540225,48.733103889]],[[2.354376667,48.733228611],[2.3547375,48.733356944]],[[2.355092222,48.733483056],[2.355453611,48.733610833]],[[2.355808056,48.733736111],[2.35617,48.733864444]],[[2.356523889,48.733988889],[2.356886389,48.734116389]],[[2.357241944,48.734242778],[2.357600833,48.73437]],[[2.357956667,48.734495],[2.358316944,48.7346225]],[[2.358672778,48.734748889],[2.3590325,48.734876111]],[[2.359388056,48.735001389],[2.359750278,48.735128889]],[[2.359616944,48.719600278],[2.360012778,48.719673333]],[[2.360386944,48.719741944],[2.360782222,48.719814722]],[[2.361156667,48.719885],[2.361549444,48.719956389]],[[2.361925556,48.720026389],[2.362319722,48.720099444]],[[2.362693056,48.720168056],[2.363086389,48.720241111]],[[2.363462778,48.720310278],[2.363856667,48.720381944]],[[2.364231667,48.7204525],[2.364625,48.720525]],[[2.365001111,48.720594722],[2.365393889,48.720666944]],[[2.365767778,48.720735556],[2.366162778,48.720808889]],[[2.366536111,48.720878333],[2.366931944,48.720950278]],[[2.367306944,48.721019444],[2.3677,48.721092222]],[[2.368073611,48.721161111],[2.368468056,48.721234167]],[[2.368843056,48.721303056],[2.369238056,48.721376389]],[[2.369612778,48.721445278],[2.370007222,48.721517778]],[[2.370380556,48.721586944],[2.370774722,48.72166]],[[2.371151944,48.721729444],[2.371542222,48.7218025]],[[2.371918611,48.721871667],[2.372314167,48.721943889]],[[2.372686667,48.722012778],[2.373080833,48.722086111]],[[2.373454444,48.722156667],[2.373849167,48.722228611]],[[2.374224167,48.722296944],[2.374619444,48.722369444]],[[2.3749925,48.722438611],[2.375386389,48.722510278]],[[2.375761944,48.722581389],[2.376158056,48.722655]],[[2.37653,48.722723333],[2.376924722,48.722795833]],[[2.3773,48.722864722],[2.377695278,48.722938056]],[[2.378068889,48.723006111],[2.378464167,48.723079444]],[[2.378836667,48.723147778],[2.37923,48.723220833]],[[2.379606667,48.723291389],[2.3800025,48.723362778]],[[2.380375,48.723431944],[2.3807675,48.723504722]],[[2.381144722,48.723573889],[2.381538889,48.723646944]],[[2.3819125,48.723715556],[2.382305,48.723788333]],[[2.382684444,48.723857778],[2.383076667,48.723931111]],[[2.383450833,48.724000556],[2.383845556,48.7240725]],[[2.384219444,48.724143056],[2.384613333,48.724214722]],[[2.384988056,48.724283611],[2.385381667,48.724355833]],[[2.385757778,48.724425556],[2.386151111,48.724498611]],[[2.386526111,48.724566667],[2.386919167,48.724640278]],[[2.387295556,48.724709444],[2.387688056,48.724781667]],[[2.388066111,48.724851667],[2.388457778,48.724924167]],[[2.388831389,48.724992778],[2.389225833,48.725065278]],[[2.389600278,48.725134167],[2.389993889,48.725206944]],[[2.390369167,48.725275833],[2.3907625,48.725348889]],[[2.39114,48.725418056],[2.3915325,48.725490833]],[[2.391908056,48.725561111],[2.392300833,48.7256325]],[[2.392676667,48.725700833],[2.393071667,48.725774722]],[[2.393447222,48.725844444],[2.393841111,48.725916111]],[[2.3942125,48.725985],[2.394610278,48.726059167]],[[2.394983889,48.726127222],[2.395378611,48.726199444]],[[2.377034444,48.718211667],[2.377163611,48.718468333]],[[2.377292222,48.718722778],[2.377421111,48.718978611]],[[2.377546667,48.719232222],[2.377677222,48.719489444]],[[2.378059444,48.720252778],[2.378188056,48.720510278]],[[2.379341389,48.722806389],[2.379471111,48.723064167]],[[2.380365833,48.724849167],[2.380495278,48.725106389]],[[2.380623333,48.725360556],[2.380751389,48.725617222]],[[2.380878056,48.725871111],[2.3810075,48.726126389]],[[2.381134722,48.726381111],[2.381261111,48.726636111]],[[2.381393333,48.726892222],[2.381520833,48.7271475]],[[2.381648333,48.727401389],[2.381776389,48.727658611]],[[2.381902778,48.727912778],[2.382028889,48.728171111]],[[2.380107778,48.724339167],[2.380238611,48.724595278]],[[2.379853889,48.723828333],[2.379982222,48.724085278]],[[2.382156944,48.728423889],[2.382286944,48.728681944]],[[2.382415556,48.728934722],[2.382545,48.729191389]],[[2.382671389,48.729446111],[2.382800278,48.729701667]],[[2.382928889,48.729954444],[2.383054722,48.730211944]],[[2.383185833,48.730467778],[2.383312778,48.730723611]],[[2.383438056,48.730978056],[2.383565556,48.731233056]],[[2.383694722,48.731489167],[2.383823333,48.731743889]],[[2.383951111,48.731998611],[2.384078333,48.732255]],[[2.384205833,48.732509444],[2.384335833,48.7327675]],[[2.384464444,48.733020278],[2.384591111,48.733271667]],[[2.384718889,48.733530556],[2.384850278,48.733786944]],[[2.384976667,48.734041667],[2.385105556,48.734297222]],[[2.385230833,48.734551389],[2.385361389,48.734806389]],[[2.385489167,48.735063611],[2.385616667,48.735316667]],[[2.385745833,48.735572778],[2.385874444,48.735829722]],[[2.385999722,48.736083889],[2.386129167,48.736338611]],[[2.386258056,48.736594167],[2.386385,48.736849444]],[[2.386511944,48.737105278],[2.3866425,48.737361667]]]}},{"type":"Feature","id":"line.runway_border.001","properties":{"name":"Runway border 001","layer":"Guidance lines","category":"Runway borders","object_type":"Line","style_id":"line.runway_border","airport":"LFPO","geometry_role":"linework","vsmr_group_ids":[[]]},"geometry":{"type":"MultiLineString","coordinates":[[[2.316785,48.720157778],[2.317070556,48.719800278]],[[2.317121111,48.720049167],[2.317361944,48.720134444]],[[2.317348611,48.720148611],[2.31749,48.720179722]],[[2.31749,48.720179722],[2.317371389,48.720119722]],[[2.317839167,48.720303889],[2.318081389,48.720390278]],[[2.3180675,48.720404167],[2.318210556,48.720436111]],[[2.318210556,48.720436111],[2.318092222,48.720375556]],[[2.318558611,48.720558056],[2.318800278,48.720644444]],[[2.318785,48.720658056],[2.318929444,48.720691111]],[[2.318929444,48.720691111],[2.318809167,48.720629444]],[[2.319277222,48.720812778],[2.319520556,48.720898889]],[[2.319505833,48.720912222],[2.319646944,48.720944167]],[[2.319646944,48.720944167],[2.319530278,48.720884167]],[[2.319996111,48.7210675],[2.320236111,48.721153056]],[[2.320222778,48.721166667],[2.320365,48.721199167]],[[2.320365,48.721199167],[2.320247222,48.721138611]],[[2.320393611,48.721435556],[2.320681389,48.721081111]],[[2.360817778,48.735278056],[2.360533889,48.735633333]]]}},{"type":"Feature","id":"line.taxiway_centerline.002","properties":{"name":"Taxiway centerline 002","layer":"Guidance lines","category":"Taxiway centerlines","object_type":"Line","style_id":"line.taxiway_centerline","airport":"LFPO","geometry_role":"linework","vsmr_group_ids":[[]]},"geometry":{"type":"MultiLineString","coordinates":[[[2.315131944,48.71939],[2.315213333,48.719374444]],[[2.315213333,48.719374444],[2.315190833,48.719315278]],[[2.315309444,48.719554167],[2.315571389,48.719501667]],[[2.315571389,48.719501667],[2.315493333,48.7193275]],[[2.315668611,48.719680833],[2.315931944,48.719628333]],[[2.315931944,48.719628333],[2.3158525,48.719452778]],[[2.316027222,48.719808333],[2.316290556,48.719756389]],[[2.316290556,48.719756389],[2.316212778,48.719580278]],[[2.316386944,48.719935556],[2.3166525,48.7198825]],[[2.3166525,48.7198825],[2.316571667,48.719708611]],[[2.316746944,48.720062778],[2.316881389,48.720037222]],[[2.316931389,48.719835278],[2.316971111,48.719924722]],[[2.3606825,48.735609167],[2.360635278,48.735506944]],[[2.360868611,48.735380556],[2.36071,48.735412222]],[[2.361043333,48.735735833],[2.360965556,48.735561944]],[[2.360965556,48.735561944],[2.361228889,48.7355075]],[[2.361403889,48.735861944],[2.3613225,48.735688333]],[[2.3613225,48.735688333],[2.361588889,48.735633889]],[[2.361762778,48.73599],[2.361683611,48.735815833]],[[2.361683611,48.735815833],[2.361946389,48.735761944]],[[2.362122778,48.736117778],[2.362044722,48.735943056]],[[2.362044722,48.735943056],[2.362307222,48.735889444]],[[2.362437222,48.736151944],[2.3624025,48.736069444]],[[2.3624025,48.736069444],[2.362521667,48.736046944]],[[2.357650833,48.719376111],[2.357901389,48.719282222]],[[2.357901389,48.719282222],[2.357759444,48.719115278]],[[2.358043333,48.719448889],[2.3582925,48.719354444]],[[2.3582925,48.719354444],[2.358153333,48.719188056]],[[2.358436667,48.719521389],[2.358574722,48.71947]],[[2.358545278,48.719260556],[2.358623056,48.719353333]]]}},{"type":"Feature","id":"line.runway_border.002","properties":{"name":"Runway border 002","layer":"Guidance lines","category":"Runway borders","object_type":"Line","style_id":"line.runway_border","airport":"LFPO","geometry_role":"linework","vsmr_group_ids":[[]]},"geometry":{"type":"MultiLineString","coordinates":[[[2.358517222,48.719605],[2.358680278,48.71922]],[[2.396305278,48.726575833],[2.396463333,48.726194722]],[[2.396705833,48.726461389],[2.396579444,48.726421389]],[[2.396579444,48.726421389],[2.396718889,48.726430833]],[[2.396711111,48.726445278],[2.396975,48.726493611]],[[2.397491667,48.726606111],[2.397365833,48.726566944]],[[2.397365833,48.726566944],[2.397505,48.726575556]],[[2.397495833,48.726590556],[2.39776,48.726639167]],[[2.398277222,48.726751111],[2.39815,48.726711111]],[[2.39815,48.726711111],[2.398289722,48.726720833]],[[2.399061944,48.726895278],[2.398936667,48.726856389]],[[2.398936667,48.726856389],[2.399076667,48.726865278]],[[2.399067778,48.726879722],[2.399331389,48.726929444]],[[2.399848056,48.727041111],[2.3997225,48.727000833]],[[2.3997225,48.727000833],[2.399860833,48.727010556]],[[2.3998525,48.727024722],[2.400116944,48.727073611]],[[2.400633889,48.727186111],[2.400508889,48.727145833]],[[2.400508889,48.727145833],[2.400647222,48.727155278]],[[2.400638889,48.72717],[2.400903056,48.727218611]],[[2.401418889,48.727330278],[2.401293333,48.727290833]],[[2.401293333,48.727290833],[2.401432778,48.727300278]],[[2.401424444,48.727314722],[2.401688056,48.727363333]],[[2.401971111,48.727625556],[2.402135,48.72724]]]}},{"type":"Feature","id":"line.taxiway_centerline.003","properties":{"name":"Taxiway centerline 003","layer":"Guidance lines","category":"Taxiway centerlines","object_type":"Line","style_id":"line.taxiway_centerline","airport":"LFPO","geometry_role":"linework","vsmr_group_ids":[[]]},"geometry":{"type":"MultiLineString","coordinates":[[[2.402128056,48.727585],[2.402035278,48.727474444]],[[2.4020725,48.727386944],[2.402238333,48.727324722]],[[2.402521944,48.727657778],[2.402381389,48.727491389]],[[2.402381389,48.727491389],[2.402633056,48.727396389]],[[2.402914167,48.727729444],[2.402775833,48.727564167]],[[2.402775833,48.727564167],[2.403024444,48.727468611]],[[2.403306667,48.7278025],[2.403166111,48.727636389]],[[2.403166111,48.727636389],[2.403417222,48.727541667]],[[2.403698333,48.727875],[2.403560278,48.727708611]],[[2.403560278,48.727708611],[2.403808889,48.727613889]],[[2.404015278,48.727855],[2.403953611,48.727781667]],[[2.403953611,48.727781667],[2.404064444,48.727739722]]]}},{"type":"Feature","id":"line.runway_border.003","properties":{"name":"Runway border 003","layer":"Guidance lines","category":"Runway borders","object_type":"Line","style_id":"line.runway_border","airport":"LFPO","geometry_role":"linework","vsmr_group_ids":[[]]},"geometry":{"type":"MultiLineString","coordinates":[[[2.376316389,48.717633056],[2.377088889,48.717464722]]]}},{"type":"Feature","id":"line.taxiway_centerline.004","properties":{"name":"Taxiway centerline 004","layer":"Guidance lines","category":"Taxiway centerlines","object_type":"Line","style_id":"line.taxiway_centerline","airport":"LFPO","geometry_role":"linework","vsmr_group_ids":[[]]},"geometry":{"type":"MultiLineString","coordinates":[[[2.376484722,48.717521111],[2.376621389,48.717566389]],[[2.376786944,48.717530278],[2.376854444,48.71744]],[[2.376355278,48.717265833],[2.376601667,48.717347222]],[[2.376601667,48.717347222],[2.376726389,48.717184722]],[[2.376227222,48.717008889],[2.376473889,48.717090278]],[[2.376473889,48.717090278],[2.3765975,48.7169275]],[[2.376100556,48.7167525],[2.376346111,48.716833889]],[[2.376346111,48.716833889],[2.376469444,48.7166725]],[[2.375971944,48.716496667],[2.376217778,48.7165775]],[[2.376217778,48.7165775],[2.376340556,48.716415833]],[[2.375980278,48.716284722],[2.376090278,48.716322222]],[[2.376090278,48.716322222],[2.376149167,48.716248056]]]}},{"type":"Feature","id":"line.runway_border.004","properties":{"name":"Runway border 004","layer":"Guidance lines","category":"Runway borders","object_type":"Line","style_id":"line.runway_border","airport":"LFPO","geometry_role":"linework","vsmr_group_ids":[[]]},"geometry":{"type":"MultiLineString","coordinates":[[[2.386585556,48.738113889],[2.387358611,48.737945278]]]}},{"type":"Feature","id":"line.taxiway_centerline.005","properties":{"name":"Taxiway centerline 005","layer":"Guidance lines","category":"Taxiway centerlines","object_type":"Line","style_id":"line.taxiway_centerline","airport":"LFPO","geometry_role":"linework","vsmr_group_ids":[[]]},"geometry":{"type":"MultiLineString","coordinates":[[[2.3868225,48.738130556],[2.386885556,48.738048611]],[[2.387194722,48.738048611],[2.387071111,48.738008333]],[[2.386952222,48.738386389],[2.387074722,48.738224167]],[[2.387074722,48.738224167],[2.387321944,48.738304722]],[[2.387080833,48.738646111],[2.387204444,48.738483333]],[[2.387204444,48.738483333],[2.387451667,48.738564444]],[[2.387210556,48.7389025],[2.387332222,48.738738889]],[[2.387332222,48.738738889],[2.387579444,48.738821389]],[[2.387337778,48.739158056],[2.387462222,48.738995278]],[[2.387462222,48.738995278],[2.387707778,48.739076389]],[[2.387518056,48.739339167],[2.387589444,48.739250833]],[[2.387589444,48.739250833],[2.387718056,48.739296111]]]}},{"type":"Feature","id":"line.runway_border.005","properties":{"name":"Runway border 005","layer":"Guidance lines","category":"Runway borders","object_type":"Line","style_id":"line.runway_border","airport":"LFPO","geometry_role":"linework","vsmr_group_ids":[[]]},"geometry":{"type":"MultiLineString","coordinates":[[[2.398281667,48.726734722],[2.398545556,48.726783889]]]}},{"type":"Feature","id":"line.stand_entry.002","properties":{"name":"Stand entry line 002","layer":"Guidance lines","category":"Stand entry lines","object_type":"Line","style_id":"line.stand_entry","airport":"LFPO","geometry_role":"linework","vsmr_group_ids":[[]]},"geometry":{"type":"MultiLineString","coordinates":[[[2.361616389,48.732485],[2.361955556,48.731998333]],[[2.361251667,48.732118333],[2.361475556,48.731720278]],[[2.360737222,48.731889722],[2.360956944,48.731482222]],[[2.360166667,48.731675833],[2.360410833,48.73131]],[[2.359694444,48.731485],[2.359791111,48.731081389]],[[2.359161389,48.731265278],[2.359323611,48.730895278]],[[2.358551667,48.731001389],[2.359136389,48.730632222]],[[2.35806,48.730790833],[2.358703056,48.730386389]],[[2.357610278,48.730598333],[2.358421389,48.730089444]],[[2.357477778,48.730541389],[2.357980556,48.729694167]],[[2.357193889,48.730424167],[2.357048611,48.729821111]],[[2.356164444,48.729933056],[2.356806111,48.729665278]],[[2.356033611,48.729846111],[2.356915278,48.729494167]],[[2.355851944,48.729512778],[2.357071111,48.729305556]],[[2.355897778,48.7292525],[2.356769722,48.728920278]],[[2.356217222,48.728370833],[2.356662778,48.7285025]],[[2.357038889,48.728331111],[2.356599444,48.7280025]],[[2.357377778,48.728014444],[2.357576667,48.728519722]],[[2.358468889,48.728437778],[2.357955278,48.728120556]],[[2.358198611,48.727936111],[2.3585325,48.727652778]],[[2.357827222,48.727764167],[2.357916389,48.727376667]],[[2.35685,48.727538333],[2.357220833,48.727158333]],[[2.357423889,48.726871111],[2.356889722,48.726804722]],[[2.357913889,48.726662222],[2.357063056,48.726394167]],[[2.358245556,48.726248611],[2.357197778,48.726068056]],[[2.358388333,48.725264722],[2.358879722,48.725924167]],[[2.359248056,48.725084444],[2.359415833,48.725566111]],[[2.359415833,48.725566111],[2.359423889,48.725606389]],[[2.359423889,48.725606389],[2.359423889,48.725649444]],[[2.359423889,48.725649444],[2.359422778,48.725695]],[[2.359422778,48.725695],[2.359405,48.726186389]],[[2.360109722,48.7250825],[2.360298056,48.72561]],[[2.360563889,48.725153611],[2.360651667,48.725910833]],[[2.360831389,48.7252025],[2.360773056,48.725810556]],[[2.361458333,48.725318056],[2.361298611,48.725810556]],[[2.361483333,48.726075],[2.361760278,48.725421389]],[[2.361661111,48.7261375],[2.362103333,48.725438056]],[[2.362442778,48.726028056],[2.362625,48.725536111]],[[2.362629722,48.726287222],[2.362924444,48.725589444]],[[2.363255556,48.725649167],[2.362826111,48.726331111]],[[2.363770556,48.725746667],[2.3635825,48.726241389]],[[2.364145,48.725815],[2.363877222,48.726441667]],[[2.364383333,48.725860556],[2.364002222,48.726477222]],[[2.365155833,48.726006389],[2.364787222,48.726459444]],[[2.365208056,48.726016111],[2.3650275,48.726736944]],[[2.3656825,48.726103333],[2.365653333,48.726175833]],[[2.365653333,48.726175833],[2.365628889,48.7262275]],[[2.365628889,48.7262275],[2.365596667,48.726265833]],[[2.365596667,48.726265833],[2.365180278,48.726768611]],[[2.365990833,48.726171944],[2.365900833,48.726408333]],[[2.365900833,48.726408333],[2.365886944,48.726441944]],[[2.365886944,48.726441944],[2.365884722,48.726480833]],[[2.365884722,48.726480833],[2.365945833,48.727021389]],[[2.366333889,48.726257778],[2.366308889,48.726316667]],[[2.366308889,48.726316667],[2.366290833,48.726353611]],[[2.366290833,48.726353611],[2.366290833,48.726388889]],[[2.366290833,48.726388889],[2.366300833,48.726431111]],[[2.366300833,48.726431111],[2.366316944,48.726478333]],[[2.366316944,48.726478333],[2.366703333,48.727098889]],[[2.367075556,48.726436944],[2.367075556,48.72647]],[[2.367075556,48.72647],[2.367083333,48.726506111]],[[2.367083333,48.726506111],[2.367096111,48.7265425]],[[2.367096111,48.7265425],[2.367127222,48.726593333]],[[2.367127222,48.726593333],[2.367598056,48.727354444]],[[2.368635278,48.726819722],[2.368495278,48.727416944]],[[2.370588611,48.727111389],[2.370421944,48.727496111]],[[2.371238611,48.727228889],[2.371088333,48.727603611]],[[2.371890278,48.727348056],[2.371721111,48.727731389]],[[2.372654444,48.727483889],[2.372377778,48.728126667]],[[2.373598611,48.727667222],[2.373321389,48.728321111]],[[2.374621944,48.727929722],[2.374651667,48.728568333]],[[2.374710278,48.728455556],[2.3749025,48.727980278]],[[2.375452222,48.728084444],[2.375243056,48.728604444]],[[2.375451111,48.728861389],[2.375768889,48.728140278]],[[2.375348056,48.728888611],[2.376106944,48.7284225]],[[2.375696111,48.729191944],[2.376399167,48.728751944]],[[2.375690278,48.729476111],[2.376584167,48.728960556]],[[2.375766667,48.729502222],[2.376755833,48.729218889]],[[2.376166667,48.729777222],[2.376938056,48.729604722]],[[2.375980556,48.730073056],[2.3770275,48.729798889]],[[2.375999167,48.730082222],[2.377038056,48.730087778]],[[2.376253611,48.730526111],[2.377020556,48.730666111]],[[2.377006389,48.730731944],[2.375969444,48.730639444]],[[2.376590278,48.731130278],[2.375800278,48.730676389]],[[2.376201389,48.731410833],[2.375615,48.731073056]],[[2.375331111,48.731587222],[2.37519,48.731078889]],[[2.355136389,48.724983889],[2.354693333,48.725035278]],[[2.355066667,48.725369722],[2.354453611,48.725538889]],[[2.354874722,48.725938056],[2.354222778,48.726119722]],[[2.354632222,48.726521111],[2.353964444,48.726703889]],[[2.354412222,48.727041389],[2.353809722,48.727209444]],[[2.354215,48.727508611],[2.353631111,48.727670833]],[[2.352024167,48.726684722],[2.351365833,48.726562222]],[[2.352070278,48.726571111],[2.351166944,48.726404167]],[[2.352190556,48.726283333],[2.3514875,48.7261525]],[[2.352336944,48.725945],[2.351430556,48.725777778]],[[2.35236,48.725883056],[2.351703333,48.7257625]],[[2.352388056,48.725821944],[2.351489444,48.725654722]],[[2.352552222,48.725428333],[2.351895,48.725306667]],[[2.352601111,48.725316944],[2.351698333,48.725149444]],[[2.352723056,48.7250275],[2.352019722,48.724897222]],[[2.352858056,48.7247075],[2.352084167,48.724564722]],[[2.352889722,48.724627778],[2.352214444,48.724504167]],[[2.351523056,48.724057222],[2.351310556,48.724557778]],[[2.351390556,48.724034167],[2.351136944,48.724636944]],[[2.351315556,48.724022222],[2.351059167,48.724634444]],[[2.350914444,48.723945278],[2.350691944,48.724478056]],[[2.350440556,48.723860833],[2.350188889,48.724461389]],[[2.35031,48.723833889],[2.350100556,48.724334167]],[[2.349508056,48.724761667],[2.350121111,48.724875]],[[2.349451111,48.724886389],[2.350409444,48.725061667]],[[2.349357222,48.725139167],[2.349963056,48.725252222]],[[2.349196389,48.725514444],[2.349807222,48.725628611]],[[2.34914,48.725641944],[2.3500925,48.725815556]],[[2.3490375,48.725892778],[2.349648333,48.726004167]],[[2.367938056,48.724860833],[2.367763333,48.724435556]],[[2.3671375,48.724713611],[2.366839444,48.72424]],[[2.366071667,48.724515],[2.366468056,48.724161389]],[[2.365354722,48.7243825],[2.365075556,48.723816944]],[[2.365516944,48.724409444],[2.365752222,48.724040833]],[[2.364994444,48.724319167],[2.365156389,48.723911111]],[[2.364202222,48.724173056],[2.363887778,48.723528889]],[[2.361435833,48.7236875],[2.361435833,48.723086667]],[[2.360492222,48.723511111],[2.360496667,48.7229425]],[[2.360355,48.723485556],[2.360354167,48.723014167]],[[2.359548056,48.723336389],[2.3595525,48.722745]],[[2.359408333,48.723310833],[2.359407222,48.722831944]],[[2.358527778,48.723147778],[2.3585325,48.722557778]],[[2.358401944,48.723125278],[2.358402222,48.722649722]],[[2.3748625,48.72574],[2.374818333,48.725775278]],[[2.374818333,48.725775278],[2.374783333,48.7257975]],[[2.374783333,48.7257975],[2.374739444,48.725825833]],[[2.374739444,48.725825833],[2.374669444,48.725859444]],[[2.374669444,48.725859444],[2.374315556,48.725990833]],[[2.373348611,48.725914722],[2.372926944,48.725262778]],[[2.372219722,48.725703611],[2.372406389,48.725260278]],[[2.371593889,48.725589722],[2.371168889,48.725119167]],[[2.377768889,48.732005278],[2.377608611,48.732388889]],[[2.378516389,48.732139444],[2.378334722,48.732548333]],[[2.379174167,48.732543611],[2.378623333,48.732716944]],[[2.379383333,48.732962778],[2.378572222,48.733140833]],[[2.379473333,48.733141111],[2.378539167,48.733347222]],[[2.379566111,48.733320833],[2.378563889,48.733541111]],[[2.379763611,48.733714444],[2.378759167,48.733934722]],[[2.379863333,48.733908333],[2.378877778,48.734125556]],[[2.379961389,48.734106667],[2.378955,48.734326389]],[[2.380155278,48.734498611],[2.379334167,48.734679167]],[[2.380246667,48.734678056],[2.379261667,48.734892778]],[[2.380335278,48.734856111],[2.379332222,48.735076944]],[[2.379998333,48.735464722],[2.380557222,48.735343333]],[[2.384108611,48.743209722],[2.384101944,48.743815556]],[[2.384678611,48.743215556],[2.384668333,48.743814167]],[[2.385249167,48.743219167],[2.38524,48.743819722]],[[2.382088611,48.742940556],[2.381695556,48.743578889]],[[2.380002778,48.741986389],[2.379896111,48.74168]],[[2.37887,48.741970278],[2.378745,48.741584722]],[[2.378635278,48.741970556],[2.378418889,48.741327778]],[[2.378401389,48.741965278],[2.3782425,48.741495833]],[[2.378760556,48.743115],[2.379806111,48.743125]],[[2.379443333,48.743122222],[2.379738889,48.743324167]],[[2.378489444,48.743005278],[2.377760556,48.742998611]],[[2.378487222,48.743500833],[2.377742778,48.7434875]],[[2.378797222,48.743857778],[2.379047778,48.744041111]],[[2.378606389,48.743827222],[2.37845,48.743914722]],[[2.37845,48.743914722],[2.378413611,48.743932778]],[[2.378413611,48.743932778],[2.3783575,48.743954444]],[[2.3783575,48.743954444],[2.378290556,48.743973056]],[[2.378290556,48.743973056],[2.378208333,48.743983889]],[[2.378208333,48.743983889],[2.378123889,48.743990278]],[[2.378123889,48.743990278],[2.378043333,48.743991667]],[[2.378043333,48.743991667],[2.377718611,48.7439875]],[[2.378525556,48.743748333],[2.377741111,48.743740278]],[[2.378507222,48.743252778],[2.377749722,48.743245556]],[[2.377131667,48.741960556],[2.3771425,48.741475278]],[[2.377413056,48.741957222],[2.377416111,48.741600556]],[[2.376822778,48.741944167],[2.376823889,48.7416025]],[[2.376145278,48.741941389],[2.3761575,48.741555833]],[[2.375540556,48.741941389],[2.375547778,48.741548611]],[[2.374976389,48.741925],[2.374978611,48.741543056]],[[2.374341111,48.741923889],[2.374351944,48.7415325]],[[2.373997222,48.742738056],[2.373004722,48.743215]],[[2.373175833,48.7427075],[2.373167222,48.743075556]],[[2.372426944,48.742705278],[2.372425278,48.743308889]],[[2.372195556,48.742700556],[2.372195833,48.743319167]],[[2.371918333,48.742695278],[2.371916111,48.743093333]],[[2.370854722,48.74269],[2.370841111,48.743360833]],[[2.3710975,48.742686944],[2.371088333,48.743235278]],[[2.3704575,48.742685556],[2.370446667,48.743228611]],[[2.374998611,48.740375],[2.374975278,48.740720278]],[[2.375231667,48.740376667],[2.375223611,48.740760833]],[[2.375598333,48.7403825],[2.375588889,48.740735]],[[2.376496667,48.740386944],[2.376470278,48.740769167]],[[2.382553889,48.739703889],[2.3815675,48.739595833]],[[2.382434167,48.740160278],[2.381183889,48.740023611]],[[2.382383056,48.74038],[2.380996111,48.7402275]],[[2.382341389,48.740533333],[2.381083333,48.7403975]]]}},{"type":"Feature","id":"label.active_configuration.001","properties":{"name":"EST LIE","layer":"Labels","category":"Active-configuration labels","object_type":"Label","style_id":"label.active_configuration","airport":"LFPO","geometry_role":"text_label","text-field":"EST LIE","vsmr_group_ids":[[]]},"geometry":{"type":"Point","coordinates":[2.369309722,48.212471944]}},{"type":"Feature","id":"label.active_configuration.002","properties":{"name":"OUEST LIE","layer":"Labels","category":"Active-configuration labels","object_type":"Label","style_id":"label.active_configuration","airport":"LFPO","geometry_role":"text_label","text-field":"OUEST LIE","vsmr_group_ids":[[]]},"geometry":{"type":"Point","coordinates":[2.369309722,48.212471944]}},{"type":"Feature","id":"label.gates_stands.001","properties":{"name":"A01","layer":"Labels","category":"Gate and stand labels","object_type":"Label","style_id":"label.gates_stands","airport":"LFPO","geometry_role":"text_label","text-field":"A01","vsmr_group_ids":[[]]},"geometry":{"type":"Point","coordinates":[2.3606375,48.72607]}},{"type":"Feature","id":"label.gates_stands.002","properties":{"name":"A02","layer":"Labels","category":"Gate and stand labels","object_type":"Label","style_id":"label.gates_stands","airport":"LFPO","geometry_role":"text_label","text-field":"A02","vsmr_group_ids":[[]]},"geometry":{"type":"Point","coordinates":[2.361406111,48.726204167]}},{"type":"Feature","id":"label.gates_stands.003","properties":{"name":"A03","layer":"Labels","category":"Gate and stand labels","object_type":"Label","style_id":"label.gates_stands","airport":"LFPO","geometry_role":"text_label","text-field":"A03","vsmr_group_ids":[[]]},"geometry":{"type":"Point","coordinates":[2.362586944,48.726397778]}},{"type":"Feature","id":"label.gates_stands.004","properties":{"name":"A04","layer":"Labels","category":"Gate and stand labels","object_type":"Label","style_id":"label.gates_stands","airport":"LFPO","geometry_role":"text_label","text-field":"A04","vsmr_group_ids":[[]]},"geometry":{"type":"Point","coordinates":[2.363681667,48.726572778]}},{"type":"Feature","id":"label.gates_stands.005","properties":{"name":"A05","layer":"Labels","category":"Gate and stand labels","object_type":"Label","style_id":"label.gates_stands","airport":"LFPO","geometry_role":"text_label","text-field":"A05","vsmr_group_ids":[[]]},"geometry":{"type":"Point","coordinates":[2.364977778,48.726802778]}},{"type":"Feature","id":"label.gates_stands.006","properties":{"name":"A11","layer":"Labels","category":"Gate and stand labels","object_type":"Label","style_id":"label.gates_stands","airport":"LFPO","geometry_role":"text_label","text-field":"A11","vsmr_group_ids":[[]]},"geometry":{"type":"Point","coordinates":[2.360281111,48.725734722]}},{"type":"Feature","id":"label.gates_stands.007","properties":{"name":"A12","layer":"Labels","category":"Gate and stand labels","object_type":"Label","style_id":"label.gates_stands","airport":"LFPO","geometry_role":"text_label","text-field":"A12","vsmr_group_ids":[[]]},"geometry":{"type":"Point","coordinates":[2.360882778,48.725883611]}},{"type":"Feature","id":"label.gates_stands.008","properties":{"name":"A21","layer":"Labels","category":"Gate and stand labels","object_type":"Label","style_id":"label.gates_stands","airport":"LFPO","geometry_role":"text_label","text-field":"A21","vsmr_group_ids":[[]]},"geometry":{"type":"Point","coordinates":[2.361261389,48.725913611]}},{"type":"Feature","id":"label.gates_stands.009","properties":{"name":"A22","layer":"Labels","category":"Gate and stand labels","object_type":"Label","style_id":"label.gates_stands","airport":"LFPO","geometry_role":"text_label","text-field":"A22","vsmr_group_ids":[[]]},"geometry":{"type":"Point","coordinates":[2.361896389,48.726107222]}},{"type":"Feature","id":"label.gates_stands.010","properties":{"name":"A31","layer":"Labels","category":"Gate and stand labels","object_type":"Label","style_id":"label.gates_stands","airport":"LFPO","geometry_role":"text_label","text-field":"A31","vsmr_group_ids":[[]]},"geometry":{"type":"Point","coordinates":[2.362364167,48.726144444]}},{"type":"Feature","id":"label.gates_stands.011","properties":{"name":"A32","layer":"Labels","category":"Gate and stand labels","object_type":"Label","style_id":"label.gates_stands","airport":"LFPO","geometry_role":"text_label","text-field":"A32","vsmr_group_ids":[[]]},"geometry":{"type":"Point","coordinates":[2.363043611,48.726301111]}},{"type":"Feature","id":"label.gates_stands.012","properties":{"name":"A41","layer":"Labels","category":"Gate and stand labels","object_type":"Label","style_id":"label.gates_stands","airport":"LFPO","geometry_role":"text_label","text-field":"A41","vsmr_group_ids":[[]]},"geometry":{"type":"Point","coordinates":[2.363534167,48.726330833]}},{"type":"Feature","id":"label.gates_stands.013","properties":{"name":"A42","layer":"Labels","category":"Gate and stand labels","object_type":"Label","style_id":"label.gates_stands","airport":"LFPO","geometry_role":"text_label","text-field":"A42","vsmr_group_ids":[[]]},"geometry":{"type":"Point","coordinates":[2.363997778,48.726635]}},{"type":"Feature","id":"label.gates_stands.014","properties":{"name":"A51","layer":"Labels","category":"Gate and stand labels","object_type":"Label","style_id":"label.gates_stands","airport":"LFPO","geometry_role":"text_label","text-field":"A51","vsmr_group_ids":[[]]},"geometry":{"type":"Point","coordinates":[2.364708333,48.726547222]}},{"type":"Feature","id":"label.gates_stands.015","properties":{"name":"A52","layer":"Labels","category":"Gate and stand labels","object_type":"Label","style_id":"label.gates_stands","airport":"LFPO","geometry_role":"text_label","text-field":"A52","vsmr_group_ids":[[]]},"geometry":{"type":"Point","coordinates":[2.365336111,48.726738889]}},{"type":"Feature","id":"label.gates_stands.016","properties":{"name":"B01","layer":"Labels","category":"Gate and stand labels","object_type":"Label","style_id":"label.gates_stands","airport":"LFPO","geometry_role":"text_label","text-field":"B01","vsmr_group_ids":[[]]},"geometry":{"type":"Point","coordinates":[2.374655556,48.7286875]}},{"type":"Feature","id":"label.gates_stands.017","properties":{"name":"B02","layer":"Labels","category":"Gate and stand labels","object_type":"Label","style_id":"label.gates_stands","airport":"LFPO","geometry_role":"text_label","text-field":"B02","vsmr_group_ids":[[]]},"geometry":{"type":"Point","coordinates":[2.375211667,48.728968889]}},{"type":"Feature","id":"label.gates_stands.018","properties":{"name":"B03","layer":"Labels","category":"Gate and stand labels","object_type":"Label","style_id":"label.gates_stands","airport":"LFPO","geometry_role":"text_label","text-field":"B03","vsmr_group_ids":[[]]},"geometry":{"type":"Point","coordinates":[2.375546667,48.729469722]}},{"type":"Feature","id":"label.gates_stands.019","properties":{"name":"B04","layer":"Labels","category":"Gate and stand labels","object_type":"Label","style_id":"label.gates_stands","airport":"LFPO","geometry_role":"text_label","text-field":"B04","vsmr_group_ids":[[]]},"geometry":{"type":"Point","coordinates":[2.375846111,48.730022778]}},{"type":"Feature","id":"label.gates_stands.020","properties":{"name":"B05","layer":"Labels","category":"Gate and stand labels","object_type":"Label","style_id":"label.gates_stands","airport":"LFPO","geometry_role":"text_label","text-field":"B05","vsmr_group_ids":[[]]},"geometry":{"type":"Point","coordinates":[2.375924722,48.730590278]}},{"type":"Feature","id":"label.gates_stands.021","properties":{"name":"B12","layer":"Labels","category":"Gate and stand labels","object_type":"Label","style_id":"label.gates_stands","airport":"LFPO","geometry_role":"text_label","text-field":"B12","vsmr_group_ids":[[]]},"geometry":{"type":"Point","coordinates":[2.374848056,48.728468056]}},{"type":"Feature","id":"label.gates_stands.022","properties":{"name":"B21","layer":"Labels","category":"Gate and stand labels","object_type":"Label","style_id":"label.gates_stands","airport":"LFPO","geometry_role":"text_label","text-field":"B21","vsmr_group_ids":[[]]},"geometry":{"type":"Point","coordinates":[2.375211667,48.728673056]}},{"type":"Feature","id":"label.gates_stands.023","properties":{"name":"B22","layer":"Labels","category":"Gate and stand labels","object_type":"Label","style_id":"label.gates_stands","airport":"LFPO","geometry_role":"text_label","text-field":"B22","vsmr_group_ids":[[]]},"geometry":{"type":"Point","coordinates":[2.375546667,48.728916389]}},{"type":"Feature","id":"label.gates_stands.024","properties":{"name":"B31","layer":"Labels","category":"Gate and stand labels","object_type":"Label","style_id":"label.gates_stands","airport":"LFPO","geometry_role":"text_label","text-field":"B31","vsmr_group_ids":[[]]},"geometry":{"type":"Point","coordinates":[2.375589444,48.729264444]}},{"type":"Feature","id":"label.gates_stands.025","properties":{"name":"B32","layer":"Labels","category":"Gate and stand labels","object_type":"Label","style_id":"label.gates_stands","airport":"LFPO","geometry_role":"text_label","text-field":"B32","vsmr_group_ids":[[]]},"geometry":{"type":"Point","coordinates":[2.375803333,48.729588889]}},{"type":"Feature","id":"label.gates_stands.026","properties":{"name":"B41","layer":"Labels","category":"Gate and stand labels","object_type":"Label","style_id":"label.gates_stands","airport":"LFPO","geometry_role":"text_label","text-field":"B41","vsmr_group_ids":[[]]},"geometry":{"type":"Point","coordinates":[2.376024444,48.729813056]}},{"type":"Feature","id":"label.gates_stands.027","properties":{"name":"B42","layer":"Labels","category":"Gate and stand labels","object_type":"Label","style_id":"label.gates_stands","airport":"LFPO","geometry_role":"text_label","text-field":"B42","vsmr_group_ids":[[]]},"geometry":{"type":"Point","coordinates":[2.376117222,48.730189722]}},{"type":"Feature","id":"label.gates_stands.028","properties":{"name":"B51","layer":"Labels","category":"Gate and stand labels","object_type":"Label","style_id":"label.gates_stands","airport":"LFPO","geometry_role":"text_label","text-field":"B51","vsmr_group_ids":[[]]},"geometry":{"type":"Point","coordinates":[2.376159722,48.730471111]}},{"type":"Feature","id":"label.gates_stands.029","properties":{"name":"B52","layer":"Labels","category":"Gate and stand labels","object_type":"Label","style_id":"label.gates_stands","airport":"LFPO","geometry_role":"text_label","text-field":"B52","vsmr_group_ids":[[]]},"geometry":{"type":"Point","coordinates":[2.375703611,48.730771667]}},{"type":"Feature","id":"label.gates_stands.030","properties":{"name":"B61","layer":"Labels","category":"Gate and stand labels","object_type":"Label","style_id":"label.gates_stands","airport":"LFPO","geometry_role":"text_label","text-field":"B61","vsmr_group_ids":[[]]},"geometry":{"type":"Point","coordinates":[2.375525278,48.730991111]}},{"type":"Feature","id":"label.gates_stands.031","properties":{"name":"B62","layer":"Labels","category":"Gate and stand labels","object_type":"Label","style_id":"label.gates_stands","airport":"LFPO","geometry_role":"text_label","text-field":"B62","vsmr_group_ids":[[]]},"geometry":{"type":"Point","coordinates":[2.375161667,48.730971944]}},{"type":"Feature","id":"label.gates_stands.032","properties":{"name":"C01","layer":"Labels","category":"Gate and stand labels","object_type":"Label","style_id":"label.gates_stands","airport":"LFPO","geometry_role":"text_label","text-field":"C01","vsmr_group_ids":[[]]},"geometry":{"type":"Point","coordinates":[2.370376111,48.727568056]}},{"type":"Feature","id":"label.gates_stands.033","properties":{"name":"C02","layer":"Labels","category":"Gate and stand labels","object_type":"Label","style_id":"label.gates_stands","airport":"LFPO","geometry_role":"text_label","text-field":"C02","vsmr_group_ids":[[]]},"geometry":{"type":"Point","coordinates":[2.371033333,48.7276725]}},{"type":"Feature","id":"label.gates_stands.034","properties":{"name":"C03","layer":"Labels","category":"Gate and stand labels","object_type":"Label","style_id":"label.gates_stands","airport":"LFPO","geometry_role":"text_label","text-field":"C03","vsmr_group_ids":[[]]},"geometry":{"type":"Point","coordinates":[2.371668333,48.727791667]}},{"type":"Feature","id":"label.gates_stands.035","properties":{"name":"C06","layer":"Labels","category":"Gate and stand labels","object_type":"Label","style_id":"label.gates_stands","airport":"LFPO","geometry_role":"text_label","text-field":"C06","vsmr_group_ids":[[]]},"geometry":{"type":"Point","coordinates":[2.372295833,48.728258333]}},{"type":"Feature","id":"label.gates_stands.036","properties":{"name":"C08","layer":"Labels","category":"Gate and stand labels","object_type":"Label","style_id":"label.gates_stands","airport":"LFPO","geometry_role":"text_label","text-field":"C08","vsmr_group_ids":[[]]},"geometry":{"type":"Point","coordinates":[2.373265278,48.728439444]}},{"type":"Feature","id":"label.gates_stands.037","properties":{"name":"CARGO","layer":"Labels","category":"Gate and stand labels","object_type":"Label","style_id":"label.gates_stands","airport":"LFPO","geometry_role":"text_label","text-field":"CARGO","vsmr_group_ids":[[]]},"geometry":{"type":"Point","coordinates":[2.374923056,48.732532778]}},{"type":"Feature","id":"label.gates_stands.038","properties":{"name":"D01","layer":"Labels","category":"Gate and stand labels","object_type":"Label","style_id":"label.gates_stands","airport":"LFPO","geometry_role":"text_label","text-field":"D01","vsmr_group_ids":[[]]},"geometry":{"type":"Point","coordinates":[2.368575556,48.727549444]}},{"type":"Feature","id":"label.gates_stands.039","properties":{"name":"D02","layer":"Labels","category":"Gate and stand labels","object_type":"Label","style_id":"label.gates_stands","airport":"LFPO","geometry_role":"text_label","text-field":"D02","vsmr_group_ids":[[]]},"geometry":{"type":"Point","coordinates":[2.367555556,48.727394444]}},{"type":"Feature","id":"label.gates_stands.040","properties":{"name":"D04","layer":"Labels","category":"Gate and stand labels","object_type":"Label","style_id":"label.gates_stands","airport":"LFPO","geometry_role":"text_label","text-field":"D04","vsmr_group_ids":[[]]},"geometry":{"type":"Point","coordinates":[2.366725,48.727198056]}},{"type":"Feature","id":"label.gates_stands.041","properties":{"name":"D06","layer":"Labels","category":"Gate and stand labels","object_type":"Label","style_id":"label.gates_stands","airport":"LFPO","geometry_role":"text_label","text-field":"D06","vsmr_group_ids":[[]]},"geometry":{"type":"Point","coordinates":[2.365998056,48.72711]}},{"type":"Feature","id":"label.gates_stands.042","properties":{"name":"E01","layer":"Labels","category":"Gate and stand labels","object_type":"Label","style_id":"label.gates_stands","airport":"LFPO","geometry_role":"text_label","text-field":"E01","vsmr_group_ids":[[]]},"geometry":{"type":"Point","coordinates":[2.367766111,48.724371944]}},{"type":"Feature","id":"label.gates_stands.043","properties":{"name":"E02","layer":"Labels","category":"Gate and stand labels","object_type":"Label","style_id":"label.gates_stands","airport":"LFPO","geometry_role":"text_label","text-field":"E02","vsmr_group_ids":[[]]},"geometry":{"type":"Point","coordinates":[2.3668525,48.724193056]}},{"type":"Feature","id":"label.gates_stands.044","properties":{"name":"E03","layer":"Labels","category":"Gate and stand labels","object_type":"Label","style_id":"label.gates_stands","airport":"LFPO","geometry_role":"text_label","text-field":"E03","vsmr_group_ids":[[]]},"geometry":{"type":"Point","coordinates":[2.366507222,48.724103611]}},{"type":"Feature","id":"label.gates_stands.045","properties":{"name":"E04","layer":"Labels","category":"Gate and stand labels","object_type":"Label","style_id":"label.gates_stands","airport":"LFPO","geometry_role":"text_label","text-field":"E04","vsmr_group_ids":[[]]},"geometry":{"type":"Point","coordinates":[2.365048056,48.723745833]}},{"type":"Feature","id":"label.gates_stands.046","properties":{"name":"E05","layer":"Labels","category":"Gate and stand labels","object_type":"Label","style_id":"label.gates_stands","airport":"LFPO","geometry_role":"text_label","text-field":"E05","vsmr_group_ids":[[]]},"geometry":{"type":"Point","coordinates":[2.363811389,48.723716111]}},{"type":"Feature","id":"label.gates_stands.047","properties":{"name":"E06","layer":"Labels","category":"Gate and stand labels","object_type":"Label","style_id":"label.gates_stands","airport":"LFPO","geometry_role":"text_label","text-field":"E06","vsmr_group_ids":[[]]},"geometry":{"type":"Point","coordinates":[2.361438611,48.723023056]}},{"type":"Feature","id":"label.gates_stands.048","properties":{"name":"E07","layer":"Labels","category":"Gate and stand labels","object_type":"Label","style_id":"label.gates_stands","airport":"LFPO","geometry_role":"text_label","text-field":"E07","vsmr_group_ids":[[]]},"geometry":{"type":"Point","coordinates":[2.360491944,48.722844167]}},{"type":"Feature","id":"label.gates_stands.049","properties":{"name":"E08","layer":"Labels","category":"Gate and stand labels","object_type":"Label","style_id":"label.gates_stands","airport":"LFPO","geometry_role":"text_label","text-field":"E08","vsmr_group_ids":[[]]},"geometry":{"type":"Point","coordinates":[2.359567222,48.722665278]}},{"type":"Feature","id":"label.gates_stands.050","properties":{"name":"E09","layer":"Labels","category":"Gate and stand labels","object_type":"Label","style_id":"label.gates_stands","airport":"LFPO","geometry_role":"text_label","text-field":"E09","vsmr_group_ids":[[]]},"geometry":{"type":"Point","coordinates":[2.3585425,48.722471667]}},{"type":"Feature","id":"label.gates_stands.051","properties":{"name":"E41","layer":"Labels","category":"Gate and stand labels","object_type":"Label","style_id":"label.gates_stands","airport":"LFPO","geometry_role":"text_label","text-field":"E41","vsmr_group_ids":[[]]},"geometry":{"type":"Point","coordinates":[2.365872222,48.723991944]}},{"type":"Feature","id":"label.gates_stands.052","properties":{"name":"E42","layer":"Labels","category":"Gate and stand labels","object_type":"Label","style_id":"label.gates_stands","airport":"LFPO","geometry_role":"text_label","text-field":"E42","vsmr_group_ids":[[]]},"geometry":{"type":"Point","coordinates":[2.36497,48.724029167]}},{"type":"Feature","id":"label.gates_stands.053","properties":{"name":"E71","layer":"Labels","category":"Gate and stand labels","object_type":"Label","style_id":"label.gates_stands","airport":"LFPO","geometry_role":"text_label","text-field":"E71","vsmr_group_ids":[[]]},"geometry":{"type":"Point","coordinates":[2.36018,48.7231275]}},{"type":"Feature","id":"label.gates_stands.054","properties":{"name":"E81","layer":"Labels","category":"Gate and stand labels","object_type":"Label","style_id":"label.gates_stands","airport":"LFPO","geometry_role":"text_label","text-field":"E81","vsmr_group_ids":[[]]},"geometry":{"type":"Point","coordinates":[2.359255278,48.722941111]}},{"type":"Feature","id":"label.gates_stands.055","properties":{"name":"E91","layer":"Labels","category":"Gate and stand labels","object_type":"Label","style_id":"label.gates_stands","airport":"LFPO","geometry_role":"text_label","text-field":"E91","vsmr_group_ids":[[]]},"geometry":{"type":"Point","coordinates":[2.358241667,48.722784722]}},{"type":"Feature","id":"label.gates_stands.056","properties":{"name":"F04","layer":"Labels","category":"Gate and stand labels","object_type":"Label","style_id":"label.gates_stands","airport":"LFPO","geometry_role":"text_label","text-field":"F04","vsmr_group_ids":[[]]},"geometry":{"type":"Point","coordinates":[2.374449722,48.726033611]}},{"type":"Feature","id":"label.gates_stands.057","properties":{"name":"F10","layer":"Labels","category":"Gate and stand labels","object_type":"Label","style_id":"label.gates_stands","airport":"LFPO","geometry_role":"text_label","text-field":"F10","vsmr_group_ids":[[]]},"geometry":{"type":"Point","coordinates":[2.371441944,48.725198889]}},{"type":"Feature","id":"label.gates_stands.058","properties":{"name":"F20","layer":"Labels","category":"Gate and stand labels","object_type":"Label","style_id":"label.gates_stands","airport":"LFPO","geometry_role":"text_label","text-field":"F20","vsmr_group_ids":[[]]},"geometry":{"type":"Point","coordinates":[2.372444722,48.725213889]}},{"type":"Feature","id":"label.gates_stands.059","properties":{"name":"F30","layer":"Labels","category":"Gate and stand labels","object_type":"Label","style_id":"label.gates_stands","airport":"LFPO","geometry_role":"text_label","text-field":"F30","vsmr_group_ids":[[]]},"geometry":{"type":"Point","coordinates":[2.3731575,48.725333056]}},{"type":"Feature","id":"label.gates_stands.060","properties":{"name":"F41","layer":"Labels","category":"Gate and stand labels","object_type":"Label","style_id":"label.gates_stands","airport":"LFPO","geometry_role":"text_label","text-field":"F41","vsmr_group_ids":[[]]},"geometry":{"type":"Point","coordinates":[2.374483056,48.725638611]}},{"type":"Feature","id":"label.gates_stands.061","properties":{"name":"F42","layer":"Labels","category":"Gate and stand labels","object_type":"Label","style_id":"label.gates_stands","airport":"LFPO","geometry_role":"text_label","text-field":"F42","vsmr_group_ids":[[]]},"geometry":{"type":"Point","coordinates":[2.375073611,48.7258025]}},{"type":"Feature","id":"label.gates_stands.062","properties":{"name":"G02","layer":"Labels","category":"Gate and stand labels","object_type":"Label","style_id":"label.gates_stands","airport":"LFPO","geometry_role":"text_label","text-field":"G02","vsmr_group_ids":[[]]},"geometry":{"type":"Point","coordinates":[2.377555278,48.732489167]}},{"type":"Feature","id":"label.gates_stands.063","properties":{"name":"G03","layer":"Labels","category":"Gate and stand labels","object_type":"Label","style_id":"label.gates_stands","airport":"LFPO","geometry_role":"text_label","text-field":"G03","vsmr_group_ids":[[]]},"geometry":{"type":"Point","coordinates":[2.378259444,48.732656111]}},{"type":"Feature","id":"label.gates_stands.064","properties":{"name":"G04","layer":"Labels","category":"Gate and stand labels","object_type":"Label","style_id":"label.gates_stands","airport":"LFPO","geometry_role":"text_label","text-field":"G04","vsmr_group_ids":[[]]},"geometry":{"type":"Point","coordinates":[2.3784375,48.732775556]}},{"type":"Feature","id":"label.gates_stands.065","properties":{"name":"G05","layer":"Labels","category":"Gate and stand labels","object_type":"Label","style_id":"label.gates_stands","airport":"LFPO","geometry_role":"text_label","text-field":"G05","vsmr_group_ids":[[]]},"geometry":{"type":"Point","coordinates":[2.378351389,48.733387778]}},{"type":"Feature","id":"label.gates_stands.066","properties":{"name":"G06","layer":"Labels","category":"Gate and stand labels","object_type":"Label","style_id":"label.gates_stands","airport":"LFPO","geometry_role":"text_label","text-field":"G06","vsmr_group_ids":[[]]},"geometry":{"type":"Point","coordinates":[2.37873,48.734159167]}},{"type":"Feature","id":"label.gates_stands.067","properties":{"name":"G07","layer":"Labels","category":"Gate and stand labels","object_type":"Label","style_id":"label.gates_stands","airport":"LFPO","geometry_role":"text_label","text-field":"G07","vsmr_group_ids":[[]]},"geometry":{"type":"Point","coordinates":[2.379107778,48.734931667]}},{"type":"Feature","id":"label.gates_stands.068","properties":{"name":"G08","layer":"Labels","category":"Gate and stand labels","object_type":"Label","style_id":"label.gates_stands","airport":"LFPO","geometry_role":"text_label","text-field":"G08","vsmr_group_ids":[[]]},"geometry":{"type":"Point","coordinates":[2.379806389,48.735508889]}},{"type":"Feature","id":"label.gates_stands.069","properties":{"name":"G51","layer":"Labels","category":"Gate and stand labels","object_type":"Label","style_id":"label.gates_stands","airport":"LFPO","geometry_role":"text_label","text-field":"G51","vsmr_group_ids":[[]]},"geometry":{"type":"Point","coordinates":[2.378433611,48.733177222]}},{"type":"Feature","id":"label.gates_stands.070","properties":{"name":"G52","layer":"Labels","category":"Gate and stand labels","object_type":"Label","style_id":"label.gates_stands","airport":"LFPO","geometry_role":"text_label","text-field":"G52","vsmr_group_ids":[[]]},"geometry":{"type":"Point","coordinates":[2.378438056,48.733561667]}},{"type":"Feature","id":"label.gates_stands.071","properties":{"name":"G61","layer":"Labels","category":"Gate and stand labels","object_type":"Label","style_id":"label.gates_stands","airport":"LFPO","geometry_role":"text_label","text-field":"G61","vsmr_group_ids":[[]]},"geometry":{"type":"Point","coordinates":[2.378637222,48.733968333]}},{"type":"Feature","id":"label.gates_stands.072","properties":{"name":"G62","layer":"Labels","category":"Gate and stand labels","object_type":"Label","style_id":"label.gates_stands","airport":"LFPO","geometry_role":"text_label","text-field":"G62","vsmr_group_ids":[[]]},"geometry":{"type":"Point","coordinates":[2.378829722,48.734364167]}},{"type":"Feature","id":"label.gates_stands.073","properties":{"name":"G71","layer":"Labels","category":"Gate and stand labels","object_type":"Label","style_id":"label.gates_stands","airport":"LFPO","geometry_role":"text_label","text-field":"G71","vsmr_group_ids":[[]]},"geometry":{"type":"Point","coordinates":[2.379186111,48.734731389]}},{"type":"Feature","id":"label.gates_stands.074","properties":{"name":"G72","layer":"Labels","category":"Gate and stand labels","object_type":"Label","style_id":"label.gates_stands","airport":"LFPO","geometry_role":"text_label","text-field":"G72","vsmr_group_ids":[[]]},"geometry":{"type":"Point","coordinates":[2.379193333,48.735108056]}},{"type":"Feature","id":"label.gates_stands.075","properties":{"name":"G81","layer":"Labels","category":"Gate and stand labels","object_type":"Label","style_id":"label.gates_stands","airport":"LFPO","geometry_role":"text_label","text-field":"G81","vsmr_group_ids":[[]]},"geometry":{"type":"Point","coordinates":[2.3799775,48.735336944]}},{"type":"Feature","id":"label.gates_stands.076","properties":{"name":"G82","layer":"Labels","category":"Gate and stand labels","object_type":"Label","style_id":"label.gates_stands","airport":"LFPO","geometry_role":"text_label","text-field":"G82","vsmr_group_ids":[[]]},"geometry":{"type":"Point","coordinates":[2.380134444,48.735575556]}},{"type":"Feature","id":"label.gates_stands.077","properties":{"name":"H01","layer":"Labels","category":"Gate and stand labels","object_type":"Label","style_id":"label.gates_stands","airport":"LFPO","geometry_role":"text_label","text-field":"H01","vsmr_group_ids":[[]]},"geometry":{"type":"Point","coordinates":[2.382008056,48.740089167]}},{"type":"Feature","id":"label.gates_stands.078","properties":{"name":"H02","layer":"Labels","category":"Gate and stand labels","object_type":"Label","style_id":"label.gates_stands","airport":"LFPO","geometry_role":"text_label","text-field":"H02","vsmr_group_ids":[[]]},"geometry":{"type":"Point","coordinates":[2.381419444,48.7401075]}},{"type":"Feature","id":"label.gates_stands.079","properties":{"name":"H11","layer":"Labels","category":"Gate and stand labels","object_type":"Label","style_id":"label.gates_stands","airport":"LFPO","geometry_role":"text_label","text-field":"H11","vsmr_group_ids":[[]]},"geometry":{"type":"Point","coordinates":[2.381775556,48.740241944]}},{"type":"Feature","id":"label.gates_stands.080","properties":{"name":"J01","layer":"Labels","category":"Gate and stand labels","object_type":"Label","style_id":"label.gates_stands","airport":"LFPO","geometry_role":"text_label","text-field":"J01","vsmr_group_ids":[[]]},"geometry":{"type":"Point","coordinates":[2.381424167,48.739570278]}},{"type":"Feature","id":"label.gates_stands.081","properties":{"name":"J02","layer":"Labels","category":"Gate and stand labels","object_type":"Label","style_id":"label.gates_stands","airport":"LFPO","geometry_role":"text_label","text-field":"J02","vsmr_group_ids":[[]]},"geometry":{"type":"Point","coordinates":[2.381255278,48.740251111]}},{"type":"Feature","id":"label.gates_stands.082","properties":{"name":"J21","layer":"Labels","category":"Gate and stand labels","object_type":"Label","style_id":"label.gates_stands","airport":"LFPO","geometry_role":"text_label","text-field":"J21","vsmr_group_ids":[[]]},"geometry":{"type":"Point","coordinates":[2.381305556,48.740040556]}},{"type":"Feature","id":"label.gates_stands.083","properties":{"name":"J22","layer":"Labels","category":"Gate and stand labels","object_type":"Label","style_id":"label.gates_stands","airport":"LFPO","geometry_role":"text_label","text-field":"J22","vsmr_group_ids":[[]]},"geometry":{"type":"Point","coordinates":[2.381209722,48.740418889]}},{"type":"Feature","id":"label.gates_stands.084","properties":{"name":"K01","layer":"Labels","category":"Gate and stand labels","object_type":"Label","style_id":"label.gates_stands","airport":"LFPO","geometry_role":"text_label","text-field":"K01","vsmr_group_ids":[[]]},"geometry":{"type":"Point","coordinates":[2.373790556,48.743154444]}},{"type":"Feature","id":"label.gates_stands.085","properties":{"name":"K02","layer":"Labels","category":"Gate and stand labels","object_type":"Label","style_id":"label.gates_stands","airport":"LFPO","geometry_role":"text_label","text-field":"K02","vsmr_group_ids":[[]]},"geometry":{"type":"Point","coordinates":[2.373043611,48.743079167]}},{"type":"Feature","id":"label.gates_stands.086","properties":{"name":"K04","layer":"Labels","category":"Gate and stand labels","object_type":"Label","style_id":"label.gates_stands","airport":"LFPO","geometry_role":"text_label","text-field":"K04","vsmr_group_ids":[[]]},"geometry":{"type":"Point","coordinates":[2.372986389,48.7432825]}},{"type":"Feature","id":"label.gates_stands.087","properties":{"name":"K05","layer":"Labels","category":"Gate and stand labels","object_type":"Label","style_id":"label.gates_stands","airport":"LFPO","geometry_role":"text_label","text-field":"K05","vsmr_group_ids":[[]]},"geometry":{"type":"Point","coordinates":[2.371081389,48.7433275]}},{"type":"Feature","id":"label.gates_stands.088","properties":{"name":"K06","layer":"Labels","category":"Gate and stand labels","object_type":"Label","style_id":"label.gates_stands","airport":"LFPO","geometry_role":"text_label","text-field":"K06","vsmr_group_ids":[[]]},"geometry":{"type":"Point","coordinates":[2.370847778,48.742714167]}},{"type":"Feature","id":"label.gates_stands.089","properties":{"name":"K07","layer":"Labels","category":"Gate and stand labels","object_type":"Label","style_id":"label.gates_stands","airport":"LFPO","geometry_role":"text_label","text-field":"K07","vsmr_group_ids":[[]]},"geometry":{"type":"Point","coordinates":[2.370425556,48.743316389]}},{"type":"Feature","id":"label.gates_stands.090","properties":{"name":"K08","layer":"Labels","category":"Gate and stand labels","object_type":"Label","style_id":"label.gates_stands","airport":"LFPO","geometry_role":"text_label","text-field":"K08","vsmr_group_ids":[[]]},"geometry":{"type":"Point","coordinates":[2.372199444,48.743391667]}},{"type":"Feature","id":"label.gates_stands.091","properties":{"name":"K18","layer":"Labels","category":"Gate and stand labels","object_type":"Label","style_id":"label.gates_stands","airport":"LFPO","geometry_role":"text_label","text-field":"K18","vsmr_group_ids":[[]]},"geometry":{"type":"Point","coordinates":[2.374313611,48.741880278]}},{"type":"Feature","id":"label.gates_stands.092","properties":{"name":"K19","layer":"Labels","category":"Gate and stand labels","object_type":"Label","style_id":"label.gates_stands","airport":"LFPO","geometry_role":"text_label","text-field":"K19","vsmr_group_ids":[[]]},"geometry":{"type":"Point","coordinates":[2.374928611,48.741880278]}},{"type":"Feature","id":"label.gates_stands.093","properties":{"name":"K20","layer":"Labels","category":"Gate and stand labels","object_type":"Label","style_id":"label.gates_stands","airport":"LFPO","geometry_role":"text_label","text-field":"K20","vsmr_group_ids":[[]]},"geometry":{"type":"Point","coordinates":[2.375516667,48.741880278]}},{"type":"Feature","id":"label.gates_stands.094","properties":{"name":"K21","layer":"Labels","category":"Gate and stand labels","object_type":"Label","style_id":"label.gates_stands","airport":"LFPO","geometry_role":"text_label","text-field":"K21","vsmr_group_ids":[[]]},"geometry":{"type":"Point","coordinates":[2.376131667,48.741880278]}},{"type":"Feature","id":"label.gates_stands.095","properties":{"name":"K22","layer":"Labels","category":"Gate and stand labels","object_type":"Label","style_id":"label.gates_stands","airport":"LFPO","geometry_role":"text_label","text-field":"K22","vsmr_group_ids":[[]]},"geometry":{"type":"Point","coordinates":[2.376808889,48.741521667]}},{"type":"Feature","id":"label.gates_stands.096","properties":{"name":"K23","layer":"Labels","category":"Gate and stand labels","object_type":"Label","style_id":"label.gates_stands","airport":"LFPO","geometry_role":"text_label","text-field":"K23","vsmr_group_ids":[[]]},"geometry":{"type":"Point","coordinates":[2.377120833,48.741850833]}},{"type":"Feature","id":"label.gates_stands.097","properties":{"name":"K24","layer":"Labels","category":"Gate and stand labels","object_type":"Label","style_id":"label.gates_stands","airport":"LFPO","geometry_role":"text_label","text-field":"K24","vsmr_group_ids":[[]]},"geometry":{"type":"Point","coordinates":[2.377415,48.7415275]}},{"type":"Feature","id":"label.gates_stands.098","properties":{"name":"K25","layer":"Labels","category":"Gate and stand labels","object_type":"Label","style_id":"label.gates_stands","airport":"LFPO","geometry_role":"text_label","text-field":"K25","vsmr_group_ids":[[]]},"geometry":{"type":"Point","coordinates":[2.378223611,48.741450556]}},{"type":"Feature","id":"label.gates_stands.099","properties":{"name":"K26","layer":"Labels","category":"Gate and stand labels","object_type":"Label","style_id":"label.gates_stands","airport":"LFPO","geometry_role":"text_label","text-field":"K26","vsmr_group_ids":[[]]},"geometry":{"type":"Point","coordinates":[2.378406111,48.7412925]}},{"type":"Feature","id":"label.gates_stands.100","properties":{"name":"K27","layer":"Labels","category":"Gate and stand labels","object_type":"Label","style_id":"label.gates_stands","airport":"LFPO","geometry_role":"text_label","text-field":"K27","vsmr_group_ids":[[]]},"geometry":{"type":"Point","coordinates":[2.378731389,48.741518333]}},{"type":"Feature","id":"label.gates_stands.101","properties":{"name":"K30","layer":"Labels","category":"Gate and stand labels","object_type":"Label","style_id":"label.gates_stands","airport":"LFPO","geometry_role":"text_label","text-field":"K30","vsmr_group_ids":[[]]},"geometry":{"type":"Point","coordinates":[2.374991944,48.740836667]}},{"type":"Feature","id":"label.gates_stands.102","properties":{"name":"K31","layer":"Labels","category":"Gate and stand labels","object_type":"Label","style_id":"label.gates_stands","airport":"LFPO","geometry_role":"text_label","text-field":"K31","vsmr_group_ids":[[]]},"geometry":{"type":"Point","coordinates":[2.375227222,48.740436667]}},{"type":"Feature","id":"label.gates_stands.103","properties":{"name":"K32","layer":"Labels","category":"Gate and stand labels","object_type":"Label","style_id":"label.gates_stands","airport":"LFPO","geometry_role":"text_label","text-field":"K32","vsmr_group_ids":[[]]},"geometry":{"type":"Point","coordinates":[2.375583611,48.740841111]}},{"type":"Feature","id":"label.gates_stands.104","properties":{"name":"K33","layer":"Labels","category":"Gate and stand labels","object_type":"Label","style_id":"label.gates_stands","airport":"LFPO","geometry_role":"text_label","text-field":"K33","vsmr_group_ids":[[]]},"geometry":{"type":"Point","coordinates":[2.376474722,48.740944722]}},{"type":"Feature","id":"label.gates_stands.105","properties":{"name":"K36","layer":"Labels","category":"Gate and stand labels","object_type":"Label","style_id":"label.gates_stands","airport":"LFPO","geometry_role":"text_label","text-field":"K36","vsmr_group_ids":[[]]},"geometry":{"type":"Point","coordinates":[2.3791075,48.744114167]}},{"type":"Feature","id":"label.gates_stands.106","properties":{"name":"K37","layer":"Labels","category":"Gate and stand labels","object_type":"Label","style_id":"label.gates_stands","airport":"LFPO","geometry_role":"text_label","text-field":"K37","vsmr_group_ids":[[]]},"geometry":{"type":"Point","coordinates":[2.38187,48.743643889]}},{"type":"Feature","id":"label.gates_stands.107","properties":{"name":"K38","layer":"Labels","category":"Gate and stand labels","object_type":"Label","style_id":"label.gates_stands","airport":"LFPO","geometry_role":"text_label","text-field":"K38","vsmr_group_ids":[[]]},"geometry":{"type":"Point","coordinates":[2.384071111,48.743914167]}},{"type":"Feature","id":"label.gates_stands.108","properties":{"name":"K39","layer":"Labels","category":"Gate and stand labels","object_type":"Label","style_id":"label.gates_stands","airport":"LFPO","geometry_role":"text_label","text-field":"K39","vsmr_group_ids":[[]]},"geometry":{"type":"Point","coordinates":[2.3846325,48.74392]}},{"type":"Feature","id":"label.gates_stands.109","properties":{"name":"K40","layer":"Labels","category":"Gate and stand labels","object_type":"Label","style_id":"label.gates_stands","airport":"LFPO","geometry_role":"text_label","text-field":"K40","vsmr_group_ids":[[]]},"geometry":{"type":"Point","coordinates":[2.385203056,48.74392]}},{"type":"Feature","id":"label.gates_stands.110","properties":{"name":"K42","layer":"Labels","category":"Gate and stand labels","object_type":"Label","style_id":"label.gates_stands","airport":"LFPO","geometry_role":"text_label","text-field":"K42","vsmr_group_ids":[[]]},"geometry":{"type":"Point","coordinates":[2.379980278,48.741935833]}},{"type":"Feature","id":"label.gates_stands.111","properties":{"name":"K81","layer":"Labels","category":"Gate and stand labels","object_type":"Label","style_id":"label.gates_stands","airport":"LFPO","geometry_role":"text_label","text-field":"K81","vsmr_group_ids":[[]]},"geometry":{"type":"Point","coordinates":[2.371908611,48.743173333]}},{"type":"Feature","id":"label.gates_stands.112","properties":{"name":"K82","layer":"Labels","category":"Gate and stand labels","object_type":"Label","style_id":"label.gates_stands","airport":"LFPO","geometry_role":"text_label","text-field":"K82","vsmr_group_ids":[[]]},"geometry":{"type":"Point","coordinates":[2.372433333,48.743395278]}},{"type":"Feature","id":"label.gates_stands.113","properties":{"name":"M01","layer":"Labels","category":"Gate and stand labels","object_type":"Label","style_id":"label.gates_stands","airport":"LFPO","geometry_role":"text_label","text-field":"M01","vsmr_group_ids":[[]]},"geometry":{"type":"Point","coordinates":[2.354670833,48.724923056]}},{"type":"Feature","id":"label.gates_stands.114","properties":{"name":"M02","layer":"Labels","category":"Gate and stand labels","object_type":"Label","style_id":"label.gates_stands","airport":"LFPO","geometry_role":"text_label","text-field":"M02","vsmr_group_ids":[[]]},"geometry":{"type":"Point","coordinates":[2.354449722,48.725442778]}},{"type":"Feature","id":"label.gates_stands.115","properties":{"name":"M03","layer":"Labels","category":"Gate and stand labels","object_type":"Label","style_id":"label.gates_stands","airport":"LFPO","geometry_role":"text_label","text-field":"M03","vsmr_group_ids":[[]]},"geometry":{"type":"Point","coordinates":[2.354207222,48.726024722]}},{"type":"Feature","id":"label.gates_stands.116","properties":{"name":"M04","layer":"Labels","category":"Gate and stand labels","object_type":"Label","style_id":"label.gates_stands","airport":"LFPO","geometry_role":"text_label","text-field":"M04","vsmr_group_ids":[[]]},"geometry":{"type":"Point","coordinates":[2.353986389,48.726544444]}},{"type":"Feature","id":"label.gates_stands.117","properties":{"name":"M05","layer":"Labels","category":"Gate and stand labels","object_type":"Label","style_id":"label.gates_stands","airport":"LFPO","geometry_role":"text_label","text-field":"M05","vsmr_group_ids":[[]]},"geometry":{"type":"Point","coordinates":[2.3537725,48.727059722]}},{"type":"Feature","id":"label.gates_stands.118","properties":{"name":"M06","layer":"Labels","category":"Gate and stand labels","object_type":"Label","style_id":"label.gates_stands","airport":"LFPO","geometry_role":"text_label","text-field":"M06","vsmr_group_ids":[[]]},"geometry":{"type":"Point","coordinates":[2.353578056,48.727546667]}},{"type":"Feature","id":"label.gates_stands.119","properties":{"name":"N01","layer":"Labels","category":"Gate and stand labels","object_type":"Label","style_id":"label.gates_stands","airport":"LFPO","geometry_role":"text_label","text-field":"N01","vsmr_group_ids":[[]]},"geometry":{"type":"Point","coordinates":[2.351031111,48.726385278]}},{"type":"Feature","id":"label.gates_stands.120","properties":{"name":"N02","layer":"Labels","category":"Gate and stand labels","object_type":"Label","style_id":"label.gates_stands","airport":"LFPO","geometry_role":"text_label","text-field":"N02","vsmr_group_ids":[[]]},"geometry":{"type":"Point","coordinates":[2.351262778,48.725765278]}},{"type":"Feature","id":"label.gates_stands.121","properties":{"name":"N03","layer":"Labels","category":"Gate and stand labels","object_type":"Label","style_id":"label.gates_stands","airport":"LFPO","geometry_role":"text_label","text-field":"N03","vsmr_group_ids":[[]]},"geometry":{"type":"Point","coordinates":[2.351548056,48.725115556]}},{"type":"Feature","id":"label.gates_stands.122","properties":{"name":"N04","layer":"Labels","category":"Gate and stand labels","object_type":"Label","style_id":"label.gates_stands","airport":"LFPO","geometry_role":"text_label","text-field":"N04","vsmr_group_ids":[[]]},"geometry":{"type":"Point","coordinates":[2.351993611,48.724549167]}},{"type":"Feature","id":"label.gates_stands.123","properties":{"name":"N05","layer":"Labels","category":"Gate and stand labels","object_type":"Label","style_id":"label.gates_stands","airport":"LFPO","geometry_role":"text_label","text-field":"N05","vsmr_group_ids":[[]]},"geometry":{"type":"Point","coordinates":[2.351111389,48.724751944]}},{"type":"Feature","id":"label.gates_stands.124","properties":{"name":"N06","layer":"Labels","category":"Gate and stand labels","object_type":"Label","style_id":"label.gates_stands","airport":"LFPO","geometry_role":"text_label","text-field":"N06","vsmr_group_ids":[[]]},"geometry":{"type":"Point","coordinates":[2.350157778,48.724537222]}},{"type":"Feature","id":"label.gates_stands.125","properties":{"name":"N11","layer":"Labels","category":"Gate and stand labels","object_type":"Label","style_id":"label.gates_stands","airport":"LFPO","geometry_role":"text_label","text-field":"N11","vsmr_group_ids":[[]]},"geometry":{"type":"Point","coordinates":[2.351173889,48.726540278]}},{"type":"Feature","id":"label.gates_stands.126","properties":{"name":"N12","layer":"Labels","category":"Gate and stand labels","object_type":"Label","style_id":"label.gates_stands","airport":"LFPO","geometry_role":"text_label","text-field":"N12","vsmr_group_ids":[[]]},"geometry":{"type":"Point","coordinates":[2.351325278,48.726135]}},{"type":"Feature","id":"label.gates_stands.127","properties":{"name":"N2","layer":"Labels","category":"Gate and stand labels","object_type":"Label","style_id":"label.gates_stands","airport":"LFPO","geometry_role":"text_label","text-field":"N2","vsmr_group_ids":[[]]},"geometry":{"type":"Point","coordinates":[2.374116111,48.744614722]}},{"type":"Feature","id":"label.gates_stands.128","properties":{"name":"N21","layer":"Labels","category":"Gate and stand labels","object_type":"Label","style_id":"label.gates_stands","airport":"LFPO","geometry_role":"text_label","text-field":"N21","vsmr_group_ids":[[]]},"geometry":{"type":"Point","coordinates":[2.351565833,48.725741667]}},{"type":"Feature","id":"label.gates_stands.129","properties":{"name":"N25","layer":"Labels","category":"Gate and stand labels","object_type":"Label","style_id":"label.gates_stands","airport":"LFPO","geometry_role":"text_label","text-field":"N25","vsmr_group_ids":[[]]},"geometry":{"type":"Point","coordinates":[2.351351944,48.725586667]}},{"type":"Feature","id":"label.gates_stands.130","properties":{"name":"N3","layer":"Labels","category":"Gate and stand labels","object_type":"Label","style_id":"label.gates_stands","airport":"LFPO","geometry_role":"text_label","text-field":"N3","vsmr_group_ids":[[]]},"geometry":{"type":"Point","coordinates":[2.376604444,48.743472222]}},{"type":"Feature","id":"label.gates_stands.131","properties":{"name":"N31","layer":"Labels","category":"Gate and stand labels","object_type":"Label","style_id":"label.gates_stands","airport":"LFPO","geometry_role":"text_label","text-field":"N31","vsmr_group_ids":[[]]},"geometry":{"type":"Point","coordinates":[2.3517175,48.725288611]}},{"type":"Feature","id":"label.gates_stands.132","properties":{"name":"N34","layer":"Labels","category":"Gate and stand labels","object_type":"Label","style_id":"label.gates_stands","airport":"LFPO","geometry_role":"text_label","text-field":"N34","vsmr_group_ids":[[]]},"geometry":{"type":"Point","coordinates":[2.351851111,48.724883056]}},{"type":"Feature","id":"label.gates_stands.133","properties":{"name":"N41","layer":"Labels","category":"Gate and stand labels","object_type":"Label","style_id":"label.gates_stands","airport":"LFPO","geometry_role":"text_label","text-field":"N41","vsmr_group_ids":[[]]},"geometry":{"type":"Point","coordinates":[2.352163056,48.724441944]}},{"type":"Feature","id":"label.gates_stands.134","properties":{"name":"N5","layer":"Labels","category":"Gate and stand labels","object_type":"Label","style_id":"label.gates_stands","airport":"LFPO","geometry_role":"text_label","text-field":"N5","vsmr_group_ids":[[]]},"geometry":{"type":"Point","coordinates":[2.38247,48.744684722]}},{"type":"Feature","id":"label.gates_stands.135","properties":{"name":"N51","layer":"Labels","category":"Gate and stand labels","object_type":"Label","style_id":"label.gates_stands","airport":"LFPO","geometry_role":"text_label","text-field":"N51","vsmr_group_ids":[[]]},"geometry":{"type":"Point","coordinates":[2.351316389,48.724644722]}},{"type":"Feature","id":"label.gates_stands.136","properties":{"name":"N55","layer":"Labels","category":"Gate and stand labels","object_type":"Label","style_id":"label.gates_stands","airport":"LFPO","geometry_role":"text_label","text-field":"N55","vsmr_group_ids":[[]]},"geometry":{"type":"Point","coordinates":[2.350977778,48.724573056]}},{"type":"Feature","id":"label.gates_stands.137","properties":{"name":"N56","layer":"Labels","category":"Gate and stand labels","object_type":"Label","style_id":"label.gates_stands","airport":"LFPO","geometry_role":"text_label","text-field":"N56","vsmr_group_ids":[[]]},"geometry":{"type":"Point","coordinates":[2.350648056,48.724573056]}},{"type":"Feature","id":"label.gates_stands.138","properties":{"name":"N61","layer":"Labels","category":"Gate and stand labels","object_type":"Label","style_id":"label.gates_stands","airport":"LFPO","geometry_role":"text_label","text-field":"N61","vsmr_group_ids":[[]]},"geometry":{"type":"Point","coordinates":[2.349952778,48.724281111]}},{"type":"Feature","id":"label.gates_stands.139","properties":{"name":"N7","layer":"Labels","category":"Gate and stand labels","object_type":"Label","style_id":"label.gates_stands","airport":"LFPO","geometry_role":"text_label","text-field":"N7","vsmr_group_ids":[[]]},"geometry":{"type":"Point","coordinates":[2.380585833,48.743518889]}},{"type":"Feature","id":"label.gates_stands.140","properties":{"name":"N8","layer":"Labels","category":"Gate and stand labels","object_type":"Label","style_id":"label.gates_stands","airport":"LFPO","geometry_role":"text_label","text-field":"N8","vsmr_group_ids":[[]]},"geometry":{"type":"Point","coordinates":[2.384603056,48.744521667]}},{"type":"Feature","id":"label.gates_stands.141","properties":{"name":"ORLY 1","layer":"Labels","category":"Gate and stand labels","object_type":"Label","style_id":"label.gates_stands","airport":"LFPO","geometry_role":"text_label","text-field":"ORLY 1","vsmr_group_ids":[[]]},"geometry":{"type":"Point","coordinates":[2.359886944,48.729958611]}},{"type":"Feature","id":"label.gates_stands.142","properties":{"name":"ORLY 2","layer":"Labels","category":"Gate and stand labels","object_type":"Label","style_id":"label.gates_stands","airport":"LFPO","geometry_role":"text_label","text-field":"ORLY 2","vsmr_group_ids":[[]]},"geometry":{"type":"Point","coordinates":[2.359249167,48.728338889]}},{"type":"Feature","id":"label.gates_stands.143","properties":{"name":"ORLY 3","layer":"Labels","category":"Gate and stand labels","object_type":"Label","style_id":"label.gates_stands","airport":"LFPO","geometry_role":"text_label","text-field":"ORLY 3","vsmr_group_ids":[[]]},"geometry":{"type":"Point","coordinates":[2.362129722,48.727070278]}},{"type":"Feature","id":"label.gates_stands.144","properties":{"name":"ORLY 4","layer":"Labels","category":"Gate and stand labels","object_type":"Label","style_id":"label.gates_stands","airport":"LFPO","geometry_role":"text_label","text-field":"ORLY 4","vsmr_group_ids":[[]]},"geometry":{"type":"Point","coordinates":[2.368902222,48.728106111]}},{"type":"Feature","id":"label.gates_stands.145","properties":{"name":"P08","layer":"Labels","category":"Gate and stand labels","object_type":"Label","style_id":"label.gates_stands","airport":"LFPO","geometry_role":"text_label","text-field":"P08","vsmr_group_ids":[[]]},"geometry":{"type":"Point","coordinates":[2.361924444,48.7319075]}},{"type":"Feature","id":"label.gates_stands.146","properties":{"name":"P09","layer":"Labels","category":"Gate and stand labels","object_type":"Label","style_id":"label.gates_stands","airport":"LFPO","geometry_role":"text_label","text-field":"P09","vsmr_group_ids":[[]]},"geometry":{"type":"Point","coordinates":[2.36155,48.731615278]}},{"type":"Feature","id":"label.gates_stands.147","properties":{"name":"P10","layer":"Labels","category":"Gate and stand labels","object_type":"Label","style_id":"label.gates_stands","airport":"LFPO","geometry_role":"text_label","text-field":"P10","vsmr_group_ids":[[]]},"geometry":{"type":"Point","coordinates":[2.361024167,48.731376944]}},{"type":"Feature","id":"label.gates_stands.148","properties":{"name":"P11","layer":"Labels","category":"Gate and stand labels","object_type":"Label","style_id":"label.gates_stands","airport":"LFPO","geometry_role":"text_label","text-field":"P11","vsmr_group_ids":[[]]},"geometry":{"type":"Point","coordinates":[2.360480556,48.73121]}},{"type":"Feature","id":"label.gates_stands.149","properties":{"name":"P12","layer":"Labels","category":"Gate and stand labels","object_type":"Label","style_id":"label.gates_stands","airport":"LFPO","geometry_role":"text_label","text-field":"P12","vsmr_group_ids":[[]]},"geometry":{"type":"Point","coordinates":[2.35983,48.730959722]}},{"type":"Feature","id":"label.gates_stands.150","properties":{"name":"P13","layer":"Labels","category":"Gate and stand labels","object_type":"Label","style_id":"label.gates_stands","airport":"LFPO","geometry_role":"text_label","text-field":"P13","vsmr_group_ids":[[]]},"geometry":{"type":"Point","coordinates":[2.35942,48.730810556]}},{"type":"Feature","id":"label.gates_stands.151","properties":{"name":"P14","layer":"Labels","category":"Gate and stand labels","object_type":"Label","style_id":"label.gates_stands","airport":"LFPO","geometry_role":"text_label","text-field":"P14","vsmr_group_ids":[[]]},"geometry":{"type":"Point","coordinates":[2.359268611,48.730572222]}},{"type":"Feature","id":"label.gates_stands.152","properties":{"name":"P41","layer":"Labels","category":"Gate and stand labels","object_type":"Label","style_id":"label.gates_stands","airport":"LFPO","geometry_role":"text_label","text-field":"P41","vsmr_group_ids":[[]]},"geometry":{"type":"Point","coordinates":[2.358823056,48.730303889]}},{"type":"Feature","id":"label.gates_stands.153","properties":{"name":"P42","layer":"Labels","category":"Gate and stand labels","object_type":"Label","style_id":"label.gates_stands","airport":"LFPO","geometry_role":"text_label","text-field":"P42","vsmr_group_ids":[[]]},"geometry":{"type":"Point","coordinates":[2.358537778,48.730017778]}},{"type":"Feature","id":"label.gates_stands.154","properties":{"name":"Q02","layer":"Labels","category":"Gate and stand labels","object_type":"Label","style_id":"label.gates_stands","airport":"LFPO","geometry_role":"text_label","text-field":"Q02","vsmr_group_ids":[[]]},"geometry":{"type":"Point","coordinates":[2.350563333,48.725153611]}},{"type":"Feature","id":"label.gates_stands.155","properties":{"name":"Q03","layer":"Labels","category":"Gate and stand labels","object_type":"Label","style_id":"label.gates_stands","airport":"LFPO","geometry_role":"text_label","text-field":"Q03","vsmr_group_ids":[[]]},"geometry":{"type":"Point","coordinates":[2.350284722,48.725854167]}},{"type":"Feature","id":"label.gates_stands.156","properties":{"name":"Q21","layer":"Labels","category":"Gate and stand labels","object_type":"Label","style_id":"label.gates_stands","airport":"LFPO","geometry_role":"text_label","text-field":"Q21","vsmr_group_ids":[[]]},"geometry":{"type":"Point","coordinates":[2.350373889,48.724915278]}},{"type":"Feature","id":"label.gates_stands.157","properties":{"name":"Q22","layer":"Labels","category":"Gate and stand labels","object_type":"Label","style_id":"label.gates_stands","airport":"LFPO","geometry_role":"text_label","text-field":"Q22","vsmr_group_ids":[[]]},"geometry":{"type":"Point","coordinates":[2.350206944,48.725287778]}},{"type":"Feature","id":"label.gates_stands.158","properties":{"name":"Q31","layer":"Labels","category":"Gate and stand labels","object_type":"Label","style_id":"label.gates_stands","airport":"LFPO","geometry_role":"text_label","text-field":"Q31","vsmr_group_ids":[[]]},"geometry":{"type":"Point","coordinates":[2.350050833,48.725660278]}},{"type":"Feature","id":"label.gates_stands.159","properties":{"name":"Q32","layer":"Labels","category":"Gate and stand labels","object_type":"Label","style_id":"label.gates_stands","airport":"LFPO","geometry_role":"text_label","text-field":"Q32","vsmr_group_ids":[[]]},"geometry":{"type":"Point","coordinates":[2.349883889,48.726062778]}},{"type":"Feature","id":"label.gates_stands.160","properties":{"name":"R01","layer":"Labels","category":"Gate and stand labels","object_type":"Label","style_id":"label.gates_stands","airport":"LFPO","geometry_role":"text_label","text-field":"R01","vsmr_group_ids":[[]]},"geometry":{"type":"Point","coordinates":[2.358047778,48.729588611]}},{"type":"Feature","id":"label.gates_stands.161","properties":{"name":"R22","layer":"Labels","category":"Gate and stand labels","object_type":"Label","style_id":"label.gates_stands","airport":"LFPO","geometry_role":"text_label","text-field":"R22","vsmr_group_ids":[[]]},"geometry":{"type":"Point","coordinates":[2.357245556,48.729964167]}},{"type":"Feature","id":"label.gates_stands.162","properties":{"name":"S04","layer":"Labels","category":"Gate and stand labels","object_type":"Label","style_id":"label.gates_stands","airport":"LFPO","geometry_role":"text_label","text-field":"S04","vsmr_group_ids":[[]]},"geometry":{"type":"Point","coordinates":[2.357085278,48.729475278]}},{"type":"Feature","id":"label.gates_stands.163","properties":{"name":"S24","layer":"Labels","category":"Gate and stand labels","object_type":"Label","style_id":"label.gates_stands","airport":"LFPO","geometry_role":"text_label","text-field":"S24","vsmr_group_ids":[[]]},"geometry":{"type":"Point","coordinates":[2.356933889,48.729642222]}},{"type":"Feature","id":"label.gates_stands.164","properties":{"name":"S25","layer":"Labels","category":"Gate and stand labels","object_type":"Label","style_id":"label.gates_stands","airport":"LFPO","geometry_role":"text_label","text-field":"S25","vsmr_group_ids":[[]]},"geometry":{"type":"Point","coordinates":[2.357049722,48.729284444]}},{"type":"Feature","id":"label.gates_stands.165","properties":{"name":"S26","layer":"Labels","category":"Gate and stand labels","object_type":"Label","style_id":"label.gates_stands","airport":"LFPO","geometry_role":"text_label","text-field":"S26","vsmr_group_ids":[[]]},"geometry":{"type":"Point","coordinates":[2.356915833,48.728849167]}},{"type":"Feature","id":"label.gates_stands.166","properties":{"name":"T26","layer":"Labels","category":"Gate and stand labels","object_type":"Label","style_id":"label.gates_stands","airport":"LFPO","geometry_role":"text_label","text-field":"T26","vsmr_group_ids":[[]]},"geometry":{"type":"Point","coordinates":[2.356782222,48.728557222]}},{"type":"Feature","id":"label.gates_stands.167","properties":{"name":"T27","layer":"Labels","category":"Gate and stand labels","object_type":"Label","style_id":"label.gates_stands","airport":"LFPO","geometry_role":"text_label","text-field":"T27","vsmr_group_ids":[[]]},"geometry":{"type":"Point","coordinates":[2.357147778,48.72842]}},{"type":"Feature","id":"label.gates_stands.168","properties":{"name":"T28","layer":"Labels","category":"Gate and stand labels","object_type":"Label","style_id":"label.gates_stands","airport":"LFPO","geometry_role":"text_label","text-field":"T28","vsmr_group_ids":[[]]},"geometry":{"type":"Point","coordinates":[2.357611111,48.728640556]}},{"type":"Feature","id":"label.gates_stands.169","properties":{"name":"T29","layer":"Labels","category":"Gate and stand labels","object_type":"Label","style_id":"label.gates_stands","airport":"LFPO","geometry_role":"text_label","text-field":"T29","vsmr_group_ids":[[]]},"geometry":{"type":"Point","coordinates":[2.3585825,48.7285275]}},{"type":"Feature","id":"label.gates_stands.170","properties":{"name":"T30","layer":"Labels","category":"Gate and stand labels","object_type":"Label","style_id":"label.gates_stands","airport":"LFPO","geometry_role":"text_label","text-field":"T30","vsmr_group_ids":[[]]},"geometry":{"type":"Point","coordinates":[2.358671667,48.7275675]}},{"type":"Feature","id":"label.gates_stands.171","properties":{"name":"T31","layer":"Labels","category":"Gate and stand labels","object_type":"Label","style_id":"label.gates_stands","airport":"LFPO","geometry_role":"text_label","text-field":"T31","vsmr_group_ids":[[]]},"geometry":{"type":"Point","coordinates":[2.357931944,48.727239722]}},{"type":"Feature","id":"label.gates_stands.172","properties":{"name":"T32","layer":"Labels","category":"Gate and stand labels","object_type":"Label","style_id":"label.gates_stands","airport":"LFPO","geometry_role":"text_label","text-field":"T32","vsmr_group_ids":[[]]},"geometry":{"type":"Point","coordinates":[2.357334722,48.7272875]}},{"type":"Feature","id":"label.gates_stands.173","properties":{"name":"U03","layer":"Labels","category":"Gate and stand labels","object_type":"Label","style_id":"label.gates_stands","airport":"LFPO","geometry_role":"text_label","text-field":"U03","vsmr_group_ids":[[]]},"geometry":{"type":"Point","coordinates":[2.357675278,48.726909722]}},{"type":"Feature","id":"label.gates_stands.174","properties":{"name":"U04","layer":"Labels","category":"Gate and stand labels","object_type":"Label","style_id":"label.gates_stands","airport":"LFPO","geometry_role":"text_label","text-field":"U04","vsmr_group_ids":[[]]},"geometry":{"type":"Point","coordinates":[2.358053889,48.726708611]}},{"type":"Feature","id":"label.gates_stands.175","properties":{"name":"U05","layer":"Labels","category":"Gate and stand labels","object_type":"Label","style_id":"label.gates_stands","airport":"LFPO","geometry_role":"text_label","text-field":"U05","vsmr_group_ids":[[]]},"geometry":{"type":"Point","coordinates":[2.358399167,48.726321111]}},{"type":"Feature","id":"label.gates_stands.176","properties":{"name":"V06","layer":"Labels","category":"Gate and stand labels","object_type":"Label","style_id":"label.gates_stands","airport":"LFPO","geometry_role":"text_label","text-field":"V06","vsmr_group_ids":[[]]},"geometry":{"type":"Point","coordinates":[2.358967222,48.726052778]}},{"type":"Feature","id":"label.gates_stands.177","properties":{"name":"V07","layer":"Labels","category":"Gate and stand labels","object_type":"Label","style_id":"label.gates_stands","airport":"LFPO","geometry_role":"text_label","text-field":"V07","vsmr_group_ids":[[]]},"geometry":{"type":"Point","coordinates":[2.359390556,48.726403056]}},{"type":"Feature","id":"label.taxiways.001","properties":{"name":"C","layer":"Labels","category":"Taxiway labels","object_type":"Label","style_id":"label.taxiways","airport":"LFPO","geometry_role":"text_label","text-field":"C","vsmr_group_ids":[[]]},"geometry":{"type":"Point","coordinates":[2.354623889,48.721495]}},{"type":"Feature","id":"label.taxiways.002","properties":{"name":"HB1","layer":"Labels","category":"Taxiway labels","object_type":"Label","style_id":"label.taxiways","airport":"LFPO","geometry_role":"text_label","text-field":"HB1","vsmr_group_ids":[[]]},"geometry":{"type":"Point","coordinates":[2.319975278,48.717516389]}},{"type":"Feature","id":"label.taxiways.003","properties":{"name":"HB2","layer":"Labels","category":"Taxiway labels","object_type":"Label","style_id":"label.taxiways","airport":"LFPO","geometry_role":"text_label","text-field":"HB2","vsmr_group_ids":[[]]},"geometry":{"type":"Point","coordinates":[2.3216575,48.717777222]}},{"type":"Feature","id":"label.taxiways.004","properties":{"name":"HB3","layer":"Labels","category":"Taxiway labels","object_type":"Label","style_id":"label.taxiways","airport":"LFPO","geometry_role":"text_label","text-field":"HB3","vsmr_group_ids":[[]]},"geometry":{"type":"Point","coordinates":[2.322359167,48.718343333]}},{"type":"Feature","id":"label.taxiways.005","properties":{"name":"HB4","layer":"Labels","category":"Taxiway labels","object_type":"Label","style_id":"label.taxiways","airport":"LFPO","geometry_role":"text_label","text-field":"HB4","vsmr_group_ids":[[]]},"geometry":{"type":"Point","coordinates":[2.320977778,48.717553611]}},{"type":"Feature","id":"label.taxiways.006","properties":{"name":"K","layer":"Labels","category":"Taxiway labels","object_type":"Label","style_id":"label.taxiways","airport":"LFPO","geometry_role":"text_label","text-field":"K","vsmr_group_ids":[[]]},"geometry":{"type":"Point","coordinates":[2.383144722,48.741965278]}},{"type":"Feature","id":"label.taxiways.007","properties":{"name":"L1","layer":"Labels","category":"Taxiway labels","object_type":"Label","style_id":"label.taxiways","airport":"LFPO","geometry_role":"text_label","text-field":"L1","vsmr_group_ids":[[]]},"geometry":{"type":"Point","coordinates":[2.371754444,48.726460833]}},{"type":"Feature","id":"label.taxiways.008","properties":{"name":"L2","layer":"Labels","category":"Taxiway labels","object_type":"Label","style_id":"label.taxiways","airport":"LFPO","geometry_role":"text_label","text-field":"L2","vsmr_group_ids":[[]]},"geometry":{"type":"Point","coordinates":[2.366122222,48.725383889]}},{"type":"Feature","id":"label.taxiways.009","properties":{"name":"L3","layer":"Labels","category":"Taxiway labels","object_type":"Label","style_id":"label.taxiways","airport":"LFPO","geometry_role":"text_label","text-field":"L3","vsmr_group_ids":[[]]},"geometry":{"type":"Point","coordinates":[2.362318611,48.724661389]}},{"type":"Feature","id":"label.taxiways.010","properties":{"name":"L4","layer":"Labels","category":"Taxiway labels","object_type":"Label","style_id":"label.taxiways","airport":"LFPO","geometry_role":"text_label","text-field":"L4","vsmr_group_ids":[[]]},"geometry":{"type":"Point","coordinates":[2.356291389,48.723829722]}},{"type":"Feature","id":"label.taxiways.011","properties":{"name":"L42","layer":"Labels","category":"Taxiway labels","object_type":"Label","style_id":"label.taxiways","airport":"LFPO","geometry_role":"text_label","text-field":"L42","vsmr_group_ids":[[]]},"geometry":{"type":"Point","coordinates":[2.355148333,48.731823056]}},{"type":"Feature","id":"label.taxiways.012","properties":{"name":"L43","layer":"Labels","category":"Taxiway labels","object_type":"Label","style_id":"label.taxiways","airport":"LFPO","geometry_role":"text_label","text-field":"L43","vsmr_group_ids":[[]]},"geometry":{"type":"Point","coordinates":[2.352861944,48.730186944]}},{"type":"Feature","id":"label.taxiways.013","properties":{"name":"L44","layer":"Labels","category":"Taxiway labels","object_type":"Label","style_id":"label.taxiways","airport":"LFPO","geometry_role":"text_label","text-field":"L44","vsmr_group_ids":[[]]},"geometry":{"type":"Point","coordinates":[2.351978889,48.728857778]}},{"type":"Feature","id":"label.taxiways.014","properties":{"name":"LB","layer":"Labels","category":"Taxiway labels","object_type":"Label","style_id":"label.taxiways","airport":"LFPO","geometry_role":"text_label","text-field":"LB","vsmr_group_ids":[[]]},"geometry":{"type":"Point","coordinates":[2.379693889,48.730836944]}},{"type":"Feature","id":"label.taxiways.015","properties":{"name":"LC","layer":"Labels","category":"Taxiway labels","object_type":"Label","style_id":"label.taxiways","airport":"LFPO","geometry_role":"text_label","text-field":"LC","vsmr_group_ids":[[]]},"geometry":{"type":"Point","coordinates":[2.378322222,48.728205833]}},{"type":"Feature","id":"label.taxiways.016","properties":{"name":"LF","layer":"Labels","category":"Taxiway labels","object_type":"Label","style_id":"label.taxiways","airport":"LFPO","geometry_role":"text_label","text-field":"LF","vsmr_group_ids":[[]]},"geometry":{"type":"Point","coordinates":[2.377345278,48.727565278]}},{"type":"Feature","id":"label.taxiways.017","properties":{"name":"LG","layer":"Labels","category":"Taxiway labels","object_type":"Label","style_id":"label.taxiways","airport":"LFPO","geometry_role":"text_label","text-field":"LG","vsmr_group_ids":[[]]},"geometry":{"type":"Point","coordinates":[2.380686667,48.732261389]}},{"type":"Feature","id":"label.taxiways.018","properties":{"name":"LGN","layer":"Labels","category":"Taxiway labels","object_type":"Label","style_id":"label.taxiways","airport":"LFPO","geometry_role":"text_label","text-field":"LGN","vsmr_group_ids":[[]]},"geometry":{"type":"Point","coordinates":[2.380805278,48.733050556]}},{"type":"Feature","id":"label.taxiways.019","properties":{"name":"LH","layer":"Labels","category":"Taxiway labels","object_type":"Label","style_id":"label.taxiways","airport":"LFPO","geometry_role":"text_label","text-field":"LH","vsmr_group_ids":[[]]},"geometry":{"type":"Point","coordinates":[2.382005556,48.741290833]}},{"type":"Feature","id":"label.taxiways.020","properties":{"name":"LJ","layer":"Labels","category":"Taxiway labels","object_type":"Label","style_id":"label.taxiways","airport":"LFPO","geometry_role":"text_label","text-field":"LJ","vsmr_group_ids":[[]]},"geometry":{"type":"Point","coordinates":[2.382875556,48.737204167]}},{"type":"Feature","id":"label.taxiways.021","properties":{"name":"LM","layer":"Labels","category":"Taxiway labels","object_type":"Label","style_id":"label.taxiways","airport":"LFPO","geometry_role":"text_label","text-field":"LM","vsmr_group_ids":[[]]},"geometry":{"type":"Point","coordinates":[2.355008611,48.724282222]}},{"type":"Feature","id":"label.taxiways.022","properties":{"name":"LN","layer":"Labels","category":"Taxiway labels","object_type":"Label","style_id":"label.taxiways","airport":"LFPO","geometry_role":"text_label","text-field":"LN","vsmr_group_ids":[[]]},"geometry":{"type":"Point","coordinates":[2.352443056,48.723835]}},{"type":"Feature","id":"label.taxiways.023","properties":{"name":"LNA","layer":"Labels","category":"Taxiway labels","object_type":"Label","style_id":"label.taxiways","airport":"LFPO","geometry_role":"text_label","text-field":"LNA","vsmr_group_ids":[[]]},"geometry":{"type":"Point","coordinates":[2.351598889,48.723196111]}},{"type":"Feature","id":"label.taxiways.024","properties":{"name":"LP","layer":"Labels","category":"Taxiway labels","object_type":"Label","style_id":"label.taxiways","airport":"LFPO","geometry_role":"text_label","text-field":"LP","vsmr_group_ids":[[]]},"geometry":{"type":"Point","coordinates":[2.360886667,48.733079722]}},{"type":"Feature","id":"label.taxiways.025","properties":{"name":"LR","layer":"Labels","category":"Taxiway labels","object_type":"Label","style_id":"label.taxiways","airport":"LFPO","geometry_role":"text_label","text-field":"LR","vsmr_group_ids":[[]]},"geometry":{"type":"Point","coordinates":[2.356145278,48.730843056]}},{"type":"Feature","id":"label.taxiways.026","properties":{"name":"LRA","layer":"Labels","category":"Taxiway labels","object_type":"Label","style_id":"label.taxiways","airport":"LFPO","geometry_role":"text_label","text-field":"LRA","vsmr_group_ids":[[]]},"geometry":{"type":"Point","coordinates":[2.354941111,48.731201667]}},{"type":"Feature","id":"label.taxiways.027","properties":{"name":"LS","layer":"Labels","category":"Taxiway labels","object_type":"Label","style_id":"label.taxiways","airport":"LFPO","geometry_role":"text_label","text-field":"LS","vsmr_group_ids":[[]]},"geometry":{"type":"Point","coordinates":[2.354651389,48.729117778]}},{"type":"Feature","id":"label.taxiways.028","properties":{"name":"LT","layer":"Labels","category":"Taxiway labels","object_type":"Label","style_id":"label.taxiways","airport":"LFPO","geometry_role":"text_label","text-field":"LT","vsmr_group_ids":[[]]},"geometry":{"type":"Point","coordinates":[2.355333333,48.727583889]}},{"type":"Feature","id":"label.taxiways.029","properties":{"name":"LU","layer":"Labels","category":"Taxiway labels","object_type":"Label","style_id":"label.taxiways","airport":"LFPO","geometry_role":"text_label","text-field":"LU","vsmr_group_ids":[[]]},"geometry":{"type":"Point","coordinates":[2.356015278,48.726007778]}},{"type":"Feature","id":"label.taxiways.030","properties":{"name":"N (1)","layer":"Labels","category":"Taxiway labels","object_type":"Label","style_id":"label.taxiways","airport":"LFPO","geometry_role":"text_label","text-field":"N","vsmr_group_ids":[[]]},"geometry":{"type":"Point","coordinates":[2.354359444,48.722398333]}},{"type":"Feature","id":"label.taxiways.031","properties":{"name":"N (2)","layer":"Labels","category":"Taxiway labels","object_type":"Label","style_id":"label.taxiways","airport":"LFPO","geometry_role":"text_label","text-field":"N","vsmr_group_ids":[[]]},"geometry":{"type":"Point","coordinates":[2.353569444,48.731489167]}},{"type":"Feature","id":"label.taxiways.032","properties":{"name":"S (1)","layer":"Labels","category":"Taxiway labels","object_type":"Label","style_id":"label.taxiways","airport":"LFPO","geometry_role":"text_label","text-field":"S","vsmr_group_ids":[[]]},"geometry":{"type":"Point","coordinates":[2.355180833,48.720554167]}},{"type":"Feature","id":"label.taxiways.033","properties":{"name":"S (2)","layer":"Labels","category":"Taxiway labels","object_type":"Label","style_id":"label.taxiways","airport":"LFPO","geometry_role":"text_label","text-field":"S","vsmr_group_ids":[[]]},"geometry":{"type":"Point","coordinates":[2.353135,48.730624722]}},{"type":"Feature","id":"label.taxiways.034","properties":{"name":"W1 (1)","layer":"Labels","category":"Taxiway labels","object_type":"Label","style_id":"label.taxiways","airport":"LFPO","geometry_role":"text_label","text-field":"W1","vsmr_group_ids":[[]]},"geometry":{"type":"Point","coordinates":[2.354661389,48.723355833]}},{"type":"Feature","id":"label.taxiways.035","properties":{"name":"W1 (2)","layer":"Labels","category":"Taxiway labels","object_type":"Label","style_id":"label.taxiways","airport":"LFPO","geometry_role":"text_label","text-field":"W1","vsmr_group_ids":[[]]},"geometry":{"type":"Point","coordinates":[2.359613889,48.723568611]}},{"type":"Feature","id":"label.taxiways.036","properties":{"name":"W1 (3)","layer":"Labels","category":"Taxiway labels","object_type":"Label","style_id":"label.taxiways","airport":"LFPO","geometry_role":"text_label","text-field":"W1","vsmr_group_ids":[[]]},"geometry":{"type":"Point","coordinates":[2.364566389,48.724553889]}},{"type":"Feature","id":"label.taxiways.037","properties":{"name":"W1 (4)","layer":"Labels","category":"Taxiway labels","object_type":"Label","style_id":"label.taxiways","airport":"LFPO","geometry_role":"text_label","text-field":"W1","vsmr_group_ids":[[]]},"geometry":{"type":"Point","coordinates":[2.368260278,48.725166389]}},{"type":"Feature","id":"label.taxiways.038","properties":{"name":"W1 (5)","layer":"Labels","category":"Taxiway labels","object_type":"Label","style_id":"label.taxiways","airport":"LFPO","geometry_role":"text_label","text-field":"W1","vsmr_group_ids":[[]]},"geometry":{"type":"Point","coordinates":[2.352875278,48.725858611]}},{"type":"Feature","id":"label.taxiways.039","properties":{"name":"W1 (6)","layer":"Labels","category":"Taxiway labels","object_type":"Label","style_id":"label.taxiways","airport":"LFPO","geometry_role":"text_label","text-field":"W1","vsmr_group_ids":[[]]},"geometry":{"type":"Point","coordinates":[2.374349167,48.726337778]}},{"type":"Feature","id":"label.taxiways.040","properties":{"name":"W1 (7)","layer":"Labels","category":"Taxiway labels","object_type":"Label","style_id":"label.taxiways","airport":"LFPO","geometry_role":"text_label","text-field":"W1","vsmr_group_ids":[[]]},"geometry":{"type":"Point","coordinates":[2.3780025,48.727136667]}},{"type":"Feature","id":"label.taxiways.041","properties":{"name":"W1 (8)","layer":"Labels","category":"Taxiway labels","object_type":"Label","style_id":"label.taxiways","airport":"LFPO","geometry_role":"text_label","text-field":"W1","vsmr_group_ids":[[]]},"geometry":{"type":"Point","coordinates":[2.352875278,48.728068611]}},{"type":"Feature","id":"label.taxiways.042","properties":{"name":"W1 (9)","layer":"Labels","category":"Taxiway labels","object_type":"Label","style_id":"label.taxiways","airport":"LFPO","geometry_role":"text_label","text-field":"W1","vsmr_group_ids":[[]]},"geometry":{"type":"Point","coordinates":[2.379829444,48.729639444]}},{"type":"Feature","id":"label.taxiways.043","properties":{"name":"W1 (10)","layer":"Labels","category":"Taxiway labels","object_type":"Label","style_id":"label.taxiways","airport":"LFPO","geometry_role":"text_label","text-field":"W1","vsmr_group_ids":[[]]},"geometry":{"type":"Point","coordinates":[2.353727778,48.729746111]}},{"type":"Feature","id":"label.taxiways.044","properties":{"name":"W1 (11)","layer":"Labels","category":"Taxiway labels","object_type":"Label","style_id":"label.taxiways","airport":"LFPO","geometry_role":"text_label","text-field":"W1","vsmr_group_ids":[[]]},"geometry":{"type":"Point","coordinates":[2.354995833,48.730784167]}},{"type":"Feature","id":"label.taxiways.045","properties":{"name":"W1 (12)","layer":"Labels","category":"Taxiway labels","object_type":"Label","style_id":"label.taxiways","airport":"LFPO","geometry_role":"text_label","text-field":"W1","vsmr_group_ids":[[]]},"geometry":{"type":"Point","coordinates":[2.358193056,48.732621667]}},{"type":"Feature","id":"label.taxiways.046","properties":{"name":"W1 (13)","layer":"Labels","category":"Taxiway labels","object_type":"Label","style_id":"label.taxiways","airport":"LFPO","geometry_role":"text_label","text-field":"W1","vsmr_group_ids":[[]]},"geometry":{"type":"Point","coordinates":[2.382711389,48.735364167]}},{"type":"Feature","id":"label.taxiways.047","properties":{"name":"W1 (14)","layer":"Labels","category":"Taxiway labels","object_type":"Label","style_id":"label.taxiways","airport":"LFPO","geometry_role":"text_label","text-field":"W1","vsmr_group_ids":[[]]},"geometry":{"type":"Point","coordinates":[2.383249167,48.739520278]}},{"type":"Feature","id":"label.taxiways.048","properties":{"name":"W1 (15)","layer":"Labels","category":"Taxiway labels","object_type":"Label","style_id":"label.taxiways","airport":"LFPO","geometry_role":"text_label","text-field":"W1","vsmr_group_ids":[[]]},"geometry":{"type":"Point","coordinates":[2.382866111,48.741173611]}},{"type":"Feature","id":"label.taxiways.049","properties":{"name":"W1 (16)","layer":"Labels","category":"Taxiway labels","object_type":"Label","style_id":"label.taxiways","airport":"LFPO","geometry_role":"text_label","text-field":"W1","vsmr_group_ids":[[]]},"geometry":{"type":"Point","coordinates":[2.376551944,48.742348889]}},{"type":"Feature","id":"label.taxiways.050","properties":{"name":"W1 (17)","layer":"Labels","category":"Taxiway labels","object_type":"Label","style_id":"label.taxiways","airport":"LFPO","geometry_role":"text_label","text-field":"W1","vsmr_group_ids":[[]]},"geometry":{"type":"Point","coordinates":[2.380891667,48.742414167]}},{"type":"Feature","id":"label.taxiways.051","properties":{"name":"W2 (1)","layer":"Labels","category":"Taxiway labels","object_type":"Label","style_id":"label.taxiways","airport":"LFPO","geometry_role":"text_label","text-field":"W2","vsmr_group_ids":[[]]},"geometry":{"type":"Point","coordinates":[2.356736389,48.7247]}},{"type":"Feature","id":"label.taxiways.052","properties":{"name":"W2 (2)","layer":"Labels","category":"Taxiway labels","object_type":"Label","style_id":"label.taxiways","airport":"LFPO","geometry_role":"text_label","text-field":"W2","vsmr_group_ids":[[]]},"geometry":{"type":"Point","coordinates":[2.359770833,48.724808889]}},{"type":"Feature","id":"label.taxiways.053","properties":{"name":"W2 (3)","layer":"Labels","category":"Taxiway labels","object_type":"Label","style_id":"label.taxiways","airport":"LFPO","geometry_role":"text_label","text-field":"W2","vsmr_group_ids":[[]]},"geometry":{"type":"Point","coordinates":[2.355759722,48.725054444]}},{"type":"Feature","id":"label.taxiways.054","properties":{"name":"W2 (4)","layer":"Labels","category":"Taxiway labels","object_type":"Label","style_id":"label.taxiways","airport":"LFPO","geometry_role":"text_label","text-field":"W2","vsmr_group_ids":[[]]},"geometry":{"type":"Point","coordinates":[2.364093889,48.725504167]}},{"type":"Feature","id":"label.taxiways.055","properties":{"name":"W2 (5)","layer":"Labels","category":"Taxiway labels","object_type":"Label","style_id":"label.taxiways","airport":"LFPO","geometry_role":"text_label","text-field":"W2","vsmr_group_ids":[[]]},"geometry":{"type":"Point","coordinates":[2.368936667,48.726595]}},{"type":"Feature","id":"label.taxiways.056","properties":{"name":"W2 (6)","layer":"Labels","category":"Taxiway labels","object_type":"Label","style_id":"label.taxiways","airport":"LFPO","geometry_role":"text_label","text-field":"W2","vsmr_group_ids":[[]]},"geometry":{"type":"Point","coordinates":[2.355136111,48.726608611]}},{"type":"Feature","id":"label.taxiways.057","properties":{"name":"W2 (7)","layer":"Labels","category":"Taxiway labels","object_type":"Label","style_id":"label.taxiways","airport":"LFPO","geometry_role":"text_label","text-field":"W2","vsmr_group_ids":[[]]},"geometry":{"type":"Point","coordinates":[2.374444167,48.727562778]}},{"type":"Feature","id":"label.taxiways.058","properties":{"name":"W2 (8)","layer":"Labels","category":"Taxiway labels","object_type":"Label","style_id":"label.taxiways","airport":"LFPO","geometry_role":"text_label","text-field":"W2","vsmr_group_ids":[[]]},"geometry":{"type":"Point","coordinates":[2.354408611,48.728367222]}},{"type":"Feature","id":"label.taxiways.059","properties":{"name":"W2 (9)","layer":"Labels","category":"Taxiway labels","object_type":"Label","style_id":"label.taxiways","airport":"LFPO","geometry_role":"text_label","text-field":"W2","vsmr_group_ids":[[]]},"geometry":{"type":"Point","coordinates":[2.37804,48.729348611]}},{"type":"Feature","id":"label.taxiways.060","properties":{"name":"W2 (10)","layer":"Labels","category":"Taxiway labels","object_type":"Label","style_id":"label.taxiways","airport":"LFPO","geometry_role":"text_label","text-field":"W2","vsmr_group_ids":[[]]},"geometry":{"type":"Point","coordinates":[2.379311667,48.731225]}},{"type":"Feature","id":"label.taxiways.061","properties":{"name":"W2 (11)","layer":"Labels","category":"Taxiway labels","object_type":"Label","style_id":"label.taxiways","airport":"LFPO","geometry_role":"text_label","text-field":"W2","vsmr_group_ids":[[]]},"geometry":{"type":"Point","coordinates":[2.3808125,48.734963611]}},{"type":"Feature","id":"label.taxiways.062","properties":{"name":"W2 (12)","layer":"Labels","category":"Taxiway labels","object_type":"Label","style_id":"label.taxiways","airport":"LFPO","geometry_role":"text_label","text-field":"W2","vsmr_group_ids":[[]]},"geometry":{"type":"Point","coordinates":[2.382596944,48.737959722]}},{"type":"Feature","id":"label.taxiways.063","properties":{"name":"W2 (13)","layer":"Labels","category":"Taxiway labels","object_type":"Label","style_id":"label.taxiways","airport":"LFPO","geometry_role":"text_label","text-field":"W2","vsmr_group_ids":[[]]},"geometry":{"type":"Point","coordinates":[2.374010278,48.739982222]}},{"type":"Feature","id":"label.taxiways.064","properties":{"name":"W2 (14)","layer":"Labels","category":"Taxiway labels","object_type":"Label","style_id":"label.taxiways","airport":"LFPO","geometry_role":"text_label","text-field":"W2","vsmr_group_ids":[[]]},"geometry":{"type":"Point","coordinates":[2.371661667,48.741045556]}},{"type":"Feature","id":"label.taxiways.065","properties":{"name":"W21","layer":"Labels","category":"Taxiway labels","object_type":"Label","style_id":"label.taxiways","airport":"LFPO","geometry_role":"text_label","text-field":"W21","vsmr_group_ids":[[]]},"geometry":{"type":"Point","coordinates":[2.384947222,48.738916389]}},{"type":"Feature","id":"label.taxiways.066","properties":{"name":"W22","layer":"Labels","category":"Taxiway labels","object_type":"Label","style_id":"label.taxiways","airport":"LFPO","geometry_role":"text_label","text-field":"W22","vsmr_group_ids":[[]]},"geometry":{"type":"Point","coordinates":[2.384744444,48.737585]}},{"type":"Feature","id":"label.taxiways.067","properties":{"name":"W23","layer":"Labels","category":"Taxiway labels","object_type":"Label","style_id":"label.taxiways","airport":"LFPO","geometry_role":"text_label","text-field":"W23","vsmr_group_ids":[[]]},"geometry":{"type":"Point","coordinates":[2.383194722,48.733978611]}},{"type":"Feature","id":"label.taxiways.068","properties":{"name":"W28","layer":"Labels","category":"Taxiway labels","object_type":"Label","style_id":"label.taxiways","airport":"LFPO","geometry_role":"text_label","text-field":"W28","vsmr_group_ids":[[]]},"geometry":{"type":"Point","coordinates":[2.375303333,48.718854722]}},{"type":"Feature","id":"label.taxiways.069","properties":{"name":"W3 (1)","layer":"Labels","category":"Taxiway labels","object_type":"Label","style_id":"label.taxiways","airport":"LFPO","geometry_role":"text_label","text-field":"W3","vsmr_group_ids":[[]]},"geometry":{"type":"Point","coordinates":[2.356908889,48.725351667]}},{"type":"Feature","id":"label.taxiways.070","properties":{"name":"W3 (2)","layer":"Labels","category":"Taxiway labels","object_type":"Label","style_id":"label.taxiways","airport":"LFPO","geometry_role":"text_label","text-field":"W3","vsmr_group_ids":[[]]},"geometry":{"type":"Point","coordinates":[2.356393611,48.7268675]}},{"type":"Feature","id":"label.taxiways.071","properties":{"name":"W3 (3)","layer":"Labels","category":"Taxiway labels","object_type":"Label","style_id":"label.taxiways","airport":"LFPO","geometry_role":"text_label","text-field":"W3","vsmr_group_ids":[[]]},"geometry":{"type":"Point","coordinates":[2.355528889,48.728568889]}},{"type":"Feature","id":"label.taxiways.072","properties":{"name":"W3 (4)","layer":"Labels","category":"Taxiway labels","object_type":"Label","style_id":"label.taxiways","airport":"LFPO","geometry_role":"text_label","text-field":"W3","vsmr_group_ids":[[]]},"geometry":{"type":"Point","coordinates":[2.355479167,48.729845]}},{"type":"Feature","id":"label.taxiways.073","properties":{"name":"W3 (5)","layer":"Labels","category":"Taxiway labels","object_type":"Label","style_id":"label.taxiways","airport":"LFPO","geometry_role":"text_label","text-field":"W3","vsmr_group_ids":[[]]},"geometry":{"type":"Point","coordinates":[2.359005556,48.731568056]}},{"type":"Feature","id":"label.taxiways.074","properties":{"name":"W31 (1)","layer":"Labels","category":"Taxiway labels","object_type":"Label","style_id":"label.taxiways","airport":"LFPO","geometry_role":"text_label","text-field":"W31","vsmr_group_ids":[[]]},"geometry":{"type":"Point","coordinates":[2.384618611,48.727924167]}},{"type":"Feature","id":"label.taxiways.075","properties":{"name":"W31 (2)","layer":"Labels","category":"Taxiway labels","object_type":"Label","style_id":"label.taxiways","airport":"LFPO","geometry_role":"text_label","text-field":"W31","vsmr_group_ids":[[]]},"geometry":{"type":"Point","coordinates":[2.391600556,48.728328889]}},{"type":"Feature","id":"label.taxiways.076","properties":{"name":"W31 (3)","layer":"Labels","category":"Taxiway labels","object_type":"Label","style_id":"label.taxiways","airport":"LFPO","geometry_role":"text_label","text-field":"W31","vsmr_group_ids":[[]]},"geometry":{"type":"Point","coordinates":[2.400044167,48.728477778]}},{"type":"Feature","id":"label.taxiways.077","properties":{"name":"W32","layer":"Labels","category":"Taxiway labels","object_type":"Label","style_id":"label.taxiways","airport":"LFPO","geometry_role":"text_label","text-field":"W32","vsmr_group_ids":[[]]},"geometry":{"type":"Point","coordinates":[2.394945556,48.727071944]}},{"type":"Feature","id":"label.taxiways.078","properties":{"name":"W33","layer":"Labels","category":"Taxiway labels","object_type":"Label","style_id":"label.taxiways","airport":"LFPO","geometry_role":"text_label","text-field":"W33","vsmr_group_ids":[[]]},"geometry":{"type":"Point","coordinates":[2.385527778,48.725431944]}},{"type":"Feature","id":"label.taxiways.079","properties":{"name":"W34","layer":"Labels","category":"Taxiway labels","object_type":"Label","style_id":"label.taxiways","airport":"LFPO","geometry_role":"text_label","text-field":"W34","vsmr_group_ids":[[]]},"geometry":{"type":"Point","coordinates":[2.377279444,48.723876944]}},{"type":"Feature","id":"label.taxiways.080","properties":{"name":"W35","layer":"Labels","category":"Taxiway labels","object_type":"Label","style_id":"label.taxiways","airport":"LFPO","geometry_role":"text_label","text-field":"W35","vsmr_group_ids":[[]]},"geometry":{"type":"Point","coordinates":[2.367764167,48.722151389]}},{"type":"Feature","id":"label.taxiways.081","properties":{"name":"W36","layer":"Labels","category":"Taxiway labels","object_type":"Label","style_id":"label.taxiways","airport":"LFPO","geometry_role":"text_label","text-field":"W36","vsmr_group_ids":[[]]},"geometry":{"type":"Point","coordinates":[2.364646667,48.721661667]}},{"type":"Feature","id":"label.taxiways.082","properties":{"name":"W37","layer":"Labels","category":"Taxiway labels","object_type":"Label","style_id":"label.taxiways","airport":"LFPO","geometry_role":"text_label","text-field":"W37","vsmr_group_ids":[[]]},"geometry":{"type":"Point","coordinates":[2.357794444,48.720617778]}},{"type":"Feature","id":"label.taxiways.083","properties":{"name":"W4","layer":"Labels","category":"Taxiway labels","object_type":"Label","style_id":"label.taxiways","airport":"LFPO","geometry_role":"text_label","text-field":"W4","vsmr_group_ids":[[]]},"geometry":{"type":"Point","coordinates":[2.374551389,48.723386944]}},{"type":"Feature","id":"label.taxiways.084","properties":{"name":"W41","layer":"Labels","category":"Taxiway labels","object_type":"Label","style_id":"label.taxiways","airport":"LFPO","geometry_role":"text_label","text-field":"W41","vsmr_group_ids":[[]]},"geometry":{"type":"Point","coordinates":[2.360217222,48.734219444]}},{"type":"Feature","id":"label.taxiways.085","properties":{"name":"W42","layer":"Labels","category":"Taxiway labels","object_type":"Label","style_id":"label.taxiways","airport":"LFPO","geometry_role":"text_label","text-field":"W42","vsmr_group_ids":[[]]},"geometry":{"type":"Point","coordinates":[2.355183889,48.732568611]}},{"type":"Feature","id":"label.taxiways.086","properties":{"name":"W43","layer":"Labels","category":"Taxiway labels","object_type":"Label","style_id":"label.taxiways","airport":"LFPO","geometry_role":"text_label","text-field":"W43","vsmr_group_ids":[[]]},"geometry":{"type":"Point","coordinates":[2.350556111,48.730758056]}},{"type":"Feature","id":"label.taxiways.087","properties":{"name":"W44","layer":"Labels","category":"Taxiway labels","object_type":"Label","style_id":"label.taxiways","airport":"LFPO","geometry_role":"text_label","text-field":"W44","vsmr_group_ids":[[]]},"geometry":{"type":"Point","coordinates":[2.346375,48.728707778]}},{"type":"Feature","id":"label.taxiways.088","properties":{"name":"W45","layer":"Labels","category":"Taxiway labels","object_type":"Label","style_id":"label.taxiways","airport":"LFPO","geometry_role":"text_label","text-field":"W45","vsmr_group_ids":[[]]},"geometry":{"type":"Point","coordinates":[2.340895,48.726577778]}},{"type":"Feature","id":"label.taxiways.089","properties":{"name":"W46","layer":"Labels","category":"Taxiway labels","object_type":"Label","style_id":"label.taxiways","airport":"LFPO","geometry_role":"text_label","text-field":"W46","vsmr_group_ids":[[]]},"geometry":{"type":"Point","coordinates":[2.334318889,48.724261111]}},{"type":"Feature","id":"label.taxiways.090","properties":{"name":"W47 (1)","layer":"Labels","category":"Taxiway labels","object_type":"Label","style_id":"label.taxiways","airport":"LFPO","geometry_role":"text_label","text-field":"W47","vsmr_group_ids":[[]]},"geometry":{"type":"Point","coordinates":[2.318203333,48.718989167]}},{"type":"Feature","id":"label.taxiways.091","properties":{"name":"W47 (2)","layer":"Labels","category":"Taxiway labels","object_type":"Label","style_id":"label.taxiways","airport":"LFPO","geometry_role":"text_label","text-field":"W47","vsmr_group_ids":[[]]},"geometry":{"type":"Point","coordinates":[2.329911944,48.721295833]}},{"type":"Feature","id":"label.taxiways.092","properties":{"name":"W47 (3)","layer":"Labels","category":"Taxiway labels","object_type":"Label","style_id":"label.taxiways","airport":"LFPO","geometry_role":"text_label","text-field":"W47","vsmr_group_ids":[[]]},"geometry":{"type":"Point","coordinates":[2.352736389,48.722493056]}},{"type":"Feature","id":"label.taxiways.093","properties":{"name":"W47 (4)","layer":"Labels","category":"Taxiway labels","object_type":"Label","style_id":"label.taxiways","airport":"LFPO","geometry_role":"text_label","text-field":"W47","vsmr_group_ids":[[]]},"geometry":{"type":"Point","coordinates":[2.338345556,48.724345556]}},{"type":"Feature","id":"label.taxiways.094","properties":{"name":"W47 (5)","layer":"Labels","category":"Taxiway labels","object_type":"Label","style_id":"label.taxiways","airport":"LFPO","geometry_role":"text_label","text-field":"W47","vsmr_group_ids":[[]]},"geometry":{"type":"Point","coordinates":[2.344484444,48.724781667]}},{"type":"Feature","id":"label.taxiways.095","properties":{"name":"W5","layer":"Labels","category":"Taxiway labels","object_type":"Label","style_id":"label.taxiways","airport":"LFPO","geometry_role":"text_label","text-field":"W5","vsmr_group_ids":[[]]},"geometry":{"type":"Point","coordinates":[2.380206944,48.727928889]}},{"type":"Feature","id":"label.taxiways.096","properties":{"name":"WG","layer":"Labels","category":"Taxiway labels","object_type":"Label","style_id":"label.taxiways","airport":"LFPO","geometry_role":"text_label","text-field":"WG","vsmr_group_ids":[[]]},"geometry":{"type":"Point","coordinates":[2.378190278,48.731950556]}},{"type":"Feature","id":"label.taxiways.097","properties":{"name":"WQ","layer":"Labels","category":"Taxiway labels","object_type":"Label","style_id":"label.taxiways","airport":"LFPO","geometry_role":"text_label","text-field":"WQ","vsmr_group_ids":[[]]},"geometry":{"type":"Point","coordinates":[2.348835278,48.724273889]}},{"type":"Feature","id":"label.taxiways.098","properties":{"name":"WT","layer":"Labels","category":"Taxiway labels","object_type":"Label","style_id":"label.taxiways","airport":"LFPO","geometry_role":"text_label","text-field":"WT","vsmr_group_ids":[[]]},"geometry":{"type":"Point","coordinates":[2.357188056,48.727851389]}}]}
